<?xml version="1.0" encoding="UTF-8"?>
<alto xmlns:xsi="http://www.w3.org/2001/XMLSchema-instance"
      xmlns="http://www.loc.gov/standards/alto/ns-v4#"
      xsi:schemaLocation="http://www.loc.gov/standards/alto/ns-v4# http://www.loc.gov/standards/alto/v4/alto-4-2.xsd">
  <Description>
    <MeasurementUnit>pixel</MeasurementUnit>
    <sourceImageInformation>
      <fileName>Rasail097.jpg</fileName>
      
    </sourceImageInformation>
  </Description>
  
  <Tags>
    <OtherTag ID="BT16094" LABEL="default" DESCRIPTION="block type default"/><OtherTag ID="BT16093" LABEL="NumberingZone:page" DESCRIPTION="block type NumberingZone:page"/><OtherTag ID="BT16092" LABEL="MarginTextZone:note" DESCRIPTION="block type MarginTextZone:note"/><OtherTag ID="BT16091" LABEL="TitlePageZone" DESCRIPTION="block type TitlePageZone"/><OtherTag ID="BT16090" LABEL="QuireMarksZone:catchwords" DESCRIPTION="block type QuireMarksZone:catchwords"/><OtherTag ID="BT16089" LABEL="NumberingZone:other" DESCRIPTION="block type NumberingZone:other"/><OtherTag ID="BT16088" LABEL="NumberingZone" DESCRIPTION="block type NumberingZone"/><OtherTag ID="BT16087" LABEL="MarginTextZone" DESCRIPTION="block type MarginTextZone"/><OtherTag ID="BT16086" LABEL="MainZone" DESCRIPTION="block type MainZone"/><OtherTag ID="BT16085" LABEL="DigitizationArtefactZone" DESCRIPTION="block type DigitizationArtefactZone"/><OtherTag ID="BT2" LABEL="Main" DESCRIPTION="block type Main"/><OtherTag ID="BT1" LABEL="Title" DESCRIPTION="block type Title"/>
    <OtherTag ID="LT4837" LABEL="DefaultLine" DESCRIPTION="line type DefaultLine"/><OtherTag ID="LT4838" LABEL="default" DESCRIPTION="line type default"/><OtherTag ID="LT4839" LABEL="HeadingLine:title" DESCRIPTION="line type HeadingLine:title"/>
  </Tags>
  
  <Layout>
    <Page WIDTH="1115"
          HEIGHT="1712"
          PHYSICAL_IMG_NR="125"
          ID="eSc_dummypage_">
      <PrintSpace HPOS="0"
                  VPOS="0"
                  WIDTH="1115"
                  HEIGHT="1712">
        
        <TextBlock HPOS="39"
                   VPOS="136"
                   WIDTH="904"
                   HEIGHT="1454"
                   ID="eSc_textblock_af6f752f"
                   TAGREFS="BT16086">
          <Shape><Polygon POINTS="62 136 886 148 932 171 943 1242 915 1590 39 1585 39 176 62 136"/></Shape>
          
          
          <TextLine ID="eSc_line_062bc5b3"
                    TAGREFS="LT4837"
                    BASELINE="57 206 912 215" 
                    HPOS="55"
                    VPOS="156"
                    WIDTH="857"
                    HEIGHT="92">
            <Shape><Polygon POINTS="57 206 55 225 91 226 108 241 109 241 111 241 112 241 114 241 147 229 202 239 204 239 239 232 259 242 261 242 262 242 264 242 265 242 279 231 351 243 352 243 491 241 492 241 493 241 502 232 525 241 526 241 528 241 529 241 562 232 592 239 593 239 595 239 596 239 598 239 608 232 646 246 648 246 649 246 712 233 725 245 725 246 726 246 728 246 729 246 730 246 768 236 808 248 809 248 810 248 856 239 868 248 869 248 870 248 872 248 873 248 910 233 912 215 907 169 876 178 865 169 860 165 859 165 858 165 835 165 833 165 832 165 820 169 780 185 759 178 758 178 756 178 755 178 733 184 713 169 709 166 708 166 706 166 705 166 703 166 692 169 643 184 629 171 628 171 626 171 625 171 623 171 622 171 622 172 609 182 552 175 551 175 549 175 535 182 512 171 498 164 496 164 495 164 493 164 492 164 483 171 469 182 455 182 438 171 421 159 419 159 418 159 304 158 302 158 301 158 299 158 279 171 266 181 199 181 181 172 178 171 177 171 175 171 167 172 137 178 131 172 115 158 115 156 114 156 112 156 82 156 81 156 79 156 78 156 57 169 57 206"/></Shape>
	    <String CONTENT="واين ايت درشان اوست و هنعد خدود لله"
                    HPOS="55"
                    VPOS="156"
                    WIDTH="857"
                    HEIGHT="92"
                    WC="0.8188294121197291"></String>
          </TextLine>

          
          
          <TextLine ID="eSc_line_638cdbf1"
                    TAGREFS="LT4837"
                    BASELINE="51 288 912 291" 
                    HPOS="49"
                    VPOS="243"
                    WIDTH="863"
                    HEIGHT="82">
            <Shape><Polygon POINTS="51 288 49 305 167 306 199 322 201 322 202 323 236 323 236 322 238 322 239 322 258 309 302 318 304 318 305 318 306 318 312 312 324 321 324 322 325 322 326 322 328 322 394 315 402 322 404 322 405 322 482 323 483 323 485 323 512 313 536 323 538 323 539 325 626 325 626 323 628 323 629 323 643 312 645 309 649 312 675 323 676 323 678 323 712 321 713 321 715 321 715 319 723 312 726 309 740 312 780 321 782 321 783 321 785 321 795 313 800 309 822 313 856 319 858 319 859 319 878 313 892 309 907 313 912 291 909 245 788 249 786 249 785 249 756 266 729 251 728 251 726 251 725 251 723 251 715 258 705 249 700 245 699 245 698 245 696 245 695 245 679 249 626 266 576 266 559 252 558 251 556 251 555 251 553 251 552 251 546 252 528 262 516 253 515 253 513 253 512 253 511 253 509 253 488 266 458 266 448 255 436 245 436 243 435 243 434 243 416 243 415 243 414 243 412 243 412 245 398 256 388 266 321 266 309 258 286 243 285 243 284 243 282 243 245 248 244 248 242 248 226 261 219 265 198 263 197 261 179 245 179 243 178 243 177 243 175 243 174 243 172 243 141 262 135 266 121 266 118 263 104 251 104 249 102 249 101 249 99 249 98 249 51 263 51 288"/></Shape>
	    <String CONTENT="فقدظه علی نفسم يين هر کسدر گذرد از جد"
                    HPOS="49"
                    VPOS="243"
                    WIDTH="863"
                    HEIGHT="82"
                    WC="0.8876709221182643"></String>
          </TextLine>

          
          
          <TextLine ID="eSc_line_379e3683"
                    TAGREFS="LT4837"
                    BASELINE="57 373 910 363" 
                    HPOS="55"
                    VPOS="322"
                    WIDTH="855"
                    HEIGHT="81">
            <Shape><Polygon POINTS="57 373 57 392 79 392 94 403 95 403 97 403 98 403 179 390 271 390 284 400 285 400 286 400 288 402 322 402 322 400 406 389 438 399 439 399 441 400 509 400 509 399 511 399 559 386 615 398 616 398 618 398 648 389 655 396 656 396 658 396 659 396 661 396 662 396 672 388 786 396 788 396 820 395 822 395 823 395 839 383 856 389 858 389 859 389 910 380 910 363 909 328 902 323 900 323 899 323 897 323 896 323 895 323 886 329 883 332 879 330 870 322 869 322 868 322 845 322 843 322 805 329 789 322 788 322 786 322 785 322 783 322 770 332 762 338 710 338 706 332 699 328 699 326 698 326 696 326 695 326 693 326 680 333 672 338 629 338 621 333 602 325 601 325 599 325 598 325 596 325 596 326 588 335 583 339 569 339 562 335 546 325 545 325 543 325 542 325 451 336 418 342 372 342 368 338 359 330 358 330 356 330 355 330 354 330 331 339 324 340 309 339 235 329 234 329 184 340 172 345 97 345 94 342 67 330 65 330 64 330 62 330 61 330 61 332 59 332 55 335 57 373"/></Shape>
	    <String CONTENT="خداوند خود بر نفس خود ظلم كرده باشد اگر مستجب را"
                    HPOS="55"
                    VPOS="322"
                    WIDTH="855"
                    HEIGHT="81"
                    WC="0.9419721191128095"></String>
          </TextLine>

          
          
          <TextLine ID="eSc_line_65bea390"
                    TAGREFS="LT4837"
                    BASELINE="55 456 913 440" 
                    HPOS="54"
                    VPOS="398"
                    WIDTH="859"
                    HEIGHT="88">
            <Shape><Polygon POINTS="55 456 55 473 209 486 211 486 212 486 241 472 246 469 251 472 275 482 276 482 328 483 329 483 331 483 332 483 332 482 342 473 364 483 365 483 366 483 463 480 465 480 488 467 495 465 505 467 535 477 536 477 538 477 539 477 541 477 553 467 561 463 693 463 696 465 709 476 710 476 712 476 713 476 762 472 763 472 765 472 765 470 772 465 773 463 775 465 779 469 780 469 782 469 783 469 785 469 786 469 793 465 798 462 805 463 823 469 825 469 826 469 852 463 878 457 912 462 913 440 907 400 876 413 862 405 860 405 859 405 858 405 856 405 830 415 805 403 790 398 789 398 788 398 786 398 758 405 733 412 718 406 698 399 696 399 695 399 693 399 692 399 692 400 683 408 672 419 639 419 622 410 605 400 603 400 602 400 601 400 599 400 599 402 589 410 581 419 541 413 539 413 538 413 518 420 499 413 481 408 479 408 478 408 476 408 458 415 451 418 446 416 416 405 415 405 414 405 412 405 411 405 411 406 399 418 394 423 284 426 259 426 255 422 246 415 245 415 244 415 242 415 241 415 217 423 212 425 211 423 194 409 192 409 191 409 189 409 188 409 187 409 172 418 155 409 154 409 152 409 82 410 81 410 79 410 54 425 55 456"/></Shape>
	    <String CONTENT="مله مش گل شود به خدمت معلم خود رود و ببرهد که"
                    HPOS="54"
                    VPOS="398"
                    WIDTH="859"
                    HEIGHT="88"
                    WC="0.91568986442354"></String>
          </TextLine>

          
          
          <TextLine ID="eSc_line_7d688ef3"
                    TAGREFS="LT4837"
                    BASELINE="54 530 913 525" 
                    HPOS="52"
                    VPOS="482"
                    WIDTH="861"
                    HEIGHT="74">
            <Shape><Polygon POINTS="54 530 54 540 77 550 78 550 79 550 81 550 97 546 108 556 109 556 111 556 112 556 192 552 194 552 195 552 195 550 205 542 229 542 251 554 252 554 254 554 255 554 256 554 285 544 296 554 298 554 299 554 301 556 342 556 342 554 344 554 345 554 345 553 352 547 358 553 358 554 359 554 361 554 362 556 412 556 412 554 475 540 485 539 495 540 555 553 556 553 558 553 559 553 578 540 582 539 645 539 649 540 662 549 663 549 665 549 666 549 730 540 756 537 769 540 808 552 809 552 810 553 905 553 905 552 906 552 907 552 907 550 909 550 913 544 913 525 907 487 883 500 803 500 792 489 783 482 782 482 780 482 696 482 695 482 693 482 692 482 680 492 669 502 645 502 635 493 626 485 625 485 623 485 622 485 621 485 592 493 581 483 579 483 578 483 526 483 525 483 523 483 522 483 502 495 496 499 434 502 424 496 405 485 404 485 402 485 401 485 399 485 366 497 356 502 339 499 301 490 299 490 298 490 296 490 282 499 276 503 244 503 236 500 221 493 219 493 218 493 217 493 198 502 194 503 191 502 177 489 175 489 174 489 102 486 101 486 99 486 98 486 98 487 85 500 52 503 54 530"/></Shape>
	    <String CONTENT="ايا بنده گنهگار را عقده ست تا جواب سوال خود"
                    HPOS="52"
                    VPOS="482"
                    WIDTH="861"
                    HEIGHT="74"
                    WC="0.8875241210294325"></String>
          </TextLine>

          
          
          <TextLine ID="eSc_line_14d5d43f"
                    TAGREFS="LT4837"
                    BASELINE="54 609 909 609" 
                    HPOS="54"
                    VPOS="563"
                    WIDTH="855"
                    HEIGHT="71">
            <Shape><Polygon POINTS="54 609 54 619 82 633 84 633 85 633 87 633 88 633 109 620 129 629 131 629 132 629 179 620 211 630 212 630 214 630 215 630 234 620 276 633 278 633 279 634 345 634 345 633 346 633 348 633 362 622 378 629 379 629 381 629 382 629 384 629 384 627 392 620 409 620 411 620 424 632 424 633 425 633 426 633 428 633 522 624 539 633 541 633 542 633 543 633 545 633 559 620 561 620 611 620 613 622 633 633 635 633 636 633 638 633 639 633 641 633 652 623 692 633 693 633 695 634 742 634 742 633 743 633 745 633 745 632 755 623 868 633 869 633 870 633 909 622 909 609 909 570 878 563 876 563 875 563 873 563 862 570 846 580 755 580 748 572 740 566 740 564 739 564 738 564 736 564 665 573 646 574 643 573 633 564 633 563 632 563 631 563 629 563 628 563 598 572 586 563 585 563 583 563 539 563 538 563 536 563 535 563 522 574 516 580 501 580 496 574 485 564 485 563 483 563 482 563 452 563 451 563 385 576 375 577 372 576 355 564 354 564 352 564 351 564 349 564 348 564 348 566 336 576 334 580 291 580 285 577 258 566 256 566 255 566 254 566 252 566 252 567 241 577 239 577 168 572 167 572 165 572 142 579 125 563 124 563 122 563 98 563 97 563 95 563 54 579 54 609"/></Shape>
	    <String CONTENT="بيابد بدر پراز سجده امر کند که مستحب را حد سوال"
                    HPOS="54"
                    VPOS="563"
                    WIDTH="855"
                    HEIGHT="71"
                    WC="0.903317615072778"></String>
          </TextLine>

          
          
          <TextLine ID="eSc_line_b0c27961"
                    TAGREFS="LT4837"
                    BASELINE="55 683 910 674" 
                    HPOS="54"
                    VPOS="636"
                    WIDTH="856"
                    HEIGHT="75">
            <Shape><Polygon POINTS="55 683 55 709 69 711 71 711 72 711 74 711 74 710 77 709 88 694 132 693 158 706 167 710 168 710 169 710 171 710 172 710 178 706 198 691 217 704 218 704 219 704 221 704 222 704 258 691 274 703 282 710 284 710 285 710 286 710 328 701 329 701 346 710 348 710 349 711 432 711 432 710 434 710 435 710 435 709 445 699 453 690 496 697 548 704 549 704 551 704 552 704 563 694 569 690 581 694 609 704 611 704 612 704 613 704 646 693 662 687 678 691 718 703 719 703 720 703 722 703 723 703 742 690 746 687 749 690 765 697 766 697 816 699 818 699 909 684 910 674 907 639 812 637 810 637 809 637 799 640 770 650 759 642 753 636 752 636 750 636 749 636 748 636 746 636 739 642 723 653 693 653 679 643 676 640 675 640 673 640 672 640 670 640 665 643 648 653 558 653 545 646 541 643 539 643 538 643 536 643 519 647 493 653 486 647 478 640 478 639 476 639 475 639 421 639 419 639 418 639 416 639 416 640 406 649 401 656 336 656 319 651 306 647 305 647 304 647 302 647 294 651 285 656 281 651 266 640 265 640 264 640 236 640 235 640 234 640 232 640 217 653 212 656 194 654 97 642 95 642 94 642 54 656 55 683"/></Shape>
	    <String CONTENT="مشکلات نهوداست و خد تعليم نيست که در مقام"
                    HPOS="54"
                    VPOS="636"
                    WIDTH="856"
                    HEIGHT="75"
                    WC="0.9322515108236452"></String>
          </TextLine>

          
          
          <TextLine ID="eSc_line_aee3e00d"
                    TAGREFS="LT4837"
                    BASELINE="68 758 909 749" 
                    HPOS="67"
                    VPOS="700"
                    WIDTH="842"
                    HEIGHT="86">
            <Shape><Polygon POINTS="68 758 68 771 114 786 115 786 117 786 118 786 119 786 119 784 132 771 205 771 219 771 245 784 246 784 248 786 306 786 306 784 419 781 421 781 422 781 431 774 475 781 476 781 478 781 479 781 488 773 511 781 512 781 513 781 515 781 539 768 541 768 542 768 585 778 586 778 588 778 589 778 601 768 602 767 608 768 636 774 638 774 686 767 702 766 706 767 726 778 728 778 729 780 758 780 758 778 759 778 760 778 770 770 795 777 796 777 798 777 799 777 800 777 812 767 815 766 816 767 828 777 829 777 830 777 832 777 833 777 868 766 875 764 876 766 883 773 885 773 886 773 888 773 889 773 909 766 909 749 906 700 823 700 822 700 820 700 815 703 806 707 798 703 789 700 788 700 786 700 785 700 776 704 739 721 700 710 699 710 698 710 696 710 695 710 680 721 656 709 653 707 652 707 651 707 649 707 648 707 646 709 633 717 623 711 622 711 621 711 619 711 618 711 601 723 581 723 563 711 551 704 549 704 548 704 498 704 496 704 495 704 493 704 493 706 483 716 473 726 458 726 446 717 431 704 429 704 428 704 426 704 425 704 424 704 424 706 411 717 404 727 378 727 365 720 338 706 336 706 335 706 334 706 332 706 309 721 301 727 292 723 284 719 282 719 281 719 279 719 269 723 262 727 255 724 238 716 236 716 235 716 234 716 232 716 224 723 179 711 178 711 177 711 175 711 142 729 139 730 67 730 68 758"/></Shape>
	    <String CONTENT="فيض گرفتن است و نه فيض رسانيدن و جاير"
                    HPOS="67"
                    VPOS="700"
                    WIDTH="842"
                    HEIGHT="86"
                    WC="0.9153580472276017"></String>
          </TextLine>

          
          
          <TextLine ID="eSc_line_fc39a2fc"
                    TAGREFS="LT4837"
                    BASELINE="48 838 912 827" 
                    HPOS="47"
                    VPOS="780"
                    WIDTH="865"
                    HEIGHT="84">
            <Shape><Polygon POINTS="48 838 48 850 79 863 81 863 82 864 102 864 102 863 104 863 105 863 105 861 117 850 118 850 121 850 154 857 155 857 157 857 182 850 191 848 194 850 212 861 214 861 215 861 217 861 286 860 288 860 318 850 329 847 346 847 351 850 362 860 364 860 365 860 366 860 368 860 386 850 389 848 392 850 404 858 405 858 406 858 408 858 449 851 463 857 465 857 466 857 468 857 482 850 496 844 533 850 566 856 568 856 569 856 585 850 611 843 652 850 682 856 683 856 685 856 698 850 703 848 710 850 722 854 723 854 725 854 726 854 728 854 728 853 730 850 739 841 910 850 912 827 906 780 866 796 836 788 835 788 833 788 832 788 813 796 790 783 789 783 788 783 752 781 750 781 749 781 748 781 743 784 730 794 720 786 718 783 718 781 716 781 715 781 713 781 712 781 696 786 678 791 659 787 638 783 636 783 635 783 633 783 633 784 629 788 618 798 585 790 568 786 566 786 565 786 563 786 545 791 513 800 495 793 476 784 475 784 473 784 472 784 455 794 441 801 425 794 402 786 401 786 399 786 398 786 378 796 365 803 318 803 308 798 292 788 291 788 289 788 288 788 286 788 265 800 258 804 249 800 228 788 226 788 225 788 224 788 222 788 222 790 209 801 207 806 161 806 158 803 144 790 142 790 141 790 99 790 98 790 97 790 95 790 95 791 81 806 79 807 47 807 48 838"/></Shape>
	    <String CONTENT="که در دعا خواندن خدودند گور که مستجب است آيين"
                    HPOS="47"
                    VPOS="780"
                    WIDTH="865"
                    HEIGHT="84"
                    WC="0.9292992716250212"></String>
          </TextLine>

          
          
          <TextLine ID="eSc_line_96600b04"
                    TAGREFS="LT4837"
                    BASELINE="62 905 915 903" 
                    HPOS="61"
                    VPOS="853"
                    WIDTH="854"
                    HEIGHT="81">
            <Shape><Polygon POINTS="62 905 62 931 259 921 279 928 291 933 292 933 294 933 295 933 314 927 322 925 325 927 334 933 335 933 336 933 338 934 418 934 418 933 419 933 421 933 421 931 428 925 429 924 434 925 452 931 453 931 455 931 456 931 458 931 466 925 473 921 491 924 505 927 506 927 508 927 519 924 536 920 543 924 558 931 559 931 561 933 588 933 588 931 589 931 591 931 601 923 605 920 622 923 649 927 651 927 652 927 670 921 679 920 685 921 720 931 722 931 723 931 825 920 865 931 866 931 868 931 869 931 915 917 915 903 909 853 870 873 803 873 785 863 783 863 782 863 780 863 779 863 779 864 770 873 695 873 678 854 676 854 676 853 675 853 673 853 633 853 632 853 631 853 623 854 576 871 551 856 548 853 546 853 545 853 543 853 542 853 536 856 503 873 472 873 444 856 442 856 441 856 439 856 438 856 436 856 425 864 414 857 411 854 409 854 408 854 406 854 382 857 341 863 339 863 338 863 338 864 326 874 315 874 299 857 296 856 296 854 295 854 294 854 292 854 252 857 251 857 249 857 249 858 241 865 228 858 224 854 222 854 221 854 219 854 61 858 62 905"/></Shape>
	    <String CONTENT="گويند يعنی دعا تمام شور اشقحاب الله دعاكمبا"
                    HPOS="61"
                    VPOS="853"
                    WIDTH="854"
                    HEIGHT="81"
                    WC="0.9241295318270839"></String>
          </TextLine>

          
          
          <TextLine ID="eSc_line_bdde74c8"
                    TAGREFS="LT4837"
                    BASELINE="59 984 913 978" 
                    HPOS="58"
                    VPOS="927"
                    WIDTH="855"
                    HEIGHT="83">
            <Shape><Polygon POINTS="59 984 59 994 79 1008 81 1008 82 1008 84 1010 121 1010 121 1008 122 1008 124 1008 145 994 172 994 181 1001 181 1002 182 1002 184 1002 185 1002 187 1002 205 994 241 995 258 1007 259 1007 261 1007 262 1007 264 1007 265 1007 265 1005 275 995 321 992 335 1005 335 1007 336 1007 338 1007 339 1008 364 1008 364 1007 365 1007 366 1007 366 1005 378 995 409 1007 411 1007 412 1007 414 1007 445 992 459 1004 461 1004 462 1004 463 1004 465 1004 466 1004 466 1002 478 994 525 1000 526 1000 528 1000 529 1000 529 998 538 991 613 991 633 1005 635 1005 636 1005 638 1005 639 1005 641 1005 652 998 696 1005 698 1005 699 1005 723 998 783 1004 785 1004 786 1004 788 1004 798 997 876 1004 878 1004 879 1004 913 987 913 978 909 927 842 930 840 930 808 944 769 944 750 931 750 930 749 930 748 930 746 930 745 930 740 931 710 938 679 933 655 928 653 928 652 928 651 928 651 930 646 933 639 940 618 934 606 931 605 931 603 931 602 931 593 934 575 944 568 935 562 931 562 930 561 930 559 930 558 930 556 930 543 935 536 940 533 937 528 931 528 930 526 930 525 930 523 930 522 930 521 930 512 937 503 944 493 937 491 935 489 935 488 935 486 935 485 935 483 935 483 937 482 937 482 938 475 947 401 947 389 940 372 933 371 933 369 933 368 933 366 933 355 941 348 947 329 947 322 943 299 930 298 930 296 930 295 930 269 941 235 933 234 933 232 933 231 933 184 945 179 947 178 945 154 931 152 931 151 931 117 931 115 931 114 931 58 948 59 984"/></Shape>
	    <String CONTENT="الخير يعنی قبول گرداند خداوند دعاى شما را به بهترين"
                    HPOS="58"
                    VPOS="927"
                    WIDTH="855"
                    HEIGHT="83"
                    WC="0.9197436115320992"></String>
          </TextLine>

          
          
          <TextLine ID="eSc_line_f87f54a2"
                    TAGREFS="LT4837"
                    BASELINE="242 1055 912 1055" 
                    HPOS="242"
                    VPOS="1010"
                    WIDTH="670"
                    HEIGHT="74">
            <Shape><Polygon POINTS="242 1055 242 1082 341 1079 342 1079 361 1071 371 1081 372 1081 372 1082 374 1082 375 1082 376 1082 378 1082 379 1082 382 1081 396 1071 416 1079 424 1082 425 1082 426 1084 452 1084 452 1082 453 1082 455 1082 459 1079 468 1071 482 1078 491 1082 492 1082 493 1082 533 1078 573 1072 598 1077 635 1082 636 1082 638 1082 639 1082 639 1081 646 1075 651 1071 663 1075 683 1081 685 1081 686 1081 688 1081 709 1074 718 1071 725 1074 738 1079 739 1079 740 1079 742 1079 743 1079 750 1074 753 1071 799 1071 809 1072 868 1082 869 1082 870 1082 912 1070 912 1055 910 1011 845 1022 803 1012 802 1012 800 1012 799 1012 798 1012 782 1022 755 1021 730 1011 726 1010 725 1010 723 1010 710 1011 642 1024 598 1024 585 1012 583 1011 583 1010 582 1010 581 1010 558 1010 556 1010 555 1010 553 1010 553 1011 552 1012 541 1022 498 1012 485 1010 483 1010 482 1010 476 1012 463 1018 419 1012 404 1011 402 1011 401 1011 398 1012 378 1022 358 1012 351 1010 349 1010 348 1010 346 1010 339 1012 319 1024 292 1024 282 1012 279 1011 279 1010 278 1010 276 1010 275 1010 242 1012 242 1055"/></Shape>
	    <String CONTENT="وجى در عوض آمين بگويد انشاء الشد معنى"
                    HPOS="242"
                    VPOS="1010"
                    WIDTH="670"
                    HEIGHT="74"
                    WC="0.9029212986168108"></String>
          </TextLine>

          
          
          <TextLine ID="eSc_line_f78ab95f"
                    TAGREFS="LT4837"
                    BASELINE="61 1128 913 1131" 
                    HPOS="61"
                    VPOS="1078"
                    WIDTH="852"
                    HEIGHT="79">
            <Shape><Polygon POINTS="61 1128 62 1147 72 1139 111 1147 158 1154 159 1154 161 1154 182 1147 201 1139 215 1147 231 1154 232 1154 234 1154 316 1147 318 1147 399 1154 401 1154 436 1147 468 1139 512 1147 521 1147 522 1147 533 1145 576 1141 582 1145 591 1152 591 1154 592 1154 593 1154 595 1154 596 1154 611 1145 618 1142 628 1145 643 1151 645 1151 646 1151 648 1151 649 1151 655 1145 659 1142 748 1141 756 1145 766 1154 768 1154 769 1154 770 1154 772 1154 788 1145 798 1141 806 1145 826 1155 828 1155 829 1157 903 1157 903 1155 905 1155 906 1155 906 1154 912 1147 913 1131 913 1091 893 1079 892 1079 836 1079 835 1079 833 1079 832 1079 820 1088 809 1079 808 1079 806 1079 805 1079 803 1079 776 1087 748 1079 746 1079 745 1079 743 1079 720 1091 713 1095 709 1091 695 1079 693 1079 692 1079 669 1079 668 1079 666 1079 665 1079 651 1091 639 1081 639 1079 638 1079 636 1079 549 1079 548 1079 546 1079 545 1079 525 1092 523 1092 522 1092 501 1084 499 1084 498 1084 496 1084 476 1092 472 1094 471 1092 459 1081 459 1079 458 1079 456 1079 436 1078 435 1078 434 1078 432 1078 414 1092 409 1095 319 1095 316 1092 301 1085 299 1085 298 1085 264 1092 262 1092 244 1078 242 1078 241 1078 239 1078 238 1078 236 1078 215 1092 212 1095 142 1095 139 1092 108 1078 107 1078 105 1078 104 1078 102 1078 81 1092 78 1094 61 1094 61 1128"/></Shape>
	    <String CONTENT="چنين خوايد و اگر نخوايد که مستجب را حهد اين اسفت كه"
                    HPOS="61"
                    VPOS="1078"
                    WIDTH="852"
                    HEIGHT="79"
                    WC="0.8711614941849428"></String>
          </TextLine>

          
          
          <TextLine ID="eSc_line_7bb7a173"
                    TAGREFS="LT4837"
                    BASELINE="61 1204 915 1204" 
                    HPOS="61"
                    VPOS="1158"
                    WIDTH="854"
                    HEIGHT="76">
            <Shape><Polygon POINTS="61 1204 61 1214 117 1229 118 1229 119 1229 181 1215 182 1215 202 1231 204 1231 205 1231 207 1231 208 1231 244 1215 245 1215 248 1215 275 1222 276 1222 278 1222 308 1216 312 1215 312 1216 332 1232 334 1232 335 1232 336 1234 386 1234 386 1232 388 1232 389 1232 389 1231 395 1225 406 1231 408 1231 409 1231 411 1231 434 1221 461 1232 462 1232 463 1234 515 1234 515 1232 516 1232 543 1218 548 1215 552 1218 579 1232 581 1232 582 1234 621 1234 621 1232 622 1232 623 1232 643 1218 645 1218 649 1218 698 1224 699 1224 700 1224 702 1224 710 1218 716 1215 758 1219 809 1224 810 1224 812 1224 822 1219 830 1215 838 1219 855 1231 856 1231 858 1231 859 1231 915 1219 915 1204 915 1161 865 1158 863 1158 862 1158 860 1158 858 1161 852 1165 843 1161 835 1158 833 1158 832 1158 830 1158 829 1158 829 1159 826 1161 816 1172 728 1172 700 1164 682 1158 680 1158 679 1158 678 1158 665 1164 649 1171 635 1164 621 1158 619 1158 618 1158 616 1158 598 1165 582 1171 576 1165 571 1159 571 1158 569 1158 568 1158 566 1158 565 1158 541 1165 536 1167 535 1165 525 1158 523 1158 522 1158 521 1158 519 1158 503 1167 499 1168 492 1167 471 1159 469 1159 468 1159 466 1159 465 1159 455 1167 448 1171 329 1169 329 1168 322 1162 322 1161 321 1161 319 1161 318 1161 316 1161 315 1161 315 1162 308 1168 305 1171 298 1169 276 1164 275 1164 274 1164 235 1169 225 1171 221 1169 197 1162 195 1162 194 1162 192 1162 177 1171 167 1161 167 1159 165 1159 164 1159 88 1158 87 1158 85 1158 61 1169 61 1204"/></Shape>
	    <String CONTENT="فرموده ند ايا بر مستجب تعليم دادن هماست اما سلوک"
                    HPOS="61"
                    VPOS="1158"
                    WIDTH="854"
                    HEIGHT="76"
                    WC="0.8795577896138033"></String>
          </TextLine>

          
          
          <TextLine ID="eSc_line_d723e8c7"
                    TAGREFS="LT4837"
                    BASELINE="52 1278 913 1278" 
                    HPOS="52"
                    VPOS="1231"
                    WIDTH="861"
                    HEIGHT="77">
            <Shape><Polygon POINTS="52 1278 52 1299 59 1306 61 1306 62 1306 64 1306 65 1306 92 1296 142 1306 144 1306 145 1306 169 1295 174 1293 177 1295 199 1305 201 1305 202 1305 204 1305 205 1305 218 1295 224 1292 249 1292 256 1295 284 1306 285 1306 286 1308 365 1308 365 1306 366 1306 368 1306 368 1305 378 1296 408 1302 409 1302 411 1302 412 1302 412 1301 419 1293 421 1293 458 1306 459 1306 461 1306 462 1306 463 1306 479 1293 481 1292 542 1292 545 1293 566 1305 568 1305 569 1305 571 1305 613 1293 616 1292 618 1293 629 1301 631 1301 632 1301 633 1301 718 1292 726 1292 729 1292 770 1303 772 1303 773 1303 775 1303 795 1292 812 1306 813 1306 815 1306 816 1308 860 1308 860 1306 862 1306 863 1306 863 1305 879 1292 912 1292 913 1278 913 1245 860 1231 859 1231 858 1231 856 1231 826 1242 815 1232 813 1232 812 1232 810 1232 809 1232 808 1232 793 1242 790 1245 780 1242 740 1231 739 1231 738 1231 679 1241 662 1244 658 1241 649 1232 649 1231 648 1231 646 1231 625 1231 623 1231 622 1231 599 1239 585 1245 578 1239 568 1231 566 1231 565 1231 532 1231 531 1231 529 1231 528 1231 528 1232 521 1238 513 1246 488 1246 479 1238 475 1234 475 1232 473 1232 472 1232 451 1231 449 1231 448 1231 446 1231 446 1232 441 1236 434 1244 415 1236 406 1234 405 1234 404 1234 402 1234 394 1236 364 1245 331 1238 329 1238 328 1238 326 1238 316 1246 236 1246 214 1232 211 1231 209 1231 208 1231 207 1231 205 1231 201 1232 177 1242 149 1232 147 1231 145 1231 144 1231 142 1231 141 1231 141 1232 128 1242 52 1231 52 1278"/></Shape>
	    <String CONTENT="و غمن او بايد كه ب مرتيه باشد که افعال جميده وافعال پند"
                    HPOS="52"
                    VPOS="1231"
                    WIDTH="861"
                    HEIGHT="77"
                    WC="0.8439110111106526"></String>
          </TextLine>

          
          
          <TextLine ID="eSc_line_bf16968b"
                    TAGREFS="LT4837"
                    BASELINE="54 1356 915 1348" 
                    HPOS="52"
                    VPOS="1301"
                    WIDTH="863"
                    HEIGHT="84">
            <Shape><Polygon POINTS="54 1356 54 1369 124 1369 125 1369 142 1383 144 1383 145 1383 147 1385 172 1385 172 1383 174 1383 175 1383 198 1369 201 1368 238 1368 288 1368 295 1369 342 1382 344 1382 345 1383 389 1383 389 1382 391 1382 418 1369 424 1366 431 1369 469 1381 471 1381 472 1382 606 1382 606 1381 608 1381 609 1381 623 1368 629 1363 648 1368 699 1379 700 1379 759 1376 760 1376 762 1376 772 1368 779 1362 800 1368 816 1371 818 1371 913 1366 915 1348 912 1305 892 1301 890 1301 889 1301 888 1301 883 1305 870 1315 856 1306 852 1302 850 1302 849 1302 819 1301 818 1301 816 1301 815 1301 805 1306 792 1315 785 1308 779 1303 779 1302 778 1302 776 1302 775 1302 743 1303 718 1309 679 1318 639 1311 608 1306 606 1306 605 1306 593 1312 579 1319 562 1313 535 1303 533 1303 532 1303 531 1303 508 1315 499 1319 491 1315 482 1311 481 1311 479 1311 478 1311 468 1315 456 1321 431 1316 404 1312 402 1312 365 1318 338 1322 331 1319 304 1306 302 1306 262 1306 261 1306 259 1306 236 1318 217 1312 215 1312 214 1312 212 1312 211 1312 202 1321 177 1308 175 1308 114 1308 112 1308 111 1308 109 1308 109 1309 94 1325 52 1325 54 1356"/></Shape>
	    <String CONTENT="دارد که مستجبان و ظاهريان در امال و طاعت به او تشبيه"
                    HPOS="52"
                    VPOS="1301"
                    WIDTH="863"
                    HEIGHT="84"
                    WC="0.9281401754571841"></String>
          </TextLine>

          
          
          <TextLine ID="eSc_line_94d56d58"
                    TAGREFS="LT4837"
                    BASELINE="48 1418 910 1426" 
                    HPOS="47"
                    VPOS="1371"
                    WIDTH="863"
                    HEIGHT="77">
            <Shape><Polygon POINTS="48 1418 47 1432 67 1440 68 1440 69 1442 158 1442 158 1440 159 1440 177 1433 188 1429 219 1429 229 1435 248 1442 249 1442 251 1442 252 1442 254 1442 262 1435 268 1430 299 1430 319 1436 344 1443 345 1443 346 1445 379 1445 379 1443 381 1443 392 1438 404 1432 533 1432 542 1440 546 1443 546 1445 548 1445 549 1445 551 1446 605 1446 605 1445 606 1445 608 1445 612 1442 622 1433 633 1442 639 1446 641 1446 642 1446 643 1448 758 1448 758 1446 770 1445 813 1436 843 1446 850 1448 852 1448 853 1448 909 1446 910 1426 906 1379 888 1393 806 1391 798 1381 795 1379 795 1378 793 1378 792 1378 790 1378 773 1381 722 1392 705 1382 696 1376 695 1376 693 1376 661 1376 659 1376 658 1376 656 1376 648 1382 638 1388 611 1382 599 1381 598 1381 596 1381 595 1381 595 1382 593 1382 585 1392 523 1392 499 1383 485 1379 483 1379 482 1379 459 1383 436 1389 422 1385 395 1373 394 1373 392 1373 391 1373 389 1373 376 1385 371 1391 335 1391 326 1385 305 1372 304 1372 302 1372 301 1372 299 1372 268 1385 248 1375 246 1375 245 1375 244 1375 242 1375 242 1376 231 1386 229 1386 211 1372 209 1372 208 1372 139 1372 138 1372 137 1372 117 1383 104 1372 104 1371 102 1371 101 1371 79 1371 78 1371 77 1371 48 1385 48 1418"/></Shape>
	    <String CONTENT="چويند و اين نيز جايز است اگر در قعه را زون"
                    HPOS="47"
                    VPOS="1371"
                    WIDTH="863"
                    HEIGHT="77"
                    WC="0.9072652842317309"></String>
          </TextLine>

          
          
          <TextLine ID="eSc_line_f78202a7"
                    TAGREFS="LT4837"
                    BASELINE="57 1502 910 1499" 
                    HPOS="55"
                    VPOS="1445"
                    WIDTH="855"
                    HEIGHT="78">
            <Shape><Polygon POINTS="57 1502 57 1513 125 1513 128 1513 158 1523 159 1523 161 1523 162 1523 184 1515 201 1522 202 1522 204 1522 249 1515 261 1523 262 1523 264 1523 265 1523 266 1523 302 1513 304 1513 338 1523 339 1523 341 1523 385 1513 386 1513 435 1523 436 1523 503 1513 548 1522 549 1522 551 1522 552 1522 552 1520 561 1512 562 1512 603 1512 618 1512 636 1522 638 1522 639 1523 758 1523 758 1522 759 1522 760 1522 769 1515 845 1522 846 1522 848 1522 866 1512 868 1512 909 1512 910 1499 907 1465 815 1452 813 1452 812 1452 810 1452 810 1453 798 1465 798 1466 773 1466 772 1465 750 1446 750 1445 749 1445 748 1445 746 1445 745 1445 743 1445 743 1446 722 1465 716 1465 698 1465 672 1445 670 1445 669 1445 593 1445 592 1445 591 1445 589 1445 589 1446 568 1466 526 1466 501 1445 499 1445 498 1445 496 1445 495 1445 493 1445 481 1453 472 1446 471 1446 469 1446 401 1446 399 1446 398 1446 396 1446 396 1448 382 1460 369 1456 368 1456 366 1456 365 1456 348 1465 321 1450 319 1450 318 1450 316 1450 292 1456 272 1446 271 1446 269 1446 268 1446 266 1446 266 1448 246 1468 214 1468 192 1448 192 1446 191 1446 189 1446 144 1446 142 1446 141 1446 139 1446 112 1468 55 1468 57 1502"/></Shape>
	    <String CONTENT="نباشد مستجبان يکس را اختيار کنند تا شرف الجماعت"
                    HPOS="55"
                    VPOS="1445"
                    WIDTH="855"
                    HEIGHT="78"
                    WC="0.926953486305602"></String>
          </TextLine>

          
          
          <TextLine ID="eSc_line_4be44325"
                    TAGREFS="LT4837"
                    BASELINE="65 1569 912 1576" 
                    HPOS="64"
                    VPOS="1520"
                    WIDTH="848"
                    HEIGHT="87">
            <Shape><Polygon POINTS="65 1569 64 1590 87 1605 88 1605 89 1605 91 1605 208 1599 209 1599 211 1599 219 1590 248 1603 249 1603 251 1603 286 1596 299 1606 301 1606 302 1606 304 1607 359 1607 359 1606 361 1606 362 1606 374 1597 402 1607 404 1607 405 1607 538 1593 566 1593 579 1605 579 1606 581 1606 582 1606 583 1606 585 1606 616 1595 649 1595 661 1603 661 1605 662 1605 663 1605 665 1605 766 1596 882 1605 883 1605 885 1605 910 1596 912 1576 912 1537 897 1526 896 1526 895 1526 893 1526 892 1526 846 1537 828 1532 826 1532 825 1532 823 1532 822 1532 822 1533 816 1537 815 1540 743 1540 690 1539 686 1535 672 1525 670 1525 669 1525 668 1525 666 1525 642 1535 633 1537 631 1533 622 1526 622 1525 621 1525 619 1525 571 1523 569 1523 568 1523 545 1532 535 1536 512 1532 483 1526 482 1526 453 1530 416 1536 354 1536 331 1527 312 1522 311 1522 248 1522 246 1522 245 1522 232 1526 211 1533 192 1525 181 1520 179 1520 178 1520 177 1520 167 1525 148 1533 118 1523 108 1520 107 1520 105 1520 65 1522 65 1569"/></Shape>
	    <String CONTENT="والرحمه دريا بند که دعا خواند و جماعت را قايم داردت"
                    HPOS="64"
                    VPOS="1520"
                    WIDTH="848"
                    HEIGHT="87"
                    WC="0.885112395473555"></String>
          </TextLine>

          
        </TextBlock>
        
        <TextBlock HPOS="461"
                   VPOS="45"
                   WIDTH="107"
                   HEIGHT="84"
                   ID="eSc_textblock_22332ee7"
                   TAGREFS="BT16093">
          <Shape><Polygon POINTS="472 45 545 45 568 101 511 129 461 112 472 45"/></Shape>
          
          
          <TextLine ID="eSc_line_17266a53"
                    TAGREFS="LT4837"
                    BASELINE="479 88 529 84" 
                    HPOS="475"
                    VPOS="52"
                    WIDTH="54"
                    HEIGHT="53">
            <Shape><Polygon POINTS="479 88 481 105 529 102 529 84 525 52 475 58 479 88"/></Shape>
	    <String CONTENT=""
                    HPOS="475"
                    VPOS="52"
                    WIDTH="54"
                    HEIGHT="53"></String>
          </TextLine>

          
        </TextBlock>
        
        <TextBlock HPOS="0"
                   VPOS="1654"
                   WIDTH="55"
                   HEIGHT="39"
                   ID="eSc_textblock_89539ad8"
                   TAGREFS="BT16085">
          <Shape><Polygon POINTS="24 1654 55 1666 38 1693 0 1676 24 1654"/></Shape>
          
        </TextBlock>
        
        <TextBlock HPOS="188"
                   VPOS="1643"
                   WIDTH="925"
                   HEIGHT="67"
                   ID="eSc_textblock_8ae42bf9"
                   TAGREFS="BT16085">
          <Shape><Polygon POINTS="1026 1643 1113 1643 1113 1710 188 1676 1026 1643"/></Shape>
          
        </TextBlock>
        

        
      </PrintSpace>
    </Page>
  </Layout>
</alto>
