<?xml version="1.0" encoding="UTF-8"?>
<alto xmlns:xsi="http://www.w3.org/2001/XMLSchema-instance"
      xmlns="http://www.loc.gov/standards/alto/ns-v4#"
      xsi:schemaLocation="http://www.loc.gov/standards/alto/ns-v4# http://www.loc.gov/standards/alto/v4/alto-4-2.xsd">
  <Description>
    <MeasurementUnit>pixel</MeasurementUnit>
    <sourceImageInformation>
      <fileName>Rasail001.jpg</fileName>
      
    </sourceImageInformation>
  </Description>
  
  <Tags>
    <OtherTag ID="BT16094" LABEL="default" DESCRIPTION="block type default"/><OtherTag ID="BT16093" LABEL="NumberingZone:page" DESCRIPTION="block type NumberingZone:page"/><OtherTag ID="BT16092" LABEL="MarginTextZone:note" DESCRIPTION="block type MarginTextZone:note"/><OtherTag ID="BT16091" LABEL="TitlePageZone" DESCRIPTION="block type TitlePageZone"/><OtherTag ID="BT16090" LABEL="QuireMarksZone:catchwords" DESCRIPTION="block type QuireMarksZone:catchwords"/><OtherTag ID="BT16089" LABEL="NumberingZone:other" DESCRIPTION="block type NumberingZone:other"/><OtherTag ID="BT16088" LABEL="NumberingZone" DESCRIPTION="block type NumberingZone"/><OtherTag ID="BT16087" LABEL="MarginTextZone" DESCRIPTION="block type MarginTextZone"/><OtherTag ID="BT16086" LABEL="MainZone" DESCRIPTION="block type MainZone"/><OtherTag ID="BT16085" LABEL="DigitizationArtefactZone" DESCRIPTION="block type DigitizationArtefactZone"/><OtherTag ID="BT2" LABEL="Main" DESCRIPTION="block type Main"/><OtherTag ID="BT1" LABEL="Title" DESCRIPTION="block type Title"/>
    <OtherTag ID="LT4837" LABEL="DefaultLine" DESCRIPTION="line type DefaultLine"/><OtherTag ID="LT4838" LABEL="default" DESCRIPTION="line type default"/><OtherTag ID="LT4839" LABEL="HeadingLine:title" DESCRIPTION="line type HeadingLine:title"/>
  </Tags>
  
  <Layout>
    <Page WIDTH="1184"
          HEIGHT="1872"
          PHYSICAL_IMG_NR="29"
          ID="eSc_dummypage_">
      <PrintSpace HPOS="0"
                  VPOS="0"
                  WIDTH="1184"
                  HEIGHT="1872">
        
        <TextBlock HPOS="418"
                   VPOS="232"
                   WIDTH="722"
                   HEIGHT="184"
                   ID="eSc_textblock_12be79d0"
                   TAGREFS="BT16091">
          <Shape><Polygon POINTS="1015 232 1090 249 1140 287 1140 322 823 310 616 341 592 304 590 341 504 360 740 385 479 416 431 391 456 355 418 305 468 279 462 237 517 249 473 262 487 287 971 293 973 249 1015 232"/></Shape>
          
          
          <TextLine ID="eSc_line_adc0c3bb"
                    TAGREFS="LT4837"
                    BASELINE="990 308 1134 304" 
                    HPOS="987"
                    VPOS="241"
                    WIDTH="147"
                    HEIGHT="100">
            <Shape><Polygon POINTS="1113 268 1109 265 1099 265 1079 246 1065 243 1062 241 1037 241 1035 241 1034 241 1032 241 1032 243 1009 266 1005 268 987 266 990 308 990 338 1024 341 1026 341 1134 316 1134 304 1126 277 1113 268"/></Shape>
	    <String CONTENT=""
                    HPOS="987"
                    VPOS="241"
                    WIDTH="147"
                    HEIGHT="100"></String>
          </TextLine>

          
        </TextBlock>
        
        <TextBlock HPOS="1023"
                   VPOS="455"
                   WIDTH="11"
                   HEIGHT="11"
                   ID="eSc_textblock_567a16a9"
                   TAGREFS="BT16086">
          <Shape><Polygon POINTS="1029 455 1034 460 1023 466 1023 455 1029 455"/></Shape>
          
          
          <TextLine ID="eSc_line_bce38219"
                    TAGREFS="LT4837"
                    BASELINE="938 460 1123 455" 
                    HPOS="937"
                    VPOS="405"
                    WIDTH="186"
                    HEIGHT="103">
            <Shape><Polygon POINTS="1030 455 1023 425 1005 425 988 414 982 410 980 410 979 410 977 410 937 418 938 460 941 508 952 499 960 503 963 507 965 507 966 507 968 507 1052 497 1054 497 1055 497 1055 496 1057 496 1066 485 1073 475 1123 474 1123 455 1116 405 1051 425 1035 425 1030 455"/></Shape>
	    <String CONTENT="دادر"
                    HPOS="937"
                    VPOS="405"
                    WIDTH="186"
                    HEIGHT="103"
                    WC="0.942234218120575"></String>
          </TextLine>

          
        </TextBlock>
        
        <TextBlock HPOS="87"
                   VPOS="1797"
                   WIDTH="292"
                   HEIGHT="73"
                   ID="eSc_textblock_7cb088d1"
                   TAGREFS="BT16086">
          <Shape><Polygon POINTS="149 1797 329 1803 379 1851 87 1870 87 1828 149 1797"/></Shape>
          
          
          <TextLine ID="eSc_line_a2d8029a"
                    TAGREFS="LT4837"
                    BASELINE="271 1822 359 1826" 
                    HPOS="270"
                    VPOS="1800"
                    WIDTH="89"
                    HEIGHT="31">
            <Shape><Polygon POINTS="348 1823 334 1809 318 1801 303 1801 287 1801 271 1800 271 1800 271 1822 270 1828 356 1831 359 1826 359 1803 348 1801 348 1823"/></Shape>
	    <String CONTENT=""
                    HPOS="270"
                    VPOS="1800"
                    WIDTH="89"
                    HEIGHT="31"></String>
          </TextLine>

          
        </TextBlock>
        
        <TextBlock HPOS="149"
                   VPOS="31"
                   WIDTH="30"
                   HEIGHT="4"
                   ID="eSc_textblock_e27c1e02"
                   TAGREFS="BT16086">
          <Shape><Polygon POINTS="154 31 179 31 179 35 149 35 154 31"/></Shape>
          
        </TextBlock>
        
        <TextBlock HPOS="187"
                   VPOS="31"
                   WIDTH="5"
                   HEIGHT="4"
                   ID="eSc_textblock_ec187365"
                   TAGREFS="BT16086">
          <Shape><Polygon POINTS="192 31 192 35 187 35 187 31 192 31"/></Shape>
          
        </TextBlock>
        
        <TextBlock HPOS="206"
                   VPOS="12"
                   WIDTH="928"
                   HEIGHT="36"
                   ID="eSc_textblock_c9a2bf9e"
                   TAGREFS="BT16086">
          <Shape><Polygon POINTS="796 12 1134 23 715 48 206 35 796 12"/></Shape>
          
        </TextBlock>
        
        <TextBlock HPOS="623"
                   VPOS="6"
                   WIDTH="161"
                   HEIGHT="4"
                   ID="eSc_textblock_593ddbba"
                   TAGREFS="BT16086">
          <Shape><Polygon POINTS="629 6 784 6 784 10 623 10 629 6"/></Shape>
          
        </TextBlock>
        
        <TextBlock HPOS="1023"
                   VPOS="430"
                   WIDTH="17"
                   HEIGHT="5"
                   ID="eSc_textblock_e787d4ec"
                   TAGREFS="BT16086">
          <Shape><Polygon POINTS="1029 430 1040 430 1040 435 1023 435 1029 430"/></Shape>
          
        </TextBlock>
        
        <TextBlock HPOS="1073"
                   VPOS="368"
                   WIDTH="4"
                   HEIGHT="4"
                   ID="eSc_textblock_a5b60ece"
                   TAGREFS="BT16086">
          <Shape><Polygon POINTS="1077 368 1077 372 1073 372 1073 368 1077 368"/></Shape>
          
        </TextBlock>
        
        <TextBlock HPOS="74"
                   VPOS="1822"
                   WIDTH="5"
                   HEIGHT="4"
                   ID="eSc_textblock_518952ac"
                   TAGREFS="BT16086">
          <Shape><Polygon POINTS="79 1823 79 1826 74 1826 74 1822 79 1823"/></Shape>
          
        </TextBlock>
        
        <TextBlock HPOS="74"
                   VPOS="1566"
                   WIDTH="105"
                   HEIGHT="79"
                   ID="eSc_textblock_74a65194"
                   TAGREFS="BT16086">
          <Shape><Polygon POINTS="143 1566 179 1578 167 1645 74 1639 74 1603 143 1566"/></Shape>
          
        </TextBlock>
        
        <TextBlock HPOS="112"
                   VPOS="1497"
                   WIDTH="55"
                   HEIGHT="36"
                   ID="eSc_textblock_d593f8f2"
                   TAGREFS="BT16086">
          <Shape><Polygon POINTS="148 1497 167 1533 118 1533 112 1516 148 1497"/></Shape>
          
        </TextBlock>
        
        <TextBlock HPOS="349"
                   VPOS="305"
                   WIDTH="11"
                   HEIGHT="11"
                   ID="eSc_textblock_7107d4e8"
                   TAGREFS="BT16091">
          <Shape><Polygon POINTS="356 305 360 316 349 316 349 305 356 305"/></Shape>
          
        </TextBlock>
        
        <TextBlock HPOS="374"
                   VPOS="243"
                   WIDTH="5"
                   HEIGHT="5"
                   ID="eSc_textblock_80d33e9e"
                   TAGREFS="BT16091">
          <Shape><Polygon POINTS="379 244 379 248 374 248 374 243 379 244"/></Shape>
          
        </TextBlock>
        
        <TextBlock HPOS="374"
                   VPOS="299"
                   WIDTH="30"
                   HEIGHT="17"
                   ID="eSc_textblock_8266de39"
                   TAGREFS="BT16091">
          <Shape><Polygon POINTS="381 299 398 299 404 316 374 316 381 299"/></Shape>
          
        </TextBlock>
        
        <TextBlock HPOS="610"
                   VPOS="232"
                   WIDTH="42"
                   HEIGHT="22"
                   ID="eSc_textblock_51c68c76"
                   TAGREFS="BT16091">
          <Shape><Polygon POINTS="615 232 646 237 652 248 610 254 615 232"/></Shape>
          
        </TextBlock>
        
        <TextBlock HPOS="879"
                   VPOS="6"
                   WIDTH="11"
                   HEIGHT="4"
                   ID="eSc_textblock_f5384363"
                   TAGREFS="BT16091">
          <Shape><Polygon POINTS="885 6 890 10 879 10 879 6 885 6"/></Shape>
          
        </TextBlock>
        
        <TextBlock HPOS="891"
                   VPOS="374"
                   WIDTH="18"
                   HEIGHT="11"
                   ID="eSc_textblock_1d9ec169"
                   TAGREFS="BT16091">
          <Shape><Polygon POINTS="898 374 909 374 909 385 891 385 898 374"/></Shape>
          
        </TextBlock>
        
        <TextBlock HPOS="923"
                   VPOS="374"
                   WIDTH="17"
                   HEIGHT="11"
                   ID="eSc_textblock_afc7a62a"
                   TAGREFS="BT16091">
          <Shape><Polygon POINTS="929 374 940 374 940 385 923 379 929 374"/></Shape>
          
        </TextBlock>
        
        <TextBlock HPOS="1073"
                   VPOS="336"
                   WIDTH="54"
                   HEIGHT="36"
                   ID="eSc_textblock_e7dcb643"
                   TAGREFS="BT16091">
          <Shape><Polygon POINTS="1091 336 1127 341 1079 372 1073 343 1091 336"/></Shape>
          
        </TextBlock>
        
        <TextBlock HPOS="99"
                   VPOS="1661"
                   WIDTH="99"
                   HEIGHT="97"
                   ID="eSc_textblock_8f55aae7"
                   TAGREFS="BT16091">
          <Shape><Polygon POINTS="117 1661 198 1740 185 1758 124 1726 99 1677 117 1661"/></Shape>
          
        </TextBlock>
        
        <TextBlock HPOS="74"
                   VPOS="486"
                   WIDTH="1035"
                   HEIGHT="1303"
                   ID="eSc_textblock_b7b87687"
                   TAGREFS="BT16091">
          <Shape><Polygon POINTS="381 486 884 511 679 535 709 560 646 597 702 622 604 672 596 728 696 742 665 772 821 811 765 861 752 946 829 1010 909 1004 915 1040 823 1046 796 1127 829 1166 909 1148 1004 1291 1109 1341 1102 1639 635 1652 609 1683 677 1701 581 1708 531 1726 535 1745 435 1765 467 1789 287 1783 318 1764 299 1740 324 1716 387 1714 293 1701 306 1666 287 1641 318 1564 299 1514 312 1366 229 1308 87 1271 74 1223 137 1184 131 1073 162 960 173 973 199 936 273 911 299 867 354 873 368 911 431 890 437 842 417 822 362 809 360 828 306 840 273 797 193 778 243 673 274 691 287 561 331 528 331 499 354 499 362 630 374 555 398 542 412 572 431 530 381 522 381 486"/></Shape>
          
        </TextBlock>
        
        <TextBlock HPOS="848"
                   VPOS="823"
                   WIDTH="36"
                   HEIGHT="11"
                   ID="eSc_textblock_474c404c"
                   TAGREFS="BT16091">
          <Shape><Polygon POINTS="848 823 884 823 884 834 848 834 848 823"/></Shape>
          
        </TextBlock>
        
        <TextBlock HPOS="904"
                   VPOS="1060"
                   WIDTH="5"
                   HEIGHT="5"
                   ID="eSc_textblock_eb764bb8"
                   TAGREFS="BT16091">
          <Shape><Polygon POINTS="909 1062 909 1065 904 1065 904 1060 909 1062"/></Shape>
          
        </TextBlock>
        
        <TextBlock HPOS="991"
                   VPOS="380"
                   WIDTH="24"
                   HEIGHT="5"
                   ID="eSc_textblock_1e65ed59"
                   TAGREFS="BT16091">
          <Shape><Polygon POINTS="998 380 1015 380 1015 385 991 385 998 380"/></Shape>
          
        </TextBlock>
        
        <TextBlock HPOS="1035"
                   VPOS="499"
                   WIDTH="111"
                   HEIGHT="23"
                   ID="eSc_textblock_2e9fa544"
                   TAGREFS="BT16091">
          <Shape><Polygon POINTS="1066 499 1134 499 1146 522 1035 516 1066 499"/></Shape>
          
        </TextBlock>
        
        <TextBlock HPOS="1079"
                   VPOS="436"
                   WIDTH="61"
                   HEIGHT="36"
                   ID="eSc_textblock_b107e221"
                   TAGREFS="BT16091">
          <Shape><Polygon POINTS="1124 436 1140 472 1079 466 1079 455 1124 436"/></Shape>
          
        </TextBlock>
        
        <TextBlock HPOS="1116"
                   VPOS="418"
                   WIDTH="5"
                   HEIGHT="4"
                   ID="eSc_textblock_cc712875"
                   TAGREFS="BT16091">
          <Shape><Polygon POINTS="1121 421 1116 422 1116 418 1121 418 1121 421"/></Shape>
          
        </TextBlock>
        
        <TextBlock HPOS="293"
                   VPOS="0"
                   WIDTH="422"
                   HEIGHT="10"
                   ID="eSc_textblock_ff19f74f"
                   TAGREFS="BT16094">
          <Shape><Polygon POINTS="462 0 715 0 715 4 293 10 462 0"/></Shape>
          
        </TextBlock>
        
        <TextBlock HPOS="287"
                   VPOS="6"
                   WIDTH="30"
                   HEIGHT="4"
                   ID="eSc_textblock_4d347c5e"
                   TAGREFS="BT16092">
          <Shape><Polygon POINTS="288 6 317 6 317 10 287 10 288 6"/></Shape>
          
        </TextBlock>
        
        <TextBlock HPOS="848"
                   VPOS="6"
                   WIDTH="67"
                   HEIGHT="4"
                   ID="eSc_textblock_2ddebaa7"
                   TAGREFS="BT16094">
          <Shape><Polygon POINTS="849 6 915 6 915 10 848 10 849 6"/></Shape>
          
        </TextBlock>
        
        <TextBlock HPOS="393"
                   VPOS="0"
                   WIDTH="174"
                   HEIGHT="4"
                   ID="eSc_textblock_abee0d4c"
                   TAGREFS="BT16092">
          <Shape><Polygon POINTS="393 0 567 0 567 4 393 4 393 0"/></Shape>
          
        </TextBlock>
        
        <TextBlock HPOS="449"
                   VPOS="1797"
                   WIDTH="111"
                   HEIGHT="36"
                   ID="eSc_textblock_fe4c4695"
                   TAGREFS="BT16093">
          <Shape><Polygon POINTS="456 1797 554 1803 560 1826 449 1833 456 1797"/></Shape>
          
        </TextBlock>
        

        
        <TextBlock ID="eSc_dummyblock_">
          
          
          <TextLine ID="eSc_line_607a426c"
                    TAGREFS="LT4837"
                    BASELINE="845 12 1030 10" 
                    HPOS="843"
                    VPOS="0"
                    WIDTH="187"
                    HEIGHT="45">
            <Shape><Polygon POINTS="1015 1 999 1 984 1 968 1 952 1 937 1 921 1 905 1 890 1 874 1 859 1 843 1 845 12 845 29 920 31 926 35 937 45 938 45 940 45 941 45 943 45 945 45 954 39 957 37 1029 43 1030 10 1026 0 1015 1"/></Shape>
	    <String CONTENT=""
                    HPOS="843"
                    VPOS="0"
                    WIDTH="187"
                    HEIGHT="45"></String>
          </TextLine>

          
          
          <TextLine ID="eSc_line_9ee86d8e"
                    TAGREFS="LT4837"
                    BASELINE="762 12 827 12" 
                    HPOS="762"
                    VPOS="9"
                    WIDTH="65"
                    HEIGHT="22">
            <Shape><Polygon POINTS="824 9 809 9 793 9 777 9 762 9 762 12 762 31 827 28 827 12 827 9 824 9"/></Shape>
	    <String CONTENT=""
                    HPOS="762"
                    VPOS="9"
                    WIDTH="65"
                    HEIGHT="22"></String>
          </TextLine>

          
          
          <TextLine ID="eSc_line_1b49ac57"
                    TAGREFS="LT4837"
                    BASELINE="982 382 1134 377" 
                    HPOS="980"
                    VPOS="333"
                    WIDTH="154"
                    HEIGHT="85">
            <Shape><Polygon POINTS="982 382 982 418 1055 418 1055 416 1057 416 1071 410 1088 400 1132 404 1134 377 1129 333 980 346 982 382"/></Shape>
	    <String CONTENT="خال"
                    HPOS="980"
                    VPOS="333"
                    WIDTH="154"
                    HEIGHT="85"
                    WC="0.8306930065155029"></String>
          </TextLine>

          
          
          <TextLine ID="eSc_line_3a1a5510"
                    TAGREFS="LT4837"
                    BASELINE="935 1658 1152 1652" 
                    HPOS="934"
                    VPOS="1609"
                    WIDTH="218"
                    HEIGHT="69">
            <Shape><Polygon POINTS="935 1658 935 1669 955 1667 965 1670 982 1678 984 1678 985 1678 987 1678 1004 1670 1015 1666 1038 1670 1065 1675 1066 1675 1094 1670 1124 1664 1151 1669 1152 1652 1148 1609 1080 1611 1079 1611 1077 1611 1077 1613 1071 1617 1059 1630 1038 1630 1029 1622 1023 1616 1021 1616 1019 1616 1018 1616 1016 1616 1015 1616 1015 1617 1007 1623 1002 1630 993 1625 979 1619 977 1619 976 1619 974 1619 973 1619 973 1620 962 1628 959 1633 934 1633 935 1658"/></Shape>
	    <String CONTENT=""
                    HPOS="934"
                    VPOS="1609"
                    WIDTH="218"
                    HEIGHT="69"></String>
          </TextLine>

          
        </TextBlock>
        
      </PrintSpace>
    </Page>
  </Layout>
</alto>
