<?xml version="1.0" encoding="UTF-8"?>
<alto xmlns:xsi="http://www.w3.org/2001/XMLSchema-instance"
      xmlns="http://www.loc.gov/standards/alto/ns-v4#"
      xsi:schemaLocation="http://www.loc.gov/standards/alto/ns-v4# http://www.loc.gov/standards/alto/v4/alto-4-2.xsd">
  <Description>
    <MeasurementUnit>pixel</MeasurementUnit>
    <sourceImageInformation>
      <fileName>Rasail041.jpg</fileName>
      
    </sourceImageInformation>
  </Description>
  
  <Tags>
    <OtherTag ID="BT16094" LABEL="default" DESCRIPTION="block type default"/><OtherTag ID="BT16093" LABEL="NumberingZone:page" DESCRIPTION="block type NumberingZone:page"/><OtherTag ID="BT16092" LABEL="MarginTextZone:note" DESCRIPTION="block type MarginTextZone:note"/><OtherTag ID="BT16091" LABEL="TitlePageZone" DESCRIPTION="block type TitlePageZone"/><OtherTag ID="BT16090" LABEL="QuireMarksZone:catchwords" DESCRIPTION="block type QuireMarksZone:catchwords"/><OtherTag ID="BT16089" LABEL="NumberingZone:other" DESCRIPTION="block type NumberingZone:other"/><OtherTag ID="BT16088" LABEL="NumberingZone" DESCRIPTION="block type NumberingZone"/><OtherTag ID="BT16087" LABEL="MarginTextZone" DESCRIPTION="block type MarginTextZone"/><OtherTag ID="BT16086" LABEL="MainZone" DESCRIPTION="block type MainZone"/><OtherTag ID="BT16085" LABEL="DigitizationArtefactZone" DESCRIPTION="block type DigitizationArtefactZone"/><OtherTag ID="BT2" LABEL="Main" DESCRIPTION="block type Main"/><OtherTag ID="BT1" LABEL="Title" DESCRIPTION="block type Title"/>
    <OtherTag ID="LT4837" LABEL="DefaultLine" DESCRIPTION="line type DefaultLine"/><OtherTag ID="LT4838" LABEL="default" DESCRIPTION="line type default"/><OtherTag ID="LT4839" LABEL="HeadingLine:title" DESCRIPTION="line type HeadingLine:title"/>
  </Tags>
  
  <Layout>
    <Page WIDTH="1055"
          HEIGHT="1683"
          PHYSICAL_IMG_NR="69"
          ID="eSc_dummypage_">
      <PrintSpace HPOS="0"
                  VPOS="0"
                  WIDTH="1055"
                  HEIGHT="1683">
        
        <TextBlock HPOS="33"
                   VPOS="157"
                   WIDTH="942"
                   HEIGHT="1479"
                   ID="eSc_textblock_cf54737a"
                   TAGREFS="BT16086">
          <Shape><Polygon POINTS="84 157 582 157 958 190 975 1064 969 1417 941 1636 61 1631 33 1614 44 213 84 157"/></Shape>
          
          
          <TextLine ID="eSc_line_89b9662c"
                    TAGREFS="LT4837"
                    BASELINE="75 239 946 248" 
                    HPOS="74"
                    VPOS="192"
                    WIDTH="872"
                    HEIGHT="87">
            <Shape><Polygon POINTS="75 239 74 258 98 272 99 272 101 272 102 272 103 272 154 258 220 273 221 273 223 273 251 265 260 273 262 273 263 273 265 274 333 274 333 273 335 273 359 260 360 260 374 260 491 269 492 269 493 269 505 263 510 260 527 263 572 273 573 273 617 266 638 262 642 266 648 270 648 272 649 272 650 272 652 272 653 272 672 267 681 265 693 267 736 277 737 279 775 279 775 277 777 277 792 269 802 265 857 265 878 270 903 279 904 279 906 279 945 272 946 248 946 197 896 197 895 197 893 197 892 197 865 208 852 197 851 197 850 197 813 197 812 197 810 197 808 199 788 208 771 199 767 196 765 196 764 196 725 196 723 196 722 196 714 200 695 210 679 200 677 200 676 200 674 200 673 200 672 200 672 201 656 215 635 207 634 207 632 207 503 213 493 203 484 194 484 193 482 193 481 193 479 193 478 193 455 204 436 214 395 214 382 204 366 192 364 192 363 192 361 192 360 192 342 199 333 192 332 192 331 192 329 192 277 200 256 194 255 194 253 194 252 194 251 194 237 207 231 211 202 207 157 201 155 201 154 201 141 208 137 210 75 210 75 239"/></Shape>
	    <String CONTENT="روشن و کرم می کردند و پيون آفتاب از گره زيين غايب"
                    HPOS="74"
                    VPOS="192"
                    WIDTH="872"
                    HEIGHT="87"
                    WC="0.8796092265844345"></String>
          </TextLine>

          
          
          <TextLine ID="eSc_line_4aa6c2a6"
                    TAGREFS="LT4837"
                    BASELINE="71 318 949 323" 
                    HPOS="70"
                    VPOS="272"
                    WIDTH="879"
                    HEIGHT="81">
            <Shape><Polygon POINTS="71 318 70 333 102 343 103 343 105 343 137 339 147 347 147 349 148 349 150 349 151 349 152 349 178 336 179 336 228 336 237 338 291 350 293 350 294 350 318 339 322 338 328 339 354 350 356 350 357 350 446 349 447 349 448 349 455 343 458 342 464 343 517 352 519 353 541 353 541 352 542 352 544 352 544 350 551 345 556 340 579 345 611 352 613 352 614 352 615 352 615 350 621 346 627 340 700 347 701 347 702 347 704 347 729 339 750 346 751 346 753 346 789 340 812 350 817 353 819 353 820 353 822 353 823 353 826 350 838 340 869 352 874 353 875 353 876 353 878 353 881 352 906 340 945 353 949 323 945 281 937 290 914 281 903 277 902 277 900 277 899 277 890 281 875 290 865 281 858 276 857 276 855 276 854 276 852 276 833 281 803 290 773 281 750 276 749 276 704 276 702 276 701 276 700 276 690 281 680 288 582 288 569 283 551 274 549 274 502 274 500 274 499 274 498 274 486 283 481 288 437 288 430 283 416 273 415 273 413 273 412 273 411 273 409 273 395 283 390 287 377 284 345 274 343 274 342 274 340 274 324 284 318 287 312 284 294 272 293 272 291 272 290 272 289 272 267 280 260 273 260 272 259 272 258 272 197 272 196 272 195 272 193 272 193 273 179 284 178 286 71 286 71 318"/></Shape>
	    <String CONTENT="می شود آن روشتی در اجسام کثيف نمی ماند اگر آفتاب بر"
                    HPOS="70"
                    VPOS="272"
                    WIDTH="879"
                    HEIGHT="81"
                    WC="0.8938800596965933"></String>
          </TextLine>

          
          
          <TextLine ID="eSc_line_d4d50294"
                    TAGREFS="LT4837"
                    BASELINE="75 395 945 401" 
                    HPOS="74"
                    VPOS="353"
                    WIDTH="871"
                    HEIGHT="77">
            <Shape><Polygon POINTS="75 395 74 406 110 408 137 424 138 424 140 424 141 424 143 424 176 409 196 426 197 426 199 426 200 426 202 426 246 410 252 409 256 410 291 427 293 427 294 429 434 429 434 427 436 427 437 427 451 415 457 410 507 410 526 416 562 429 563 429 565 429 566 429 585 419 634 429 635 429 636 429 656 419 670 412 716 412 725 420 726 422 726 423 728 423 729 423 730 423 732 423 733 423 736 420 746 413 777 413 789 422 801 430 802 430 803 430 805 430 848 423 875 419 882 424 889 429 890 429 892 429 893 429 944 424 945 401 939 356 918 373 897 373 875 357 874 356 872 356 871 356 765 356 764 356 763 356 761 356 758 359 737 373 709 373 700 363 700 361 698 361 697 361 695 361 694 361 680 367 674 360 669 356 669 354 667 354 666 354 625 354 624 354 622 354 611 360 590 373 568 373 554 361 549 357 548 357 547 357 545 357 544 357 534 361 513 371 493 371 481 363 468 353 467 353 465 353 464 353 418 359 416 359 415 359 409 363 402 368 395 363 388 357 387 357 385 357 384 357 382 357 381 357 371 364 360 370 346 364 325 356 324 356 322 356 321 356 319 356 307 364 297 370 232 370 225 366 210 356 209 356 207 356 173 354 172 354 171 354 169 354 152 367 147 367 134 367 133 367 119 356 117 356 116 356 115 356 113 356 112 356 112 357 101 367 99 368 75 368 75 395"/></Shape>
	    <String CONTENT="چند جسم شفاب و لطيف تابد مثل بهگور و آمتنه بعد از"
                    HPOS="74"
                    VPOS="353"
                    WIDTH="871"
                    HEIGHT="77"
                    WC="0.923269756436348"></String>
          </TextLine>

          
          
          <TextLine ID="eSc_line_afc013f0"
                    TAGREFS="LT4837"
                    BASELINE="202 478 945 475" 
                    HPOS="200"
                    VPOS="433"
                    WIDTH="745"
                    HEIGHT="77">
            <Shape><Polygon POINTS="202 478 202 495 241 509 242 509 244 509 245 509 276 496 277 496 314 496 314 497 325 507 325 509 326 509 328 509 329 509 368 502 420 509 422 509 423 509 425 509 425 507 434 499 439 495 488 495 493 500 502 507 502 509 503 509 505 509 506 510 526 510 526 509 527 509 528 509 528 507 535 500 541 496 565 502 596 507 597 507 599 507 610 502 627 493 677 493 688 503 691 506 691 507 693 507 694 507 695 507 697 507 704 503 716 497 729 504 736 507 737 507 739 507 740 507 742 507 744 504 751 499 788 504 805 507 806 507 808 507 809 507 812 506 823 497 836 506 837 507 838 507 840 507 841 507 854 506 914 497 941 507 945 475 944 444 913 436 911 436 910 436 909 436 892 441 881 433 879 433 878 433 815 433 813 433 812 433 810 433 810 434 801 443 801 444 796 443 774 433 773 433 771 433 721 441 705 445 618 445 614 441 606 434 604 434 603 434 601 434 570 441 545 447 493 447 484 440 476 434 475 434 474 434 472 434 471 434 455 440 444 444 439 440 433 434 432 434 430 434 429 434 427 434 418 440 409 444 387 440 374 437 373 437 371 437 370 437 368 438 360 445 352 438 346 434 345 434 343 434 342 434 340 434 326 438 304 445 200 438 202 478"/></Shape>
	    <String CONTENT="قدفی اشر از آفتاب در ايشان حاصل فی شود بر"
                    HPOS="200"
                    VPOS="433"
                    WIDTH="745"
                    HEIGHT="77"
                    WC="0.8748409254919916"></String>
          </TextLine>

          
          
          <TextLine ID="eSc_line_70956072"
                    TAGREFS="LT4837"
                    BASELINE="70 545 946 548" 
                    HPOS="68"
                    VPOS="504"
                    WIDTH="878"
                    HEIGHT="75">
            <Shape><Polygon POINTS="70 545 68 556 89 566 91 566 92 566 93 566 112 559 136 576 137 576 138 576 140 577 211 577 211 576 213 576 214 576 214 575 228 562 276 576 277 576 279 576 280 576 281 576 300 562 304 559 353 559 359 563 377 576 378 576 380 576 381 577 496 577 496 576 498 576 499 576 514 566 521 562 526 568 537 576 537 577 538 577 540 577 541 579 587 579 587 577 589 577 590 577 600 569 611 561 631 561 646 570 657 577 659 577 660 577 662 577 663 577 680 570 707 561 791 561 812 573 817 577 819 577 820 577 822 577 878 575 879 575 881 575 881 573 890 566 902 575 903 575 904 575 944 576 946 548 944 513 890 517 875 513 852 506 851 506 850 506 848 506 829 513 810 520 803 513 796 507 796 506 795 506 794 506 792 506 791 506 789 506 780 513 771 520 761 513 751 506 750 506 749 506 694 506 693 506 691 506 690 506 680 514 670 521 634 521 621 514 603 506 601 506 600 506 599 506 597 506 597 507 589 514 583 520 568 514 556 511 555 511 554 511 552 511 541 514 537 516 537 514 528 507 527 507 526 507 524 507 523 507 500 516 489 518 479 516 460 509 458 509 457 509 455 509 437 516 429 518 422 516 399 504 398 504 397 504 395 504 394 504 394 506 382 516 378 511 377 511 375 511 374 511 352 516 339 518 331 516 300 504 298 504 297 504 296 504 270 517 267 518 266 517 253 506 253 504 252 504 251 504 186 504 185 504 183 504 182 504 182 506 169 517 168 518 162 517 122 509 120 509 119 509 102 517 99 518 70 518 70 545"/></Shape>
	    <String CONTENT="می خواهد در اليشان اثر يافت می شود مثل آفتاب رو"
                    HPOS="68"
                    VPOS="504"
                    WIDTH="878"
                    HEIGHT="75"
                    WC="0.8862781133502722"></String>
          </TextLine>

          
          
          <TextLine ID="eSc_line_fec09dcd"
                    TAGREFS="LT4837"
                    BASELINE="51 626 944 624" 
                    HPOS="50"
                    VPOS="575"
                    WIDTH="894"
                    HEIGHT="81">
            <Shape><Polygon POINTS="51 626 51 642 64 650 65 650 67 650 68 650 70 650 89 640 91 640 130 640 133 640 147 652 148 652 150 652 151 652 152 652 182 645 230 654 231 656 260 656 260 654 262 654 263 654 263 653 272 646 301 654 303 654 304 656 399 656 399 654 401 654 402 654 402 653 413 643 418 640 474 640 482 645 502 653 503 653 505 653 535 652 537 652 538 652 538 650 545 645 549 642 566 645 611 653 613 653 614 653 629 646 642 639 677 639 686 646 693 652 693 653 694 653 695 653 697 653 730 646 747 643 764 646 770 647 771 647 773 647 774 647 774 646 784 639 824 642 829 647 834 652 834 653 836 653 837 653 838 653 942 647 944 624 939 577 854 590 840 579 837 576 836 576 834 576 789 575 788 575 787 575 785 575 778 580 763 590 733 582 732 582 730 582 670 590 662 582 657 579 657 577 656 577 655 577 622 575 621 575 620 575 600 583 582 590 568 583 551 575 549 575 548 575 547 575 513 584 486 591 478 584 472 580 471 580 469 580 468 580 443 586 423 590 418 586 406 576 405 576 404 576 360 576 359 576 357 576 329 587 318 593 262 593 256 589 248 583 246 583 245 583 244 583 242 583 227 589 220 591 213 589 176 577 175 577 101 576 99 576 98 576 96 576 96 577 79 591 79 593 50 593 51 626"/></Shape>
	    <String CONTENT="و کرمی بخشد برين مثال اثری نفس گل پيز با بدن متعلق"
                    HPOS="50"
                    VPOS="575"
                    WIDTH="894"
                    HEIGHT="81"
                    WC="0.8889864790439606"></String>
          </TextLine>

          
          
          <TextLine ID="eSc_line_637dbb84"
                    TAGREFS="LT4837"
                    BASELINE="54 688 423 697 945 694" 
                    HPOS="54"
                    VPOS="642"
                    WIDTH="891"
                    HEIGHT="90">
            <Shape><Polygon POINTS="54 688 54 709 119 709 123 711 148 719 150 719 151 719 152 719 171 712 175 709 179 712 192 720 193 720 195 720 196 720 197 720 199 720 199 719 207 712 211 709 235 709 245 713 273 729 274 729 276 730 415 730 415 729 416 729 418 729 418 727 425 720 443 729 444 729 446 729 447 729 448 729 462 719 467 716 471 719 482 725 484 725 485 725 486 725 488 725 488 723 493 719 502 711 519 720 533 727 534 727 575 729 576 729 578 729 593 722 613 712 627 719 628 719 629 719 670 712 693 725 704 730 705 730 707 732 733 732 733 730 735 730 743 726 761 716 780 726 785 730 787 730 788 730 789 732 815 732 815 730 816 730 817 730 820 727 844 712 865 726 867 726 868 726 869 726 871 726 892 718 941 730 945 694 942 646 913 645 911 645 910 645 909 645 907 646 883 661 854 661 834 647 831 645 830 645 829 645 764 645 763 645 761 645 760 645 760 646 756 649 750 656 723 657 712 650 705 645 704 645 702 645 701 645 700 645 683 650 643 666 599 666 551 657 549 657 548 657 528 663 519 654 514 650 513 650 512 650 510 650 491 654 454 663 440 656 434 653 433 653 432 653 412 656 402 657 401 656 384 645 382 645 381 645 380 645 378 645 377 645 361 657 353 664 255 664 246 659 232 650 231 650 230 650 228 650 227 650 225 650 211 660 192 645 190 645 189 645 187 645 186 645 159 654 147 643 147 642 145 642 144 642 85 642 84 642 82 642 81 642 54 659 54 688"/></Shape>
	    <String CONTENT="می کردد هر کدام از نقوش بهصفای دانش و شنافت ال"
                    HPOS="54"
                    VPOS="642"
                    WIDTH="891"
                    HEIGHT="90"
                    WC="0.867693741036498"></String>
          </TextLine>

          
          
          <TextLine ID="eSc_line_db22accb"
                    TAGREFS="LT4837"
                    BASELINE="72 772 945 775" 
                    HPOS="71"
                    VPOS="726"
                    WIDTH="874"
                    HEIGHT="79">
            <Shape><Polygon POINTS="72 772 71 786 119 788 148 803 150 803 151 803 152 803 173 796 195 802 196 802 197 802 199 802 200 802 200 800 207 795 221 803 223 803 224 803 225 805 312 805 312 803 314 803 315 803 315 802 324 793 339 802 340 802 342 802 343 802 345 802 356 793 359 791 364 793 385 803 387 803 388 803 390 803 391 803 391 802 399 793 405 789 446 789 460 795 476 803 478 803 479 803 481 803 503 796 514 793 528 796 562 805 563 805 565 805 580 798 587 795 600 798 610 800 611 800 613 800 625 799 672 791 695 800 707 805 708 805 709 805 711 805 721 800 746 791 765 802 767 803 768 803 770 803 771 803 773 803 774 803 775 802 787 792 847 791 861 799 862 799 864 799 942 805 945 775 942 733 892 744 879 733 876 732 876 730 875 730 874 730 872 730 871 730 869 730 865 733 845 746 813 746 792 734 780 727 778 727 740 727 739 727 737 727 736 727 736 729 729 734 721 743 707 734 705 734 704 734 702 734 701 734 697 736 664 744 656 736 652 733 652 732 650 732 649 732 648 732 646 732 629 736 628 736 601 727 600 727 599 727 597 727 596 727 585 736 572 746 527 746 519 737 512 732 512 730 510 730 509 730 507 730 475 737 454 743 447 739 439 732 437 732 436 732 434 732 395 736 380 726 378 726 377 726 375 726 374 726 373 726 354 739 347 744 322 744 315 740 297 726 296 726 294 726 293 726 291 726 244 740 232 743 210 743 209 740 190 726 189 726 187 726 126 726 124 726 123 726 122 726 98 741 95 743 72 743 72 772"/></Shape>
	    <String CONTENT="خود منور می کردند ايشان را از اثر نفس کل صفت کما"
                    HPOS="71"
                    VPOS="726"
                    WIDTH="874"
                    HEIGHT="79"
                    WC="0.8889400127033392"></String>
          </TextLine>

          
          
          <TextLine ID="eSc_line_709e7561"
                    TAGREFS="LT4837"
                    BASELINE="61 841 948 851" 
                    HPOS="60"
                    VPOS="798"
                    WIDTH="888"
                    HEIGHT="85">
            <Shape><Polygon POINTS="61 841 60 856 129 875 130 875 237 876 238 876 239 876 287 863 307 859 325 865 363 877 364 877 443 879 444 879 446 879 447 879 461 869 471 862 495 862 503 870 507 873 507 875 509 875 510 875 512 875 513 875 521 870 523 870 541 879 542 879 544 879 545 879 547 879 556 872 558 872 586 880 587 880 589 880 590 880 608 873 635 863 670 863 743 863 750 870 750 872 751 872 753 872 754 872 756 872 768 865 791 879 792 880 794 880 795 880 796 880 798 880 799 880 799 879 822 865 945 883 948 851 946 820 883 820 881 819 868 807 868 806 867 806 865 806 864 806 862 806 836 814 817 806 816 806 815 806 813 806 812 806 799 817 782 805 781 805 780 805 778 805 777 805 761 813 751 805 750 805 749 805 714 805 712 805 711 805 709 805 695 817 687 817 663 817 662 817 646 803 645 803 643 803 611 803 610 803 608 803 607 803 589 816 587 817 586 816 559 802 558 802 556 802 555 802 537 812 471 814 444 816 426 814 397 812 387 802 387 800 385 800 384 800 346 800 345 800 343 800 319 813 317 814 315 813 287 802 286 802 284 802 283 802 256 810 244 799 242 799 241 799 239 799 238 799 206 813 203 813 202 813 172 800 171 800 169 800 168 800 166 800 154 810 137 798 136 798 134 798 133 798 131 798 130 798 108 812 98 805 96 805 95 805 93 805 61 810 61 841"/></Shape>
	    <String CONTENT="بعا حاصل می شود و نفوسیکه نعوذ با الش از شناخت ميدا"
                    HPOS="60"
                    VPOS="798"
                    WIDTH="888"
                    HEIGHT="85"
                    WC="0.9042108012180702"></String>
          </TextLine>

          
          
          <TextLine ID="eSc_line_6f5f0d18"
                    TAGREFS="LT4837"
                    BASELINE="68 920 942 925" 
                    HPOS="67"
                    VPOS="876"
                    WIDTH="875"
                    HEIGHT="79">
            <Shape><Polygon POINTS="68 920 67 932 109 934 131 949 133 949 134 949 136 949 137 949 187 935 203 948 203 949 204 949 206 949 286 952 287 952 338 943 367 950 368 950 370 950 371 950 373 950 385 939 432 952 433 952 434 952 493 939 514 949 516 949 517 949 519 949 551 939 604 953 606 953 607 953 681 938 698 952 698 953 700 953 701 953 702 953 746 950 747 950 749 950 749 949 761 939 854 939 875 955 876 955 878 955 879 955 881 955 896 948 914 955 916 955 917 955 918 955 920 955 941 939 942 925 941 896 888 886 886 886 885 886 883 886 883 887 875 894 875 896 827 896 826 894 805 880 803 880 802 880 801 880 691 886 683 879 681 879 680 879 679 879 611 893 608 893 606 893 559 884 558 884 513 893 507 893 503 893 450 877 448 877 447 877 446 877 444 877 426 891 394 877 392 877 391 877 390 877 388 877 388 879 374 891 373 891 370 891 319 884 318 884 317 884 315 884 315 886 310 891 280 876 279 876 277 876 276 876 239 890 239 891 211 891 211 890 183 876 182 876 101 876 99 876 98 876 96 876 96 877 82 890 81 890 68 890 68 920"/></Shape>
	    <String CONTENT="و پيوند به اصل خود محروم بانند ناچيز شوند چنانچهر"
                    HPOS="67"
                    VPOS="876"
                    WIDTH="875"
                    HEIGHT="79"
                    WC="0.9124879995170905"></String>
          </TextLine>

          
          
          <TextLine ID="eSc_line_d58e33d6"
                    TAGREFS="LT4837"
                    BASELINE="67 991 761 994 945 1004" 
                    HPOS="65"
                    VPOS="943"
                    WIDTH="880"
                    HEIGHT="79">
            <Shape><Polygon POINTS="67 991 65 1011 124 1008 155 1014 176 1018 178 1018 179 1018 186 1014 200 1006 221 1015 231 1018 232 1018 234 1019 325 1019 325 1018 326 1018 328 1018 328 1016 329 1016 340 1006 366 1006 399 1016 408 1019 409 1019 411 1021 476 1021 476 1019 478 1019 482 1018 503 1008 556 1008 562 1015 563 1015 563 1016 565 1016 566 1016 568 1016 569 1016 570 1016 582 1009 607 1019 613 1021 614 1021 615 1021 617 1021 618 1021 620 1019 634 1009 683 1016 684 1016 819 1011 837 1022 838 1022 840 1022 841 1022 848 1022 893 1015 942 1022 945 1004 945 967 893 967 893 966 874 950 872 950 871 950 869 950 868 950 848 956 841 950 841 949 840 949 838 949 751 948 750 948 749 948 721 962 709 955 708 955 707 955 705 955 704 955 702 955 702 956 693 964 693 966 655 966 655 964 635 948 634 948 632 948 631 948 562 964 544 948 544 946 542 946 541 946 514 946 513 946 512 946 510 946 491 959 420 953 419 953 418 953 416 953 401 963 382 955 381 955 380 955 378 955 354 962 338 946 338 945 336 945 335 945 310 945 308 945 307 945 305 945 281 963 206 963 195 963 190 962 136 962 106 943 105 943 103 943 102 943 101 943 67 960 67 991"/></Shape>
	    <String CONTENT="در رحم قرار نگيرد فرزند نه گردد نفوسیکه بصفت بقا"
                    HPOS="65"
                    VPOS="943"
                    WIDTH="880"
                    HEIGHT="79"
                    WC="0.940376608322064"></String>
          </TextLine>

          
          
          <TextLine ID="eSc_line_01cc8978"
                    TAGREFS="LT4837"
                    BASELINE="68 1068 945 1078" 
                    HPOS="67"
                    VPOS="1022"
                    WIDTH="878"
                    HEIGHT="83">
            <Shape><Polygon POINTS="68 1068 67 1078 185 1093 186 1093 187 1093 189 1093 204 1082 207 1082 248 1093 249 1093 251 1093 252 1093 276 1085 319 1098 321 1098 322 1099 367 1099 367 1098 368 1098 370 1098 385 1088 388 1086 392 1088 409 1095 411 1095 412 1095 413 1095 415 1095 415 1093 420 1089 426 1084 458 1084 464 1091 472 1098 472 1099 474 1099 475 1099 569 1100 570 1100 572 1100 585 1093 599 1086 625 1093 627 1093 628 1093 629 1093 631 1093 641 1086 722 1086 733 1096 735 1096 736 1096 737 1096 789 1088 823 1100 831 1103 833 1103 834 1105 872 1105 872 1103 874 1103 875 1103 876 1102 889 1093 902 1103 903 1103 904 1103 906 1105 944 1105 945 1078 945 1049 913 1049 913 1047 903 1039 902 1039 900 1039 899 1039 897 1039 896 1039 886 1047 885 1049 823 1049 820 1047 791 1029 789 1029 788 1029 700 1029 698 1029 697 1029 695 1029 686 1036 676 1028 674 1028 673 1028 672 1028 670 1028 669 1028 660 1035 634 1028 632 1028 631 1028 629 1028 628 1028 603 1044 600 1046 570 1046 558 1043 537 1042 526 1030 526 1029 524 1029 523 1029 521 1029 520 1029 503 1036 437 1025 397 1025 395 1025 394 1025 392 1025 392 1026 378 1039 356 1042 349 1042 343 1042 266 1026 232 1026 231 1026 230 1026 202 1040 200 1040 199 1040 166 1022 165 1022 137 1022 136 1022 134 1022 133 1022 106 1039 103 1039 68 1039 68 1068"/></Shape>
	    <String CONTENT="موصوف می شوند نعهای ناطقان و آساسان"
                    HPOS="67"
                    VPOS="1022"
                    WIDTH="878"
                    HEIGHT="83"
                    WC="0.8868919809659322"></String>
          </TextLine>

          
          
          <TextLine ID="eSc_line_237f0153"
                    TAGREFS="LT4837"
                    BASELINE="61 1150 600 1150 946 1159" 
                    HPOS="60"
                    VPOS="1102"
                    WIDTH="886"
                    HEIGHT="76">
            <Shape><Polygon POINTS="61 1150 60 1161 91 1171 92 1171 93 1171 147 1164 202 1172 203 1172 204 1172 206 1172 216 1164 218 1165 235 1169 237 1169 238 1169 239 1169 255 1165 270 1161 304 1166 352 1173 353 1175 416 1175 416 1173 418 1173 434 1168 451 1164 468 1169 485 1175 486 1175 488 1176 572 1176 572 1175 573 1175 575 1175 579 1171 587 1165 627 1172 629 1172 631 1172 632 1172 650 1165 676 1172 677 1172 679 1172 756 1165 771 1175 773 1175 774 1175 775 1175 778 1175 831 1166 845 1176 847 1178 848 1178 850 1178 851 1178 858 1176 889 1171 944 1178 946 1159 946 1124 834 1124 833 1123 822 1113 822 1112 820 1112 819 1112 778 1106 777 1106 775 1106 774 1106 765 1113 756 1106 754 1106 753 1106 751 1106 704 1107 702 1107 701 1107 686 1119 642 1106 641 1106 639 1106 638 1106 618 1116 606 1105 604 1105 603 1105 601 1105 600 1105 566 1120 563 1120 541 1120 519 1105 517 1105 516 1105 514 1105 429 1106 427 1106 411 1116 395 1103 394 1103 392 1103 391 1103 390 1103 388 1103 368 1119 368 1120 314 1120 312 1119 291 1106 290 1106 289 1106 287 1106 213 1114 197 1102 196 1102 195 1102 193 1102 147 1103 145 1103 144 1103 126 1117 117 1110 116 1110 115 1110 113 1110 61 1116 61 1150"/></Shape>
	    <String CONTENT="امابان ومچنان و تابعان ايشان اند و نفویکه بر"
                    HPOS="60"
                    VPOS="1102"
                    WIDTH="886"
                    HEIGHT="76"
                    WC="0.8662090044129979"></String>
          </TextLine>

          
          
          <TextLine ID="eSc_line_bf0a98ec"
                    TAGREFS="LT4837"
                    BASELINE="75 1220 730 1225 945 1234" 
                    HPOS="74"
                    VPOS="1176"
                    WIDTH="871"
                    HEIGHT="79">
            <Shape><Polygon POINTS="75 1220 74 1232 137 1229 165 1237 216 1248 217 1248 273 1241 338 1249 339 1249 340 1249 342 1249 357 1239 363 1235 367 1239 380 1249 381 1249 382 1249 384 1251 419 1251 419 1249 420 1249 422 1249 436 1241 450 1232 468 1232 476 1241 486 1249 486 1251 488 1251 489 1251 491 1251 492 1251 520 1242 533 1238 537 1242 540 1245 541 1245 542 1245 544 1245 545 1245 547 1245 549 1242 561 1234 604 1244 610 1244 611 1244 613 1244 614 1244 629 1235 672 1244 673 1244 674 1244 729 1237 742 1245 751 1253 753 1253 754 1253 756 1253 757 1253 777 1246 798 1238 847 1242 854 1246 865 1255 867 1255 868 1255 869 1255 944 1248 945 1234 945 1200 850 1199 831 1185 830 1185 829 1185 827 1185 826 1185 796 1197 778 1183 777 1183 775 1183 774 1183 773 1183 744 1190 664 1182 604 1182 603 1182 601 1182 600 1182 600 1183 592 1190 551 1183 549 1183 548 1183 547 1183 533 1194 531 1194 523 1194 507 1194 493 1182 493 1180 492 1180 491 1180 465 1180 464 1180 462 1180 461 1180 461 1182 447 1193 447 1194 392 1194 391 1193 364 1182 363 1182 361 1182 360 1182 359 1182 343 1193 342 1193 293 1193 293 1192 274 1178 273 1178 272 1178 214 1176 187 1176 186 1176 185 1176 183 1176 159 1190 124 1180 123 1180 122 1180 120 1180 119 1180 119 1182 109 1190 108 1190 75 1190 75 1220"/></Shape>
	    <String CONTENT="متابعت ايشان نه بوده بداتش خود به مجايدات و"
                    HPOS="74"
                    VPOS="1176"
                    WIDTH="871"
                    HEIGHT="79"
                    WC="0.9442507458287616"></String>
          </TextLine>

          
          
          <TextLine ID="eSc_line_acd9e8d0"
                    TAGREFS="LT4837"
                    BASELINE="61 1287 857 1305" 
                    HPOS="60"
                    VPOS="1245"
                    WIDTH="797"
                    HEIGHT="81">
            <Shape><Polygon POINTS="61 1287 60 1309 113 1316 115 1316 116 1316 126 1311 140 1304 162 1312 183 1319 185 1319 186 1319 225 1314 255 1321 256 1321 258 1321 259 1321 274 1314 277 1312 279 1314 287 1321 289 1321 290 1321 291 1321 404 1316 426 1325 427 1325 429 1325 499 1316 547 1312 599 1312 606 1319 607 1319 607 1321 608 1321 610 1321 611 1321 613 1321 620 1319 639 1314 650 1319 656 1322 657 1322 659 1322 660 1322 666 1319 679 1315 765 1315 777 1322 787 1326 788 1326 789 1326 791 1326 792 1326 798 1322 805 1318 854 1322 857 1305 857 1276 798 1253 796 1253 716 1252 715 1252 714 1252 712 1252 712 1253 705 1259 694 1252 693 1252 691 1252 690 1252 688 1252 687 1252 664 1266 639 1252 638 1252 636 1252 635 1252 617 1262 570 1249 569 1249 568 1249 566 1249 524 1267 498 1259 496 1259 495 1259 469 1265 448 1246 447 1246 446 1246 444 1246 443 1246 416 1258 405 1246 405 1245 404 1245 402 1245 401 1245 399 1245 370 1260 318 1256 310 1248 310 1246 308 1246 307 1246 305 1246 304 1246 276 1259 218 1253 217 1253 216 1253 189 1260 186 1260 185 1260 168 1251 166 1251 165 1251 164 1251 137 1259 134 1259 61 1258 61 1287"/></Shape>
	    <String CONTENT="گوشش مى نمايند بقاتى بايشان از آن د"
                    HPOS="60"
                    VPOS="1245"
                    WIDTH="797"
                    HEIGHT="81"
                    WC="0.9550828321112527"></String>
          </TextLine>

          
          
          <TextLine ID="eSc_line_a16e7c8b"
                    TAGREFS="LT4837"
                    BASELINE="841 1384 945 1388" 
                    HPOS="840"
                    VPOS="1337"
                    WIDTH="105"
                    HEIGHT="76">
            <Shape><Polygon POINTS="841 1384 840 1408 909 1401 941 1413 945 1388 945 1352 927 1352 927 1349 918 1339 917 1339 917 1337 916 1337 914 1337 913 1337 911 1337 893 1346 888 1339 886 1339 886 1337 885 1337 883 1337 882 1337 843 1342 841 1384"/></Shape>
	    <String CONTENT="وأعمال"
                    HPOS="840"
                    VPOS="1337"
                    WIDTH="105"
                    HEIGHT="76"
                    WC="0.9414332168442863"></String>
          </TextLine>

          
          
          <TextLine ID="eSc_line_677791c5"
                    TAGREFS="LT4837"
                    BASELINE="64 1359 730 1370" 
                    HPOS="63"
                    VPOS="1311"
                    WIDTH="667"
                    HEIGHT="81">
            <Shape><Polygon POINTS="63 1364 112 1381 113 1381 115 1381 116 1381 117 1381 138 1367 159 1367 176 1384 176 1385 178 1385 179 1385 180 1385 182 1385 206 1378 228 1387 230 1387 333 1388 335 1388 336 1388 338 1388 338 1387 354 1371 418 1371 436 1388 436 1389 437 1389 439 1389 440 1389 441 1389 465 1378 496 1388 498 1388 499 1388 500 1388 502 1388 502 1387 516 1374 542 1374 580 1392 582 1392 583 1392 585 1392 610 1380 648 1389 649 1389 650 1389 652 1389 680 1377 729 1377 730 1370 730 1326 642 1321 641 1321 639 1321 638 1321 631 1325 621 1332 596 1325 576 1321 575 1321 573 1321 549 1325 498 1336 419 1336 409 1326 408 1326 406 1326 405 1326 380 1332 373 1325 366 1319 366 1318 364 1318 363 1318 361 1318 360 1318 359 1318 350 1325 340 1333 300 1325 276 1321 274 1321 273 1321 272 1321 272 1322 267 1325 260 1333 231 1333 217 1325 190 1312 189 1312 147 1311 145 1311 144 1311 115 1323 103 1316 102 1316 101 1316 99 1316 98 1316 82 1325 74 1329 65 1325 64 1359 63 1364"/></Shape>
	    <String CONTENT="نه شود اين صورت عذاب بود و شقاوت"
                    HPOS="63"
                    VPOS="1311"
                    WIDTH="667"
                    HEIGHT="81"
                    WC="0.9251912124454975"></String>
          </TextLine>

          
          
          <TextLine ID="eSc_line_c5172e47"
                    TAGREFS="LT4837"
                    BASELINE="879 1458 934 1462" 
                    HPOS="875"
                    VPOS="1412"
                    WIDTH="59"
                    HEIGHT="80">
            <Shape><Polygon POINTS="879 1458 875 1488 930 1492 934 1462 934 1420 881 1412 879 1458"/></Shape>
	    <String CONTENT=""
                    HPOS="875"
                    VPOS="1412"
                    WIDTH="59"
                    HEIGHT="80"></String>
          </TextLine>

          
          
          <TextLine ID="eSc_line_ed7f6b3e"
                    TAGREFS="LT4837"
                    BASELINE="78 1437 382 1438 820 1451" 
                    HPOS="77"
                    VPOS="1388"
                    WIDTH="743"
                    HEIGHT="86">
            <Shape><Polygon POINTS="78 1437 77 1450 112 1455 113 1455 115 1455 116 1455 120 1451 123 1448 127 1451 144 1460 145 1460 147 1460 148 1460 150 1460 162 1452 166 1450 169 1452 178 1460 178 1461 179 1461 180 1461 182 1462 204 1462 204 1461 206 1461 207 1461 207 1460 216 1452 220 1457 221 1457 223 1457 224 1457 252 1454 283 1450 290 1454 300 1461 301 1461 303 1461 350 1465 352 1467 443 1467 443 1465 444 1465 446 1465 446 1464 454 1457 455 1455 458 1457 484 1468 485 1468 486 1468 535 1458 551 1455 559 1458 582 1469 583 1469 585 1471 611 1471 611 1469 613 1469 614 1469 625 1460 628 1458 693 1458 697 1461 716 1469 718 1469 719 1469 721 1469 735 1461 737 1460 740 1462 754 1474 756 1474 757 1474 758 1474 760 1474 787 1462 791 1461 817 1462 820 1451 820 1406 735 1401 733 1401 732 1401 723 1405 715 1410 707 1405 705 1403 704 1403 702 1403 701 1403 691 1405 649 1412 632 1405 618 1398 617 1398 615 1398 614 1398 590 1403 562 1410 446 1409 434 1403 419 1395 418 1395 416 1395 415 1395 397 1402 387 1406 375 1402 347 1392 346 1392 345 1392 343 1392 318 1402 311 1405 304 1402 281 1391 280 1391 279 1391 277 1391 276 1391 266 1399 235 1391 234 1391 232 1391 166 1401 155 1402 151 1401 123 1388 122 1388 120 1388 119 1388 78 1399 78 1437"/></Shape>
	    <String CONTENT="فهکه در رحم صورت نهام نيايد اعضای آن"
                    HPOS="77"
                    VPOS="1388"
                    WIDTH="743"
                    HEIGHT="86"
                    WC="0.9309499892028602"></String>
          </TextLine>

          
          
          <TextLine ID="eSc_line_deca1a9d"
                    TAGREFS="LT4837"
                    BASELINE="840 1454 859 1457" 
                    HPOS="837"
                    VPOS="1438"
                    WIDTH="22"
                    HEIGHT="36">
            <Shape><Polygon POINTS="840 1454 837 1474 857 1472 859 1457 859 1441 841 1438 840 1454"/></Shape>
	    <String CONTENT=""
                    HPOS="837"
                    VPOS="1438"
                    WIDTH="22"
                    HEIGHT="36"></String>
          </TextLine>

          
          
          <TextLine ID="eSc_line_a1abdad1"
                    TAGREFS="LT4837"
                    BASELINE="74 1514 765 1523" 
                    HPOS="72"
                    VPOS="1468"
                    WIDTH="693"
                    HEIGHT="74">
            <Shape><Polygon POINTS="74 1514 72 1525 115 1535 116 1535 117 1535 143 1528 147 1527 152 1528 189 1537 190 1537 192 1537 193 1537 202 1530 202 1528 206 1530 227 1535 228 1535 230 1535 231 1535 232 1535 238 1530 241 1528 291 1528 296 1531 301 1537 301 1538 303 1538 304 1538 305 1538 368 1534 416 1530 425 1535 430 1539 432 1539 433 1539 434 1539 464 1535 499 1531 520 1537 534 1541 535 1541 537 1541 558 1538 578 1535 763 1542 765 1523 764 1483 718 1476 716 1476 715 1476 714 1476 714 1478 707 1483 700 1490 670 1490 663 1483 662 1482 662 1481 660 1481 659 1481 657 1481 641 1483 608 1488 603 1482 599 1479 599 1478 597 1478 596 1478 594 1478 593 1478 583 1482 575 1488 566 1482 556 1478 555 1478 554 1478 552 1478 541 1482 531 1488 457 1488 446 1482 426 1475 425 1475 423 1475 422 1475 420 1475 409 1482 404 1486 359 1486 333 1485 332 1482 321 1472 321 1471 319 1471 318 1471 317 1471 315 1471 283 1482 270 1471 270 1469 269 1469 267 1469 189 1468 187 1468 186 1468 168 1476 158 1468 157 1468 155 1468 154 1468 152 1468 124 1482 115 1471 115 1469 113 1469 112 1469 92 1468 91 1468 89 1468 88 1468 74 1478 74 1514"/></Shape>
	    <String CONTENT="قصآيد چون آن فرزند متولد گردد از"
                    HPOS="72"
                    VPOS="1468"
                    WIDTH="693"
                    HEIGHT="74"
                    WC="0.9415029602892259"></String>
          </TextLine>

          
          
          <TextLine ID="eSc_line_50b3daad"
                    TAGREFS="LT4837"
                    BASELINE="844 1546 942 1548" 
                    HPOS="843"
                    VPOS="1509"
                    WIDTH="99"
                    HEIGHT="60">
            <Shape><Polygon POINTS="843 1556 879 1569 881 1569 882 1569 941 1567 942 1548 942 1518 906 1518 903 1514 897 1510 897 1509 896 1509 895 1509 893 1509 874 1511 854 1516 847 1510 844 1546 843 1556"/></Shape>
	    <String CONTENT="فردن"
                    HPOS="843"
                    VPOS="1509"
                    WIDTH="99"
                    HEIGHT="60"
                    WC="0.9316751956939697"></String>
          </TextLine>

          
          
          <TextLine ID="eSc_line_6dfa5b37"
                    TAGREFS="LT4837"
                    BASELINE="851 1615 935 1618" 
                    HPOS="850"
                    VPOS="1569"
                    WIDTH="85"
                    HEIGHT="77">
            <Shape><Polygon POINTS="851 1615 850 1639 889 1635 900 1643 900 1645 902 1645 903 1645 932 1646 935 1618 935 1569 916 1569 914 1569 913 1569 911 1569 911 1570 907 1573 895 1586 881 1579 878 1577 876 1577 875 1577 874 1577 851 1583 851 1615"/></Shape>
	    <String CONTENT="ذات"
                    HPOS="850"
                    VPOS="1569"
                    WIDTH="85"
                    HEIGHT="77"
                    WC="0.8704074025154114"></String>
          </TextLine>

          
          
          <TextLine ID="eSc_line_4033d202"
                    TAGREFS="LT4837"
                    BASELINE="67 1590 370 1589 754 1601" 
                    HPOS="65"
                    VPOS="1532"
                    WIDTH="689"
                    HEIGHT="90">
            <Shape><Polygon POINTS="67 1590 65 1611 119 1603 141 1614 145 1615 147 1615 148 1615 157 1614 196 1604 216 1614 221 1617 223 1617 224 1617 225 1617 234 1614 263 1605 277 1615 280 1617 281 1617 283 1617 284 1617 294 1615 318 1610 324 1615 326 1617 326 1618 328 1618 329 1618 331 1619 373 1619 373 1618 374 1618 375 1618 378 1615 391 1608 412 1615 422 1619 423 1619 425 1619 426 1619 427 1619 432 1617 444 1608 523 1608 544 1617 559 1622 561 1622 562 1622 753 1618 754 1601 753 1556 622 1563 613 1555 599 1542 599 1541 597 1541 596 1541 545 1541 544 1541 542 1541 513 1555 510 1556 509 1555 491 1541 489 1541 488 1541 486 1541 485 1541 457 1553 436 1544 434 1544 433 1544 432 1544 430 1544 416 1555 415 1555 413 1555 405 1548 405 1546 404 1546 402 1546 401 1546 399 1546 385 1551 373 1538 373 1537 371 1537 370 1537 315 1537 314 1537 312 1537 281 1553 277 1556 269 1553 217 1539 216 1539 214 1539 213 1539 211 1539 195 1552 171 1534 169 1534 168 1534 166 1534 165 1534 136 1549 115 1532 113 1532 112 1532 110 1532 109 1532 67 1551 67 1590"/></Shape>
	    <String CONTENT="نصيب نه گردد مولانا بندگان خود را به غور"
                    HPOS="65"
                    VPOS="1532"
                    WIDTH="689"
                    HEIGHT="90"
                    WC="0.9515450157225132"></String>
          </TextLine>

          
        </TextBlock>
        
        <TextBlock HPOS="460"
                   VPOS="72"
                   WIDTH="144"
                   HEIGHT="83"
                   ID="eSc_textblock_459d8001"
                   TAGREFS="BT16093">
          <Shape><Polygon POINTS="510 72 587 78 604 127 548 155 482 150 460 100 510 72"/></Shape>
          
          
          <TextLine ID="eSc_line_bb32b81b"
                    TAGREFS="LT4837"
                    BASELINE="491 113 555 117" 
                    HPOS="489"
                    VPOS="77"
                    WIDTH="66"
                    HEIGHT="64">
            <Shape><Polygon POINTS="491 113 489 130 551 141 555 117 555 81 516 77 514 77 513 77 491 84 491 113"/></Shape>
	    <String CONTENT=""
                    HPOS="489"
                    VPOS="77"
                    WIDTH="66"
                    HEIGHT="64"></String>
          </TextLine>

          
        </TextBlock>
        

        
      </PrintSpace>
    </Page>
  </Layout>
</alto>
