<?xml version="1.0" encoding="UTF-8"?>
<alto xmlns:xsi="http://www.w3.org/2001/XMLSchema-instance"
      xmlns="http://www.loc.gov/standards/alto/ns-v4#"
      xsi:schemaLocation="http://www.loc.gov/standards/alto/ns-v4# http://www.loc.gov/standards/alto/v4/alto-4-2.xsd">
  <Description>
    <MeasurementUnit>pixel</MeasurementUnit>
    <sourceImageInformation>
      <fileName>Rasail038.jpg</fileName>
      
    </sourceImageInformation>
  </Description>
  
  <Tags>
    <OtherTag ID="BT16094" LABEL="default" DESCRIPTION="block type default"/><OtherTag ID="BT16093" LABEL="NumberingZone:page" DESCRIPTION="block type NumberingZone:page"/><OtherTag ID="BT16092" LABEL="MarginTextZone:note" DESCRIPTION="block type MarginTextZone:note"/><OtherTag ID="BT16091" LABEL="TitlePageZone" DESCRIPTION="block type TitlePageZone"/><OtherTag ID="BT16090" LABEL="QuireMarksZone:catchwords" DESCRIPTION="block type QuireMarksZone:catchwords"/><OtherTag ID="BT16089" LABEL="NumberingZone:other" DESCRIPTION="block type NumberingZone:other"/><OtherTag ID="BT16088" LABEL="NumberingZone" DESCRIPTION="block type NumberingZone"/><OtherTag ID="BT16087" LABEL="MarginTextZone" DESCRIPTION="block type MarginTextZone"/><OtherTag ID="BT16086" LABEL="MainZone" DESCRIPTION="block type MainZone"/><OtherTag ID="BT16085" LABEL="DigitizationArtefactZone" DESCRIPTION="block type DigitizationArtefactZone"/><OtherTag ID="BT2" LABEL="Main" DESCRIPTION="block type Main"/><OtherTag ID="BT1" LABEL="Title" DESCRIPTION="block type Title"/>
    <OtherTag ID="LT4837" LABEL="DefaultLine" DESCRIPTION="line type DefaultLine"/><OtherTag ID="LT4838" LABEL="default" DESCRIPTION="line type default"/><OtherTag ID="LT4839" LABEL="HeadingLine:title" DESCRIPTION="line type HeadingLine:title"/>
  </Tags>
  
  <Layout>
    <Page WIDTH="1070"
          HEIGHT="1696"
          PHYSICAL_IMG_NR="66"
          ID="eSc_dummypage_">
      <PrintSpace HPOS="0"
                  VPOS="0"
                  WIDTH="1070"
                  HEIGHT="1696">
        
        <TextBlock HPOS="73"
                   VPOS="124"
                   WIDTH="946"
                   HEIGHT="1502"
                   ID="eSc_textblock_7bf2ec90"
                   TAGREFS="BT16086">
          <Shape><Polygon POINTS="535 124 889 124 1019 146 1013 744 996 791 1013 836 1002 1575 945 1621 124 1626 73 1587 84 418 107 158 130 130 535 124"/></Shape>
          
          
          <TextLine ID="eSc_line_1086eceb"
                    TAGREFS="LT4837"
                    BASELINE="113 203 980 189" 
                    HPOS="111"
                    VPOS="135"
                    WIDTH="869"
                    HEIGHT="96">
            <Shape><Polygon POINTS="113 203 113 221 162 217 175 223 197 231 199 231 200 231 202 231 226 221 228 220 231 221 251 231 253 231 254 231 371 230 373 230 398 217 408 213 433 213 441 217 455 226 456 226 457 226 459 226 460 226 481 216 490 212 503 216 542 227 544 227 545 227 547 227 572 214 579 210 604 213 630 216 631 216 653 212 671 209 675 212 689 224 691 224 692 224 694 226 718 226 718 224 719 224 720 224 737 210 742 207 749 210 761 214 763 214 764 214 794 209 804 207 807 209 814 216 815 216 816 216 818 216 819 216 838 209 842 206 845 209 863 221 865 221 866 221 867 221 869 221 870 221 883 210 980 204 980 189 978 149 805 135 804 135 802 135 764 146 708 142 706 142 705 142 703 142 689 152 669 142 668 142 667 142 665 142 664 142 651 152 651 154 617 154 614 152 593 142 592 142 590 142 589 142 571 151 547 139 545 139 544 139 498 148 483 141 481 141 480 141 479 141 477 141 459 155 456 156 446 155 407 148 405 148 404 148 374 155 371 156 370 156 357 145 357 144 356 144 354 144 326 144 325 144 323 144 291 156 284 159 278 156 254 145 253 145 251 145 214 148 213 148 212 148 200 158 196 161 189 158 158 146 156 146 155 146 154 146 111 158 113 203"/></Shape>
	    <String CONTENT="در سوام مرتيه واقع شده برين وجه همثل نمشل نموده اند"
                    HPOS="111"
                    VPOS="135"
                    WIDTH="869"
                    HEIGHT="96"
                    WC="0.9107820379967783"></String>
          </TextLine>

          
          
          <TextLine ID="eSc_line_99c54043"
                    TAGREFS="LT4837"
                    BASELINE="127 292 980 272" 
                    HPOS="124"
                    VPOS="221"
                    WIDTH="856"
                    HEIGHT="97">
            <Shape><Polygon POINTS="127 292 127 305 154 318 155 318 156 318 244 301 248 301 279 301 327 301 346 313 347 313 349 313 350 313 351 313 380 301 409 312 411 312 412 312 493 310 494 310 552 293 554 293 558 293 633 299 634 299 636 299 653 292 669 306 671 306 672 306 674 306 675 306 677 306 695 293 713 302 715 302 716 302 718 302 719 302 735 289 753 303 754 303 756 303 757 303 759 303 790 293 856 302 857 302 914 301 915 301 917 301 917 299 931 286 961 296 962 296 963 296 965 296 966 296 980 285 980 272 978 234 915 234 883 221 882 221 880 221 879 221 877 221 856 234 852 237 845 236 807 223 805 223 804 223 802 223 801 223 801 224 788 236 784 238 761 236 674 226 672 226 630 227 628 227 627 227 616 237 609 243 582 238 563 236 562 236 561 236 559 236 556 238 548 245 514 245 506 238 493 230 491 230 490 230 489 230 487 230 453 240 428 247 408 240 395 236 394 236 392 236 391 236 390 236 384 240 374 247 337 241 319 238 318 238 316 238 308 241 285 250 258 241 250 240 248 240 247 240 245 240 240 243 220 251 190 243 175 238 173 238 172 238 124 243 127 292"/></Shape>
	    <String CONTENT="که عقل گل چون مرديست و نفس گل چون زن و هيونى"
                    HPOS="124"
                    VPOS="221"
                    WIDTH="856"
                    HEIGHT="97"
                    WC="0.9413111765276302"></String>
          </TextLine>

          
          
          <TextLine ID="eSc_line_911590b0"
                    TAGREFS="LT4837"
                    BASELINE="115 360 975 351" 
                    HPOS="114"
                    VPOS="303"
                    WIDTH="861"
                    HEIGHT="84">
            <Shape><Polygon POINTS="115 360 115 373 189 371 199 374 236 387 237 387 238 387 281 385 282 385 284 385 296 375 334 384 336 384 337 384 356 375 357 374 359 375 371 384 373 384 374 384 375 384 377 384 401 375 404 374 405 375 416 384 418 384 419 384 421 385 493 385 493 384 494 384 496 384 496 383 503 375 507 373 517 375 525 378 527 378 528 378 530 378 531 378 534 375 541 371 547 375 555 383 556 383 558 383 559 384 602 384 602 383 603 383 604 383 604 381 610 377 619 368 654 377 662 378 664 378 665 378 668 377 689 366 706 377 712 381 713 381 715 381 716 381 718 381 719 381 723 377 742 366 866 371 867 371 869 371 884 364 901 378 903 380 904 380 906 380 907 380 908 380 913 378 930 373 973 378 975 351 971 309 914 312 908 309 903 303 901 303 900 303 862 303 860 303 818 309 781 313 768 309 759 305 757 305 694 305 692 305 691 305 682 309 671 316 579 316 568 309 563 306 562 306 561 306 559 306 558 306 556 306 552 309 541 316 491 309 486 309 484 309 483 309 481 309 473 316 463 309 462 308 460 308 459 308 400 308 398 308 397 308 395 308 395 309 394 309 384 318 353 309 347 309 346 309 340 309 308 318 285 309 282 309 281 309 279 309 278 309 275 309 244 319 237 312 236 312 234 312 233 312 141 319 114 310 115 360"/></Shape>
	    <String CONTENT="چون از يشان عالم جسمانی چون فرزندمکه از د"
                    HPOS="114"
                    VPOS="303"
                    WIDTH="861"
                    HEIGHT="84"
                    WC="0.9325736223197565"></String>
          </TextLine>

          
          
          <TextLine ID="eSc_line_6e056270"
                    TAGREFS="LT4837"
                    BASELINE="121 436 604 428 978 429" 
                    HPOS="120"
                    VPOS="381"
                    WIDTH="858"
                    HEIGHT="76">
            <Shape><Polygon POINTS="121 436 121 445 196 457 197 457 199 457 228 445 264 457 265 457 267 457 268 457 269 457 279 450 318 456 319 456 320 456 322 456 322 455 334 443 363 453 364 453 366 453 367 453 383 448 391 455 391 456 392 456 394 456 395 456 397 456 398 456 416 442 418 442 448 442 473 455 474 455 476 455 477 455 479 455 497 442 513 442 552 442 575 453 576 453 578 453 579 453 580 453 580 452 589 445 647 450 648 450 650 450 651 450 651 449 661 440 691 446 692 446 733 439 735 439 754 452 756 452 757 452 759 452 839 445 855 452 856 452 857 452 907 440 951 450 952 450 954 450 978 436 978 429 973 381 949 390 879 384 877 384 876 384 874 384 856 397 838 383 836 383 835 383 833 383 832 383 831 383 804 399 771 392 770 392 768 392 750 399 729 387 727 387 726 387 725 387 723 387 686 401 623 394 621 394 559 402 522 387 521 387 520 387 518 387 472 402 450 385 450 384 449 384 448 384 431 384 429 384 428 384 426 384 426 385 425 385 404 405 354 405 318 390 316 390 315 390 313 390 312 390 299 399 286 392 285 392 284 392 282 392 248 401 204 387 203 387 202 387 200 387 199 387 197 387 186 394 120 388 121 436"/></Shape>
	    <String CONTENT="فرزندان بسيار بجد قوت پيدامی شوند و چون عالم صما"
                    HPOS="120"
                    VPOS="381"
                    WIDTH="858"
                    HEIGHT="76"
                    WC="0.8750814540932575"></String>
          </TextLine>

          
          
          <TextLine ID="eSc_line_5c71a2f1"
                    TAGREFS="LT4837"
                    BASELINE="117 510 978 496" 
                    HPOS="115"
                    VPOS="449"
                    WIDTH="863"
                    HEIGHT="92">
            <Shape><Polygon POINTS="117 510 118 541 147 532 190 538 202 539 203 539 204 539 206 539 207 538 230 521 243 527 244 527 245 527 247 527 271 520 296 534 302 537 303 537 305 538 322 538 322 537 323 537 325 537 325 535 329 532 344 518 385 518 400 530 404 534 405 534 407 534 408 534 409 534 421 528 428 525 431 528 436 534 438 534 439 534 441 534 442 534 457 527 483 515 503 525 520 534 521 534 522 534 524 534 549 524 569 515 588 522 619 532 620 532 621 532 623 532 660 520 667 517 679 518 703 521 705 521 706 521 708 521 713 517 722 511 801 511 809 513 853 525 855 525 856 525 857 525 887 517 922 527 924 527 925 527 927 527 978 505 978 496 973 463 932 469 924 462 910 450 910 449 908 449 907 449 906 449 904 449 903 449 884 462 872 470 853 462 833 453 832 453 831 453 829 453 828 453 815 462 808 466 766 463 764 463 763 463 761 463 751 470 735 462 715 452 713 452 678 452 677 452 675 452 651 462 626 472 583 472 568 462 563 457 562 457 561 457 559 457 558 457 556 457 556 459 554 462 539 474 518 476 503 460 500 459 500 457 498 457 497 457 466 455 465 455 463 455 462 455 455 460 435 479 395 479 367 460 363 457 361 457 360 457 359 457 357 457 349 460 303 480 245 480 203 462 202 462 115 460 117 510"/></Shape>
	    <String CONTENT="سوم ظهوراست مران دو خد لطيف را آنچه در عالم جسمان"
                    HPOS="115"
                    VPOS="449"
                    WIDTH="863"
                    HEIGHT="92"
                    WC="0.8978949254751205"></String>
          </TextLine>

          
          
          <TextLine ID="eSc_line_f6c53885"
                    TAGREFS="LT4837"
                    BASELINE="118 586 763 576 973 579" 
                    HPOS="117"
                    VPOS="528"
                    WIDTH="856"
                    HEIGHT="88">
            <Shape><Polygon POINTS="118 586 118 595 163 600 179 614 180 614 182 614 183 616 228 616 228 614 265 613 267 613 268 613 289 595 291 593 295 595 316 602 318 602 319 602 320 602 337 595 343 592 388 592 392 595 419 611 421 611 422 611 424 611 470 610 472 610 473 610 497 593 503 590 532 590 538 593 562 610 563 610 565 610 566 610 568 610 600 599 630 609 631 609 633 609 634 609 668 593 679 587 732 587 737 592 742 596 742 597 743 597 744 597 746 597 770 592 771 592 773 592 784 603 784 604 785 604 787 604 788 604 790 604 791 604 811 592 819 586 832 592 852 600 853 600 855 600 856 600 890 592 908 586 914 592 927 603 927 604 928 604 930 604 931 606 958 606 958 604 959 604 961 604 961 603 973 590 973 579 972 545 931 545 907 528 906 528 904 528 903 528 901 528 859 541 815 530 814 530 812 530 811 530 761 545 759 546 757 546 735 532 733 532 732 532 730 532 729 532 706 545 685 531 684 531 682 531 681 531 679 531 678 531 658 546 657 546 638 532 637 532 636 532 593 532 592 532 590 532 589 532 568 546 563 549 561 546 548 538 547 538 545 538 544 538 542 538 532 544 520 534 518 534 517 534 455 534 453 534 452 534 450 534 431 548 425 552 354 552 351 548 347 545 347 544 346 544 344 544 343 544 342 544 322 549 319 549 318 549 305 538 305 537 303 537 302 537 301 537 299 537 267 549 257 552 248 549 214 538 213 538 212 538 210 538 209 538 192 549 185 554 117 551 118 586"/></Shape>
	    <String CONTENT="شری خيات از نفس گل و عقل کل در او ظاهر شده"
                    HPOS="117"
                    VPOS="528"
                    WIDTH="856"
                    HEIGHT="88"
                    WC="0.8830148776372274"></String>
          </TextLine>

          
          
          <TextLine ID="eSc_line_449e82a4"
                    TAGREFS="LT4837"
                    BASELINE="114 657 742 643 972 645" 
                    HPOS="113"
                    VPOS="599"
                    WIDTH="859"
                    HEIGHT="82">
            <Shape><Polygon POINTS="114 657 114 664 156 681 158 681 159 681 161 681 199 664 223 679 224 679 226 679 227 681 267 681 267 679 268 679 269 679 299 661 301 661 302 661 342 678 343 678 344 678 435 675 436 675 470 660 473 658 474 660 494 667 496 667 497 667 498 667 517 658 520 657 520 658 531 668 531 669 532 669 534 669 573 674 575 674 576 674 606 660 634 672 636 672 637 672 638 672 671 655 677 652 829 651 832 654 848 667 848 668 849 668 850 668 852 669 882 669 882 668 883 668 884 668 904 655 914 664 915 664 917 664 918 664 972 651 972 645 969 613 927 613 924 613 879 599 877 599 876 599 874 599 873 599 857 613 856 614 855 613 833 600 832 600 831 600 829 600 828 600 785 611 777 604 777 603 775 603 774 603 708 603 706 603 705 603 682 614 675 619 645 619 637 614 616 604 614 604 613 604 612 604 576 616 561 620 538 616 491 607 459 607 457 607 456 607 455 607 439 617 435 620 431 617 418 607 416 607 415 607 414 607 412 607 390 617 377 623 351 623 346 617 339 611 339 610 337 610 336 610 334 610 333 610 313 617 295 626 241 626 221 619 203 611 202 611 200 611 163 614 162 614 161 614 161 616 156 619 147 627 113 620 114 657"/></Shape>
	    <String CONTENT="سه مرتبه است نفس ناميه و نفس خسی و لفس ناطقه"
                    HPOS="113"
                    VPOS="599"
                    WIDTH="859"
                    HEIGHT="82"
                    WC="0.9462386776100505"></String>
          </TextLine>

          
          
          <TextLine ID="eSc_line_aece66c0"
                    TAGREFS="LT4837"
                    BASELINE="107 733 729 720 978 722" 
                    HPOS="106"
                    VPOS="660"
                    WIDTH="872"
                    HEIGHT="97">
            <Shape><Polygon POINTS="107 733 107 746 137 757 138 757 139 757 141 757 142 757 155 746 158 744 159 746 175 757 176 757 178 757 179 757 251 744 274 740 281 743 292 750 294 750 295 750 344 743 373 739 378 743 392 753 394 753 395 753 397 754 428 754 428 753 429 753 455 742 462 737 467 742 483 751 484 751 486 751 487 753 511 753 511 751 513 751 514 751 514 750 524 740 528 736 583 736 589 739 604 750 606 750 607 750 609 750 636 747 637 747 638 747 638 746 647 739 650 736 653 739 664 747 664 749 665 749 667 749 668 749 669 749 706 737 723 733 771 733 777 736 788 746 790 746 791 746 792 746 794 746 795 746 811 736 818 732 841 736 889 744 890 744 976 733 978 722 976 678 927 660 925 660 924 660 922 660 882 676 850 661 849 661 814 661 812 661 811 661 809 661 809 662 797 674 710 662 709 662 644 672 643 672 641 672 641 674 630 685 616 685 579 685 545 668 544 668 542 668 541 668 539 668 510 686 508 688 491 688 490 686 460 667 459 667 457 667 456 667 455 667 453 667 428 685 398 676 397 676 395 676 394 676 392 676 377 688 377 689 320 689 319 689 279 679 278 679 277 679 245 686 228 672 228 671 227 671 226 671 192 671 190 671 189 671 187 671 187 672 175 682 139 678 138 678 137 678 135 678 135 679 120 692 120 693 106 693 107 733"/></Shape>
	    <String CONTENT="و چون قوت نفس گل در عالم جسمانی منسط است چنانچه"
                    HPOS="106"
                    VPOS="660"
                    WIDTH="872"
                    HEIGHT="97"
                    WC="0.9200121113594543"></String>
          </TextLine>

          
          
          <TextLine ID="eSc_line_9e12f7af"
                    TAGREFS="LT4837"
                    BASELINE="114 819 637 801 865 799 955 805" 
                    HPOS="111"
                    VPOS="734"
                    WIDTH="844"
                    HEIGHT="108">
            <Shape><Polygon POINTS="114 819 115 842 159 825 197 840 199 840 200 840 202 840 203 840 204 840 227 821 262 821 292 838 294 838 295 838 296 838 298 838 299 838 320 819 337 832 339 832 340 832 342 832 343 832 344 832 366 818 419 823 421 823 422 823 439 816 450 828 450 829 452 829 453 829 455 829 456 829 457 829 470 821 484 832 486 832 487 832 489 833 513 833 513 832 514 832 515 832 565 812 641 812 660 828 661 828 662 828 664 828 665 828 667 828 695 811 719 822 720 822 722 822 723 822 725 822 725 821 739 808 766 807 800 823 801 823 802 823 804 823 863 808 873 816 874 816 876 816 954 819 955 805 952 751 890 751 865 734 863 734 862 734 860 734 859 734 811 756 809 756 807 756 737 746 736 746 735 746 733 746 720 757 694 747 692 747 691 747 689 747 647 760 645 760 644 760 607 744 606 744 604 744 603 744 602 744 602 746 590 757 566 750 565 750 563 750 562 750 538 760 508 749 507 749 506 749 504 749 480 758 469 751 467 751 466 751 465 751 463 751 462 751 443 766 433 757 432 757 431 757 429 757 391 760 357 750 356 750 354 750 353 750 313 768 309 771 282 771 281 770 265 754 265 753 264 753 262 753 261 753 219 761 207 754 206 754 204 754 203 754 127 756 125 756 124 756 124 757 111 768 114 819"/></Shape>
	    <String CONTENT="ذره بی اوستی ندارد و هر کجا از امتزاح طباعع اعت"
                    HPOS="111"
                    VPOS="734"
                    WIDTH="844"
                    HEIGHT="108"
                    WC="0.8598270726964828"></String>
          </TextLine>

          
          
          <TextLine ID="eSc_line_929d5a54"
                    TAGREFS="LT4837"
                    BASELINE="117 893 973 874" 
                    HPOS="114"
                    VPOS="822"
                    WIDTH="859"
                    HEIGHT="93">
            <Shape><Polygon POINTS="117 893 117 904 130 914 131 914 132 914 134 915 179 915 179 914 180 914 182 914 196 904 237 913 238 913 240 913 241 913 241 911 243 911 248 904 261 910 262 910 264 910 265 910 286 898 288 898 305 905 306 905 308 905 309 905 310 905 310 904 312 904 316 898 318 897 351 897 354 898 377 910 378 910 380 910 381 910 407 897 412 894 445 894 459 897 501 905 503 905 504 905 518 898 576 905 578 905 630 904 631 904 633 904 633 903 641 894 647 888 778 887 787 893 795 900 797 900 798 900 800 900 972 890 973 874 971 838 927 826 925 826 924 826 904 838 903 838 901 838 872 826 870 826 869 826 867 826 825 838 818 839 815 838 800 823 800 822 798 822 797 822 774 822 773 822 705 833 694 825 692 825 691 825 689 825 688 825 655 838 641 843 636 838 624 828 624 826 623 826 621 826 620 826 571 828 569 828 568 828 556 838 547 846 507 848 490 848 477 838 467 831 466 831 465 831 463 831 462 831 435 838 425 840 418 838 400 831 398 831 397 831 395 831 394 831 384 838 370 849 354 838 347 833 346 833 344 833 343 833 342 833 327 838 289 850 230 843 228 843 227 843 226 843 219 850 199 838 192 835 190 835 189 835 114 838 117 893"/></Shape>
	    <String CONTENT="و راستی پيدا گردد نفس گل آن اعتدال را بصورت بنباتی"
                    HPOS="114"
                    VPOS="822"
                    WIDTH="859"
                    HEIGHT="93"
                    WC="0.9056045798694387"></String>
          </TextLine>

          
          
          <TextLine ID="eSc_line_0b92c945"
                    TAGREFS="LT4837"
                    BASELINE="131 966 971 952" 
                    HPOS="130"
                    VPOS="897"
                    WIDTH="841"
                    HEIGHT="93">
            <Shape><Polygon POINTS="131 966 131 975 151 989 152 989 154 989 155 990 214 990 214 989 216 989 217 989 237 973 262 987 264 987 265 989 294 989 294 987 295 987 296 987 313 975 325 985 325 986 326 986 327 986 329 987 383 987 383 986 462 969 467 969 472 969 548 983 549 983 606 973 628 982 630 982 631 982 633 982 662 968 665 965 746 965 753 966 778 973 780 973 781 973 783 973 800 966 805 963 808 966 821 975 822 975 824 975 825 975 826 975 828 975 828 973 836 965 838 963 887 962 903 965 958 976 959 976 961 976 962 976 962 975 971 966 971 952 969 913 934 897 932 897 931 897 898 900 897 900 896 900 896 901 883 913 866 901 865 901 863 901 862 901 860 901 836 913 802 897 801 897 800 897 798 897 777 908 761 898 760 898 759 898 757 898 756 898 740 905 733 900 732 900 730 900 729 900 727 900 706 911 694 900 692 900 691 900 689 900 613 901 612 901 610 901 610 903 596 917 595 917 573 911 572 911 571 911 535 917 528 918 527 917 517 910 515 910 514 910 513 910 511 910 491 918 490 918 469 903 467 903 466 903 465 903 411 910 385 904 384 904 383 904 381 904 380 904 364 917 327 905 326 905 325 905 323 905 292 920 285 922 274 920 244 914 243 914 241 914 221 921 212 924 130 922 131 966"/></Shape>
	    <String CONTENT="برآرد و چون اعتدال کمال يايد نفس گل آن را بيديرد"
                    HPOS="130"
                    VPOS="897"
                    WIDTH="841"
                    HEIGHT="93"
                    WC="0.9271627867221832"></String>
          </TextLine>

          
          
          <TextLine ID="eSc_line_b85d2973"
                    TAGREFS="LT4837"
                    BASELINE="106 1038 973 1028" 
                    HPOS="104"
                    VPOS="975"
                    WIDTH="869"
                    HEIGHT="86">
            <Shape><Polygon POINTS="106 1038 106 1050 118 1060 120 1060 121 1060 122 1061 223 1061 223 1060 224 1060 226 1060 226 1058 238 1047 238 1045 241 1047 257 1052 258 1052 260 1052 261 1052 262 1052 262 1051 268 1047 271 1044 278 1047 315 1058 316 1058 318 1058 319 1058 349 1047 360 1043 397 1043 407 1047 428 1057 429 1057 431 1057 432 1057 433 1057 448 1047 453 1043 465 1047 489 1055 490 1055 491 1055 493 1055 522 1047 544 1041 579 1041 589 1047 596 1052 597 1052 599 1052 600 1052 602 1052 619 1047 636 1041 653 1047 668 1052 669 1052 671 1052 672 1052 682 1047 696 1040 709 1047 719 1052 720 1052 722 1052 723 1052 736 1047 757 1038 768 1047 774 1052 775 1052 777 1052 778 1052 780 1052 797 1047 826 1038 856 1047 857 1047 859 1047 860 1047 862 1047 862 1045 873 1037 906 1045 907 1045 908 1045 910 1045 927 1040 935 1047 938 1050 938 1051 939 1051 941 1051 942 1051 972 1047 973 1028 971 989 887 975 886 975 884 975 850 986 792 979 791 979 790 979 788 979 780 987 742 976 740 976 739 976 737 976 736 976 736 978 723 989 705 978 703 978 702 978 701 978 614 989 599 978 597 978 596 978 595 978 496 992 470 994 465 992 452 985 450 985 449 985 448 985 428 992 421 994 418 992 407 982 407 980 405 980 404 980 402 980 367 982 366 982 364 982 350 992 343 996 261 996 258 993 248 983 248 982 247 982 245 982 230 982 228 982 227 982 226 982 226 983 216 993 212 997 203 993 183 985 182 985 180 985 104 993 106 1038"/></Shape>
	    <String CONTENT="جافور گمردو چون اعتدال به کمان و اسطه رسيد و قبول قيض"
                    HPOS="104"
                    VPOS="975"
                    WIDTH="869"
                    HEIGHT="86"
                    WC="0.9066071285391754"></String>
          </TextLine>

          
          
          <TextLine ID="eSc_line_495b8272"
                    TAGREFS="LT4837"
                    BASELINE="108 1113 972 1102" 
                    HPOS="107"
                    VPOS="1044"
                    WIDTH="865"
                    HEIGHT="89">
            <Shape><Polygon POINTS="108 1113 108 1122 165 1133 166 1133 168 1133 169 1133 169 1132 179 1123 179 1122 180 1123 197 1130 199 1130 200 1130 202 1130 219 1123 224 1120 241 1123 291 1130 292 1130 294 1130 308 1123 312 1120 326 1123 353 1127 354 1127 356 1127 357 1127 363 1123 368 1119 374 1123 388 1130 390 1130 391 1130 392 1130 394 1130 394 1129 401 1123 405 1119 418 1123 438 1129 439 1129 441 1129 442 1129 466 1123 489 1117 530 1123 563 1127 565 1127 566 1127 575 1123 583 1119 588 1123 590 1126 592 1126 593 1126 595 1126 596 1126 597 1126 597 1125 600 1123 609 1116 654 1123 665 1125 667 1125 668 1125 674 1123 705 1115 723 1123 729 1126 730 1126 732 1126 744 1123 787 1113 802 1123 802 1125 804 1125 805 1125 807 1126 832 1126 832 1125 833 1125 836 1123 865 1112 883 1123 884 1123 886 1123 887 1125 971 1125 972 1102 969 1062 903 1054 894 1045 894 1044 893 1044 891 1044 890 1044 850 1047 849 1047 848 1047 848 1048 839 1057 811 1045 809 1045 808 1045 807 1045 777 1055 766 1047 764 1047 763 1047 761 1047 760 1047 746 1054 691 1047 689 1047 688 1047 647 1062 599 1054 597 1054 596 1054 575 1065 541 1057 539 1057 538 1057 537 1057 535 1057 535 1058 525 1067 494 1057 493 1057 491 1057 490 1057 489 1057 476 1068 450 1068 433 1052 433 1051 432 1051 431 1051 429 1051 428 1051 426 1051 412 1061 402 1052 402 1051 401 1051 400 1051 323 1051 322 1051 320 1051 319 1051 292 1069 240 1068 226 1055 226 1054 224 1054 223 1054 221 1054 220 1054 219 1054 219 1055 206 1067 178 1058 176 1058 175 1058 173 1058 172 1058 172 1060 158 1072 107 1072 108 1113"/></Shape>
	    <String CONTENT="مبدا نمايد ناطق گردد پس معلوم شد كه نخست از نفوس"
                    HPOS="107"
                    VPOS="1044"
                    WIDTH="865"
                    HEIGHT="89"
                    WC="0.9361146005491415"></String>
          </TextLine>

          
          
          <TextLine ID="eSc_line_8786b511"
                    TAGREFS="LT4837"
                    BASELINE="113 1194 973 1178" 
                    HPOS="110"
                    VPOS="1122"
                    WIDTH="863"
                    HEIGHT="93">
            <Shape><Polygon POINTS="113 1194 113 1204 144 1215 145 1215 147 1215 148 1215 185 1202 203 1197 255 1197 264 1201 274 1205 275 1205 277 1205 278 1205 294 1199 305 1195 310 1199 319 1206 320 1206 322 1206 323 1206 325 1206 354 1198 371 1194 391 1197 407 1199 408 1199 409 1199 416 1197 426 1192 436 1197 457 1204 459 1204 460 1204 508 1194 525 1191 531 1194 556 1208 558 1208 559 1208 726 1205 727 1205 729 1205 729 1204 744 1190 759 1194 760 1194 761 1194 763 1194 764 1194 764 1192 770 1188 771 1187 778 1187 893 1202 894 1202 945 1198 947 1198 948 1198 973 1182 973 1178 971 1122 897 1122 896 1122 894 1122 893 1122 890 1125 867 1139 838 1126 831 1123 829 1123 828 1123 826 1123 818 1126 787 1140 773 1130 771 1130 770 1130 768 1130 767 1130 751 1137 716 1130 713 1130 712 1130 710 1130 709 1130 709 1132 698 1141 654 1134 653 1134 651 1134 650 1134 640 1141 623 1133 617 1132 616 1132 614 1132 613 1132 607 1134 590 1144 542 1144 525 1137 503 1129 501 1129 500 1129 498 1129 477 1139 462 1146 439 1140 426 1137 425 1137 424 1137 422 1137 421 1137 415 1141 405 1147 388 1141 353 1132 351 1132 350 1132 349 1132 330 1141 319 1133 318 1133 316 1133 315 1133 265 1143 244 1134 243 1134 241 1134 240 1134 213 1149 209 1150 202 1149 176 1144 175 1144 110 1151 113 1194"/></Shape>
	    <String CONTENT="نفس ناميه در عالم جسمانی پيداشده و بعد از آن نفس"
                    HPOS="110"
                    VPOS="1122"
                    WIDTH="863"
                    HEIGHT="93"
                    WC="0.9341349978836215"></String>
          </TextLine>

          
          
          <TextLine ID="eSc_line_62e35562"
                    TAGREFS="LT4837"
                    BASELINE="108 1267 903 1263 956 1256" 
                    HPOS="107"
                    VPOS="1204"
                    WIDTH="849"
                    HEIGHT="84">
            <Shape><Polygon POINTS="108 1267 110 1288 137 1277 161 1287 162 1287 163 1287 165 1287 195 1279 268 1284 302 1287 303 1287 305 1287 306 1287 310 1284 325 1273 363 1283 378 1286 380 1286 381 1286 383 1286 387 1281 400 1272 456 1273 465 1280 473 1286 474 1286 476 1286 477 1287 501 1287 501 1286 503 1286 504 1286 513 1279 522 1272 595 1276 614 1277 616 1277 617 1277 619 1277 619 1276 620 1276 624 1270 637 1276 655 1283 657 1283 658 1283 660 1283 675 1276 719 1284 720 1284 722 1284 723 1284 736 1273 740 1270 795 1270 798 1272 814 1284 815 1284 816 1284 818 1284 819 1284 841 1274 930 1283 931 1283 932 1283 934 1283 956 1267 956 1256 948 1215 939 1223 915 1223 906 1215 891 1204 890 1204 889 1204 887 1204 811 1205 809 1205 808 1205 808 1206 800 1215 783 1205 781 1205 744 1205 743 1205 742 1205 716 1218 709 1222 703 1219 684 1205 682 1205 681 1205 679 1205 678 1205 641 1219 631 1223 628 1219 621 1214 621 1212 620 1212 619 1212 585 1206 583 1206 582 1206 580 1206 580 1208 569 1218 561 1212 559 1212 558 1212 556 1212 555 1212 554 1212 554 1214 545 1221 541 1226 517 1226 508 1222 474 1206 473 1206 472 1206 470 1206 436 1219 401 1206 400 1206 398 1206 397 1206 395 1206 377 1222 350 1206 349 1206 347 1206 313 1211 312 1211 310 1211 289 1225 286 1228 214 1228 214 1226 185 1215 183 1215 182 1215 180 1215 179 1215 165 1228 107 1228 108 1267"/></Shape>
	    <String CONTENT="سخن کويی و ازين هت مردم در بهدايت ظهور چون در"
                    HPOS="107"
                    VPOS="1204"
                    WIDTH="849"
                    HEIGHT="84"
                    WC="0.8879556410842472"></String>
          </TextLine>

          
          
          <TextLine ID="eSc_line_2dfcc177"
                    TAGREFS="LT4837"
                    BASELINE="108 1339 968 1334" 
                    HPOS="107"
                    VPOS="1279"
                    WIDTH="861"
                    HEIGHT="80">
            <Shape><Polygon POINTS="108 1339 108 1349 115 1356 115 1358 117 1358 118 1358 120 1358 250 1346 251 1346 277 1358 278 1358 279 1359 319 1359 319 1358 320 1358 322 1358 322 1356 334 1346 336 1345 498 1345 504 1346 518 1355 520 1355 521 1356 715 1356 715 1355 716 1355 732 1348 733 1346 735 1348 746 1355 747 1355 749 1355 750 1355 751 1355 766 1348 777 1342 794 1342 800 1348 805 1352 805 1353 807 1353 808 1353 809 1353 839 1348 870 1342 882 1348 891 1353 893 1353 894 1355 922 1355 922 1353 924 1353 925 1353 931 1348 938 1344 966 1348 968 1334 966 1294 935 1284 934 1284 932 1284 931 1284 896 1293 876 1283 874 1283 873 1283 872 1283 849 1293 836 1280 836 1279 835 1279 833 1279 832 1279 831 1279 815 1286 768 1279 767 1279 766 1279 736 1288 665 1280 664 1280 662 1280 627 1294 573 1280 572 1280 571 1280 569 1280 568 1280 568 1281 554 1294 517 1286 515 1286 514 1286 491 1297 455 1297 438 1281 436 1281 435 1281 374 1281 373 1281 371 1281 370 1281 353 1296 326 1286 325 1286 323 1286 271 1296 236 1283 234 1283 233 1283 231 1283 230 1283 209 1297 148 1290 147 1290 107 1298 108 1339"/></Shape>
	    <String CONTENT="رحم مادر باشد بر مثال نبات است که جز رودن از و"
                    HPOS="107"
                    VPOS="1279"
                    WIDTH="861"
                    HEIGHT="80"
                    WC="0.9091336493906768"></String>
          </TextLine>

          
          
          <TextLine ID="eSc_line_f3b3d1ac"
                    TAGREFS="LT4837"
                    BASELINE="115 1417 973 1407" 
                    HPOS="114"
                    VPOS="1352"
                    WIDTH="859"
                    HEIGHT="88">
            <Shape><Polygon POINTS="115 1417 115 1428 130 1438 131 1438 132 1438 134 1440 219 1440 219 1438 220 1438 221 1438 237 1424 272 1437 274 1437 275 1438 332 1438 332 1437 333 1437 370 1423 371 1423 375 1423 466 1428 467 1428 469 1428 489 1421 490 1421 520 1434 521 1434 522 1435 595 1435 595 1434 596 1434 624 1421 648 1433 650 1433 651 1434 718 1434 718 1433 719 1433 720 1433 742 1418 743 1418 770 1426 771 1426 773 1426 865 1417 870 1417 872 1417 886 1428 887 1428 889 1428 932 1430 934 1430 935 1430 973 1416 973 1407 969 1359 898 1366 889 1359 882 1352 880 1352 879 1352 850 1352 849 1352 811 1353 809 1353 808 1353 808 1355 802 1359 797 1365 747 1359 730 1358 729 1358 727 1358 726 1358 725 1359 718 1366 702 1359 692 1355 691 1355 689 1355 688 1355 686 1355 681 1359 669 1369 633 1369 616 1359 609 1356 607 1356 606 1356 604 1356 603 1356 600 1359 586 1372 530 1372 514 1361 511 1358 510 1358 508 1358 507 1358 506 1358 498 1361 467 1372 443 1365 442 1365 441 1365 374 1372 349 1361 344 1359 343 1359 342 1359 340 1359 336 1361 305 1375 264 1375 250 1361 248 1361 248 1359 247 1359 245 1359 244 1359 243 1359 238 1361 216 1372 173 1361 171 1361 169 1361 168 1361 114 1361 115 1417"/></Shape>
	    <String CONTENT="کاری در وجود نمی آيد و يون از مادر بزايد بر مثثال حيوان"
                    HPOS="114"
                    VPOS="1352"
                    WIDTH="859"
                    HEIGHT="88"
                    WC="0.8736046222703797"></String>
          </TextLine>

          
          
          <TextLine ID="eSc_line_1a2d4e89"
                    TAGREFS="LT4837"
                    BASELINE="118 1495 972 1482" 
                    HPOS="117"
                    VPOS="1430"
                    WIDTH="855"
                    HEIGHT="83">
            <Shape><Polygon POINTS="118 1495 118 1502 149 1502 151 1502 163 1513 165 1513 166 1513 168 1513 278 1502 318 1499 332 1502 360 1510 361 1510 363 1510 457 1509 459 1509 472 1502 483 1496 535 1496 579 1496 595 1502 603 1506 604 1506 606 1506 623 1502 654 1495 664 1502 665 1505 667 1505 668 1505 669 1505 671 1505 672 1505 675 1502 689 1493 740 1493 764 1502 770 1505 771 1505 773 1505 787 1502 826 1495 867 1502 874 1503 876 1503 877 1503 880 1502 906 1493 971 1502 972 1482 969 1448 924 1448 877 1430 876 1430 874 1430 873 1430 872 1430 846 1445 815 1431 814 1431 812 1431 747 1433 746 1433 712 1447 682 1434 681 1434 679 1434 621 1435 620 1435 599 1445 575 1435 573 1435 522 1435 521 1435 520 1435 491 1451 479 1441 477 1441 476 1441 474 1441 473 1441 424 1454 383 1447 381 1447 380 1447 378 1447 378 1448 370 1457 322 1457 301 1440 299 1440 298 1440 296 1440 295 1440 255 1457 214 1440 213 1440 212 1440 210 1440 175 1459 117 1459 118 1495"/></Shape>
	    <String CONTENT="است که جز خواب و خور ازد کاری نيايد و بعد از آن"
                    HPOS="117"
                    VPOS="1430"
                    WIDTH="855"
                    HEIGHT="83"
                    WC="0.9460639630754789"></String>
          </TextLine>

          
          
          <TextLine ID="eSc_line_ca662571"
                    TAGREFS="LT4837"
                    BASELINE="120 1582 965 1563" 
                    HPOS="117"
                    VPOS="1503"
                    WIDTH="848"
                    HEIGHT="105">
            <Shape><Polygon POINTS="120 1582 120 1597 148 1608 149 1608 151 1608 152 1608 178 1597 186 1592 189 1597 196 1602 196 1604 197 1604 199 1604 228 1608 230 1608 231 1608 257 1595 267 1591 277 1595 296 1606 298 1606 299 1606 301 1606 322 1595 332 1590 342 1595 350 1599 351 1599 353 1599 354 1599 363 1595 377 1587 470 1587 487 1594 503 1601 504 1601 506 1602 541 1602 541 1601 583 1594 613 1588 620 1592 626 1598 627 1598 628 1598 630 1598 658 1595 660 1595 665 1592 688 1580 727 1580 771 1580 795 1591 800 1594 801 1594 802 1595 829 1595 829 1594 831 1594 832 1594 832 1592 833 1591 843 1582 867 1591 873 1592 874 1592 876 1592 965 1590 965 1563 962 1519 903 1512 901 1512 900 1512 898 1512 898 1513 897 1513 893 1520 852 1520 831 1503 829 1503 828 1503 826 1503 825 1503 811 1510 784 1503 783 1503 781 1503 780 1503 739 1522 712 1510 710 1510 709 1510 708 1510 677 1523 664 1512 664 1510 662 1510 661 1510 660 1510 614 1520 599 1509 597 1509 596 1509 595 1509 547 1519 503 1510 501 1510 500 1510 498 1510 477 1529 460 1516 459 1516 457 1516 456 1516 426 1522 383 1513 381 1513 380 1513 378 1513 356 1532 354 1532 351 1532 261 1516 260 1516 258 1516 224 1527 195 1517 193 1517 192 1517 190 1517 156 1536 154 1537 117 1537 120 1582"/></Shape>
	    <String CONTENT="در علم الاسما را بداند و گويا گردد و نفوس شخص السانی"
                    HPOS="117"
                    VPOS="1503"
                    WIDTH="848"
                    HEIGHT="105"
                    WC="0.8833997902961878"></String>
          </TextLine>

          
        </TextBlock>
        
        <TextBlock HPOS="490"
                   VPOS="39"
                   WIDTH="95"
                   HEIGHT="50"
                   ID="eSc_textblock_e7740d0c"
                   TAGREFS="BT16093">
          <Shape><Polygon POINTS="513 39 573 39 585 77 513 89 490 66 513 39"/></Shape>
          
          
          <TextLine ID="eSc_line_8e7cd223"
                    TAGREFS="LT4837"
                    BASELINE="513 62 572 62" 
                    HPOS="513"
                    VPOS="39"
                    WIDTH="59"
                    HEIGHT="51">
            <Shape><Polygon POINTS="569 39 555 39 541 39 527 39 525 39 513 39 513 62 513 90 572 90 572 62 571 40 569 39"/></Shape>
	    <String CONTENT=""
                    HPOS="513"
                    VPOS="39"
                    WIDTH="59"
                    HEIGHT="51"></String>
          </TextLine>

          
        </TextBlock>
        

        
      </PrintSpace>
    </Page>
  </Layout>
</alto>
