<?xml version="1.0" encoding="UTF-8"?>
<alto xmlns:xsi="http://www.w3.org/2001/XMLSchema-instance"
      xmlns="http://www.loc.gov/standards/alto/ns-v4#"
      xsi:schemaLocation="http://www.loc.gov/standards/alto/ns-v4# http://www.loc.gov/standards/alto/v4/alto-4-2.xsd">
  <Description>
    <MeasurementUnit>pixel</MeasurementUnit>
    <sourceImageInformation>
      <fileName>Rasail119.jpg</fileName>
      
    </sourceImageInformation>
  </Description>
  
  <Tags>
    <OtherTag ID="BT16094" LABEL="default" DESCRIPTION="block type default"/><OtherTag ID="BT16093" LABEL="NumberingZone:page" DESCRIPTION="block type NumberingZone:page"/><OtherTag ID="BT16092" LABEL="MarginTextZone:note" DESCRIPTION="block type MarginTextZone:note"/><OtherTag ID="BT16091" LABEL="TitlePageZone" DESCRIPTION="block type TitlePageZone"/><OtherTag ID="BT16090" LABEL="QuireMarksZone:catchwords" DESCRIPTION="block type QuireMarksZone:catchwords"/><OtherTag ID="BT16089" LABEL="NumberingZone:other" DESCRIPTION="block type NumberingZone:other"/><OtherTag ID="BT16088" LABEL="NumberingZone" DESCRIPTION="block type NumberingZone"/><OtherTag ID="BT16087" LABEL="MarginTextZone" DESCRIPTION="block type MarginTextZone"/><OtherTag ID="BT16086" LABEL="MainZone" DESCRIPTION="block type MainZone"/><OtherTag ID="BT16085" LABEL="DigitizationArtefactZone" DESCRIPTION="block type DigitizationArtefactZone"/><OtherTag ID="BT2" LABEL="Main" DESCRIPTION="block type Main"/><OtherTag ID="BT1" LABEL="Title" DESCRIPTION="block type Title"/>
    <OtherTag ID="LT4837" LABEL="DefaultLine" DESCRIPTION="line type DefaultLine"/><OtherTag ID="LT4838" LABEL="default" DESCRIPTION="line type default"/><OtherTag ID="LT4839" LABEL="HeadingLine:title" DESCRIPTION="line type HeadingLine:title"/>
  </Tags>
  
  <Layout>
    <Page WIDTH="1174"
          HEIGHT="1686"
          PHYSICAL_IMG_NR="147"
          ID="eSc_dummypage_">
      <PrintSpace HPOS="0"
                  VPOS="0"
                  WIDTH="1174"
                  HEIGHT="1686">
        
        <TextBlock HPOS="39"
                   VPOS="123"
                   WIDTH="971"
                   HEIGHT="1494"
                   ID="eSc_textblock_0d73ba66"
                   TAGREFS="BT16086">
          <Shape><Polygon POINTS="528 123 898 123 960 129 1010 162 982 387 1010 629 977 1208 994 1376 982 1560 926 1589 89 1617 61 1577 67 1511 39 1437 67 1414 39 920 61 830 67 562 84 528 157 493 157 443 196 397 185 275 230 223 219 202 241 174 528 123"/></Shape>
          
          
          <TextLine ID="eSc_line_56b5d77a"
                    TAGREFS="LT4837"
                    BASELINE="473 206 954 202" 
                    HPOS="472"
                    VPOS="161"
                    WIDTH="482"
                    HEIGHT="86">
            <Shape><Polygon POINTS="473 206 476 238 487 230 520 238 553 245 555 247 625 247 625 245 627 245 628 245 641 237 645 234 648 237 655 243 655 244 656 244 658 244 659 245 721 245 721 244 722 244 724 244 732 237 736 234 750 237 778 241 780 241 781 241 791 237 808 227 859 227 870 236 873 238 874 238 875 238 877 238 891 236 933 227 950 236 954 202 951 165 911 161 909 161 908 161 906 161 898 167 884 175 829 175 815 170 797 162 795 162 794 162 792 162 770 171 764 172 759 171 739 162 738 162 736 162 735 162 733 162 733 164 725 172 721 177 650 177 648 174 627 165 625 165 624 165 622 165 591 177 590 177 589 177 563 164 562 164 490 164 489 164 487 164 486 164 472 174 473 206"/></Shape>
	    <String CONTENT="باشد انهانيز اصحاب اليمين اند"
                    HPOS="472"
                    VPOS="161"
                    WIDTH="482"
                    HEIGHT="86"
                    WC="0.9108974728091009"></String>
          </TextLine>

          
          
          <TextLine ID="eSc_line_dd981e7f"
                    TAGREFS="LT4837"
                    BASELINE="591 345 603 344" 
                    HPOS="587"
                    VPOS="310"
                    WIDTH="17"
                    HEIGHT="56">
            <Shape><Polygon POINTS="603 344 597 310 587 310 591 345 594 366 604 361 603 344"/></Shape>
	    <String CONTENT=""
                    HPOS="587"
                    VPOS="310"
                    WIDTH="17"
                    HEIGHT="56"></String>
          </TextLine>

          
          
          <TextLine ID="eSc_line_bb52ac83"
                    TAGREFS="LT4837"
                    BASELINE="77 577 887 574" 
                    HPOS="75"
                    VPOS="524"
                    WIDTH="812"
                    HEIGHT="84">
            <Shape><Polygon POINTS="77 577 77 591 150 591 192 606 194 606 195 608 258 608 258 606 260 606 261 606 261 605 271 597 327 606 329 606 330 606 368 594 388 602 389 602 390 602 458 591 497 605 499 605 500 605 501 605 520 595 544 605 545 605 546 606 635 606 635 605 636 605 638 605 658 590 733 602 735 602 736 602 738 602 755 590 835 590 864 604 866 604 867 604 868 604 870 604 887 590 887 574 884 525 842 524 840 524 839 524 835 525 816 533 797 526 790 524 788 524 787 524 785 524 777 526 759 535 746 528 745 526 743 526 742 526 740 526 732 528 701 535 677 529 658 524 656 524 655 524 653 524 635 529 610 540 569 540 558 532 551 526 549 526 548 526 546 526 545 526 530 532 513 539 479 533 428 525 427 525 426 525 392 535 375 540 365 536 341 525 340 525 338 525 337 525 336 525 316 538 309 542 194 542 191 540 170 526 168 526 167 526 165 526 164 526 163 526 142 540 142 542 75 542 77 577"/></Shape>
	    <String CONTENT="بدانکه ايشان را سخن دين و دغوت دريک ولايت است"
                    HPOS="75"
                    VPOS="524"
                    WIDTH="812"
                    HEIGHT="84"
                    WC="0.8931284480624728"></String>
          </TextLine>

          
          
          <TextLine ID="eSc_line_2d58c6b5"
                    TAGREFS="LT4837"
                    BASELINE="406 470 658 470" 
                    HPOS="406"
                    VPOS="422"
                    WIDTH="252"
                    HEIGHT="83">
            <Shape><Polygon POINTS="406 470 406 487 448 487 451 488 486 504 487 504 489 505 517 505 517 504 518 504 542 491 549 487 562 491 597 504 598 504 600 504 658 494 658 470 658 441 613 422 611 422 542 422 541 422 539 422 538 422 515 438 490 425 489 425 487 425 486 425 485 425 466 442 406 442 406 470"/></Shape>
	    <String CONTENT="در بيان داعی محدود"
                    HPOS="406"
                    VPOS="422"
                    WIDTH="252"
                    HEIGHT="83"
                    WC="0.9095807704660628"></String>
          </TextLine>

          
          
          <TextLine ID="eSc_line_b2ba02e8"
                    TAGREFS="LT4837"
                    BASELINE="88 656 956 644" 
                    HPOS="87"
                    VPOS="604"
                    WIDTH="869"
                    HEIGHT="80">
            <Shape><Polygon POINTS="88 656 88 670 112 682 113 682 115 684 196 684 196 682 264 681 265 681 267 681 278 671 320 680 321 680 395 668 417 665 493 665 496 668 507 677 507 678 508 678 510 678 511 678 513 678 537 671 731 672 732 672 733 672 735 672 735 671 740 667 746 661 828 661 833 667 835 667 835 668 836 668 837 668 839 668 864 667 915 661 922 665 929 672 930 672 932 672 933 672 934 672 956 665 956 644 951 604 888 615 868 605 864 604 863 604 861 604 860 604 853 605 829 613 795 608 780 605 778 605 756 608 718 615 710 609 705 606 704 606 702 606 701 606 700 606 698 606 693 611 681 618 635 612 632 612 631 612 629 612 608 619 572 613 535 608 534 608 532 608 531 608 531 609 524 615 517 621 486 616 441 609 440 609 438 609 437 609 437 611 428 618 424 621 404 618 345 611 344 611 343 611 314 621 305 623 295 621 262 613 261 613 260 613 226 623 223 623 222 623 188 615 186 615 185 615 184 615 182 615 182 616 172 625 171 625 150 618 149 618 147 618 87 626 88 656"/></Shape>
	    <String CONTENT="فقدر رخصت و امر فايز باشد و مرببو در آن ولايت"
                    HPOS="87"
                    VPOS="604"
                    WIDTH="869"
                    HEIGHT="80"
                    WC="0.8924671579962191"></String>
          </TextLine>

          
          
          <TextLine ID="eSc_line_4473cd39"
                    TAGREFS="LT4837"
                    BASELINE="84 730 954 723" 
                    HPOS="82"
                    VPOS="675"
                    WIDTH="872"
                    HEIGHT="82">
            <Shape><Polygon POINTS="84 730 84 746 92 754 92 755 94 755 95 755 97 757 154 757 154 755 156 755 157 755 157 754 168 744 268 751 269 751 271 751 285 744 288 743 291 744 317 754 319 754 320 755 427 755 427 754 428 754 466 744 479 741 483 744 493 753 494 753 496 753 497 753 499 753 515 744 517 744 518 744 545 753 546 753 548 753 549 753 576 744 583 743 586 744 598 753 600 753 601 753 603 753 680 746 719 741 743 746 778 751 780 751 781 751 783 751 783 750 788 746 795 739 839 739 854 746 861 748 863 748 864 748 866 748 867 748 871 746 884 739 934 739 950 746 954 723 950 689 906 689 905 689 874 675 873 675 871 675 870 675 836 688 797 675 795 675 794 675 792 675 791 675 769 691 767 691 763 691 708 678 707 678 705 678 704 678 690 691 688 692 650 692 650 691 632 677 631 677 629 677 628 677 627 677 625 677 601 692 600 692 587 684 586 684 584 684 583 684 515 692 511 692 510 692 490 684 489 684 487 684 486 684 459 692 438 678 437 678 435 678 434 678 433 678 431 678 431 680 430 680 426 685 421 681 421 680 420 680 418 680 417 680 354 682 352 682 351 682 336 694 305 680 303 680 302 680 300 680 267 692 208 681 206 681 205 681 203 681 186 695 185 696 157 696 156 695 132 681 130 681 129 681 127 681 126 681 125 681 125 682 111 695 111 696 82 696 84 730"/></Shape>
	    <String CONTENT="از مرتبه داعی داعات فرو تير بود و اين کس سخنها و اسرار"
                    HPOS="82"
                    VPOS="675"
                    WIDTH="872"
                    HEIGHT="82"
                    WC="0.8861220203064106"></String>
          </TextLine>

          
          
          <TextLine ID="eSc_line_9c5f009e"
                    TAGREFS="LT4837"
                    BASELINE="89 806 951 798" 
                    HPOS="88"
                    VPOS="750"
                    WIDTH="863"
                    HEIGHT="81">
            <Shape><Polygon POINTS="89 806 89 820 102 828 104 828 105 828 106 828 108 828 133 821 164 831 165 831 167 831 168 831 201 819 285 831 286 831 288 831 289 831 302 820 319 831 320 831 321 831 323 831 324 831 326 831 345 816 404 816 426 830 427 830 428 830 430 831 520 831 520 830 521 830 576 814 598 824 600 824 601 824 690 813 702 821 704 821 705 821 781 826 783 826 784 826 802 816 846 826 847 826 849 826 850 826 866 814 913 823 915 823 916 823 951 809 951 798 947 764 908 767 904 764 889 751 889 750 888 750 887 750 885 750 832 757 808 750 807 750 805 750 804 750 762 765 755 768 747 767 714 755 712 755 711 755 710 755 676 767 673 768 673 767 658 754 658 753 656 753 655 753 653 753 652 753 603 765 586 753 584 753 583 753 538 753 537 753 535 753 534 753 534 754 517 769 517 771 515 769 487 754 486 754 451 754 449 754 428 755 427 755 426 755 407 771 365 760 364 760 362 760 361 760 359 760 345 772 344 774 279 774 268 774 258 764 257 764 255 764 254 764 253 764 231 772 212 757 210 757 209 757 188 757 186 757 185 757 143 775 88 775 89 806"/></Shape>
	    <String CONTENT="از داعی داعات و حخت اظ فراگيرد و به مردم رساند و"
                    HPOS="88"
                    VPOS="750"
                    WIDTH="863"
                    HEIGHT="81"
                    WC="0.8812065459787846"></String>
          </TextLine>

          
          
          <TextLine ID="eSc_line_5e756f00"
                    TAGREFS="LT4837"
                    BASELINE="77 886 951 875" 
                    HPOS="75"
                    VPOS="831"
                    WIDTH="876"
                    HEIGHT="86">
            <Shape><Polygon POINTS="77 886 77 903 184 917 185 917 251 907 271 916 272 916 274 916 333 914 334 914 336 914 336 913 344 904 369 914 371 914 372 914 373 914 404 900 409 900 475 900 510 913 511 913 513 913 753 896 777 909 778 909 780 909 857 896 930 907 932 907 933 907 934 907 951 893 951 875 949 831 915 831 913 831 912 831 911 831 911 833 897 845 852 833 843 831 842 831 840 831 839 831 829 834 808 840 785 835 770 833 769 833 767 833 766 833 766 834 763 835 750 848 617 851 577 851 568 841 566 841 566 840 565 840 563 840 562 840 560 840 551 843 525 850 508 844 490 837 489 837 487 837 486 837 485 837 485 838 478 844 473 848 463 845 452 841 451 841 449 841 448 841 447 841 441 845 437 850 433 845 421 837 420 837 418 837 417 837 416 837 414 837 403 847 397 851 393 847 381 838 379 838 378 838 376 838 375 838 347 847 337 838 336 838 334 838 292 838 291 838 289 838 260 851 251 855 205 855 202 852 189 841 189 840 188 840 186 840 185 840 184 840 154 848 119 841 118 841 116 841 75 855 77 886"/></Shape>
	    <String CONTENT="اين داعی محدود در هير زمانی بوده اند وايشان تيز اصحاب"
                    HPOS="75"
                    VPOS="831"
                    WIDTH="876"
                    HEIGHT="86"
                    WC="0.8664849962828294"></String>
          </TextLine>

          
          
          <TextLine ID="eSc_line_58f0893c"
                    TAGREFS="LT4837"
                    BASELINE="750 949 949 942" 
                    HPOS="749"
                    VPOS="904"
                    WIDTH="200"
                    HEIGHT="78">
            <Shape><Polygon POINTS="750 949 750 968 814 968 816 969 833 982 835 982 836 982 837 982 939 977 940 977 942 977 949 970 949 942 944 904 860 913 850 910 829 904 828 904 826 904 749 917 750 949"/></Shape>
	    <String CONTENT="اليمين اند"
                    HPOS="749"
                    VPOS="904"
                    WIDTH="200"
                    HEIGHT="78"
                    WC="0.9038008093833924"></String>
          </TextLine>

          
          
          <TextLine ID="eSc_line_0d19141b"
                    TAGREFS="LT4837"
                    BASELINE="376 1174 641 1170" 
                    HPOS="375"
                    VPOS="1116"
                    WIDTH="266"
                    HEIGHT="88">
            <Shape><Polygon POINTS="376 1174 376 1197 462 1204 463 1204 513 1194 514 1194 515 1194 548 1202 549 1202 551 1202 641 1190 641 1170 636 1136 553 1136 523 1116 521 1116 520 1116 518 1116 517 1116 490 1128 462 1116 461 1116 459 1116 406 1118 404 1118 403 1118 375 1136 376 1174"/></Shape>
	    <String CONTENT="در بيان ما ذدن مطلق"
                    HPOS="375"
                    VPOS="1116"
                    WIDTH="266"
                    HEIGHT="88"
                    WC="0.843802389345671"></String>
          </TextLine>

          
          
          <TextLine ID="eSc_line_3cbafbfe"
                    TAGREFS="LT4837"
                    BASELINE="84 1329 871 1301" 
                    HPOS="82"
                    VPOS="1249"
                    WIDTH="789"
                    HEIGHT="105">
            <Shape><Polygon POINTS="84 1329 84 1344 115 1354 116 1354 118 1354 181 1344 199 1351 201 1351 202 1351 296 1341 317 1347 319 1347 320 1347 368 1338 400 1333 426 1337 451 1341 452 1341 454 1341 465 1336 479 1330 520 1336 548 1338 549 1338 551 1338 569 1334 587 1330 650 1333 676 1333 677 1333 679 1333 683 1331 701 1324 708 1331 710 1333 711 1333 712 1333 714 1333 745 1331 746 1331 747 1331 747 1330 757 1320 809 1326 811 1326 812 1326 835 1317 868 1327 871 1301 866 1249 819 1250 818 1250 816 1250 816 1251 815 1251 807 1261 790 1253 787 1251 785 1251 784 1251 783 1251 781 1251 780 1253 767 1261 728 1256 712 1254 711 1254 710 1254 708 1254 708 1256 705 1257 693 1272 660 1272 643 1261 641 1258 639 1258 638 1258 636 1258 635 1258 634 1258 631 1261 620 1270 594 1264 577 1260 576 1260 575 1260 573 1260 573 1261 569 1265 559 1274 523 1268 490 1263 489 1263 487 1263 486 1263 486 1264 480 1270 476 1274 459 1271 430 1267 428 1267 427 1267 403 1274 378 1284 307 1285 296 1281 285 1275 284 1275 282 1275 281 1275 264 1282 254 1286 250 1284 233 1271 231 1271 230 1271 229 1271 227 1271 226 1271 209 1285 151 1274 150 1274 149 1274 115 1291 113 1292 82 1292 84 1329"/></Shape>
	    <String CONTENT="بدانکه از بندگان هداوند بود دين و دعوت را از بخت"
                    HPOS="82"
                    VPOS="1249"
                    WIDTH="789"
                    HEIGHT="105"
                    WC="0.8685680485020081"></String>
          </TextLine>

          
          
          <TextLine ID="eSc_line_400600fa"
                    TAGREFS="LT4837"
                    BASELINE="77 1410 913 1378" 
                    HPOS="75"
                    VPOS="1331"
                    WIDTH="838"
                    HEIGHT="103">
            <Shape><Polygon POINTS="77 1410 77 1426 112 1434 113 1434 115 1434 147 1424 158 1420 165 1423 182 1431 184 1431 185 1431 233 1428 234 1428 236 1428 244 1420 246 1420 250 1420 330 1426 331 1426 333 1426 334 1426 334 1424 343 1416 348 1410 366 1410 392 1414 428 1421 430 1421 431 1421 433 1421 442 1413 447 1410 466 1412 499 1414 500 1414 501 1414 503 1414 507 1410 515 1405 558 1409 621 1414 622 1414 624 1414 658 1405 659 1405 660 1405 676 1412 677 1412 679 1412 680 1412 681 1412 681 1410 690 1403 697 1397 712 1403 715 1403 717 1403 718 1403 733 1402 809 1393 822 1399 837 1406 839 1406 840 1406 913 1395 913 1378 912 1344 887 1333 885 1333 884 1333 826 1345 798 1331 797 1331 795 1331 794 1331 759 1348 721 1334 719 1334 718 1334 717 1334 648 1354 645 1355 608 1355 607 1355 591 1344 590 1344 589 1344 587 1344 586 1344 584 1344 568 1357 566 1358 497 1360 465 1344 463 1344 462 1344 461 1344 427 1355 418 1347 417 1347 416 1347 414 1347 371 1348 369 1348 368 1348 348 1364 326 1367 316 1368 295 1368 257 1368 223 1354 222 1354 220 1354 174 1355 172 1355 154 1365 139 1357 137 1357 136 1357 134 1357 133 1357 111 1374 111 1375 75 1375 77 1410"/></Shape>
	    <String CONTENT="داشی رخصت گرفته باشد و داغی و بخت او را ازن کرد"
                    HPOS="75"
                    VPOS="1331"
                    WIDTH="838"
                    HEIGHT="103"
                    WC="0.8862556415669461"></String>
          </TextLine>

          
          
          <TextLine ID="eSc_line_700bc26f"
                    TAGREFS="LT4837"
                    BASELINE="113 1485 596 1464 926 1458" 
                    HPOS="112"
                    VPOS="1405"
                    WIDTH="814"
                    HEIGHT="99">
            <Shape><Polygon POINTS="113 1485 113 1504 165 1494 179 1503 179 1504 181 1504 182 1504 184 1504 267 1501 268 1501 269 1501 271 1500 285 1490 305 1499 310 1500 312 1500 313 1500 365 1497 366 1497 371 1496 396 1482 437 1482 459 1492 465 1494 466 1494 468 1494 469 1494 471 1494 471 1493 472 1493 473 1492 478 1486 480 1489 480 1490 482 1490 483 1490 485 1490 486 1490 514 1479 569 1487 591 1490 593 1490 624 1485 690 1473 783 1473 790 1478 794 1482 795 1482 797 1482 798 1482 800 1482 811 1478 836 1468 925 1472 926 1458 916 1413 911 1420 899 1414 884 1405 882 1405 881 1405 880 1405 878 1405 877 1405 877 1406 867 1416 861 1421 853 1416 849 1414 847 1414 846 1414 844 1414 843 1414 840 1417 835 1421 829 1417 811 1406 809 1406 808 1406 807 1406 757 1407 756 1407 755 1407 736 1423 729 1428 649 1434 627 1428 613 1424 611 1424 610 1424 608 1424 590 1430 582 1433 575 1431 558 1424 556 1424 555 1424 553 1424 552 1424 542 1433 523 1420 521 1420 520 1420 518 1420 517 1420 515 1420 515 1421 500 1434 493 1440 456 1437 449 1437 431 1420 430 1420 428 1420 427 1420 365 1421 364 1421 323 1444 317 1447 306 1445 274 1438 272 1438 271 1438 269 1438 255 1447 253 1449 182 1451 147 1435 146 1435 144 1435 143 1435 112 1452 113 1485"/></Shape>
	    <String CONTENT="شند هر کجا رسد دعوت ان خود نکند و بدوت داع"
                    HPOS="112"
                    VPOS="1405"
                    WIDTH="814"
                    HEIGHT="99"
                    WC="0.8436980382317588"></String>
          </TextLine>

          
          
          <TextLine ID="eSc_line_0af77fda"
                    TAGREFS="LT4837"
                    BASELINE="77 1559 255 1555 430 1541 932 1532" 
                    HPOS="75"
                    VPOS="1483"
                    WIDTH="857"
                    HEIGHT="99">
            <Shape><Polygon POINTS="77 1559 77 1582 119 1573 144 1580 146 1580 147 1580 149 1580 372 1576 373 1576 375 1576 375 1575 378 1572 390 1559 473 1567 475 1567 476 1567 478 1567 494 1556 542 1556 568 1565 579 1569 580 1569 582 1569 583 1569 600 1563 625 1556 632 1562 638 1567 639 1567 641 1567 642 1567 643 1567 662 1562 687 1552 695 1560 702 1566 702 1567 704 1567 705 1567 707 1569 726 1569 726 1567 728 1567 762 1558 791 1549 929 1551 932 1532 930 1496 908 1483 906 1483 905 1483 904 1483 902 1483 901 1483 882 1497 853 1489 852 1489 850 1489 849 1489 825 1500 822 1501 819 1500 780 1486 778 1486 777 1486 776 1486 740 1503 736 1504 731 1503 695 1492 694 1492 693 1492 691 1492 656 1504 649 1508 568 1508 559 1507 487 1493 486 1493 485 1493 454 1510 452 1511 451 1510 435 1497 434 1497 433 1497 385 1496 383 1496 382 1496 358 1503 350 1497 348 1497 347 1497 345 1497 344 1497 343 1497 323 1514 321 1514 320 1514 268 1503 267 1503 265 1503 264 1503 243 1515 241 1517 239 1515 186 1500 185 1500 184 1500 149 1501 147 1501 146 1501 123 1520 122 1521 75 1521 77 1559"/></Shape>
	    <String CONTENT="و حجت تر غيب نمايد و در صواب داعی و حجت شربک"
                    HPOS="75"
                    VPOS="1483"
                    WIDTH="857"
                    HEIGHT="99"
                    WC="0.9101730334487829"></String>
          </TextLine>

          
        </TextBlock>
        
        <TextBlock HPOS="472"
                   VPOS="39"
                   WIDTH="133"
                   HEIGHT="77"
                   ID="eSc_textblock_78e03df4"
                   TAGREFS="BT16093">
          <Shape><Polygon POINTS="517 39 600 44 605 94 555 116 472 99 472 61 517 39"/></Shape>
          
          
          <TextLine ID="eSc_line_708eac55"
                    TAGREFS="LT4837"
                    BASELINE="501 84 560 84" 
                    HPOS="501"
                    VPOS="50"
                    WIDTH="59"
                    HEIGHT="60">
            <Shape><Polygon POINTS="501 84 501 102 559 110 560 84 560 57 532 50 531 50 530 50 501 59 501 84"/></Shape>
	    <String CONTENT=""
                    HPOS="501"
                    VPOS="50"
                    WIDTH="59"
                    HEIGHT="60"></String>
          </TextLine>

          
        </TextBlock>
        
        <TextBlock HPOS="1051"
                   VPOS="0"
                   WIDTH="121"
                   HEIGHT="1678"
                   ID="eSc_textblock_fe2046e6"
                   TAGREFS="BT16085">
          <Shape><Polygon POINTS="1068 1 1172 0 1172 1650 1147 1634 1169 798 1152 762 1152 427 1136 363 1112 528 1117 1639 1095 1678 1062 1662 1051 1527 1068 1"/></Shape>
          
        </TextBlock>
        

        
      </PrintSpace>
    </Page>
  </Layout>
</alto>
