<?xml version="1.0" encoding="UTF-8"?>
<alto xmlns:xsi="http://www.w3.org/2001/XMLSchema-instance"
      xmlns="http://www.loc.gov/standards/alto/ns-v4#"
      xsi:schemaLocation="http://www.loc.gov/standards/alto/ns-v4# http://www.loc.gov/standards/alto/v4/alto-4-2.xsd">
  <Description>
    <MeasurementUnit>pixel</MeasurementUnit>
    <sourceImageInformation>
      <fileName>Rasail134.jpg</fileName>
      
    </sourceImageInformation>
  </Description>
  
  <Tags>
    <OtherTag ID="BT16094" LABEL="default" DESCRIPTION="block type default"/><OtherTag ID="BT16093" LABEL="NumberingZone:page" DESCRIPTION="block type NumberingZone:page"/><OtherTag ID="BT16092" LABEL="MarginTextZone:note" DESCRIPTION="block type MarginTextZone:note"/><OtherTag ID="BT16091" LABEL="TitlePageZone" DESCRIPTION="block type TitlePageZone"/><OtherTag ID="BT16090" LABEL="QuireMarksZone:catchwords" DESCRIPTION="block type QuireMarksZone:catchwords"/><OtherTag ID="BT16089" LABEL="NumberingZone:other" DESCRIPTION="block type NumberingZone:other"/><OtherTag ID="BT16088" LABEL="NumberingZone" DESCRIPTION="block type NumberingZone"/><OtherTag ID="BT16087" LABEL="MarginTextZone" DESCRIPTION="block type MarginTextZone"/><OtherTag ID="BT16086" LABEL="MainZone" DESCRIPTION="block type MainZone"/><OtherTag ID="BT16085" LABEL="DigitizationArtefactZone" DESCRIPTION="block type DigitizationArtefactZone"/><OtherTag ID="BT2" LABEL="Main" DESCRIPTION="block type Main"/><OtherTag ID="BT1" LABEL="Title" DESCRIPTION="block type Title"/>
    <OtherTag ID="LT4837" LABEL="DefaultLine" DESCRIPTION="line type DefaultLine"/><OtherTag ID="LT4838" LABEL="default" DESCRIPTION="line type default"/><OtherTag ID="LT4839" LABEL="HeadingLine:title" DESCRIPTION="line type HeadingLine:title"/>
  </Tags>
  
  <Layout>
    <Page WIDTH="1220"
          HEIGHT="1666"
          PHYSICAL_IMG_NR="162"
          ID="eSc_dummypage_">
      <PrintSpace HPOS="0"
                  VPOS="0"
                  WIDTH="1220"
                  HEIGHT="1666">
        
        <TextBlock HPOS="88"
                   VPOS="122"
                   WIDTH="1087"
                   HEIGHT="1470"
                   ID="eSc_textblock_ce71913f"
                   TAGREFS="BT16086">
          <Shape><Polygon POINTS="621 122 1103 122 1175 138 1147 777 1153 1492 1142 1547 1081 1592 194 1586 133 1559 116 1220 133 783 88 315 111 177 161 149 621 122"/></Shape>
          
          
          <TextLine ID="eSc_line_96e7a4a9"
                    TAGREFS="LT4837"
                    BASELINE="109 211 748 194 1024 194 1138 186" 
                    HPOS="108"
                    VPOS="141"
                    WIDTH="1030"
                    HEIGHT="100">
            <Shape><Polygon POINTS="108 187 109 211 109 229 159 240 161 240 162 240 187 231 208 240 209 240 211 241 211 240 212 240 244 226 255 222 291 226 326 229 327 229 329 229 341 224 357 217 497 216 507 220 515 224 516 224 518 224 519 224 529 220 534 217 540 220 564 231 565 231 566 233 643 233 643 231 644 231 685 217 704 211 743 216 794 223 796 223 797 223 814 216 843 226 844 226 846 226 847 226 872 213 875 212 878 213 904 224 905 224 907 226 942 226 942 224 1035 222 1036 222 1037 222 1056 209 1060 206 1064 209 1085 220 1086 220 1087 222 1119 222 1119 220 1121 220 1122 220 1138 209 1138 186 1135 149 1083 141 1082 141 1081 141 1054 151 1040 158 899 159 890 156 864 144 862 144 822 144 821 144 768 155 712 147 711 147 710 147 708 147 690 159 612 149 611 149 610 149 575 165 548 154 547 154 546 154 544 154 508 167 503 169 494 167 407 154 405 154 383 155 382 155 380 155 361 170 312 159 311 159 309 159 283 173 248 159 247 159 245 159 244 159 243 159 216 176 169 159 168 159 166 159 165 159 163 159 148 173 115 179 108 187"/></Shape>
	    <String CONTENT="عليه لام برجوا گفت که معلم من بود در مبداغ باز رسول عليه"
                    HPOS="108"
                    VPOS="141"
                    WIDTH="1030"
                    HEIGHT="100"
                    WC="0.8869457106505122"></String>
          </TextLine>

          
          
          <TextLine ID="eSc_line_ad5f4bcd"
                    TAGREFS="LT4837"
                    BASELINE="122 288 279 279 1143 270" 
                    HPOS="120"
                    VPOS="224"
                    WIDTH="1023"
                    HEIGHT="99">
            <Shape><Polygon POINTS="122 288 122 323 175 323 175 322 176 322 177 322 202 305 255 298 396 298 426 313 427 313 429 313 430 313 471 299 484 310 486 310 487 310 516 312 518 312 519 312 544 299 564 312 571 317 572 317 573 317 575 317 576 317 594 312 640 294 737 294 755 308 764 315 765 315 767 315 768 316 807 316 807 315 808 315 810 315 810 313 819 306 821 305 826 306 867 313 868 313 1058 312 1060 312 1081 305 1100 312 1101 312 1103 312 1104 312 1143 298 1143 270 1142 231 1124 226 1122 226 1121 226 1119 226 1118 226 1110 231 1099 240 1056 240 1037 233 1012 224 1011 224 1010 224 1008 224 1007 224 997 234 990 240 936 240 925 236 900 224 899 224 897 224 896 224 868 236 860 240 853 237 839 229 837 229 836 229 783 236 769 226 768 226 767 226 765 226 730 233 719 227 718 227 716 227 715 227 693 240 686 242 675 240 662 237 661 237 660 237 635 241 610 245 566 245 562 242 554 234 553 234 551 234 550 234 526 238 503 229 501 229 500 229 498 229 450 241 422 230 421 230 373 230 372 230 305 244 272 231 270 231 269 231 268 231 236 240 163 233 162 233 161 233 159 233 140 249 120 249 122 288"/></Shape>
	    <String CONTENT="لسلام گفت که از ابتداق آفرينش تو چندگاه استه چريل"
                    HPOS="120"
                    VPOS="224"
                    WIDTH="1023"
                    HEIGHT="99"
                    WC="0.8836103677749634"></String>
          </TextLine>

          
          
          <TextLine ID="eSc_line_5a791d84"
                    TAGREFS="LT4837"
                    BASELINE="794 355 1136 349" 
                    HPOS="793"
                    VPOS="304"
                    WIDTH="343"
                    HEIGHT="84">
            <Shape><Polygon POINTS="794 355 794 374 837 374 840 374 861 384 862 384 864 384 865 384 867 384 879 374 880 373 914 373 918 374 939 388 940 388 942 388 943 388 983 387 985 387 986 387 999 377 1011 387 1012 387 1014 387 1015 387 1017 387 1040 374 1046 372 1051 374 1074 385 1075 385 1076 387 1114 387 1114 385 1115 385 1136 374 1136 349 1133 310 1113 306 1111 306 1110 306 1108 306 1103 310 1099 315 1094 312 1087 305 1087 304 1086 304 1085 304 1061 304 1060 304 1058 304 1057 304 1057 305 1049 313 1042 322 1010 322 994 316 964 305 962 305 961 305 883 320 867 323 861 320 835 308 833 308 832 308 830 308 829 308 811 323 810 324 793 324 794 355"/></Shape>
	    <String CONTENT="عليه السلام گفت"
                    HPOS="793"
                    VPOS="304"
                    WIDTH="343"
                    HEIGHT="84"
                    WC="0.8968406677246094"></String>
          </TextLine>

          
          
          <TextLine ID="eSc_line_5831f350"
                    TAGREFS="LT4837"
                    BASELINE="533 351 662 348" 
                    HPOS="532"
                    VPOS="316"
                    WIDTH="130"
                    HEIGHT="65">
            <Shape><Polygon POINTS="533 351 533 362 605 372 614 380 614 381 615 381 616 381 618 381 662 379 662 348 658 316 532 326 533 351"/></Shape>
	    <String CONTENT=""
                    HPOS="532"
                    VPOS="316"
                    WIDTH="130"
                    HEIGHT="65"></String>
          </TextLine>

          
          
          <TextLine ID="eSc_line_624f2d4b"
                    TAGREFS="LT4837"
                    BASELINE="350 424 885 433" 
                    HPOS="348"
                    VPOS="377"
                    WIDTH="537"
                    HEIGHT="85">
            <Shape><Polygon POINTS="350 424 348 453 369 455 371 455 372 455 373 455 375 453 397 435 427 435 439 447 439 448 440 448 441 448 443 448 444 448 446 448 461 437 533 447 534 447 536 447 537 447 543 442 555 451 564 458 565 458 566 458 568 459 587 459 587 458 589 458 590 458 590 456 597 451 608 438 633 449 654 459 655 459 657 459 658 459 696 448 708 445 718 448 748 460 750 460 826 462 828 462 829 462 830 462 850 447 851 447 858 452 860 452 861 452 862 452 864 452 883 445 885 433 883 384 853 385 851 385 850 385 850 387 835 402 798 402 789 391 789 390 787 390 786 390 785 390 783 390 782 390 765 401 723 401 658 388 657 388 655 388 654 388 640 398 625 384 621 380 619 380 618 380 616 380 589 383 587 383 586 383 586 384 584 384 572 397 508 394 496 384 489 379 487 379 486 379 484 379 483 379 468 384 440 395 426 384 416 377 415 377 414 377 412 377 350 384 350 424"/></Shape>
	    <String CONTENT="اگر چه من عدد سال خود نه میدانم"
                    HPOS="348"
                    VPOS="377"
                    WIDTH="537"
                    HEIGHT="85"
                    WC="0.9074627353299048"></String>
          </TextLine>

          
          
          <TextLine ID="eSc_line_8a56ed0a"
                    TAGREFS="LT4837"
                    BASELINE="337 494 505 492 885 505" 
                    HPOS="336"
                    VPOS="441"
                    WIDTH="549"
                    HEIGHT="92">
            <Shape><Polygon POINTS="336 508 375 516 376 516 377 516 379 516 387 510 393 508 509 509 518 515 534 524 536 524 537 524 539 524 540 524 565 517 633 527 635 527 636 527 637 527 647 519 650 516 657 519 678 528 679 528 680 528 716 522 739 517 754 523 776 531 778 531 779 533 851 533 851 531 853 531 861 527 871 522 880 527 885 505 885 478 864 478 862 477 843 459 842 459 840 459 839 459 837 459 793 473 782 476 668 473 654 466 615 447 614 447 612 447 611 447 573 460 551 469 515 458 465 442 464 442 380 441 379 441 377 441 359 449 348 455 339 448 337 494 336 508"/></Shape>
	    <String CONTENT="وبی ستاده دانم که ست عرش آرای"
                    HPOS="336"
                    VPOS="441"
                    WIDTH="549"
                    HEIGHT="92"
                    WC="0.9066588878631592"></String>
          </TextLine>

          
          
          <TextLine ID="eSc_line_8020309c"
                    TAGREFS="LT4837"
                    BASELINE="336 571 880 571" 
                    HPOS="336"
                    VPOS="519"
                    WIDTH="544"
                    HEIGHT="76">
            <Shape><Polygon POINTS="336 571 336 587 389 595 390 595 426 587 433 585 437 587 454 595 455 595 457 595 458 595 459 595 468 587 469 587 471 587 525 595 526 595 528 595 548 587 616 595 618 595 619 595 644 587 669 595 671 595 672 595 740 585 742 585 751 594 751 595 753 595 754 595 755 595 801 587 822 595 823 595 825 595 880 584 880 571 880 544 764 544 757 540 743 530 742 530 740 530 739 530 737 530 736 530 736 531 728 538 723 544 696 544 687 537 666 519 665 519 664 519 662 519 661 519 626 534 621 537 612 534 584 526 583 526 582 526 580 526 565 533 553 538 541 531 534 528 533 528 532 528 530 528 529 528 526 531 519 537 511 531 498 520 498 519 497 519 496 519 494 519 493 519 455 528 418 519 416 519 415 519 336 524 336 571"/></Shape>
	    <String CONTENT="ستاره ايست که از هی هيز ارسال ی"
                    HPOS="336"
                    VPOS="519"
                    WIDTH="544"
                    HEIGHT="76"
                    WC="0.9190395935889213"></String>
          </TextLine>

          
          
          <TextLine ID="eSc_line_0de6c967"
                    TAGREFS="LT4837"
                    BASELINE="333 645 876 648" 
                    HPOS="332"
                    VPOS="591"
                    WIDTH="544"
                    HEIGHT="87">
            <Shape><Polygon POINTS="333 645 332 658 348 665 350 665 351 665 390 659 415 674 416 674 418 674 419 674 421 674 422 674 444 659 494 659 496 659 507 670 507 671 508 671 509 671 511 671 512 671 523 667 536 676 537 676 539 676 540 676 541 676 578 660 582 659 587 662 619 677 621 677 622 678 790 678 790 677 792 677 832 666 851 660 872 666 876 648 876 610 855 598 854 598 853 598 851 598 850 598 823 612 821 612 785 612 785 610 776 603 776 602 775 602 773 602 772 602 771 602 760 608 729 592 728 592 726 592 725 592 689 609 685 610 623 610 621 608 611 601 610 601 608 601 607 601 578 608 569 609 568 608 551 594 550 594 548 594 547 594 546 594 544 594 523 606 522 608 521 606 501 591 500 591 498 591 497 591 496 591 483 598 477 592 477 591 476 591 475 591 394 591 393 591 391 591 390 591 390 592 382 599 354 591 352 591 351 591 350 591 348 591 333 599 333 645"/></Shape>
	    <String CONTENT="طلوع همی کند از عرش اعظم اعلی"
                    HPOS="332"
                    VPOS="591"
                    WIDTH="544"
                    HEIGHT="87"
                    WC="0.9447136521339417"></String>
          </TextLine>

          
          
          <TextLine ID="eSc_line_220b9594"
                    TAGREFS="LT4837"
                    BASELINE="573 716 865 720" 
                    HPOS="572"
                    VPOS="671"
                    WIDTH="293"
                    HEIGHT="73">
            <Shape><Polygon POINTS="572 733 622 739 623 739 625 739 639 733 643 731 646 733 657 741 658 741 660 741 714 742 715 742 716 742 739 733 740 733 743 733 767 744 768 744 769 744 864 733 865 720 865 688 837 674 836 674 835 674 833 674 805 687 801 688 783 685 697 673 696 673 662 680 653 683 647 680 630 671 629 671 628 671 626 671 625 671 615 678 604 685 575 677 573 716 572 733"/></Shape>
	    <String CONTENT="ازان زمان که شد"
                    HPOS="572"
                    VPOS="671"
                    WIDTH="293"
                    HEIGHT="73"
                    WC="0.93133092323939"></String>
          </TextLine>

          
          
          <TextLine ID="eSc_line_954dcbfd"
                    TAGREFS="LT4837"
                    BASELINE="337 705 369 705" 
                    HPOS="337"
                    VPOS="663"
                    WIDTH="32"
                    HEIGHT="61">
            <Shape><Polygon POINTS="337 705 337 724 369 724 369 705 368 663 337 669 337 705"/></Shape>
	    <String CONTENT=""
                    HPOS="337"
                    VPOS="663"
                    WIDTH="32"
                    HEIGHT="61"></String>
          </TextLine>

          
          
          <TextLine ID="eSc_line_cc3a2383"
                    TAGREFS="LT4837"
                    BASELINE="819 794 851 794" 
                    HPOS="819"
                    VPOS="764"
                    WIDTH="32"
                    HEIGHT="41">
            <Shape><Polygon POINTS="819 794 819 805 851 801 851 794 851 766 819 764 819 794"/></Shape>
	    <String CONTENT=""
                    HPOS="819"
                    VPOS="764"
                    WIDTH="32"
                    HEIGHT="41"></String>
          </TextLine>

          
          
          <TextLine ID="eSc_line_ff423723"
                    TAGREFS="LT4837"
                    BASELINE="1003 899 1012 899" 
                    HPOS="1003"
                    VPOS="845"
                    WIDTH="9"
                    HEIGHT="71">
            <Shape><Polygon POINTS="1003 899 1003 914 1011 916 1012 899 1010 845 1003 846 1003 899"/></Shape>
	    <String CONTENT=""
                    HPOS="1003"
                    VPOS="845"
                    WIDTH="9"
                    HEIGHT="71"></String>
          </TextLine>

          
          
          <TextLine ID="eSc_line_0578e685"
                    TAGREFS="LT4837"
                    BASELINE="143 871 408 862 597 866" 
                    HPOS="141"
                    VPOS="808"
                    WIDTH="456"
                    HEIGHT="80">
            <Shape><Polygon POINTS="143 871 143 885 205 888 207 888 208 888 209 888 209 887 212 885 222 876 244 885 248 887 250 887 251 887 252 887 258 885 286 874 300 884 302 887 304 887 305 887 307 887 308 887 309 887 312 884 327 871 387 871 459 882 469 884 471 884 472 884 476 882 514 870 596 881 597 866 596 827 493 827 489 823 473 813 472 813 471 813 469 813 468 813 466 813 452 823 444 828 437 821 427 813 426 813 425 813 423 813 422 813 408 819 382 808 380 808 325 808 323 808 322 808 320 808 305 819 289 810 287 810 286 810 284 810 265 817 238 827 219 816 208 810 207 810 205 810 204 810 202 810 194 816 176 827 141 814 143 871"/></Shape>
	    <String CONTENT="رت مرديست مثل باقی فرشته"
                    HPOS="141"
                    VPOS="808"
                    WIDTH="456"
                    HEIGHT="80"
                    WC="0.9253292319675287"></String>
          </TextLine>

          
          
          <TextLine ID="eSc_line_d9858ccd"
                    TAGREFS="LT4837"
                    BASELINE="1000 970 1110 964" 
                    HPOS="997"
                    VPOS="909"
                    WIDTH="113"
                    HEIGHT="86">
            <Shape><Polygon POINTS="1000 970 1000 995 1108 977 1110 964 1104 909 1069 910 1068 910 1067 910 1046 926 1028 941 997 941 1000 970"/></Shape>
	    <String CONTENT=""
                    HPOS="997"
                    VPOS="909"
                    WIDTH="113"
                    HEIGHT="86"></String>
          </TextLine>

          
          
          <TextLine ID="eSc_line_562fedbf"
                    TAGREFS="LT4837"
                    BASELINE="145 939 319 932 823 939" 
                    HPOS="144"
                    VPOS="880"
                    WIDTH="679"
                    HEIGHT="79">
            <Shape><Polygon POINTS="145 939 144 956 257 956 257 955 258 955 307 942 448 942 462 955 462 956 464 956 465 956 466 956 468 956 486 951 497 957 498 957 500 957 501 957 503 957 504 957 541 946 580 957 582 957 583 959 614 959 614 957 615 957 616 957 632 946 696 957 697 957 698 957 700 957 700 956 707 949 725 959 726 959 728 959 729 959 730 959 732 959 754 952 769 957 771 957 772 957 773 957 792 948 819 959 823 939 822 902 780 902 778 899 762 889 761 889 760 889 758 889 757 889 730 898 722 902 671 902 662 896 654 891 653 891 651 891 650 891 648 891 647 891 640 895 635 899 621 895 608 891 607 891 605 891 604 891 593 894 573 899 565 894 558 887 557 887 555 887 554 887 530 892 501 899 491 891 483 882 483 881 482 881 480 881 402 881 401 881 400 881 389 887 382 891 373 887 361 881 359 881 358 881 357 881 347 885 333 894 316 885 305 880 304 880 212 880 211 880 209 880 205 881 180 891 145 880 145 939"/></Shape>
	    <String CONTENT="مردى به رسول ظاهر مى شود و در يلوى ق"
                    HPOS="144"
                    VPOS="880"
                    WIDTH="679"
                    HEIGHT="79"
                    WC="0.9045204006963306"></String>
          </TextLine>

          
          
          <TextLine ID="eSc_line_771fea7b"
                    TAGREFS="LT4837"
                    BASELINE="1037 1045 1082 1042" 
                    HPOS="1035"
                    VPOS="1013"
                    WIDTH="47"
                    HEIGHT="39">
            <Shape><Polygon POINTS="1037 1045 1037 1052 1082 1052 1082 1042 1078 1013 1035 1016 1037 1045"/></Shape>
	    <String CONTENT=""
                    HPOS="1035"
                    VPOS="1013"
                    WIDTH="47"
                    HEIGHT="39"></String>
          </TextLine>

          
          
          <TextLine ID="eSc_line_5aaafa13"
                    TAGREFS="LT4837"
                    BASELINE="187 1007 394 998 754 1003" 
                    HPOS="186"
                    VPOS="945"
                    WIDTH="568"
                    HEIGHT="78">
            <Shape><Polygon POINTS="187 1007 187 1023 257 1007 289 1016 290 1016 291 1016 293 1016 327 1006 344 1006 359 1019 359 1020 361 1020 362 1020 364 1020 365 1020 404 1006 469 1009 480 1019 483 1021 484 1021 486 1021 487 1021 525 1019 579 1013 597 1017 618 1021 619 1021 621 1021 622 1021 622 1020 626 1016 639 1006 676 1016 698 1021 700 1021 701 1021 703 1021 715 1016 732 1006 750 1014 754 1003 753 963 714 963 714 962 697 946 697 945 696 945 694 945 632 945 630 945 629 945 593 960 587 963 511 963 504 959 484 945 483 945 482 945 480 945 402 948 401 948 400 948 400 949 391 956 387 960 383 956 372 946 372 945 371 945 369 945 368 945 366 945 336 956 322 960 316 955 315 953 314 953 312 953 311 953 295 955 244 962 227 953 209 945 208 945 207 945 205 945 186 952 187 1007"/></Shape>
	    <String CONTENT="وإلاآنكه إمام هميشه أصل است وجري"
                    HPOS="186"
                    VPOS="945"
                    WIDTH="568"
                    HEIGHT="78"
                    WC="0.9084214386012819"></String>
          </TextLine>

          
          
          <TextLine ID="eSc_line_c2445504"
                    TAGREFS="LT4837"
                    BASELINE="960 1112 1114 1109" 
                    HPOS="958"
                    VPOS="1062"
                    WIDTH="156"
                    HEIGHT="77">
            <Shape><Polygon POINTS="960 1112 960 1139 1035 1139 1035 1138 1036 1138 1037 1138 1037 1137 1042 1134 1046 1130 1062 1132 1097 1137 1099 1137 1100 1137 1114 1128 1114 1109 1110 1062 1067 1063 1065 1063 1050 1070 1019 1084 958 1084 960 1112"/></Shape>
	    <String CONTENT="حدا وسف"
                    HPOS="958"
                    VPOS="1062"
                    WIDTH="156"
                    HEIGHT="77"
                    WC="0.7848111816814968"></String>
          </TextLine>

          
          
          <TextLine ID="eSc_line_91adeaf1"
                    TAGREFS="LT4837"
                    BASELINE="151 1081 404 1073 851 1075" 
                    HPOS="150"
                    VPOS="1021"
                    WIDTH="701"
                    HEIGHT="77">
            <Shape><Polygon POINTS="151 1081 151 1098 219 1096 220 1096 241 1085 270 1096 272 1096 273 1096 275 1096 276 1096 277 1096 300 1082 404 1091 405 1091 494 1082 514 1091 525 1096 526 1096 528 1096 619 1095 621 1095 622 1095 629 1089 640 1081 685 1088 690 1088 691 1088 697 1088 733 1081 744 1087 762 1095 764 1095 765 1095 850 1084 851 1075 850 1038 786 1021 785 1021 783 1021 782 1021 743 1035 728 1025 726 1025 725 1025 723 1025 722 1025 701 1037 579 1021 578 1021 576 1021 547 1037 519 1030 518 1030 516 1030 515 1030 514 1030 500 1039 416 1023 415 1023 383 1030 352 1023 351 1023 350 1023 348 1023 347 1023 347 1024 337 1032 327 1024 327 1023 326 1023 325 1023 289 1023 287 1023 286 1023 251 1041 150 1041 151 1081"/></Shape>
	    <String CONTENT="طف که بعد از جبر يلاست هر سه بهصورت"
                    HPOS="150"
                    VPOS="1021"
                    WIDTH="701"
                    HEIGHT="77"
                    WC="0.9199591909136091"></String>
          </TextLine>

          
          
          <TextLine ID="eSc_line_a01dc19b"
                    TAGREFS="LT4837"
                    BASELINE="1012 1189 1101 1181" 
                    HPOS="1008"
                    VPOS="1143"
                    WIDTH="93"
                    HEIGHT="63">
            <Shape><Polygon POINTS="1012 1189 1014 1206 1101 1193 1101 1181 1097 1148 1051 1143 1050 1143 1049 1143 1047 1143 1033 1156 1031 1159 1008 1159 1012 1189"/></Shape>
	    <String CONTENT="ر"
                    HPOS="1008"
                    VPOS="1143"
                    WIDTH="93"
                    HEIGHT="63"
                    WC="0.9595998525619507"></String>
          </TextLine>

          
          
          <TextLine ID="eSc_line_8ffd6d4b"
                    TAGREFS="LT4837"
                    BASELINE="161 1156 803 1149" 
                    HPOS="159"
                    VPOS="1092"
                    WIDTH="644"
                    HEIGHT="81">
            <Shape><Polygon POINTS="161 1156 161 1173 302 1160 322 1168 329 1171 330 1171 332 1171 333 1171 334 1171 334 1170 337 1168 345 1160 366 1166 368 1166 369 1166 439 1159 457 1164 471 1170 472 1170 473 1170 511 1163 544 1157 559 1162 582 1168 583 1168 584 1170 653 1170 653 1168 654 1168 655 1168 665 1160 675 1167 676 1167 678 1167 679 1167 680 1167 682 1167 682 1166 690 1157 693 1156 705 1157 775 1167 776 1167 778 1167 803 1155 803 1149 800 1113 715 1113 708 1106 708 1105 707 1105 705 1105 704 1105 662 1110 654 1103 654 1102 653 1102 651 1102 650 1102 632 1105 619 1094 619 1092 618 1092 616 1092 615 1092 594 1094 593 1094 591 1094 591 1095 576 1109 529 1109 508 1092 507 1092 505 1092 504 1092 503 1092 501 1092 501 1094 483 1112 457 1114 422 1096 421 1096 419 1096 418 1096 416 1096 400 1109 382 1094 380 1094 379 1094 291 1094 290 1094 289 1094 287 1094 287 1095 286 1095 279 1103 261 1095 259 1095 258 1095 257 1095 255 1095 216 1118 159 1118 161 1156"/></Shape>
	    <String CONTENT="در اختر هم که مصطفی بدعوت بخت رسيد"
                    HPOS="159"
                    VPOS="1092"
                    WIDTH="644"
                    HEIGHT="81"
                    WC="0.891510076382581"></String>
          </TextLine>

          
          
          <TextLine ID="eSc_line_6aa28c28"
                    TAGREFS="LT4837"
                    BASELINE="1012 1266 1104 1260" 
                    HPOS="1010"
                    VPOS="1207"
                    WIDTH="94"
                    HEIGHT="74">
            <Shape><Polygon POINTS="1012 1266 1012 1271 1056 1281 1057 1281 1058 1281 1104 1267 1104 1260 1097 1207 1069 1223 1053 1217 1036 1212 1035 1212 1033 1212 1032 1212 1031 1212 1010 1224 1012 1266"/></Shape>
	    <String CONTENT=""
                    HPOS="1010"
                    VPOS="1207"
                    WIDTH="94"
                    HEIGHT="74"></String>
          </TextLine>

          
          
          <TextLine ID="eSc_line_477214a1"
                    TAGREFS="LT4837"
                    BASELINE="211 1231 405 1218 737 1220" 
                    HPOS="209"
                    VPOS="1167"
                    WIDTH="528"
                    HEIGHT="81">
            <Shape><Polygon POINTS="211 1231 211 1248 318 1228 452 1228 468 1238 469 1238 471 1238 472 1238 473 1238 487 1231 496 1239 497 1239 498 1239 500 1239 501 1239 522 1234 536 1239 547 1243 548 1243 550 1245 612 1245 612 1243 614 1243 615 1243 626 1237 628 1235 633 1237 662 1242 664 1242 665 1242 666 1242 675 1235 679 1232 683 1235 693 1242 694 1242 696 1242 697 1242 737 1232 737 1220 735 1178 700 1181 693 1178 676 1173 675 1173 673 1173 672 1173 671 1173 661 1180 657 1182 648 1180 635 1175 633 1175 632 1175 630 1175 629 1175 629 1177 625 1181 622 1182 618 1181 593 1173 591 1173 590 1173 589 1173 587 1173 578 1181 573 1185 468 1185 465 1185 433 1167 432 1167 430 1167 429 1167 390 1181 365 1168 364 1168 314 1168 312 1168 311 1168 291 1178 237 1170 236 1170 234 1170 233 1170 209 1187 211 1231"/></Shape>
	    <String CONTENT="زين ابل هر تباند بايشان يکی"
                    HPOS="209"
                    VPOS="1167"
                    WIDTH="528"
                    HEIGHT="81"
                    WC="0.890492648990066"></String>
          </TextLine>

          
          
          <TextLine ID="eSc_line_eb9e964b"
                    TAGREFS="LT4837"
                    BASELINE="979 1327 1108 1324" 
                    HPOS="978"
                    VPOS="1278"
                    WIDTH="130"
                    HEIGHT="75">
            <Shape><Polygon POINTS="979 1327 979 1353 1036 1353 1037 1353 1039 1353 1054 1342 1067 1334 1107 1334 1108 1324 1104 1278 1079 1281 1078 1281 1076 1281 1072 1284 1056 1298 1032 1293 1015 1291 1014 1291 1012 1291 1011 1291 1011 1292 1003 1299 1000 1303 978 1305 979 1327"/></Shape>
	    <String CONTENT="نومد"
                    HPOS="978"
                    VPOS="1278"
                    WIDTH="130"
                    HEIGHT="75"
                    WC="0.7358645349740982"></String>
          </TextLine>

          
          
          <TextLine ID="eSc_line_56a8f30a"
                    TAGREFS="LT4837"
                    BASELINE="151 1286 786 1285" 
                    HPOS="150"
                    VPOS="1231"
                    WIDTH="636"
                    HEIGHT="78">
            <Shape><Polygon POINTS="151 1286 151 1309 266 1307 268 1307 269 1307 269 1306 284 1293 332 1293 351 1305 354 1307 355 1307 357 1307 358 1307 359 1307 365 1305 384 1296 416 1302 418 1302 419 1302 421 1302 421 1300 429 1293 476 1300 477 1300 515 1293 525 1302 529 1305 530 1305 532 1305 533 1305 534 1305 548 1300 572 1293 582 1300 593 1307 594 1307 596 1307 597 1309 625 1309 625 1307 626 1307 628 1307 628 1306 636 1299 640 1293 650 1299 660 1303 661 1303 662 1303 785 1295 786 1285 785 1246 755 1231 754 1231 753 1231 751 1231 722 1246 715 1250 596 1250 591 1248 573 1237 572 1237 571 1237 529 1237 528 1237 526 1237 504 1249 503 1249 501 1249 455 1231 454 1231 304 1231 302 1231 301 1231 300 1231 300 1232 286 1245 264 1234 262 1234 261 1234 259 1234 258 1234 258 1235 244 1249 207 1249 194 1239 194 1238 193 1238 191 1238 190 1238 188 1238 150 1250 151 1286"/></Shape>
	    <String CONTENT="ود که در زپيراويند چون بهيک مصرفت عاف"
                    HPOS="150"
                    VPOS="1231"
                    WIDTH="636"
                    HEIGHT="78"
                    WC="0.9157357425303072"></String>
          </TextLine>

          
          
          <TextLine ID="eSc_line_752b5b29"
                    TAGREFS="LT4837"
                    BASELINE="1039 1399 1087 1392" 
                    HPOS="1033"
                    VPOS="1361"
                    WIDTH="54"
                    HEIGHT="53">
            <Shape><Polygon POINTS="1039 1399 1042 1414 1087 1402 1087 1392 1081 1361 1033 1370 1039 1399"/></Shape>
	    <String CONTENT=""
                    HPOS="1033"
                    VPOS="1361"
                    WIDTH="54"
                    HEIGHT="53"></String>
          </TextLine>

          
          
          <TextLine ID="eSc_line_02edf827"
                    TAGREFS="LT4837"
                    BASELINE="148 1370 347 1357 775 1355" 
                    HPOS="147"
                    VPOS="1299"
                    WIDTH="628"
                    HEIGHT="92">
            <Shape><Polygon POINTS="148 1370 148 1391 229 1391 229 1389 230 1389 237 1386 276 1367 300 1373 301 1373 302 1373 304 1373 326 1364 377 1364 390 1374 391 1374 393 1374 394 1374 396 1374 397 1374 397 1373 407 1363 440 1363 494 1374 501 1375 503 1375 512 1374 550 1364 558 1371 562 1375 564 1375 565 1375 566 1375 621 1374 646 1382 647 1382 648 1382 650 1382 694 1366 703 1373 704 1373 705 1373 707 1373 708 1373 730 1364 736 1361 737 1364 743 1368 743 1370 744 1370 746 1370 747 1370 748 1370 775 1361 775 1355 773 1309 764 1303 762 1303 761 1303 760 1303 710 1311 701 1313 698 1311 685 1299 683 1299 682 1299 680 1299 679 1299 650 1313 646 1316 610 1316 604 1314 569 1299 568 1299 566 1299 565 1299 564 1299 546 1316 543 1318 508 1318 505 1316 486 1299 484 1299 483 1299 482 1299 389 1300 357 1302 355 1302 329 1316 308 1305 307 1305 305 1305 304 1305 266 1321 265 1321 241 1310 240 1310 238 1310 237 1310 236 1310 216 1323 215 1323 200 1311 198 1311 197 1311 195 1311 147 1323 148 1370"/></Shape>
	    <String CONTENT="جمله  حکايت مشهوراست که در زمان ظاريان"
                    HPOS="147"
                    VPOS="1299"
                    WIDTH="628"
                    HEIGHT="92"
                    WC="0.9039585708003295"></String>
          </TextLine>

          
          
          <TextLine ID="eSc_line_1913d8ee"
                    TAGREFS="LT4837"
                    BASELINE="1004 1464 1101 1453" 
                    HPOS="1001"
                    VPOS="1421"
                    WIDTH="100"
                    HEIGHT="67">
            <Shape><Polygon POINTS="1004 1464 1007 1488 1101 1463 1101 1453 1094 1421 1064 1436 1044 1434 1037 1432 1036 1432 1035 1432 1001 1443 1004 1464"/></Shape>
	    <String CONTENT="سمت"
                    HPOS="1001"
                    VPOS="1421"
                    WIDTH="100"
                    HEIGHT="67"
                    WC="0.8710430463155111"></String>
          </TextLine>

          
          
          <TextLine ID="eSc_line_82ef59e0"
                    TAGREFS="LT4837"
                    BASELINE="219 1452 365 1435 732 1432" 
                    HPOS="216"
                    VPOS="1374"
                    WIDTH="516"
                    HEIGHT="89">
            <Shape><Polygon POINTS="219 1452 219 1463 250 1463 251 1463 252 1463 272 1448 394 1446 405 1456 408 1457 408 1459 409 1459 411 1459 412 1460 454 1460 454 1459 455 1459 468 1453 482 1448 523 1450 591 1456 593 1456 629 1449 636 1454 637 1454 639 1454 640 1454 641 1454 643 1454 655 1445 662 1439 675 1443 703 1453 704 1453 705 1453 707 1453 708 1453 722 1441 725 1439 728 1441 732 1432 728 1386 615 1388 614 1388 601 1375 601 1374 600 1374 598 1374 597 1374 596 1374 579 1384 571 1375 571 1374 569 1374 568 1374 546 1374 544 1374 543 1374 541 1374 521 1389 518 1391 512 1389 469 1375 468 1375 466 1375 415 1377 414 1377 412 1377 394 1391 391 1393 383 1391 350 1380 348 1380 347 1380 309 1388 282 1380 280 1380 279 1380 277 1380 276 1380 262 1392 241 1381 240 1381 238 1381 237 1381 216 1391 219 1452"/></Shape>
	    <String CONTENT="ي سوال کرد که بيغمبر راست مى گويد"
                    HPOS="216"
                    VPOS="1374"
                    WIDTH="516"
                    HEIGHT="89"
                    WC="0.8810700042681261"></String>
          </TextLine>

          
          
          <TextLine ID="eSc_line_c5ff9c8e"
                    TAGREFS="LT4837"
                    BASELINE="907 1542 1022 1541 1090 1531" 
                    HPOS="904"
                    VPOS="1492"
                    WIDTH="186"
                    HEIGHT="96">
            <Shape><Polygon POINTS="907 1542 907 1577 935 1586 936 1586 937 1588 997 1588 997 1586 999 1586 1031 1570 1043 1575 1044 1575 1046 1575 1047 1575 1049 1575 1049 1574 1060 1563 1060 1561 1090 1560 1090 1531 1083 1492 1026 1511 1004 1495 1003 1495 1001 1495 1000 1495 999 1495 997 1496 964 1514 904 1500 907 1542"/></Shape>
	    <String CONTENT=""
                    HPOS="904"
                    VPOS="1492"
                    WIDTH="186"
                    HEIGHT="96"></String>
          </TextLine>

          
          
          <TextLine ID="eSc_line_9bb24ae8"
                    TAGREFS="LT4837"
                    BASELINE="311 1510 850 1510" 
                    HPOS="311"
                    VPOS="1454"
                    WIDTH="539"
                    HEIGHT="84">
            <Shape><Polygon POINTS="311 1510 311 1538 365 1538 365 1536 366 1536 405 1524 447 1535 448 1535 450 1535 451 1535 452 1535 468 1521 500 1521 521 1521 536 1535 537 1535 537 1536 539 1536 540 1536 541 1536 551 1535 618 1521 641 1534 646 1536 647 1536 648 1538 715 1538 715 1536 716 1536 729 1534 776 1521 822 1521 847 1532 850 1510 850 1473 758 1454 711 1454 710 1454 708 1454 678 1470 675 1471 665 1470 612 1463 611 1463 610 1463 608 1463 600 1470 597 1473 547 1473 543 1468 525 1454 523 1454 522 1454 484 1454 483 1454 482 1454 480 1454 461 1468 459 1468 414 1454 412 1454 411 1454 409 1454 408 1454 387 1467 380 1471 371 1467 339 1456 337 1456 336 1456 334 1456 311 1466 311 1510"/></Shape>
	    <String CONTENT="سان رفتم آن حالات مشاهده نمودم"
                    HPOS="311"
                    VPOS="1454"
                    WIDTH="539"
                    HEIGHT="84"
                    WC="0.9184306629242436"></String>
          </TextLine>

          
          
          <TextLine ID="eSc_line_2189fd4f"
                    TAGREFS="LT4837"
                    BASELINE="145 1543 215 1538" 
                    HPOS="138"
                    VPOS="1474"
                    WIDTH="77"
                    HEIGHT="97">
            <Shape><Polygon POINTS="145 1543 145 1560 177 1571 179 1571 180 1571 182 1571 183 1571 183 1570 198 1556 201 1554 213 1554 215 1538 209 1477 138 1474 145 1543"/></Shape>
	    <String CONTENT="واب"
                    HPOS="138"
                    VPOS="1474"
                    WIDTH="77"
                    HEIGHT="97"
                    WC="0.8377973635991415"></String>
          </TextLine>

          
        </TextBlock>
        
        <TextBlock HPOS="544"
                   VPOS="38"
                   WIDTH="97"
                   HEIGHT="66"
                   ID="eSc_textblock_3ad08a23"
                   TAGREFS="BT16093">
          <Shape><Polygon POINTS="566 38 619 38 641 81 619 104 572 98 544 70 566 38"/></Shape>
          
          
          <TextLine ID="eSc_line_83cca4ef"
                    TAGREFS="LT4837"
                    BASELINE="565 68 629 65" 
                    HPOS="562"
                    VPOS="38"
                    WIDTH="67"
                    HEIGHT="55">
            <Shape><Polygon POINTS="618 43 607 38 573 38 562 40 565 68 565 83 589 93 590 93 591 93 629 86 629 65 628 61 618 43"/></Shape>
	    <String CONTENT=""
                    HPOS="562"
                    VPOS="38"
                    WIDTH="67"
                    HEIGHT="55"></String>
          </TextLine>

          
        </TextBlock>
        

        
      </PrintSpace>
    </Page>
  </Layout>
</alto>
