<?xml version="1.0" encoding="UTF-8"?>
<alto xmlns:xsi="http://www.w3.org/2001/XMLSchema-instance"
      xmlns="http://www.loc.gov/standards/alto/ns-v4#"
      xsi:schemaLocation="http://www.loc.gov/standards/alto/ns-v4# http://www.loc.gov/standards/alto/v4/alto-4-2.xsd">
  <Description>
    <MeasurementUnit>pixel</MeasurementUnit>
    <sourceImageInformation>
      <fileName>Rasail109.jpg</fileName>
      
    </sourceImageInformation>
  </Description>
  
  <Tags>
    <OtherTag ID="BT16094" LABEL="default" DESCRIPTION="block type default"/><OtherTag ID="BT16093" LABEL="NumberingZone:page" DESCRIPTION="block type NumberingZone:page"/><OtherTag ID="BT16092" LABEL="MarginTextZone:note" DESCRIPTION="block type MarginTextZone:note"/><OtherTag ID="BT16091" LABEL="TitlePageZone" DESCRIPTION="block type TitlePageZone"/><OtherTag ID="BT16090" LABEL="QuireMarksZone:catchwords" DESCRIPTION="block type QuireMarksZone:catchwords"/><OtherTag ID="BT16089" LABEL="NumberingZone:other" DESCRIPTION="block type NumberingZone:other"/><OtherTag ID="BT16088" LABEL="NumberingZone" DESCRIPTION="block type NumberingZone"/><OtherTag ID="BT16087" LABEL="MarginTextZone" DESCRIPTION="block type MarginTextZone"/><OtherTag ID="BT16086" LABEL="MainZone" DESCRIPTION="block type MainZone"/><OtherTag ID="BT16085" LABEL="DigitizationArtefactZone" DESCRIPTION="block type DigitizationArtefactZone"/><OtherTag ID="BT2" LABEL="Main" DESCRIPTION="block type Main"/><OtherTag ID="BT1" LABEL="Title" DESCRIPTION="block type Title"/>
    <OtherTag ID="LT4837" LABEL="DefaultLine" DESCRIPTION="line type DefaultLine"/><OtherTag ID="LT4838" LABEL="default" DESCRIPTION="line type default"/><OtherTag ID="LT4839" LABEL="HeadingLine:title" DESCRIPTION="line type HeadingLine:title"/>
  </Tags>
  
  <Layout>
    <Page WIDTH="1146"
          HEIGHT="1691"
          PHYSICAL_IMG_NR="137"
          ID="eSc_dummypage_">
      <PrintSpace HPOS="0"
                  VPOS="0"
                  WIDTH="1146"
                  HEIGHT="1691">
        
        <TextBlock HPOS="45"
                   VPOS="112"
                   WIDTH="976"
                   HEIGHT="1515"
                   ID="eSc_textblock_1bfc3abb"
                   TAGREFS="BT16086">
          <Shape><Polygon POINTS="95 112 948 112 1021 146 1005 202 1021 259 1005 281 1021 348 999 586 1005 1187 976 1599 914 1621 95 1627 45 1576 62 1481 45 1351 56 191 67 129 95 112"/></Shape>
          
          
          <TextLine ID="eSc_line_c27e7216"
                    TAGREFS="LT4837"
                    BASELINE="528 195 965 204" 
                    HPOS="527"
                    VPOS="143"
                    WIDTH="438"
                    HEIGHT="92">
            <Shape><Polygon POINTS="528 195 527 228 597 229 599 229 608 228 642 219 662 226 676 232 678 232 679 233 723 233 723 232 724 232 738 226 749 221 765 225 778 229 779 229 780 229 782 229 800 225 818 221 851 225 895 229 896 229 897 229 907 224 924 235 926 235 927 235 928 235 930 235 931 235 931 233 944 224 964 224 965 204 965 152 897 152 896 152 895 152 893 152 880 162 833 152 831 152 747 169 687 169 665 149 665 147 663 147 662 147 661 147 659 147 658 147 632 166 590 166 570 149 569 149 568 149 528 143 528 195"/></Shape>
	    <String CONTENT="گر شناخت ايام وقت خ"
                    HPOS="527"
                    VPOS="143"
                    WIDTH="438"
                    HEIGHT="92"
                    WC="0.8948876889128434"></String>
          </TextLine>

          
          
          <TextLine ID="eSc_line_854a0914"
                    TAGREFS="LT4837"
                    BASELINE="90 177 366 183" 
                    HPOS="88"
                    VPOS="128"
                    WIDTH="278"
                    HEIGHT="83">
            <Shape><Polygon POINTS="90 177 88 191 105 201 107 201 108 201 109 201 111 201 126 190 131 187 145 190 166 195 167 195 169 195 204 191 225 188 229 191 245 205 245 207 246 207 248 207 297 209 298 211 331 211 331 209 332 209 365 193 366 183 366 153 286 150 263 132 262 132 260 132 259 132 257 132 228 146 212 131 212 129 211 129 210 129 159 128 128 128 126 128 125 128 124 128 124 129 105 147 104 147 90 147 90 177"/></Shape>
	    <String CONTENT="تبر استقاش"
                    HPOS="88"
                    VPOS="128"
                    WIDTH="278"
                    HEIGHT="83"
                    WC="0.9399067461490631"></String>
          </TextLine>

          
          
          <TextLine ID="eSc_line_26aa10dc"
                    TAGREFS="LT4837"
                    BASELINE="115 274 961 283" 
                    HPOS="114"
                    VPOS="229"
                    WIDTH="847"
                    HEIGHT="75">
            <Shape><Polygon POINTS="115 274 114 287 140 297 142 297 143 297 210 287 211 287 214 287 262 294 263 294 290 288 312 297 314 297 315 297 317 297 350 288 396 300 397 300 398 300 458 293 510 300 511 300 513 300 514 300 514 298 521 293 535 301 537 301 538 301 539 302 637 302 637 301 638 301 665 291 676 301 676 302 678 302 679 302 680 302 682 302 707 293 728 301 730 301 731 301 818 293 849 304 851 304 852 304 916 294 928 304 930 304 931 304 933 304 934 304 959 293 961 283 959 250 928 252 920 249 880 236 879 236 878 236 876 236 875 236 858 249 852 252 813 252 807 249 789 239 787 239 786 239 785 239 766 249 764 250 696 250 693 248 678 235 678 233 676 233 675 233 659 233 658 233 656 233 604 248 599 249 597 248 584 235 584 233 583 233 582 233 527 232 525 232 524 232 522 232 522 233 511 243 496 232 494 232 493 232 491 232 490 232 489 232 473 243 458 232 456 232 455 232 453 232 408 238 398 231 397 231 396 231 394 231 393 231 391 231 391 232 379 243 360 231 359 231 358 231 356 231 355 231 317 245 314 246 311 245 266 231 265 231 263 231 262 231 226 245 204 229 202 229 201 229 200 229 198 229 197 229 184 239 115 243 115 274"/></Shape>
	    <String CONTENT="براندازه خلقت و رفعت طراود ولقد خلقها الانسان"
                    HPOS="114"
                    VPOS="229"
                    WIDTH="847"
                    HEIGHT="75"
                    WC="0.9188753985696368"></String>
          </TextLine>

          
          
          <TextLine ID="eSc_line_ba5ab47f"
                    TAGREFS="LT4837"
                    BASELINE="104 350 442 350 957 364" 
                    HPOS="102"
                    VPOS="301"
                    WIDTH="855"
                    HEIGHT="87">
            <Shape><Polygon POINTS="104 350 102 376 138 376 138 374 139 374 180 359 219 369 221 369 222 369 279 359 298 374 300 374 301 374 303 374 304 374 343 360 367 376 370 379 372 379 373 379 374 379 376 379 377 379 380 376 407 362 432 362 455 377 456 377 458 377 459 377 460 377 462 377 480 363 506 363 511 370 513 370 513 372 514 372 515 372 517 372 518 372 532 364 568 373 569 373 570 373 572 373 573 373 580 369 589 377 594 383 594 384 596 384 597 384 599 384 600 384 621 377 630 374 634 377 637 380 637 381 638 381 639 381 756 387 758 387 759 387 761 387 771 379 779 370 790 379 806 388 807 388 809 388 810 388 852 383 854 383 855 383 859 379 872 370 910 370 921 379 927 384 928 384 930 384 931 384 955 379 957 364 952 319 931 335 916 322 914 322 913 322 912 322 842 333 828 319 826 318 826 317 824 317 823 317 821 317 820 317 818 317 816 319 800 333 751 333 723 319 703 311 701 311 668 311 666 311 665 311 663 311 663 312 655 319 648 326 593 329 587 322 586 322 586 321 584 321 583 321 582 319 491 307 490 307 489 307 465 319 462 321 460 319 448 314 446 314 445 314 444 314 424 319 408 325 403 319 390 307 390 305 389 305 387 305 386 305 336 312 277 302 276 302 274 302 239 319 233 322 212 319 204 319 187 302 187 301 186 301 184 301 183 301 181 301 180 301 149 319 146 321 104 321 104 350"/></Shape>
	    <String CONTENT="یاخس بقويم گرديد و از اصحاب اليمين کشت لهتم"
                    HPOS="102"
                    VPOS="301"
                    WIDTH="855"
                    HEIGHT="87"
                    WC="0.9304769344108049"></String>
          </TextLine>

          
          
          <TextLine ID="eSc_line_dd1082fc"
                    TAGREFS="LT4837"
                    BASELINE="115 425 961 439" 
                    HPOS="114"
                    VPOS="380"
                    WIDTH="847"
                    HEIGHT="86">
            <Shape><Polygon POINTS="115 425 114 436 133 438 152 453 153 453 155 453 198 455 200 455 201 455 202 455 218 445 232 455 233 455 235 455 236 456 272 456 272 455 343 442 386 455 387 455 389 455 390 455 418 443 473 443 504 459 506 459 507 459 508 459 537 445 575 459 576 459 577 459 579 459 623 446 649 446 663 460 663 462 665 462 666 462 668 463 706 463 706 462 707 462 709 462 723 450 738 463 740 463 741 463 742 463 802 455 810 460 811 460 813 460 814 460 816 460 817 460 817 459 823 453 840 463 841 463 842 463 879 457 909 466 910 466 912 466 913 466 914 466 914 465 930 452 959 452 961 439 961 410 933 400 931 400 930 400 928 400 896 408 888 410 796 410 786 404 762 391 761 391 759 391 758 391 740 398 710 390 709 390 644 390 642 390 641 390 621 398 607 405 570 405 562 397 562 395 561 395 559 395 558 395 553 395 518 403 507 394 498 387 497 387 496 387 453 386 452 386 451 386 436 391 418 398 397 390 386 386 384 386 383 386 367 388 322 400 307 387 307 386 305 386 304 386 303 386 296 386 211 398 115 380 115 425"/></Shape>
	    <String CONTENT="جنات عدن تجري من تحتها الأننهار خلدين فيها"
                    HPOS="114"
                    VPOS="380"
                    WIDTH="847"
                    HEIGHT="86"
                    WC="0.9672732270041178"></String>
          </TextLine>

          
          
          <TextLine ID="eSc_line_179c295f"
                    TAGREFS="LT4837"
                    BASELINE="94 503 428 501 959 512" 
                    HPOS="93"
                    VPOS="450"
                    WIDTH="866"
                    HEIGHT="88">
            <Shape><Polygon POINTS="94 503 93 515 109 525 111 525 112 525 114 525 115 525 140 514 177 529 179 529 180 531 218 531 218 529 219 529 221 529 241 515 263 531 265 531 266 531 267 531 328 518 353 519 363 531 363 532 365 532 366 532 367 532 369 532 403 524 422 532 424 532 425 532 427 532 428 532 445 519 448 518 482 518 483 519 500 534 501 534 503 534 504 534 506 534 531 524 555 535 556 535 558 535 559 535 561 535 583 522 586 521 666 521 668 524 682 535 682 536 683 536 685 536 686 536 687 536 713 524 717 522 745 524 745 525 756 536 756 538 758 538 759 538 761 538 958 528 959 512 959 483 848 477 834 467 833 467 831 467 830 467 828 467 827 467 814 477 811 479 769 477 769 476 755 465 754 465 752 465 751 465 749 465 748 465 748 466 738 476 735 479 692 479 685 473 658 456 656 456 655 456 654 456 652 456 651 456 631 472 625 476 599 472 576 467 575 467 573 467 568 470 556 476 549 470 544 465 542 465 541 465 539 465 538 465 525 469 511 456 511 455 510 455 508 455 507 455 506 455 504 455 489 467 480 474 467 467 451 457 449 457 448 457 446 457 418 466 396 472 380 465 355 452 353 452 352 452 296 455 294 455 293 455 286 462 274 472 250 460 231 452 229 452 228 452 226 452 212 459 194 470 181 457 173 452 173 450 171 450 170 450 169 450 94 455 94 503"/></Shape>
	    <String CONTENT="اند يعنی اليشان راست بهشت عدن که در آن خا"
                    HPOS="93"
                    VPOS="450"
                    WIDTH="866"
                    HEIGHT="88"
                    WC="0.8700161008607774"></String>
          </TextLine>

          
          
          <TextLine ID="eSc_line_9ba0cd68"
                    TAGREFS="LT4837"
                    BASELINE="80 577 444 574 961 584" 
                    HPOS="78"
                    VPOS="527"
                    WIDTH="883"
                    HEIGHT="80">
            <Shape><Polygon POINTS="80 577 78 590 84 596 84 597 85 597 87 597 88 598 148 598 148 597 149 597 166 590 169 589 173 590 200 598 201 598 202 598 204 598 232 591 253 586 300 593 325 596 327 596 328 596 338 593 358 587 372 594 384 600 386 600 387 600 389 600 390 600 390 598 396 594 403 587 455 587 463 596 469 600 469 601 470 601 472 601 473 601 475 601 490 597 506 591 527 597 532 598 534 598 535 598 537 598 538 598 539 597 552 590 566 598 573 601 575 601 576 603 617 603 617 601 618 601 620 601 623 598 635 590 658 590 676 600 682 604 683 604 685 604 686 604 710 601 735 597 741 601 742 603 742 604 744 604 745 604 823 605 824 605 838 604 904 593 919 604 919 605 920 605 921 605 923 607 959 607 961 584 961 549 921 541 920 541 919 541 917 541 917 542 910 548 907 552 864 552 859 548 842 535 841 535 840 535 811 532 810 532 809 532 807 532 807 534 793 548 792 549 789 548 758 534 756 534 755 534 700 546 690 549 686 546 666 536 665 536 663 536 662 536 639 545 627 532 627 531 625 531 624 531 558 531 556 531 555 531 553 531 530 546 527 548 470 548 465 545 424 534 422 534 421 534 420 534 418 534 404 545 387 545 363 545 362 545 342 528 341 528 339 528 338 528 336 528 274 543 272 545 270 543 253 529 252 529 250 529 249 529 248 529 246 529 235 536 212 527 211 527 129 527 128 527 126 527 125 527 125 528 108 543 80 543 80 577"/></Shape>
	    <String CONTENT="هشت مخلد بمانند واگر معرفت ايام زمان و معرفت نفس"
                    HPOS="78"
                    VPOS="527"
                    WIDTH="883"
                    HEIGHT="80"
                    WC="0.9467247488598028"></String>
          </TextLine>

          
          
          <TextLine ID="eSc_line_cf1a6f37"
                    TAGREFS="LT4837"
                    BASELINE="138 655 964 658" 
                    HPOS="138"
                    VPOS="596"
                    WIDTH="826"
                    HEIGHT="86">
            <Shape><Polygon POINTS="138 655 138 677 183 665 348 665 356 672 356 673 358 673 359 673 360 673 429 665 449 674 459 679 460 679 462 680 507 680 507 679 508 679 510 679 510 677 515 673 524 665 541 665 549 673 553 677 553 679 555 679 556 679 558 679 628 674 630 674 631 674 634 672 644 666 663 672 694 680 696 680 697 682 799 682 799 680 800 680 828 670 838 666 871 666 875 669 886 679 886 680 888 680 889 680 890 682 913 682 913 680 962 667 964 658 962 612 924 607 923 607 921 607 920 607 914 612 912 614 910 612 896 598 896 597 895 597 893 597 858 597 857 597 855 597 854 597 830 612 817 621 775 621 768 612 765 611 765 610 764 610 762 610 761 610 759 610 745 612 720 621 651 621 639 614 635 611 634 611 632 611 631 611 630 611 623 614 610 620 583 618 580 614 570 605 570 604 569 604 568 604 566 604 565 604 563 604 558 608 542 596 541 596 539 596 538 596 537 596 535 596 535 597 515 614 511 620 470 620 466 615 449 597 449 596 448 596 446 596 394 596 393 596 391 596 390 596 358 615 355 618 352 615 327 596 325 596 324 596 204 596 202 596 201 596 200 596 177 611 164 604 163 604 162 604 160 604 138 615 138 655"/></Shape>
	    <String CONTENT="مل نه كند جايل بود به عرصه تعزيير له ردو ناه اسفل"
                    HPOS="138"
                    VPOS="596"
                    WIDTH="826"
                    HEIGHT="86"
                    WC="0.875893310624726"></String>
          </TextLine>

          
          
          <TextLine ID="eSc_line_1e0cf2f1"
                    TAGREFS="LT4837"
                    BASELINE="90 721 962 736" 
                    HPOS="88"
                    VPOS="674"
                    WIDTH="874"
                    HEIGHT="86">
            <Shape><Polygon POINTS="90 721 88 735 121 748 122 748 124 748 125 748 126 748 139 736 167 749 169 749 170 751 210 751 210 749 211 749 236 736 241 734 273 736 362 745 363 745 365 745 384 738 390 736 449 736 452 739 487 755 489 755 490 755 562 748 604 756 606 756 607 756 608 756 620 746 642 758 644 758 645 758 647 758 685 742 704 758 706 758 707 758 709 758 779 746 800 760 802 760 803 760 804 760 872 745 906 755 907 755 909 755 961 745 962 736 962 703 945 694 944 694 943 694 941 694 912 703 909 704 906 703 871 687 869 687 868 687 866 687 833 700 804 684 803 684 802 684 761 690 759 690 758 690 758 691 747 701 745 701 740 701 690 693 689 693 687 693 668 700 666 700 651 686 651 684 649 684 648 684 647 684 645 684 621 697 610 687 610 686 608 686 607 686 565 680 503 680 501 680 500 680 498 680 498 682 486 694 459 679 458 679 456 679 417 687 408 680 407 680 405 680 404 680 403 680 374 694 328 676 327 676 325 676 324 676 288 691 267 676 266 676 265 676 263 676 262 676 260 676 260 677 250 686 231 674 229 674 228 674 226 674 225 674 202 691 169 682 167 682 166 682 164 682 163 682 149 691 90 691 90 721"/></Shape>
	    <String CONTENT="السافلين کشت و پس از آن که اسان را در بهترين صور"
                    HPOS="88"
                    VPOS="674"
                    WIDTH="874"
                    HEIGHT="86"
                    WC="0.9283845813906922"></String>
          </TextLine>

          
          
          <TextLine ID="eSc_line_9ce2a28f"
                    TAGREFS="LT4837"
                    BASELINE="97 800 394 801 955 817" 
                    HPOS="95"
                    VPOS="753"
                    WIDTH="860"
                    HEIGHT="89">
            <Shape><Polygon POINTS="95 808 150 822 152 822 153 822 174 814 205 827 207 827 208 827 311 814 321 814 328 815 379 828 380 828 382 828 383 828 397 822 407 831 408 831 410 831 411 831 413 831 442 821 479 827 480 827 482 827 483 827 491 820 494 818 508 820 579 829 580 829 582 829 583 829 592 822 661 837 662 837 663 837 665 837 679 827 717 838 718 838 720 838 721 838 723 838 738 825 740 825 742 827 764 834 765 834 766 834 768 834 792 827 800 825 804 828 828 841 830 841 896 842 897 842 899 842 900 842 913 831 917 828 952 831 955 817 954 777 896 786 879 775 871 769 869 769 868 769 866 769 865 769 864 769 858 775 847 784 816 773 814 773 813 773 811 773 787 783 778 772 773 769 773 767 772 767 771 767 741 766 740 766 738 766 737 766 731 770 714 782 658 769 632 763 631 763 630 763 621 767 601 779 573 766 563 762 562 762 520 760 469 760 467 760 466 760 465 760 462 763 445 776 410 776 400 766 400 765 398 765 397 765 396 765 355 773 335 759 331 756 329 756 328 756 286 756 284 756 283 756 281 756 280 758 265 769 248 758 248 756 246 756 245 756 243 756 242 756 241 756 241 758 221 770 198 763 197 763 195 763 146 769 98 753 97 800 95 808"/></Shape>
	    <String CONTENT="يافريديم او را چون خود را نشناخت رد کزديم اورا"
                    HPOS="95"
                    VPOS="753"
                    WIDTH="860"
                    HEIGHT="89"
                    WC="0.8930359955715097"></String>
          </TextLine>

          
          
          <TextLine ID="eSc_line_2c25eb56"
                    TAGREFS="LT4837"
                    BASELINE="84 879 487 877 955 892" 
                    HPOS="83"
                    VPOS="822"
                    WIDTH="872"
                    HEIGHT="92">
            <Shape><Polygon POINTS="84 879 83 894 93 900 94 900 95 900 97 900 98 900 100 900 100 899 107 892 115 884 149 884 162 893 170 901 171 901 173 901 174 903 200 903 200 901 201 901 214 894 231 886 279 886 290 897 291 897 291 899 293 899 294 899 296 899 297 899 303 897 329 887 355 899 362 901 363 901 365 901 366 901 376 899 411 889 421 900 422 900 422 901 424 901 425 901 427 903 445 903 445 901 446 901 448 901 448 900 463 890 556 890 586 904 597 908 599 908 600 908 620 904 675 893 693 907 697 910 699 910 700 910 701 910 740 908 835 901 858 911 864 913 865 913 866 914 892 914 892 913 893 913 895 913 896 911 914 899 951 913 955 892 954 858 909 856 899 846 897 846 896 846 895 846 893 846 876 853 865 844 864 844 862 844 861 844 799 845 797 845 782 852 772 842 772 841 771 841 769 841 768 841 766 841 765 841 751 853 731 853 706 838 704 838 703 838 701 838 700 838 666 849 645 831 644 831 642 831 641 831 639 831 611 844 579 829 577 829 542 829 541 829 539 829 538 829 507 849 473 828 472 828 470 828 469 828 413 834 405 828 405 827 404 827 403 827 401 827 400 827 365 844 348 828 348 827 346 827 345 827 343 827 301 835 291 827 291 825 290 825 288 825 250 825 249 825 248 825 246 825 246 827 226 845 191 845 173 827 173 825 171 825 170 825 146 822 145 822 143 822 142 822 115 844 84 844 84 879"/></Shape>
	    <String CONTENT="يا سفل الشافلين نعود بال وين معرفت نفس را بجز"
                    HPOS="83"
                    VPOS="822"
                    WIDTH="872"
                    HEIGHT="92"
                    WC="0.855255471335517"></String>
          </TextLine>

          
          
          <TextLine ID="eSc_line_ef5fd1dc"
                    TAGREFS="LT4837"
                    BASELINE="77 1023 425 1025 756 1038 961 1035" 
                    HPOS="76"
                    VPOS="968"
                    WIDTH="885"
                    HEIGHT="105">
            <Shape><Polygon POINTS="77 1023 76 1039 210 1061 211 1061 212 1061 260 1044 262 1044 263 1044 290 1061 291 1061 293 1061 294 1061 296 1061 350 1045 356 1045 382 1047 501 1055 503 1055 535 1049 538 1049 539 1049 555 1062 556 1062 558 1062 630 1068 631 1068 632 1068 669 1056 686 1068 687 1068 689 1068 690 1068 692 1068 728 1056 762 1066 764 1066 765 1066 766 1066 787 1055 789 1054 789 1055 804 1069 804 1070 806 1070 807 1070 809 1070 861 1062 875 1072 876 1072 878 1072 879 1073 916 1073 916 1072 917 1072 959 1058 961 1035 959 985 938 982 937 982 935 982 934 982 931 985 903 1008 775 1007 768 1000 768 999 766 999 765 999 764 999 762 999 741 1006 692 987 676 982 675 982 673 982 672 982 670 982 662 987 637 1004 607 1004 590 989 586 985 584 985 583 985 582 985 580 985 579 985 572 989 566 993 561 989 551 985 549 985 548 985 546 985 545 985 538 990 524 999 508 990 503 987 501 987 500 987 482 990 469 993 466 990 448 975 448 973 446 973 445 973 366 972 365 972 363 972 321 992 231 972 229 972 228 972 226 972 198 992 169 969 167 969 166 969 122 968 121 968 119 968 118 968 77 992 77 1023"/></Shape>
	    <String CONTENT="حکم ذريته به عضها من بغض و الله يمنع عليم حاصل"
                    HPOS="76"
                    VPOS="968"
                    WIDTH="885"
                    HEIGHT="105"
                    WC="0.8740412152331808"></String>
          </TextLine>

          
          
          <TextLine ID="eSc_line_d3893edc"
                    TAGREFS="LT4837"
                    BASELINE="620 1117 962 1124" 
                    HPOS="618"
                    VPOS="1069"
                    WIDTH="344"
                    HEIGHT="80">
            <Shape><Polygon POINTS="620 1117 618 1140 959 1149 962 1124 959 1075 920 1089 888 1073 885 1073 883 1073 882 1073 873 1073 792 1086 773 1073 771 1070 769 1070 768 1070 766 1070 765 1070 764 1070 761 1073 742 1085 685 1082 678 1073 675 1070 675 1069 673 1069 672 1069 670 1069 620 1072 620 1117"/></Shape>
	    <String CONTENT="گردن ممکن نيست"
                    HPOS="618"
                    VPOS="1069"
                    WIDTH="344"
                    HEIGHT="80"
                    WC="0.9898771558489118"></String>
          </TextLine>

          
          
          <TextLine ID="eSc_line_27777e9a"
                    TAGREFS="LT4837"
                    BASELINE="569 1223 621 1214" 
                    HPOS="556"
                    VPOS="1144"
                    WIDTH="65"
                    HEIGHT="87">
            <Shape><Polygon POINTS="569 1223 570 1231 621 1223 621 1214 607 1144 556 1152 569 1223"/></Shape>
	    <String CONTENT=""
                    HPOS="556"
                    VPOS="1144"
                    WIDTH="65"
                    HEIGHT="87"></String>
          </TextLine>

          
          
          <TextLine ID="eSc_line_4dd79b37"
                    TAGREFS="LT4837"
                    BASELINE="408 1337 649 1334" 
                    HPOS="407"
                    VPOS="1272"
                    WIDTH="242"
                    HEIGHT="92">
            <Shape><Polygon POINTS="408 1337 408 1347 475 1354 476 1354 498 1349 515 1347 521 1351 534 1362 534 1364 535 1364 537 1364 538 1364 648 1354 649 1334 645 1289 596 1296 583 1287 580 1285 579 1285 577 1285 576 1285 575 1285 568 1287 544 1296 521 1286 489 1272 487 1272 429 1272 428 1272 427 1272 407 1282 408 1337"/></Shape>
	    <String CONTENT="در بيان ناطق"
                    HPOS="407"
                    VPOS="1272"
                    WIDTH="242"
                    HEIGHT="92"
                    WC="0.8933075765768687"></String>
          </TextLine>

          
          
          <TextLine ID="eSc_line_b2c88a39"
                    TAGREFS="LT4837"
                    BASELINE="83 1481 886 1486" 
                    HPOS="81"
                    VPOS="1417"
                    WIDTH="805"
                    HEIGHT="92">
            <Shape><Polygon POINTS="83 1481 81 1492 145 1492 149 1493 170 1504 171 1504 173 1504 174 1504 202 1495 210 1493 224 1496 283 1506 284 1506 383 1503 384 1503 386 1503 386 1502 390 1499 397 1493 444 1493 452 1500 459 1506 460 1506 462 1506 463 1506 487 1500 496 1499 498 1502 503 1504 503 1506 504 1506 506 1506 507 1506 508 1506 510 1506 515 1502 524 1496 531 1502 537 1506 537 1507 538 1507 539 1507 541 1507 584 1503 658 1495 676 1504 682 1509 683 1509 685 1509 686 1509 717 1506 800 1496 817 1507 818 1509 820 1509 821 1509 823 1509 828 1507 861 1500 882 1509 886 1486 883 1437 732 1441 724 1437 707 1424 706 1424 704 1424 703 1424 701 1424 663 1437 658 1438 655 1437 639 1421 639 1420 638 1420 637 1420 635 1420 544 1430 534 1421 532 1421 531 1421 530 1421 490 1427 482 1420 482 1419 480 1419 479 1419 425 1419 424 1419 422 1419 404 1428 373 1420 372 1420 370 1420 369 1420 367 1420 343 1437 341 1438 335 1437 319 1431 318 1431 317 1431 315 1431 304 1437 300 1438 296 1437 252 1417 250 1417 249 1417 248 1417 195 1437 193 1438 171 1438 170 1437 155 1421 155 1420 153 1420 152 1420 150 1420 83 1435 83 1481"/></Shape>
	    <String CONTENT="چون دانستی که انتظام عالم از کسیکه بيان کند که"
                    HPOS="81"
                    VPOS="1417"
                    WIDTH="805"
                    HEIGHT="92"
                    WC="0.9186484250037567"></String>
          </TextLine>

          
          
          <TextLine ID="eSc_line_123e1d3e"
                    TAGREFS="LT4837"
                    BASELINE="78 1564 358 1561 800 1575 954 1571" 
                    HPOS="77"
                    VPOS="1506"
                    WIDTH="877"
                    HEIGHT="103">
            <Shape><Polygon POINTS="78 1564 77 1579 90 1588 91 1588 93 1588 94 1588 95 1588 118 1576 126 1572 149 1576 170 1581 171 1581 195 1576 211 1575 218 1578 246 1589 248 1589 249 1589 250 1589 270 1581 318 1583 319 1583 321 1583 332 1578 341 1574 376 1578 414 1583 415 1583 417 1583 425 1579 432 1576 514 1576 521 1579 555 1602 556 1602 558 1602 559 1602 561 1602 594 1586 623 1603 624 1603 625 1603 696 1605 697 1605 699 1605 734 1586 769 1605 771 1605 866 1607 868 1609 897 1609 897 1607 899 1607 900 1607 931 1583 952 1582 954 1571 952 1524 916 1523 914 1523 913 1523 912 1523 892 1535 799 1535 786 1523 782 1520 782 1519 780 1519 779 1519 778 1519 776 1519 761 1523 752 1526 744 1523 721 1516 720 1516 718 1516 717 1516 696 1523 670 1531 624 1523 611 1521 610 1521 600 1523 569 1530 559 1523 555 1519 553 1519 552 1519 551 1519 549 1519 538 1523 530 1526 506 1523 408 1510 407 1510 405 1510 404 1510 391 1520 363 1510 362 1510 360 1510 359 1510 358 1510 358 1512 345 1523 343 1524 321 1526 315 1523 293 1509 291 1509 290 1509 288 1509 287 1509 286 1509 286 1510 273 1521 266 1516 265 1516 263 1516 262 1516 260 1516 235 1523 228 1524 225 1523 210 1509 210 1507 208 1507 207 1507 205 1507 145 1517 133 1507 133 1506 132 1506 131 1506 129 1506 128 1506 97 1523 95 1523 78 1523 78 1564"/></Shape>
	    <String CONTENT="کدام فعل از افعال جايز است و کدام واجب د کدام"
                    HPOS="77"
                    VPOS="1506"
                    WIDTH="877"
                    HEIGHT="103"
                    WC="0.9262688782480027"></String>
          </TextLine>

          
        </TextBlock>
        
        <TextBlock HPOS="483"
                   VPOS="45"
                   WIDTH="123"
                   HEIGHT="60"
                   ID="eSc_textblock_15be7d30"
                   TAGREFS="BT16093">
          <Shape><Polygon POINTS="506 45 577 45 606 88 522 105 483 77 506 45"/></Shape>
          
          
          <TextLine ID="eSc_line_fca433f9"
                    TAGREFS="LT4837"
                    BASELINE="520 74 573 74" 
                    HPOS="520"
                    VPOS="50"
                    WIDTH="53"
                    HEIGHT="55">
            <Shape><Polygon POINTS="520 74 520 97 539 105 541 105 542 105 573 100 573 74 573 50 520 50 520 74"/></Shape>
	    <String CONTENT=""
                    HPOS="520"
                    VPOS="50"
                    WIDTH="53"
                    HEIGHT="55"></String>
          </TextLine>

          
        </TextBlock>
        

        
      </PrintSpace>
    </Page>
  </Layout>
</alto>
