<?xml version="1.0" encoding="UTF-8"?>
<alto xmlns:xsi="http://www.w3.org/2001/XMLSchema-instance"
      xmlns="http://www.loc.gov/standards/alto/ns-v4#"
      xsi:schemaLocation="http://www.loc.gov/standards/alto/ns-v4# http://www.loc.gov/standards/alto/v4/alto-4-2.xsd">
  <Description>
    <MeasurementUnit>pixel</MeasurementUnit>
    <sourceImageInformation>
      <fileName>Rasail143.jpg</fileName>
      
    </sourceImageInformation>
  </Description>
  
  <Tags>
    <OtherTag ID="BT16094" LABEL="default" DESCRIPTION="block type default"/><OtherTag ID="BT16093" LABEL="NumberingZone:page" DESCRIPTION="block type NumberingZone:page"/><OtherTag ID="BT16092" LABEL="MarginTextZone:note" DESCRIPTION="block type MarginTextZone:note"/><OtherTag ID="BT16091" LABEL="TitlePageZone" DESCRIPTION="block type TitlePageZone"/><OtherTag ID="BT16090" LABEL="QuireMarksZone:catchwords" DESCRIPTION="block type QuireMarksZone:catchwords"/><OtherTag ID="BT16089" LABEL="NumberingZone:other" DESCRIPTION="block type NumberingZone:other"/><OtherTag ID="BT16088" LABEL="NumberingZone" DESCRIPTION="block type NumberingZone"/><OtherTag ID="BT16087" LABEL="MarginTextZone" DESCRIPTION="block type MarginTextZone"/><OtherTag ID="BT16086" LABEL="MainZone" DESCRIPTION="block type MainZone"/><OtherTag ID="BT16085" LABEL="DigitizationArtefactZone" DESCRIPTION="block type DigitizationArtefactZone"/><OtherTag ID="BT2" LABEL="Main" DESCRIPTION="block type Main"/><OtherTag ID="BT1" LABEL="Title" DESCRIPTION="block type Title"/>
    <OtherTag ID="LT4837" LABEL="DefaultLine" DESCRIPTION="line type DefaultLine"/><OtherTag ID="LT4838" LABEL="default" DESCRIPTION="line type default"/><OtherTag ID="LT4839" LABEL="HeadingLine:title" DESCRIPTION="line type HeadingLine:title"/>
  </Tags>
  
  <Layout>
    <Page WIDTH="1256"
          HEIGHT="1675"
          PHYSICAL_IMG_NR="6"
          ID="eSc_dummypage_">
      <PrintSpace HPOS="0"
                  VPOS="0"
                  WIDTH="1256"
                  HEIGHT="1675">
        
        <TextBlock HPOS="44"
                   VPOS="195"
                   WIDTH="971"
                   HEIGHT="1394"
                   ID="eSc_textblock_41def70a"
                   TAGREFS="BT16086">
          <Shape><Polygon POINTS="324 195 998 201 1015 346 1015 1461 1010 1522 959 1589 335 1589 95 1550 117 1501 83 1483 83 1451 106 1440 72 1427 83 1289 67 1282 61 1210 44 724 61 245 72 212 324 195"/></Shape>
          
          
          <TextLine ID="eSc_line_a356e143"
                    TAGREFS="LT4837"
                    BASELINE="90 263 606 244 970 237" 
                    HPOS="88"
                    VPOS="196"
                    WIDTH="882"
                    HEIGHT="91">
            <Shape><Polygon POINTS="954 201 940 201 936 201 892 205 885 201 884 201 870 201 856 199 853 199 848 202 835 209 789 209 779 205 771 199 758 199 757 199 751 205 746 212 723 212 716 206 704 198 702 198 688 198 674 198 662 198 653 206 637 198 632 198 618 198 604 198 597 196 572 198 571 198 537 213 528 217 493 214 479 214 466 203 466 202 465 202 463 202 462 202 461 202 434 213 357 205 356 205 354 205 321 221 318 223 312 221 262 210 177 210 176 210 174 210 129 228 88 230 90 263 90 284 117 280 127 284 131 287 132 287 134 287 135 287 136 287 136 286 139 284 148 277 171 283 192 287 194 287 231 280 245 279 255 280 286 284 287 284 289 284 303 277 315 272 349 272 354 276 361 281 363 281 364 281 366 283 398 283 398 281 399 281 400 281 412 273 416 270 420 273 428 280 430 280 431 280 433 280 434 280 468 272 473 270 480 270 529 277 530 277 532 277 563 268 575 263 585 266 602 273 603 273 604 273 652 263 672 261 704 261 706 262 715 269 715 270 716 270 718 270 719 270 767 263 783 269 785 269 786 269 787 269 789 269 803 258 804 256 807 258 825 266 827 266 828 266 829 266 855 256 859 255 863 255 898 263 899 263 901 263 902 263 902 262 912 254 933 261 934 261 936 261 937 261 970 251 970 237 966 201 954 201"/></Shape>
	    <String CONTENT="خواست که در جواب او گويد که اگر اين هم می خواهد که آنر اين کند"
                    HPOS="88"
                    VPOS="196"
                    WIDTH="882"
                    HEIGHT="91"
                    WC="0.8783287339740329"></String>
          </TextLine>

          
          
          <TextLine ID="eSc_line_4853a3ec"
                    TAGREFS="LT4837"
                    BASELINE="78 337 639 316 977 316" 
                    HPOS="76"
                    VPOS="269"
                    WIDTH="901"
                    HEIGHT="92">
            <Shape><Polygon POINTS="78 337 79 361 129 348 167 358 177 361 178 361 180 361 203 357 252 350 285 355 300 357 301 357 303 357 312 354 349 343 366 351 367 351 368 353 374 353 484 353 484 351 486 351 487 351 487 350 490 348 501 337 526 343 528 343 529 343 530 343 539 336 572 341 574 341 618 335 631 344 632 344 634 344 635 344 637 344 639 343 659 332 694 332 720 340 736 346 737 346 739 346 740 346 760 340 792 329 808 337 815 341 817 341 818 341 820 341 832 337 856 329 869 336 880 341 881 341 882 341 977 332 977 316 975 284 888 286 869 269 867 269 866 269 846 269 845 269 843 269 815 284 790 270 789 270 787 270 786 270 785 270 772 280 761 272 760 272 758 272 757 272 589 276 511 294 423 288 421 288 420 288 419 288 419 290 407 298 407 300 380 300 373 300 296 291 294 291 293 291 276 297 259 286 258 286 257 286 229 286 227 286 226 286 171 305 170 305 169 305 152 298 150 298 149 298 76 307 78 337"/></Shape>
	    <String CONTENT="واين راآن در آن حال اشارت به زمين و آسمان مى كردتا حضر"
                    HPOS="76"
                    VPOS="269"
                    WIDTH="901"
                    HEIGHT="92"
                    WC="0.9211113526110064"></String>
          </TextLine>

          
          
          <TextLine ID="eSc_line_be73826b"
                    TAGREFS="LT4837"
                    BASELINE="81 410 611 390 980 390" 
                    HPOS="79"
                    VPOS="336"
                    WIDTH="901"
                    HEIGHT="96">
            <Shape><Polygon POINTS="81 410 82 428 113 420 122 428 127 431 127 432 128 432 129 432 131 432 192 431 194 431 195 431 203 425 217 417 304 413 315 422 319 425 319 427 321 427 322 427 324 427 403 425 405 425 416 420 434 411 495 418 501 418 502 418 504 418 505 418 530 407 565 407 577 417 582 421 583 421 585 421 586 421 588 421 589 421 589 420 593 415 603 406 623 414 624 414 625 414 627 414 652 404 705 410 706 410 754 402 799 411 817 414 818 414 979 406 980 390 977 348 959 344 958 344 957 344 955 344 954 344 947 350 941 355 931 351 920 346 919 346 917 346 916 346 891 353 871 357 859 353 810 336 808 336 807 336 806 336 804 336 782 355 765 347 764 347 762 347 761 347 739 357 730 361 722 357 688 340 687 340 685 340 614 341 613 341 611 341 586 358 563 343 561 343 560 343 529 343 528 343 526 343 469 365 461 369 405 369 399 367 371 354 370 354 368 354 367 354 366 354 366 355 352 367 304 353 303 353 301 353 300 353 272 367 231 351 230 351 229 351 227 351 226 351 191 374 188 375 183 374 166 369 164 369 163 369 79 376 81 410"/></Shape>
	    <String CONTENT="اميراز روی قهر دروانکه کرد و گفت نه پرچه دانند نگويند"
                    HPOS="79"
                    VPOS="336"
                    WIDTH="901"
                    HEIGHT="96"
                    WC="0.825681598681324"></String>
          </TextLine>

          
          
          <TextLine ID="eSc_line_07b5346d"
                    TAGREFS="LT4837"
                    BASELINE="79 481 983 462" 
                    HPOS="78"
                    VPOS="414"
                    WIDTH="905"
                    HEIGHT="95">
            <Shape><Polygon POINTS="79 481 79 501 95 509 96 509 97 509 194 506 195 506 196 506 209 498 222 506 223 506 224 506 226 506 335 498 357 503 359 503 360 503 361 503 363 503 371 496 375 492 426 489 442 495 463 502 465 502 466 502 468 502 484 495 498 488 511 494 522 499 523 499 525 499 526 499 549 494 557 492 567 494 593 498 595 498 596 498 597 498 603 494 616 485 658 485 670 492 676 496 677 496 678 496 680 496 681 496 691 492 709 484 719 492 723 495 725 495 726 495 727 495 729 495 737 491 746 488 755 491 767 495 768 495 769 495 771 495 772 495 776 491 790 481 835 489 836 489 838 489 839 489 856 478 937 478 980 488 983 462 980 431 917 415 916 415 915 415 885 431 852 414 850 414 849 414 848 414 803 425 787 415 786 415 785 415 783 415 692 425 593 420 592 420 590 420 589 420 589 421 572 436 570 438 564 436 537 429 536 429 535 429 533 429 514 436 498 443 452 443 441 438 434 435 433 435 431 435 430 435 419 438 393 446 222 448 192 442 180 439 178 439 177 439 171 442 160 446 148 442 114 431 113 431 111 431 110 431 78 442 79 481"/></Shape>
	    <String CONTENT="چون سلمان راهم گريبان گرفته با جمعع فارسيان به بيعتی"
                    HPOS="78"
                    VPOS="414"
                    WIDTH="905"
                    HEIGHT="95"
                    WC="0.8975603356957436"></String>
          </TextLine>

          
          
          <TextLine ID="eSc_line_db1361c1"
                    TAGREFS="LT4837"
                    BASELINE="143 556 624 536 973 534" 
                    HPOS="142"
                    VPOS="489"
                    WIDTH="831"
                    HEIGHT="87">
            <Shape><Polygon POINTS="143 556 143 576 215 576 216 576 217 576 244 566 276 575 279 575 280 575 282 575 283 575 285 575 285 573 301 562 324 573 325 573 326 573 328 573 329 573 332 572 363 561 393 570 395 570 396 570 469 569 470 569 472 569 472 568 488 556 547 566 553 566 554 566 556 566 557 566 557 565 575 552 611 552 652 552 673 562 674 562 676 562 677 562 678 562 680 562 704 549 740 561 744 561 746 561 747 561 748 561 751 559 779 547 818 547 838 556 841 558 842 558 843 558 845 558 848 556 874 545 916 555 920 555 922 555 929 554 961 547 969 554 973 534 969 501 860 501 845 489 843 489 842 489 801 489 800 489 799 489 797 489 797 491 783 505 782 505 778 505 702 492 701 492 699 492 662 508 632 508 610 495 609 495 607 495 606 495 579 508 498 499 497 499 495 499 472 512 466 515 461 512 437 501 435 501 434 501 433 501 388 513 373 519 353 519 347 515 331 503 329 503 328 503 326 503 259 517 231 522 142 520 143 556"/></Shape>
	    <String CONTENT="حضرت امير ا مومنين علی دررسيد و گريبان او را از دست"
                    HPOS="142"
                    VPOS="489"
                    WIDTH="831"
                    HEIGHT="87"
                    WC="0.839198230528364"></String>
          </TextLine>

          
          
          <TextLine ID="eSc_line_21b20683"
                    TAGREFS="LT4837"
                    BASELINE="88 633 480 611 984 607" 
                    HPOS="86"
                    VPOS="555"
                    WIDTH="898"
                    HEIGHT="96">
            <Shape><Polygon POINTS="88 633 88 651 234 649 236 649 237 649 238 647 259 633 322 643 339 646 340 646 342 646 357 642 416 628 530 630 532 630 632 622 646 630 648 632 649 632 651 632 652 632 653 632 655 632 655 630 656 629 666 621 706 628 719 629 720 629 739 626 780 618 789 623 792 626 793 626 794 626 871 632 873 632 984 615 984 607 979 555 919 575 902 575 884 559 881 556 880 556 878 556 877 556 875 556 870 559 842 575 787 563 765 559 764 559 762 559 747 565 732 570 720 566 708 562 706 562 705 562 704 562 683 568 677 569 667 569 609 563 607 563 606 563 583 572 574 576 563 573 535 566 533 566 532 566 530 566 529 566 515 576 500 584 472 577 458 575 456 575 455 575 454 575 454 576 449 579 442 584 378 582 312 579 311 579 310 579 308 579 300 586 296 589 290 586 285 583 283 583 282 583 280 583 268 587 257 590 254 587 240 575 238 575 237 575 209 575 208 575 206 575 205 575 188 590 184 594 167 594 164 591 152 580 150 580 149 580 148 580 146 580 145 580 145 582 132 593 131 596 86 596 88 633"/></Shape>
	    <String CONTENT="خلاص کردو نه گذاشت که او را به بت برنر و سر آنکه خود"
                    HPOS="86"
                    VPOS="555"
                    WIDTH="898"
                    HEIGHT="96"
                    WC="0.9058668118602825"></String>
          </TextLine>

          
          
          <TextLine ID="eSc_line_8247e8f9"
                    TAGREFS="LT4837"
                    BASELINE="81 699 444 685 976 681" 
                    HPOS="79"
                    VPOS="630"
                    WIDTH="897"
                    HEIGHT="98">
            <Shape><Polygon POINTS="81 699 81 724 199 728 201 728 254 718 255 718 257 718 264 725 265 725 266 725 268 727 343 727 343 725 345 725 346 725 364 714 386 702 410 709 412 709 413 709 414 709 445 700 470 707 472 707 473 707 543 699 565 707 577 711 578 711 579 711 581 711 590 706 609 696 676 696 698 703 727 711 729 711 730 711 732 711 733 711 743 703 764 709 765 709 767 709 768 709 800 699 828 711 829 711 831 711 912 697 964 704 965 704 966 704 968 704 968 703 976 695 976 681 972 644 902 644 871 630 870 630 869 630 867 630 836 639 793 632 792 632 790 632 789 632 767 647 765 647 711 633 709 633 708 633 706 633 705 633 683 649 681 650 649 650 649 649 632 635 631 635 630 635 628 635 574 646 556 636 554 636 553 636 551 636 518 651 482 637 480 637 479 637 447 639 445 639 444 639 428 650 416 640 414 640 413 640 412 640 410 640 382 653 371 642 371 640 370 640 368 640 350 640 349 640 347 640 314 656 311 657 195 657 194 657 167 647 166 647 164 647 163 647 162 647 149 658 148 660 79 660 81 699"/></Shape>
	    <String CONTENT=" می گردان بود که در زنان حفرت محمد مصطفی عليه السلا ت"
                    HPOS="79"
                    VPOS="630"
                    WIDTH="897"
                    HEIGHT="98"
                    WC="0.8640355636488717"></String>
          </TextLine>

          
          
          <TextLine ID="eSc_line_c5559528"
                    TAGREFS="LT4837"
                    BASELINE="100 778 574 756 989 756" 
                    HPOS="99"
                    VPOS="706"
                    WIDTH="890"
                    HEIGHT="93">
            <Shape><Polygon POINTS="100 778 100 799 243 799 243 798 244 798 245 798 251 794 255 791 268 792 293 797 294 797 296 797 297 797 297 795 301 791 315 777 346 790 349 791 350 791 352 791 393 790 395 790 396 790 396 788 398 788 405 781 456 787 468 787 469 787 470 787 472 787 472 785 487 773 523 771 623 777 624 777 625 777 627 777 638 767 715 767 732 777 736 780 737 780 739 780 740 780 741 780 751 776 779 764 827 764 842 773 855 781 856 781 857 781 859 781 860 781 884 771 885 771 887 771 929 780 930 780 987 767 989 756 983 714 969 723 908 717 901 717 899 717 898 717 896 717 888 724 867 718 817 706 815 706 814 706 813 706 760 721 720 709 719 709 718 709 620 710 577 711 575 711 574 711 558 723 546 713 544 713 543 713 518 713 516 713 426 735 410 739 370 739 367 737 342 718 340 718 339 718 338 718 336 718 319 727 311 718 310 718 308 718 307 718 305 718 224 742 223 743 99 746 100 778"/></Shape>
	    <String CONTENT="او به همه جانه رسيده بود میخواست که برسد نا تمام کننده هم"
                    HPOS="99"
                    VPOS="706"
                    WIDTH="890"
                    HEIGHT="93"
                    WC="0.8895925581455231"></String>
          </TextLine>

          
          
          <TextLine ID="eSc_line_49fd8301"
                    TAGREFS="LT4837"
                    BASELINE="99 847 488 830 801 830 983 837" 
                    HPOS="97"
                    VPOS="780"
                    WIDTH="886"
                    HEIGHT="93">
            <Shape><Polygon POINTS="99 847 100 873 142 862 169 872 170 872 171 872 173 872 174 872 187 862 217 871 219 871 220 871 222 871 223 871 255 851 310 869 311 869 312 869 343 868 345 868 346 868 367 851 388 866 389 866 391 866 392 866 393 866 473 843 681 841 701 848 702 848 704 848 705 848 723 841 768 851 769 851 771 851 804 838 818 848 820 848 821 848 822 848 824 848 841 841 862 858 863 858 864 858 866 858 983 857 983 837 980 795 927 797 923 795 895 785 894 785 892 785 891 785 889 785 889 787 878 797 877 799 822 799 820 798 810 790 808 790 807 790 806 790 804 790 789 797 783 791 783 790 782 790 780 790 779 790 778 790 755 799 751 801 748 799 712 780 711 780 709 780 665 781 663 781 662 781 662 783 652 791 641 783 641 781 639 781 638 781 637 781 590 791 572 783 571 783 570 783 469 784 433 787 431 787 430 787 419 797 392 790 391 790 389 790 388 790 386 790 363 808 361 808 356 808 265 792 264 792 262 792 261 792 237 809 236 810 233 809 209 804 208 804 206 804 169 810 142 801 141 801 139 801 138 801 136 801 136 802 125 812 125 813 97 813 99 847"/></Shape>
	    <String CONTENT="كنابل نضاد نبودى كه مدار برآن داشتى پس آن شرفيعته"
                    HPOS="97"
                    VPOS="780"
                    WIDTH="886"
                    HEIGHT="93"
                    WC="0.8777291640347126"></String>
          </TextLine>

          
          
          <TextLine ID="eSc_line_6d076b5a"
                    TAGREFS="LT4837"
                    BASELINE="347 908 505 903 980 904" 
                    HPOS="346"
                    VPOS="852"
                    WIDTH="634"
                    HEIGHT="73">
            <Shape><Polygon POINTS="347 908 347 922 433 912 465 922 469 924 470 924 472 924 484 922 519 918 525 922 526 924 526 925 528 925 529 925 530 925 532 925 537 922 561 912 596 919 597 919 739 912 748 922 751 924 751 925 753 925 754 925 755 925 825 922 831 921 832 921 834 921 834 919 842 912 870 922 881 925 882 925 884 925 901 922 923 917 931 922 936 925 937 925 938 925 940 925 979 921 980 904 975 857 952 871 933 858 931 858 930 858 929 858 927 858 926 858 912 868 871 859 855 857 853 857 852 857 850 857 846 859 832 871 810 861 808 861 807 861 806 861 804 861 803 861 779 871 771 862 762 854 762 852 761 852 760 852 739 852 737 852 736 852 708 864 702 865 688 864 639 859 638 859 637 859 623 865 611 871 602 866 572 852 571 852 530 852 529 852 528 852 498 869 493 872 473 872 468 869 412 852 410 852 409 852 407 852 406 852 380 872 346 872 347 908"/></Shape>
	    <String CONTENT="یشد تا خود هم متابعت آن نمام کننده نه نمود"
                    HPOS="346"
                    VPOS="852"
                    WIDTH="634"
                    HEIGHT="73"
                    WC="0.883855213952619"></String>
          </TextLine>

          
          
          <TextLine ID="eSc_line_4beb8844"
                    TAGREFS="LT4837"
                    BASELINE="183 992 530 981 984 982" 
                    HPOS="181"
                    VPOS="921"
                    WIDTH="803"
                    HEIGHT="86">
            <Shape><Polygon POINTS="183 992 183 996 191 1005 191 1006 192 1006 194 1006 195 1007 300 1007 300 1006 301 1006 303 1006 303 1005 308 1000 318 1006 319 1006 321 1006 322 1006 386 993 405 1005 406 1005 407 1005 409 1005 410 1005 437 992 438 992 449 1000 451 1000 452 1000 454 1000 455 1000 456 1000 456 999 458 999 463 992 465 989 624 989 631 992 645 999 646 999 648 999 649 999 670 992 681 989 692 992 719 1002 720 1002 722 1002 723 1002 743 992 748 989 753 992 761 1000 762 1000 764 1000 765 1000 767 1000 787 992 797 989 801 992 811 1000 813 1000 814 1000 815 1000 984 992 984 982 982 944 905 944 903 944 894 938 892 938 891 938 889 938 888 938 874 944 873 944 856 938 855 938 853 938 852 938 850 938 842 944 841 944 815 922 815 921 814 921 813 921 811 921 810 921 779 932 758 921 757 921 755 921 754 921 753 921 734 936 690 932 688 932 687 932 673 939 648 922 646 922 645 922 609 922 607 922 606 922 604 922 604 924 597 931 590 925 590 924 589 924 588 924 586 924 547 932 508 924 507 924 505 924 504 924 504 925 494 933 462 924 461 924 459 924 458 924 438 933 406 925 405 925 403 925 402 925 400 925 375 947 374 949 356 950 181 949 183 992"/></Shape>
	    <String CONTENT="نمودندى چنانکه شرح اين گذشت که البته کون قضاد را"
                    HPOS="181"
                    VPOS="921"
                    WIDTH="803"
                    HEIGHT="86"
                    WC="0.9409407551089922"></String>
          </TextLine>

          
          
          <TextLine ID="eSc_line_d06f5c2f"
                    TAGREFS="LT4837"
                    BASELINE="111 1070 595 1056 991 1058" 
                    HPOS="110"
                    VPOS="1002"
                    WIDTH="881"
                    HEIGHT="88">
            <Shape><Polygon POINTS="111 1070 111 1090 170 1085 171 1085 173 1085 173 1084 184 1076 224 1087 226 1087 227 1087 229 1087 266 1077 280 1087 282 1088 283 1088 285 1088 286 1088 409 1085 410 1085 412 1085 414 1084 434 1072 473 1080 475 1080 521 1070 581 1077 582 1077 583 1077 585 1077 596 1069 630 1069 666 1077 676 1078 677 1078 695 1076 755 1066 767 1074 768 1074 769 1074 771 1074 772 1074 775 1074 797 1067 814 1073 827 1077 828 1077 829 1077 831 1077 846 1072 860 1067 874 1072 901 1078 902 1078 903 1078 905 1078 930 1070 941 1066 990 1067 991 1058 990 1023 905 1017 903 1017 902 1017 901 1017 901 1018 899 1018 895 1023 895 1025 848 1025 842 1024 815 1021 792 1002 790 1002 789 1002 787 1002 786 1002 712 1025 683 1007 681 1007 680 1007 678 1007 677 1007 653 1017 634 1003 632 1003 631 1003 550 1003 549 1003 493 1005 491 1005 490 1005 477 1013 465 1005 463 1005 462 1005 461 1005 459 1005 393 1028 350 1017 349 1017 347 1017 346 1017 314 1031 312 1032 312 1031 289 1010 289 1009 287 1009 286 1009 269 1009 268 1009 266 1009 265 1009 229 1032 227 1034 224 1032 203 1024 202 1024 201 1024 199 1024 198 1024 198 1025 188 1034 187 1034 176 1024 176 1023 174 1023 173 1023 171 1023 170 1023 169 1023 169 1024 157 1034 155 1035 110 1035 111 1070"/></Shape>
	    <String CONTENT="مانيت وجودی میسبايد زيرا که اگر ايشان باطل اند که نشند"
                    HPOS="110"
                    VPOS="1002"
                    WIDTH="881"
                    HEIGHT="88"
                    WC="0.8864247909298649"></String>
          </TextLine>

          
          
          <TextLine ID="eSc_line_04975a10"
                    TAGREFS="LT4837"
                    BASELINE="125 1143 553 1127 990 1132" 
                    HPOS="124"
                    VPOS="1074"
                    WIDTH="866"
                    HEIGHT="84">
            <Shape><Polygon POINTS="125 1143 125 1158 184 1151 210 1158 212 1158 213 1158 215 1158 216 1158 217 1158 230 1150 250 1157 251 1157 252 1157 254 1157 298 1144 409 1144 423 1152 424 1152 426 1152 427 1152 428 1152 459 1143 632 1139 658 1147 672 1152 673 1152 674 1152 676 1152 677 1152 685 1147 692 1141 699 1145 709 1151 711 1151 712 1152 776 1152 776 1151 778 1151 779 1151 787 1144 794 1139 800 1144 808 1150 810 1150 811 1150 813 1150 846 1143 848 1143 849 1143 873 1150 874 1150 875 1150 877 1150 878 1150 889 1141 899 1136 908 1141 916 1145 917 1145 919 1145 989 1139 990 1132 989 1097 929 1097 882 1081 881 1081 880 1081 878 1081 877 1081 852 1097 817 1097 796 1083 794 1083 793 1083 792 1083 790 1083 789 1083 776 1092 750 1074 748 1074 747 1074 716 1074 715 1074 713 1074 712 1074 684 1099 670 1099 660 1091 659 1091 658 1091 656 1091 655 1091 634 1097 603 1076 602 1076 600 1076 599 1076 597 1076 564 1084 455 1077 454 1077 452 1077 451 1077 430 1090 398 1078 396 1078 395 1078 393 1078 324 1104 297 1092 296 1092 294 1092 293 1092 266 1105 222 1105 196 1091 195 1091 194 1091 192 1091 191 1091 190 1091 181 1098 152 1092 150 1092 149 1092 124 1105 125 1143"/></Shape>
	    <String CONTENT="و قدر انشان راه يچ كس نه داند ديگر آنكه بدارو ردنق نماند ابل"
                    HPOS="124"
                    VPOS="1074"
                    WIDTH="866"
                    HEIGHT="84"
                    WC="0.926149278390603"></String>
          </TextLine>

          
          
          <TextLine ID="eSc_line_1ccd678b"
                    TAGREFS="LT4837"
                    BASELINE="134 1208 494 1197 990 1201" 
                    HPOS="132"
                    VPOS="1147"
                    WIDTH="858"
                    HEIGHT="79">
            <Shape><Polygon POINTS="134 1208 134 1226 238 1215 262 1225 264 1225 265 1225 266 1226 317 1226 317 1225 318 1225 319 1225 319 1224 321 1224 332 1212 350 1218 352 1218 353 1218 400 1207 430 1217 431 1217 433 1217 434 1217 461 1207 472 1217 472 1218 473 1218 475 1218 476 1218 477 1218 479 1218 479 1217 491 1207 529 1215 530 1215 532 1215 533 1215 543 1207 571 1215 572 1215 574 1215 575 1215 577 1215 589 1207 666 1207 680 1218 684 1221 685 1221 687 1221 688 1221 690 1221 691 1221 691 1219 695 1217 708 1206 741 1217 753 1219 754 1219 755 1219 757 1219 765 1215 789 1206 803 1215 811 1222 813 1222 814 1222 815 1222 817 1222 818 1222 818 1221 825 1215 827 1212 832 1215 850 1222 852 1222 853 1222 855 1222 870 1214 875 1211 881 1214 901 1222 902 1222 903 1222 979 1221 980 1221 982 1221 990 1212 990 1201 987 1171 929 1171 927 1171 917 1161 917 1159 916 1159 915 1159 874 1152 873 1152 871 1152 870 1152 870 1154 850 1171 850 1172 838 1172 838 1171 821 1157 820 1157 818 1157 817 1157 815 1157 803 1162 769 1147 768 1147 767 1147 765 1147 716 1164 672 1147 670 1147 669 1147 667 1147 641 1155 617 1148 616 1148 614 1148 613 1148 611 1148 599 1157 491 1148 490 1148 488 1148 487 1148 487 1150 463 1173 437 1173 413 1151 413 1150 412 1150 410 1150 409 1150 407 1150 381 1157 356 1150 354 1150 353 1150 352 1150 350 1150 332 1165 293 1166 257 1151 255 1151 254 1151 252 1151 251 1151 217 1175 132 1175 134 1208"/></Shape>
	    <String CONTENT="شرتب از طلب معرفت باز ماسند ون تابت شد که ايل قضادر"
                    HPOS="132"
                    VPOS="1147"
                    WIDTH="858"
                    HEIGHT="79"
                    WC="0.8804709800318176"></String>
          </TextLine>

          
          
          <TextLine ID="eSc_line_e8e3b878"
                    TAGREFS="LT4837"
                    BASELINE="125 1288 490 1275 993 1278" 
                    HPOS="124"
                    VPOS="1222"
                    WIDTH="869"
                    HEIGHT="84">
            <Shape><Polygon POINTS="125 1288 125 1306 268 1305 269 1305 271 1305 272 1303 296 1286 356 1295 357 1295 402 1286 426 1299 427 1299 428 1299 430 1299 465 1285 522 1285 533 1293 535 1293 536 1293 537 1293 539 1293 563 1285 625 1285 634 1292 635 1292 637 1292 638 1292 665 1286 673 1295 676 1296 676 1298 677 1298 678 1298 680 1298 681 1298 683 1298 687 1295 698 1286 713 1293 729 1300 730 1300 732 1300 733 1300 747 1293 762 1285 776 1292 789 1299 790 1299 792 1299 793 1299 794 1299 804 1292 806 1292 808 1292 882 1298 884 1298 885 1298 910 1291 970 1299 972 1299 973 1299 993 1288 993 1278 991 1232 980 1229 979 1229 977 1229 976 1229 975 1229 975 1231 972 1233 962 1245 874 1245 846 1236 825 1231 824 1231 822 1231 821 1231 807 1236 789 1246 760 1246 751 1238 740 1228 740 1226 739 1226 737 1226 736 1226 734 1226 723 1231 709 1222 708 1222 706 1222 705 1222 535 1229 501 1224 500 1224 400 1245 388 1249 374 1249 371 1246 354 1231 353 1231 352 1231 350 1231 349 1231 317 1247 294 1229 293 1229 291 1229 273 1229 272 1229 271 1229 269 1229 252 1240 240 1235 238 1235 237 1235 236 1235 215 1246 203 1239 202 1239 201 1239 199 1239 198 1239 196 1239 183 1250 124 1250 125 1288"/></Shape>
	    <String CONTENT="البته وجودی مبايد پس اگر شريفت ماقع فساد و ظلم ايشان"
                    HPOS="124"
                    VPOS="1222"
                    WIDTH="869"
                    HEIGHT="84"
                    WC="0.9129213060324008"></String>
          </TextLine>

          
          
          <TextLine ID="eSc_line_6755538d"
                    TAGREFS="LT4837"
                    BASELINE="125 1359 539 1348 987 1355" 
                    HPOS="124"
                    VPOS="1296"
                    WIDTH="863"
                    HEIGHT="83">
            <Shape><Polygon POINTS="125 1359 128 1379 150 1365 164 1377 166 1377 167 1377 169 1377 170 1377 216 1369 300 1374 345 1377 346 1377 347 1377 357 1373 378 1363 395 1372 399 1374 400 1374 402 1374 403 1374 405 1374 407 1372 427 1360 447 1360 461 1370 469 1377 470 1377 472 1377 473 1377 475 1377 488 1370 509 1359 564 1359 579 1367 581 1367 582 1367 583 1367 585 1367 613 1359 706 1365 733 1366 734 1366 736 1366 741 1365 753 1359 762 1363 783 1373 785 1373 786 1373 787 1373 808 1367 824 1374 825 1374 827 1376 919 1376 919 1374 986 1358 987 1355 984 1307 919 1319 905 1309 901 1305 899 1305 898 1305 846 1296 845 1296 843 1296 842 1296 827 1310 814 1321 741 1321 730 1312 712 1298 711 1298 709 1298 708 1298 659 1305 651 1298 649 1298 648 1298 577 1298 575 1298 574 1298 536 1309 491 1298 490 1298 488 1298 487 1298 486 1298 468 1309 366 1307 364 1307 363 1307 361 1307 346 1319 345 1321 342 1319 324 1305 322 1305 321 1305 319 1305 318 1305 317 1305 294 1320 291 1323 124 1323 125 1359"/></Shape>
	    <String CONTENT="شدى هيچ يک را زنده فگذاشتی و عالم روی بوپيرانی نهادی و"
                    HPOS="124"
                    VPOS="1296"
                    WIDTH="863"
                    HEIGHT="83"
                    WC="0.8917592145778515"></String>
          </TextLine>

          
          
          <TextLine ID="eSc_line_ef1c31ae"
                    TAGREFS="LT4837"
                    BASELINE="122 1436 551 1426 987 1430" 
                    HPOS="121"
                    VPOS="1374"
                    WIDTH="866"
                    HEIGHT="83">
            <Shape><Polygon POINTS="122 1436 122 1455 215 1457 216 1457 217 1457 220 1455 262 1440 308 1455 314 1457 315 1457 317 1457 318 1457 319 1457 321 1455 343 1439 363 1448 364 1448 366 1448 367 1448 392 1439 476 1439 493 1450 494 1450 495 1450 497 1450 498 1450 500 1450 514 1439 556 1439 585 1451 586 1451 588 1451 589 1451 590 1451 610 1437 634 1454 635 1454 637 1454 638 1454 639 1454 673 1437 760 1440 773 1450 775 1450 776 1450 936 1453 937 1453 938 1453 940 1453 941 1453 952 1444 984 1453 987 1430 982 1386 966 1398 922 1398 908 1387 906 1386 905 1386 903 1386 902 1386 901 1386 894 1387 867 1397 796 1397 785 1390 776 1383 775 1383 773 1383 772 1383 723 1383 716 1377 716 1376 715 1376 713 1376 712 1376 711 1376 691 1383 683 1376 683 1374 681 1374 680 1374 564 1374 563 1374 561 1374 560 1374 546 1386 535 1376 533 1376 532 1376 469 1376 468 1376 466 1376 465 1376 456 1383 448 1376 447 1376 445 1376 391 1376 389 1376 388 1376 386 1376 386 1377 363 1397 360 1401 286 1401 280 1398 250 1384 248 1384 247 1384 220 1386 219 1386 217 1386 217 1387 202 1400 201 1402 121 1402 122 1436"/></Shape>
	    <String CONTENT="فايده ايل ترتب درين عالم باطل بودى چنانکه سيه ناصر خرو"
                    HPOS="121"
                    VPOS="1374"
                    WIDTH="866"
                    HEIGHT="83"
                    WC="0.8811931946763286"></String>
          </TextLine>

          
          
          <TextLine ID="eSc_line_37f22030"
                    TAGREFS="LT4837"
                    BASELINE="688 1490 986 1496" 
                    HPOS="687"
                    VPOS="1441"
                    WIDTH="299"
                    HEIGHT="80">
            <Shape><Polygon POINTS="687 1503 715 1517 716 1517 718 1517 719 1517 720 1517 733 1506 780 1518 782 1518 783 1520 803 1520 803 1518 804 1518 806 1518 806 1517 815 1508 820 1506 832 1510 869 1520 870 1520 924 1521 926 1521 927 1521 944 1515 961 1508 982 1517 986 1496 984 1451 912 1458 864 1448 836 1443 835 1443 834 1443 817 1447 810 1450 803 1447 790 1443 789 1443 787 1443 786 1443 785 1443 780 1447 771 1455 754 1447 743 1441 741 1441 740 1441 739 1441 727 1446 709 1454 690 1446 688 1490 687 1503"/></Shape>
	    <String CONTENT="قدس الشد مسره ميفرنايد"
                    HPOS="687"
                    VPOS="1441"
                    WIDTH="299"
                    HEIGHT="80"
                    WC="0.81433290514079"></String>
          </TextLine>

          
          
          <TextLine ID="eSc_line_57ac69e7"
                    TAGREFS="LT4837"
                    BASELINE="208 1560 553 1556 916 1567" 
                    HPOS="206"
                    VPOS="1494"
                    WIDTH="710"
                    HEIGHT="101">
            <Shape><Polygon POINTS="208 1560 206 1585 251 1577 297 1587 307 1588 308 1588 310 1588 314 1587 333 1577 346 1587 347 1588 349 1588 350 1588 352 1588 363 1587 393 1580 427 1580 433 1585 435 1587 435 1588 437 1588 438 1588 440 1588 441 1588 447 1585 458 1580 468 1585 476 1589 477 1589 557 1591 558 1591 560 1591 561 1591 571 1584 578 1580 589 1584 606 1591 607 1591 609 1591 610 1591 630 1584 641 1580 646 1584 655 1591 656 1591 658 1591 659 1591 660 1591 680 1584 688 1581 754 1581 760 1582 785 1594 786 1594 787 1595 827 1595 827 1594 828 1594 850 1582 915 1582 916 1567 916 1520 880 1513 878 1513 877 1513 875 1513 869 1518 864 1522 783 1522 776 1518 754 1507 753 1507 648 1497 646 1497 645 1497 644 1497 611 1517 611 1518 610 1517 581 1497 579 1497 578 1497 577 1497 575 1497 550 1506 515 1497 514 1497 512 1497 511 1497 509 1497 494 1510 470 1500 469 1500 468 1500 466 1500 465 1500 465 1501 449 1517 448 1518 382 1518 380 1515 339 1494 338 1494 336 1494 335 1494 315 1501 301 1494 300 1494 298 1494 297 1494 296 1494 287 1503 259 1494 258 1494 257 1494 255 1494 254 1494 226 1515 208 1515 208 1560"/></Shape>
	    <String CONTENT="رانسان هست مشت ا كس خام كه عقل ديو مردم خواندش نام"
                    HPOS="206"
                    VPOS="1494"
                    WIDTH="710"
                    HEIGHT="101"
                    WC="0.917383645772934"></String>
          </TextLine>

          
        </TextBlock>
        
        <TextBlock HPOS="184"
                   VPOS="89"
                   WIDTH="418"
                   HEIGHT="77"
                   ID="eSc_textblock_40388c37"
                   TAGREFS="BT16093">
          <Shape><Polygon POINTS="502 89 602 89 585 94 602 132 563 166 468 143 184 143 201 117 279 100 428 122 430 100 502 89"/></Shape>
          
          
          <TextLine ID="eSc_line_246ed73f"
                    TAGREFS="LT4837"
                    BASELINE="518 121 571 118" 
                    HPOS="515"
                    VPOS="93"
                    WIDTH="56"
                    HEIGHT="46">
            <Shape><Polygon POINTS="518 121 518 138 570 139 571 118 567 93 515 93 518 121"/></Shape>
	    <String CONTENT=""
                    HPOS="515"
                    VPOS="93"
                    WIDTH="56"
                    HEIGHT="46"></String>
          </TextLine>

          
        </TextBlock>
        
        <TextBlock HPOS="83"
                   VPOS="61"
                   WIDTH="21"
                   HEIGHT="15"
                   ID="eSc_textblock_a53db64a"
                   TAGREFS="BT16085">
          <Shape><Polygon POINTS="85 61 104 61 104 71 83 76 85 61"/></Shape>
          
        </TextBlock>
        
        <TextBlock HPOS="983"
                   VPOS="27"
                   WIDTH="271"
                   HEIGHT="127"
                   ID="eSc_textblock_7d7140e9"
                   TAGREFS="BT16085">
          <Shape><Polygon POINTS="1253 27 1254 154 1250 138 1100 121 1110 104 1017 99 983 76 1000 55 1216 61 1253 27"/></Shape>
          
        </TextBlock>
        

        
      </PrintSpace>
    </Page>
  </Layout>
</alto>
