<?xml version="1.0" encoding="UTF-8"?>
<alto xmlns:xsi="http://www.w3.org/2001/XMLSchema-instance"
      xmlns="http://www.loc.gov/standards/alto/ns-v4#"
      xsi:schemaLocation="http://www.loc.gov/standards/alto/ns-v4# http://www.loc.gov/standards/alto/v4/alto-4-2.xsd">
  <Description>
    <MeasurementUnit>pixel</MeasurementUnit>
    <sourceImageInformation>
      <fileName>Rasail003.jpg</fileName>
      
    </sourceImageInformation>
  </Description>
  
  <Tags>
    <OtherTag ID="BT16094" LABEL="default" DESCRIPTION="block type default"/><OtherTag ID="BT16093" LABEL="NumberingZone:page" DESCRIPTION="block type NumberingZone:page"/><OtherTag ID="BT16092" LABEL="MarginTextZone:note" DESCRIPTION="block type MarginTextZone:note"/><OtherTag ID="BT16091" LABEL="TitlePageZone" DESCRIPTION="block type TitlePageZone"/><OtherTag ID="BT16090" LABEL="QuireMarksZone:catchwords" DESCRIPTION="block type QuireMarksZone:catchwords"/><OtherTag ID="BT16089" LABEL="NumberingZone:other" DESCRIPTION="block type NumberingZone:other"/><OtherTag ID="BT16088" LABEL="NumberingZone" DESCRIPTION="block type NumberingZone"/><OtherTag ID="BT16087" LABEL="MarginTextZone" DESCRIPTION="block type MarginTextZone"/><OtherTag ID="BT16086" LABEL="MainZone" DESCRIPTION="block type MainZone"/><OtherTag ID="BT16085" LABEL="DigitizationArtefactZone" DESCRIPTION="block type DigitizationArtefactZone"/><OtherTag ID="BT2" LABEL="Main" DESCRIPTION="block type Main"/><OtherTag ID="BT1" LABEL="Title" DESCRIPTION="block type Title"/>
    <OtherTag ID="LT4837" LABEL="DefaultLine" DESCRIPTION="line type DefaultLine"/><OtherTag ID="LT4838" LABEL="default" DESCRIPTION="line type default"/><OtherTag ID="LT4839" LABEL="HeadingLine:title" DESCRIPTION="line type HeadingLine:title"/>
  </Tags>
  
  <Layout>
    <Page WIDTH="1171"
          HEIGHT="1848"
          PHYSICAL_IMG_NR="31"
          ID="eSc_dummypage_">
      <PrintSpace HPOS="0"
                  VPOS="0"
                  WIDTH="1171"
                  HEIGHT="1848">
        
        <TextBlock HPOS="967"
                   VPOS="0"
                   WIDTH="202"
                   HEIGHT="1815"
                   ID="eSc_textblock_81752dfe"
                   TAGREFS="BT16085">
          <Shape><Polygon POINTS="1050 0 1169 0 1169 1815 1109 1784 1127 1650 1047 1637 1084 1612 1084 1472 1097 1513 1078 1242 1097 1127 1064 879 1009 1127 996 1507 967 1372 998 1039 973 905 1090 232 1041 86 1004 66 1050 0"/></Shape>
          
          
          <TextLine ID="eSc_line_e61c4871"
                    TAGREFS="LT4837"
                    BASELINE="1101 1629 1121 1630" 
                    HPOS="1100"
                    VPOS="1564"
                    WIDTH="23"
                    HEIGHT="89">
            <Shape><Polygon POINTS="1101 1629 1100 1653 1120 1647 1121 1630 1123 1567 1106 1564 1101 1629"/></Shape>
	    <String CONTENT=""
                    HPOS="1100"
                    VPOS="1564"
                    WIDTH="23"
                    HEIGHT="89"></String>
          </TextLine>

          
        </TextBlock>
        
        <TextBlock HPOS="419"
                   VPOS="43"
                   WIDTH="214"
                   HEIGHT="41"
                   ID="eSc_textblock_05bd1a5c"
                   TAGREFS="BT16093">
          <Shape><Polygon POINTS="432 43 583 43 633 53 530 84 419 60 432 43"/></Shape>
          
          
          <TextLine ID="eSc_line_02ffec5e"
                    TAGREFS="LT4837"
                    BASELINE="483 61 636 61" 
                    HPOS="483"
                    VPOS="41"
                    WIDTH="153"
                    HEIGHT="51">
            <Shape><Polygon POINTS="622 55 607 60 591 44 576 43 560 43 545 58 530 47 514 43 499 43 483 43 483 61 483 92 516 92 516 90 517 90 525 86 553 72 576 72 587 80 596 87 597 87 599 87 600 87 602 87 636 73 636 61 636 43 631 41 622 55"/></Shape>
	    <String CONTENT=""
                    HPOS="483"
                    VPOS="41"
                    WIDTH="153"
                    HEIGHT="51"></String>
          </TextLine>

          
        </TextBlock>
        
        <TextBlock HPOS="345"
                   VPOS="1755"
                   WIDTH="54"
                   HEIGHT="36"
                   ID="eSc_textblock_2f402b59"
                   TAGREFS="BT16093">
          <Shape><Polygon POINTS="352 1755 392 1761 399 1791 345 1791 352 1755"/></Shape>
          
          
          <TextLine ID="eSc_line_b7173c93"
                    TAGREFS="LT4837"
                    BASELINE="354 1778 366 1780" 
                    HPOS="352"
                    VPOS="1755"
                    WIDTH="14"
                    HEIGHT="37">
            <Shape><Polygon POINTS="355 1755 354 1778 352 1787 362 1792 366 1780 366 1755 355 1755"/></Shape>
	    <String CONTENT=""
                    HPOS="352"
                    VPOS="1755"
                    WIDTH="14"
                    HEIGHT="37"></String>
          </TextLine>

          
        </TextBlock>
        
        <TextBlock HPOS="1072"
                   VPOS="1700"
                   WIDTH="17"
                   HEIGHT="17"
                   ID="eSc_textblock_0baf36ea"
                   TAGREFS="BT16085">
          <Shape><Polygon POINTS="1077 1700 1089 1706 1089 1717 1072 1710 1077 1700"/></Shape>
          
        </TextBlock>
        
        <TextBlock HPOS="30"
                   VPOS="1755"
                   WIDTH="30"
                   HEIGHT="29"
                   ID="eSc_textblock_d960f326"
                   TAGREFS="BT16086">
          <Shape><Polygon POINTS="55 1755 60 1784 30 1784 30 1774 55 1755"/></Shape>
          
        </TextBlock>
        
        <TextBlock HPOS="579"
                   VPOS="55"
                   WIDTH="60"
                   HEIGHT="17"
                   ID="eSc_textblock_5ae02cfd"
                   TAGREFS="BT16090">
          <Shape><Polygon POINTS="610 55 639 72 579 72 579 61 610 55"/></Shape>
          
        </TextBlock>
        
        <TextBlock HPOS="517"
                   VPOS="36"
                   WIDTH="165"
                   HEIGHT="48"
                   ID="eSc_textblock_540b726c"
                   TAGREFS="BT16089">
          <Shape><Polygon POINTS="517 36 645 36 682 66 579 84 517 36"/></Shape>
          
        </TextBlock>
        
        <TextBlock HPOS="0"
                   VPOS="289"
                   WIDTH="1"
                   HEIGHT="2"
                   ID="eSc_textblock_ba141c24"
                   TAGREFS="BT16091">
          <Shape><Polygon POINTS="0 291 0 289 1 289 1 291 0 291"/></Shape>
          
        </TextBlock>
        
        <TextBlock HPOS="55"
                   VPOS="585"
                   WIDTH="11"
                   HEIGHT="54"
                   ID="eSc_textblock_9714c88a"
                   TAGREFS="BT16091">
          <Shape><Polygon POINTS="64 585 66 639 61 639 55 603 64 585"/></Shape>
          
        </TextBlock>
        
        <TextBlock HPOS="98"
                   VPOS="579"
                   WIDTH="17"
                   HEIGHT="47"
                   ID="eSc_textblock_a01e5382"
                   TAGREFS="BT16091">
          <Shape><Polygon POINTS="107 579 115 585 115 626 98 614 107 579"/></Shape>
          
        </TextBlock>
        
        <TextBlock HPOS="123"
                   VPOS="560"
                   WIDTH="35"
                   HEIGHT="85"
                   ID="eSc_textblock_f7481900"
                   TAGREFS="BT16091">
          <Shape><Polygon POINTS="134 560 158 620 123 645 123 566 134 560"/></Shape>
          
        </TextBlock>
        
        <TextBlock HPOS="665"
                   VPOS="498"
                   WIDTH="5"
                   HEIGHT="11"
                   ID="eSc_textblock_e4fa3edf"
                   TAGREFS="BT16091">
          <Shape><Polygon POINTS="670 498 670 509 665 509 665 498 670 498"/></Shape>
          
        </TextBlock>
        
        <TextBlock HPOS="992"
                   VPOS="1620"
                   WIDTH="41"
                   HEIGHT="29"
                   ID="eSc_textblock_7452d655"
                   TAGREFS="BT16085">
          <Shape><Polygon POINTS="1001 1620 1021 1620 1033 1643 992 1649 1001 1620"/></Shape>
          
        </TextBlock>
        
        <TextBlock HPOS="1140"
                   VPOS="1823"
                   WIDTH="29"
                   HEIGHT="23"
                   ID="eSc_textblock_4b9eebb7"
                   TAGREFS="BT16094">
          <Shape><Polygon POINTS="1152 1823 1169 1823 1169 1846 1140 1846 1152 1823"/></Shape>
          
        </TextBlock>
        
        <TextBlock HPOS="992"
                   VPOS="1724"
                   WIDTH="41"
                   HEIGHT="54"
                   ID="eSc_textblock_230eb9c3"
                   TAGREFS="BT16085">
          <Shape><Polygon POINTS="1013 1724 1033 1749 1027 1778 992 1754 1013 1724"/></Shape>
          
        </TextBlock>
        
        <TextBlock HPOS="1016"
                   VPOS="1823"
                   WIDTH="5"
                   HEIGHT="4"
                   ID="eSc_textblock_a287c419"
                   TAGREFS="BT16085">
          <Shape><Polygon POINTS="1020 1823 1021 1827 1016 1827 1016 1823 1020 1823"/></Shape>
          
        </TextBlock>
        

        
        <TextBlock ID="eSc_dummyblock_">
          
          
          <TextLine ID="eSc_line_b22f2275"
                    TAGREFS="LT4837"
                    BASELINE="283 364 301 361" 
                    HPOS="274"
                    VPOS="306"
                    WIDTH="29"
                    HEIGHT="77">
            <Shape><Polygon POINTS="283 364 286 383 303 381 301 361 289 306 274 311 283 364"/></Shape>
	    <String CONTENT=""
                    HPOS="274"
                    VPOS="306"
                    WIDTH="29"
                    HEIGHT="77"></String>
          </TextLine>

          
          
          <TextLine ID="eSc_line_872c14dd"
                    TAGREFS="LT4837"
                    BASELINE="1 910 141 907" 
                    HPOS="0"
                    VPOS="859"
                    WIDTH="141"
                    HEIGHT="81">
            <Shape><Polygon POINTS="1 910 3 940 33 927 87 937 89 937 90 937 92 937 112 925 137 937 141 907 138 868 53 859 52 859 50 859 49 859 26 879 24 880 0 880 1 910"/></Shape>
	    <String CONTENT=""
                    HPOS="0"
                    VPOS="859"
                    WIDTH="141"
                    HEIGHT="81"></String>
          </TextLine>

          
          
          <TextLine ID="eSc_line_f7d007e5"
                    TAGREFS="LT4837"
                    BASELINE="3 957 29 957" 
                    HPOS="3"
                    VPOS="928"
                    WIDTH="26"
                    HEIGHT="48">
            <Shape><Polygon POINTS="3 957 3 973 27 976 29 957 27 928 3 930 3 957"/></Shape>
	    <String CONTENT=""
                    HPOS="3"
                    VPOS="928"
                    WIDTH="26"
                    HEIGHT="48"></String>
          </TextLine>

          
          
          <TextLine ID="eSc_line_5b0a40af"
                    TAGREFS="LT4837"
                    BASELINE="3 1017 70 1011" 
                    HPOS="0"
                    VPOS="971"
                    WIDTH="72"
                    HEIGHT="73">
            <Shape><Polygon POINTS="3 1017 4 1044 72 1037 70 1011 66 974 41 971 40 971 38 971 0 990 3 1017"/></Shape>
	    <String CONTENT=""
                    HPOS="0"
                    VPOS="971"
                    WIDTH="72"
                    HEIGHT="73"></String>
          </TextLine>

          
          
          <TextLine ID="eSc_line_ed126135"
                    TAGREFS="LT4837"
                    BASELINE="701 1787 761 1797" 
                    HPOS="699"
                    VPOS="1754"
                    WIDTH="65"
                    HEIGHT="47">
            <Shape><Polygon POINTS="701 1787 699 1801 759 1801 761 1797 764 1761 705 1754 701 1787"/></Shape>
	    <String CONTENT=""
                    HPOS="699"
                    VPOS="1754"
                    WIDTH="65"
                    HEIGHT="47"></String>
          </TextLine>

          
          
          <TextLine ID="eSc_line_de55466f"
                    TAGREFS="LT4837"
                    BASELINE="6 1741 72 1734" 
                    HPOS="0"
                    VPOS="1641"
                    WIDTH="72"
                    HEIGHT="134">
            <Shape><Polygon POINTS="0 1687 6 1741 10 1775 72 1749 72 1734 58 1641 0 1673 0 1687"/></Shape>
	    <String CONTENT=""
                    HPOS="0"
                    VPOS="1641"
                    WIDTH="72"
                    HEIGHT="134"></String>
          </TextLine>

          
        </TextBlock>
        
      </PrintSpace>
    </Page>
  </Layout>
</alto>
