<?xml version="1.0" encoding="UTF-8"?>
<alto xmlns:xsi="http://www.w3.org/2001/XMLSchema-instance"
      xmlns="http://www.loc.gov/standards/alto/ns-v4#"
      xsi:schemaLocation="http://www.loc.gov/standards/alto/ns-v4# http://www.loc.gov/standards/alto/v4/alto-4-2.xsd">
  <Description>
    <MeasurementUnit>pixel</MeasurementUnit>
    <sourceImageInformation>
      <fileName>Rasail141.jpg</fileName>
      
    </sourceImageInformation>
  </Description>
  
  <Tags>
    <OtherTag ID="BT16094" LABEL="default" DESCRIPTION="block type default"/><OtherTag ID="BT16093" LABEL="NumberingZone:page" DESCRIPTION="block type NumberingZone:page"/><OtherTag ID="BT16092" LABEL="MarginTextZone:note" DESCRIPTION="block type MarginTextZone:note"/><OtherTag ID="BT16091" LABEL="TitlePageZone" DESCRIPTION="block type TitlePageZone"/><OtherTag ID="BT16090" LABEL="QuireMarksZone:catchwords" DESCRIPTION="block type QuireMarksZone:catchwords"/><OtherTag ID="BT16089" LABEL="NumberingZone:other" DESCRIPTION="block type NumberingZone:other"/><OtherTag ID="BT16088" LABEL="NumberingZone" DESCRIPTION="block type NumberingZone"/><OtherTag ID="BT16087" LABEL="MarginTextZone" DESCRIPTION="block type MarginTextZone"/><OtherTag ID="BT16086" LABEL="MainZone" DESCRIPTION="block type MainZone"/><OtherTag ID="BT16085" LABEL="DigitizationArtefactZone" DESCRIPTION="block type DigitizationArtefactZone"/><OtherTag ID="BT2" LABEL="Main" DESCRIPTION="block type Main"/><OtherTag ID="BT1" LABEL="Title" DESCRIPTION="block type Title"/>
    <OtherTag ID="LT4837" LABEL="DefaultLine" DESCRIPTION="line type DefaultLine"/><OtherTag ID="LT4838" LABEL="default" DESCRIPTION="line type default"/><OtherTag ID="LT4839" LABEL="HeadingLine:title" DESCRIPTION="line type HeadingLine:title"/>
  </Tags>
  
  <Layout>
    <Page WIDTH="1244"
          HEIGHT="1654"
          PHYSICAL_IMG_NR="4"
          ID="eSc_dummypage_">
      <PrintSpace HPOS="0"
                  VPOS="0"
                  WIDTH="1244"
                  HEIGHT="1654">
        
        <TextBlock HPOS="44"
                   VPOS="148"
                   WIDTH="1051"
                   HEIGHT="1438"
                   ID="eSc_textblock_e59d9339"
                   TAGREFS="BT16086">
          <Shape><Polygon POINTS="391 148 973 165 1028 215 1078 303 1095 1376 1089 1503 1056 1586 88 1586 49 1558 44 733 71 253 110 219 104 181 121 176 391 148"/></Shape>
          
          
          <TextLine ID="eSc_line_75dc81ea"
                    TAGREFS="LT4837"
                    BASELINE="744 212 751 210" 
                    HPOS="735"
                    VPOS="169"
                    WIDTH="19"
                    HEIGHT="61">
            <Shape><Polygon POINTS="744 212 748 230 754 227 751 210 739 169 735 170 744 212"/></Shape>
	    <String CONTENT=""
                    HPOS="735"
                    VPOS="169"
                    WIDTH="19"
                    HEIGHT="61"></String>
          </TextLine>

          
          
          <TextLine ID="eSc_line_138d8b52"
                    TAGREFS="LT4837"
                    BASELINE="393 212 613 216" 
                    HPOS="391"
                    VPOS="161"
                    WIDTH="222"
                    HEIGHT="88">
            <Shape><Polygon POINTS="393 212 391 227 471 235 488 248 489 248 490 248 572 249 573 249 575 249 576 249 593 234 595 232 610 234 613 216 612 176 508 181 495 169 486 164 486 162 485 162 484 162 438 161 437 161 435 161 434 161 434 162 428 166 423 172 393 165 393 212"/></Shape>
	    <String CONTENT="خورى با مرکسى"
                    HPOS="391"
                    VPOS="161"
                    WIDTH="222"
                    HEIGHT="88"
                    WC="0.9477224946022034"></String>
          </TextLine>

          
          
          <TextLine ID="eSc_line_d821138f"
                    TAGREFS="LT4837"
                    BASELINE="874 334 977 326" 
                    HPOS="867"
                    VPOS="261"
                    WIDTH="110"
                    HEIGHT="94">
            <Shape><Polygon POINTS="874 334 874 345 925 355 926 355 928 355 977 339 977 326 972 272 939 261 937 261 936 261 935 261 933 261 921 270 908 278 896 267 895 266 893 266 892 266 867 266 874 334"/></Shape>
	    <String CONTENT="و سر گر"
                    HPOS="867"
                    VPOS="261"
                    WIDTH="110"
                    HEIGHT="94"
                    WC="0.7927344867161342"></String>
          </TextLine>

          
          
          <TextLine ID="eSc_line_a83bed88"
                    TAGREFS="LT4837"
                    BASELINE="682 279 779 274" 
                    HPOS="679"
                    VPOS="242"
                    WIDTH="100"
                    HEIGHT="68">
            <Shape><Polygon POINTS="682 279 684 310 706 310 706 308 707 308 714 304 740 290 779 294 779 274 775 242 679 249 682 279"/></Shape>
	    <String CONTENT="زروی"
                    HPOS="679"
                    VPOS="242"
                    WIDTH="100"
                    HEIGHT="68"
                    WC="0.8597633391618729"></String>
          </TextLine>

          
          
          <TextLine ID="eSc_line_c6c818b4"
                    TAGREFS="LT4837"
                    BASELINE="390 275 420 275" 
                    HPOS="390"
                    VPOS="238"
                    WIDTH="30"
                    HEIGHT="69">
            <Shape><Polygon POINTS="390 275 390 301 419 307 420 275 420 239 390 238 390 275"/></Shape>
	    <String CONTENT=""
                    HPOS="390"
                    VPOS="238"
                    WIDTH="30"
                    HEIGHT="69"></String>
          </TextLine>

          
          
          <TextLine ID="eSc_line_c15df4cd"
                    TAGREFS="LT4837"
                    BASELINE="817 420 1046 413" 
                    HPOS="815"
                    VPOS="361"
                    WIDTH="231"
                    HEIGHT="77">
            <Shape><Polygon POINTS="817 420 817 438 882 430 892 436 893 436 895 436 896 436 936 428 964 435 965 435 966 435 968 435 1001 425 1045 432 1046 413 1042 366 1015 372 992 368 948 361 947 361 946 361 914 372 900 377 815 377 817 420"/></Shape>
	    <String CONTENT="شد پس برو"
                    HPOS="815"
                    VPOS="361"
                    WIDTH="231"
                    HEIGHT="77"
                    WC="0.9435555471314324"></String>
          </TextLine>

          
          
          <TextLine ID="eSc_line_9a93f6d2"
                    TAGREFS="LT4837"
                    BASELINE="882 483 970 479" 
                    HPOS="879"
                    VPOS="434"
                    WIDTH="91"
                    HEIGHT="70">
            <Shape><Polygon POINTS="882 483 884 504 913 493 926 497 939 501 940 501 941 501 943 501 970 490 970 479 964 434 946 441 936 439 915 435 914 435 913 435 911 435 911 436 903 445 900 449 879 449 882 483"/></Shape>
	    <String CONTENT="تواما "
                    HPOS="879"
                    VPOS="434"
                    WIDTH="91"
                    HEIGHT="70"
                    WC="0.7639747361342112"></String>
          </TextLine>

          
          
          <TextLine ID="eSc_line_ffdf3ba0"
                    TAGREFS="LT4837"
                    BASELINE="754 425 810 421" 
                    HPOS="750"
                    VPOS="383"
                    WIDTH="60"
                    HEIGHT="59">
            <Shape><Polygon POINTS="754 425 754 442 810 430 810 421 805 383 750 390 754 425"/></Shape>
	    <String CONTENT="وفه"
                    HPOS="750"
                    VPOS="383"
                    WIDTH="60"
                    HEIGHT="59"
                    WC="0.7211690843105316"></String>
          </TextLine>

          
          
          <TextLine ID="eSc_line_e2ea18c7"
                    TAGREFS="LT4837"
                    BASELINE="70 358 333 356 524 366 641 365" 
                    HPOS="68"
                    VPOS="304"
                    WIDTH="573"
                    HEIGHT="90">
            <Shape><Polygon POINTS="70 358 68 370 137 380 146 388 146 390 147 390 148 390 150 391 187 391 187 390 188 390 190 390 190 388 197 383 206 388 208 388 209 388 211 388 212 388 235 376 242 373 412 374 420 383 427 388 428 388 430 388 431 388 455 383 468 380 484 384 514 394 515 394 517 394 639 388 641 365 639 334 466 333 462 330 393 307 391 307 328 307 326 307 325 307 324 307 304 321 264 305 263 305 262 305 260 305 208 323 180 307 179 307 177 307 176 307 175 307 139 323 95 304 93 304 92 304 91 304 89 304 70 318 70 358"/></Shape>
	    <String CONTENT="وقت خورد و بر ديگران دند حسلال می پواند"
                    HPOS="68"
                    VPOS="304"
                    WIDTH="573"
                    HEIGHT="90"
                    WC="0.8426389014109587"></String>
          </TextLine>

          
          
          <TextLine ID="eSc_line_b7a34cae"
                    TAGREFS="LT4837"
                    BASELINE="255 430 551 438" 
                    HPOS="253"
                    VPOS="381"
                    WIDTH="298"
                    HEIGHT="84">
            <Shape><Polygon POINTS="255 430 253 445 286 445 296 447 319 457 321 457 322 457 324 457 325 457 336 449 343 445 397 445 413 452 452 464 453 464 502 465 503 465 550 454 551 438 551 402 513 387 511 387 510 387 508 387 507 387 507 388 492 401 438 394 437 394 435 394 416 399 406 390 406 388 405 388 404 388 402 388 401 388 399 388 390 395 355 381 354 381 322 381 321 381 319 381 318 381 318 383 307 391 277 383 275 383 274 383 273 383 271 383 255 391 255 430"/></Shape>
	    <String CONTENT="و حکيم هزاری فرمايد"
                    HPOS="253"
                    VPOS="381"
                    WIDTH="298"
                    HEIGHT="84"
                    WC="0.8803500266451585"></String>
          </TextLine>

          
          
          <TextLine ID="eSc_line_244abc8b"
                    TAGREFS="LT4837"
                    BASELINE="861 563 1049 567" 
                    HPOS="860"
                    VPOS="512"
                    WIDTH="189"
                    HEIGHT="80">
            <Shape><Polygon POINTS="860 570 917 583 918 583 955 576 966 573 970 576 986 589 986 591 987 591 988 591 990 592 1032 592 1032 591 1034 591 1035 591 1048 580 1049 567 1049 532 991 532 981 525 970 515 969 515 968 515 966 515 922 518 886 521 863 512 861 563 860 570"/></Shape>
	    <String CONTENT="ل وزن"
                    HPOS="860"
                    VPOS="512"
                    WIDTH="189"
                    HEIGHT="80"
                    WC="0.8299993991851806"></String>
          </TextLine>

          
          
          <TextLine ID="eSc_line_1c611fde"
                    TAGREFS="LT4837"
                    BASELINE="68 503 296 501 517 511" 
                    HPOS="67"
                    VPOS="449"
                    WIDTH="450"
                    HEIGHT="87">
            <Shape><Polygon POINTS="68 503 67 518 132 518 133 518 142 527 142 529 143 529 144 529 146 529 216 527 217 527 219 527 227 521 228 521 321 527 322 527 324 527 342 522 343 522 344 522 353 530 353 532 354 532 355 532 357 532 358 532 379 523 380 523 439 534 441 536 504 536 504 534 506 534 507 534 515 526 517 511 517 472 431 456 430 456 428 456 390 465 366 452 365 452 364 452 362 452 361 452 325 464 279 464 267 452 267 450 266 450 264 450 246 450 245 450 244 450 242 450 226 463 205 449 204 449 202 449 171 449 169 449 168 449 137 464 68 464 68 503"/></Shape>
	    <String CONTENT="به تحقيقی بيقين بدانکه بر تو زرد"
                    HPOS="67"
                    VPOS="449"
                    WIDTH="450"
                    HEIGHT="87"
                    WC="0.8958151619881392"></String>
          </TextLine>

          
          
          <TextLine ID="eSc_line_b3f9b8a5"
                    TAGREFS="LT4837"
                    BASELINE="89 662 577 662 886 645 1053 645" 
                    HPOS="88"
                    VPOS="599"
                    WIDTH="965"
                    HEIGHT="92">
            <Shape><Polygon POINTS="89 662 89 676 148 691 150 691 213 690 215 690 216 690 216 689 227 679 241 683 242 683 244 683 245 683 267 675 282 669 314 675 375 685 376 685 377 685 379 685 393 674 399 668 406 674 427 687 428 687 430 687 431 687 433 687 434 687 446 679 492 686 493 686 664 683 666 683 667 683 682 671 685 668 689 671 710 682 711 682 713 682 768 669 809 661 850 661 861 669 863 671 864 671 866 671 867 671 868 671 874 668 899 660 965 668 972 668 973 668 975 668 976 668 990 658 1031 658 1050 667 1053 645 1052 611 1002 599 1001 599 999 599 857 607 839 602 838 602 837 602 835 602 834 602 821 613 806 627 786 627 764 613 758 609 757 609 755 609 754 609 753 609 743 613 713 628 477 629 433 618 431 618 430 618 428 618 394 627 364 613 355 610 354 610 353 610 351 610 340 613 318 620 311 613 308 611 308 610 307 610 306 610 271 610 270 610 268 610 267 610 263 613 237 631 165 623 164 623 162 623 161 623 147 635 111 613 110 613 108 613 107 613 88 613 89 662"/></Shape>
	    <String CONTENT="اورا بی معجز و تشان نتوانی بشناخت پس بعد قول چه چي"
                    HPOS="88"
                    VPOS="599"
                    WIDTH="965"
                    HEIGHT="92"
                    WC="0.92954705119133"></String>
          </TextLine>

          
          
          <TextLine ID="eSc_line_fbdfec0f"
                    TAGREFS="LT4837"
                    BASELINE="75 578 399 583" 
                    HPOS="74"
                    VPOS="529"
                    WIDTH="325"
                    HEIGHT="73">
            <Shape><Polygon POINTS="75 578 74 596 197 595 201 595 220 602 222 602 223 602 224 602 226 602 237 595 241 592 256 594 297 600 299 600 366 592 376 599 377 599 379 599 380 599 382 599 398 591 399 583 399 543 376 529 375 529 373 529 326 529 325 529 324 529 322 529 303 545 300 548 279 548 274 545 246 529 245 529 244 529 242 529 175 544 151 529 150 529 148 529 147 529 146 529 144 529 144 530 126 545 126 547 75 547 75 578"/></Shape>
	    <String CONTENT="و منشور نه تواند شد"
                    HPOS="74"
                    VPOS="529"
                    WIDTH="325"
                    HEIGHT="73"
                    WC="0.9165742522791812"></String>
          </TextLine>

          
          
          <TextLine ID="eSc_line_3d52dec9"
                    TAGREFS="LT4837"
                    BASELINE="73 719 470 731 857 720 1056 723" 
                    HPOS="73"
                    VPOS="674"
                    WIDTH="983"
                    HEIGHT="84">
            <Shape><Polygon POINTS="73 719 73 733 110 733 154 755 155 755 157 755 158 755 204 741 257 756 259 756 260 756 288 755 289 755 291 755 311 738 324 748 325 748 326 748 377 753 379 753 380 753 412 737 446 756 448 756 449 758 568 758 568 756 569 756 570 756 579 749 642 756 644 756 645 756 646 756 663 745 739 744 740 744 741 744 754 736 755 736 780 745 781 745 783 745 784 745 802 736 805 736 947 736 951 737 972 749 973 749 975 749 976 749 1055 737 1056 723 1053 675 1013 687 970 675 968 675 966 675 817 675 816 675 815 675 810 676 773 697 718 697 675 679 674 679 673 679 671 679 670 679 646 696 434 696 410 680 409 679 408 679 406 679 405 679 404 679 402 679 401 680 386 693 318 694 291 682 271 674 270 674 268 674 267 674 266 674 252 682 245 686 209 685 208 685 206 685 188 693 169 683 157 678 155 678 154 678 153 678 137 683 126 687 119 683 106 676 104 676 103 676 102 676 73 683 73 719"/></Shape>
	    <String CONTENT="دليل او نوان کرد ودر اكثر فصول اين مضمون واقع شده اهست"
                    HPOS="73"
                    VPOS="674"
                    WIDTH="983"
                    HEIGHT="84"
                    WC="0.912675651135268"></String>
          </TextLine>

          
          
          <TextLine ID="eSc_line_08babe3c"
                    TAGREFS="LT4837"
                    BASELINE="77 811 601 809 838 798 1060 795" 
                    HPOS="75"
                    VPOS="749"
                    WIDTH="985"
                    HEIGHT="91">
            <Shape><Polygon POINTS="77 811 77 828 139 818 155 828 165 835 166 835 168 835 169 835 171 835 191 827 197 825 199 827 215 839 216 839 217 839 219 840 263 840 263 839 264 839 285 828 295 833 296 833 297 833 299 833 300 833 313 824 326 815 368 815 406 822 427 825 428 825 430 825 431 825 437 821 438 820 441 821 462 836 463 836 464 836 466 836 569 835 570 835 572 835 580 828 635 835 637 835 739 822 740 822 764 814 773 810 805 810 809 813 815 818 816 818 817 818 819 818 928 810 947 809 950 809 981 822 983 822 984 822 986 822 1009 810 1060 806 1060 795 1057 753 892 749 890 749 889 749 874 758 861 764 845 759 821 751 820 751 819 751 817 751 816 751 802 759 787 769 770 760 766 759 765 759 764 759 762 759 755 760 730 769 719 762 708 755 707 755 706 755 704 755 703 755 677 763 671 764 666 763 645 756 644 756 642 756 641 756 639 756 628 764 620 770 544 771 525 767 508 763 507 763 506 763 504 763 503 763 503 764 499 767 492 774 413 774 401 770 358 756 357 756 355 756 286 769 252 763 251 763 249 763 227 776 226 776 223 776 193 767 191 767 190 767 188 767 187 767 173 777 172 778 144 778 144 777 128 764 126 764 125 764 124 764 122 764 75 778 77 811"/></Shape>
	    <String CONTENT="که محق را که حجت است به حق که کلمته الحق است معجز علم استمی"
                    HPOS="75"
                    VPOS="749"
                    WIDTH="985"
                    HEIGHT="91"
                    WC="0.9077214234966343"></String>
          </TextLine>

          
          
          <TextLine ID="eSc_line_90217c1e"
                    TAGREFS="LT4837"
                    BASELINE="82 879 608 877 839 869 1048 873" 
                    HPOS="81"
                    VPOS="821"
                    WIDTH="967"
                    HEIGHT="84">
            <Shape><Polygon POINTS="82 879 82 887 97 898 99 898 100 898 102 898 137 893 165 905 166 905 168 905 169 905 205 893 237 904 238 904 239 904 241 904 279 887 292 882 370 882 412 882 434 890 470 904 471 904 473 904 532 895 553 904 554 904 555 905 659 905 659 904 660 904 661 904 674 895 697 880 740 889 741 889 743 889 766 880 860 882 877 894 878 894 879 894 881 894 882 894 884 894 903 879 980 879 1008 901 1009 901 1010 901 1012 902 1046 902 1048 873 1046 839 1005 833 990 821 988 821 987 821 948 821 947 821 866 828 864 828 839 840 834 843 823 840 799 835 798 835 797 835 795 835 794 835 787 840 784 844 755 844 750 842 725 832 724 832 722 832 667 842 650 844 635 843 580 833 579 833 577 833 576 833 565 843 562 846 535 846 532 843 508 832 507 832 506 832 504 832 486 838 464 824 463 824 462 824 460 824 459 824 427 836 412 824 410 824 409 824 379 824 377 824 376 824 375 824 354 838 336 825 335 825 333 825 307 825 306 825 304 825 238 846 199 827 198 827 197 827 195 827 194 827 179 839 81 847 82 879"/></Shape>
	    <String CONTENT="ايد شناخت ودر معضی جايا که واقع شد که در کون حقيقت"
                    HPOS="81"
                    VPOS="821"
                    WIDTH="967"
                    HEIGHT="84"
                    WC="0.8990242332220078"></String>
          </TextLine>

          
          
          <TextLine ID="eSc_line_2733dfb5"
                    TAGREFS="LT4837"
                    BASELINE="73 952 1057 948" 
                    HPOS="71"
                    VPOS="895"
                    WIDTH="986"
                    HEIGHT="82">
            <Shape><Polygon POINTS="73 952 73 971 124 977 125 977 126 977 146 971 165 966 173 971 179 975 180 975 182 975 183 975 184 975 197 971 213 964 268 964 279 970 285 974 286 974 288 974 289 974 291 974 292 974 296 970 300 966 308 970 313 971 314 971 315 971 330 970 372 964 382 970 397 977 398 977 399 977 441 968 471 963 488 968 508 975 510 975 511 977 553 977 553 975 554 975 555 975 565 967 568 966 570 967 584 975 586 975 587 977 617 977 617 975 619 975 620 975 631 967 634 966 642 967 684 975 685 975 686 975 688 975 697 967 703 962 769 962 775 966 784 974 786 974 787 974 788 975 823 975 823 974 892 964 921 962 930 964 954 973 955 973 1016 974 1017 974 1019 974 1020 974 1031 964 1035 962 1056 963 1057 948 1055 919 1001 913 977 895 976 895 975 895 973 895 885 902 870 895 868 895 775 895 773 895 772 895 696 919 670 909 668 909 667 909 666 909 637 920 497 920 475 905 474 905 473 905 471 905 470 905 468 905 462 911 450 901 449 901 448 901 401 897 399 897 351 898 350 898 348 898 324 917 313 909 311 909 310 909 308 909 307 909 285 919 274 909 274 908 273 908 271 908 270 908 216 920 193 908 191 908 190 908 128 920 103 908 102 908 100 908 99 908 71 920 73 952"/></Shape>
	    <String CONTENT="معنی اين کلمته الحق که ايام زمان است از محق که بخت است می بايد"
                    HPOS="71"
                    VPOS="895"
                    WIDTH="986"
                    HEIGHT="82"
                    WC="0.8794510749078566"></String>
          </TextLine>

          
          
          <TextLine ID="eSc_line_5dfe2e2f"
                    TAGREFS="LT4837"
                    BASELINE="93 1035 1061 1024" 
                    HPOS="92"
                    VPOS="974"
                    WIDTH="969"
                    HEIGHT="83">
            <Shape><Polygon POINTS="93 1035 93 1043 150 1055 151 1057 202 1057 202 1055 204 1055 205 1055 222 1044 315 1054 317 1054 318 1054 362 1042 575 1051 576 1051 577 1051 608 1039 637 1047 638 1047 639 1047 641 1047 668 1039 684 1048 685 1048 686 1048 688 1048 726 1042 780 1048 781 1048 783 1048 826 1036 1028 1046 1030 1046 1031 1046 1061 1032 1061 1024 1060 984 1039 978 1038 978 1037 978 1035 978 1020 984 1004 992 951 992 941 985 924 977 922 977 921 977 919 977 918 977 904 986 899 991 895 986 881 974 879 974 878 974 837 974 835 974 834 974 809 988 801 993 795 988 781 975 780 975 779 975 761 975 759 975 758 975 757 975 741 989 736 995 628 995 622 992 591 978 590 978 588 978 587 978 586 978 566 993 561 997 543 997 537 993 504 978 503 978 502 978 500 978 453 995 395 979 394 979 335 979 333 979 332 979 330 979 319 988 226 981 224 981 223 981 180 997 137 986 136 986 135 986 133 986 92 1002 93 1035"/></Shape>
	    <String CONTENT="شنيد و بعد از ان بحجت او اقرار بايد کردد غرض از شنيدن"
                    HPOS="92"
                    VPOS="974"
                    WIDTH="969"
                    HEIGHT="83"
                    WC="0.8932100090215791"></String>
          </TextLine>

          
          
          <TextLine ID="eSc_line_7e1043a4"
                    TAGREFS="LT4837"
                    BASELINE="85 1098 1061 1108" 
                    HPOS="84"
                    VPOS="1051"
                    WIDTH="977"
                    HEIGHT="81">
            <Shape><Polygon POINTS="85 1098 84 1106 157 1124 226 1126 227 1126 228 1126 249 1119 288 1126 289 1126 291 1126 292 1126 303 1116 311 1123 313 1123 314 1123 315 1123 317 1123 355 1110 358 1110 359 1110 384 1127 386 1127 387 1127 388 1127 445 1120 510 1128 511 1128 513 1128 530 1119 595 1115 627 1113 642 1116 710 1128 711 1128 713 1128 714 1128 730 1117 735 1115 770 1115 776 1117 787 1127 788 1127 790 1127 791 1127 793 1127 810 1119 816 1116 823 1119 850 1127 852 1127 853 1127 855 1127 873 1119 879 1116 918 1116 922 1120 936 1131 936 1132 937 1132 939 1132 940 1132 987 1121 1017 1132 1019 1132 1020 1132 1021 1132 1023 1132 1038 1121 1045 1117 1057 1121 1061 1108 1061 1073 1037 1072 1021 1058 1020 1058 1019 1058 972 1058 970 1058 969 1058 926 1072 922 1072 911 1070 781 1055 780 1055 744 1057 743 1057 741 1057 728 1069 686 1058 685 1058 684 1058 682 1058 681 1058 667 1069 657 1062 656 1062 655 1062 653 1062 606 1068 591 1055 591 1054 590 1054 588 1054 587 1054 586 1054 550 1064 528 1054 526 1054 525 1054 524 1054 490 1062 446 1053 445 1053 444 1053 419 1065 375 1062 362 1051 361 1051 359 1051 326 1051 325 1051 324 1051 322 1051 304 1065 303 1065 300 1065 227 1058 226 1058 224 1058 205 1064 186 1054 184 1054 183 1054 182 1054 159 1064 131 1054 129 1054 128 1054 85 1062 85 1098"/></Shape>
	    <String CONTENT="اين شنيد معنی اوست که نفی باطل و اثبات امامت"
                    HPOS="84"
                    VPOS="1051"
                    WIDTH="977"
                    HEIGHT="81"
                    WC="0.9044850671833212"></String>
          </TextLine>

          
          
          <TextLine ID="eSc_line_ed5a7092"
                    TAGREFS="LT4837"
                    BASELINE="89 1183 401 1177 1064 1182" 
                    HPOS="89"
                    VPOS="1123"
                    WIDTH="975"
                    HEIGHT="78">
            <Shape><Polygon POINTS="89 1183 89 1200 161 1200 161 1199 162 1199 164 1199 186 1185 227 1199 228 1199 230 1200 271 1200 271 1199 273 1199 274 1199 284 1190 326 1199 328 1199 329 1199 330 1199 355 1185 478 1185 569 1200 573 1200 575 1201 635 1201 635 1200 637 1200 663 1190 682 1200 684 1200 685 1200 686 1200 708 1190 719 1200 721 1200 722 1200 724 1200 725 1200 762 1186 827 1186 841 1196 842 1196 844 1196 845 1196 892 1190 904 1199 906 1199 907 1199 908 1199 962 1186 977 1199 977 1200 979 1200 980 1200 981 1201 1063 1201 1064 1182 1064 1139 1035 1124 1034 1124 1032 1124 1031 1124 994 1139 952 1124 951 1124 893 1124 892 1124 810 1139 768 1132 766 1132 726 1139 701 1127 700 1127 699 1127 697 1127 696 1127 696 1128 682 1139 623 1131 622 1131 580 1139 558 1124 557 1124 555 1124 554 1124 553 1124 526 1135 503 1123 502 1123 304 1123 303 1123 302 1123 300 1123 285 1137 268 1128 267 1128 266 1128 264 1128 238 1138 195 1123 194 1123 193 1123 191 1123 166 1135 89 1138 89 1183"/></Shape>
	    <String CONTENT="چنانکه در شريعت حقلل را از محق شريعت که محمد"
                    HPOS="89"
                    VPOS="1123"
                    WIDTH="975"
                    HEIGHT="78"
                    WC="0.8798551505262201"></String>
          </TextLine>

          
          
          <TextLine ID="eSc_line_034992b9"
                    TAGREFS="LT4837"
                    BASELINE="88 1248 1061 1259" 
                    HPOS="86"
                    VPOS="1190"
                    WIDTH="975"
                    HEIGHT="89">
            <Shape><Polygon POINTS="88 1248 86 1254 118 1269 119 1269 285 1270 286 1270 288 1270 310 1259 311 1259 401 1259 406 1262 423 1270 424 1270 426 1270 427 1270 448 1263 457 1261 517 1261 532 1265 554 1273 555 1273 628 1274 630 1274 631 1274 633 1274 642 1268 649 1263 660 1269 661 1269 663 1269 664 1269 667 1269 696 1262 722 1270 739 1276 740 1276 741 1276 769 1272 817 1263 995 1277 1020 1279 1021 1279 1023 1279 1026 1279 1041 1272 1057 1279 1061 1259 1060 1225 1005 1222 987 1207 986 1207 984 1207 983 1207 981 1207 980 1207 973 1212 940 1199 939 1199 877 1199 875 1199 874 1199 830 1218 817 1222 700 1222 688 1212 675 1204 674 1204 673 1204 671 1204 670 1204 646 1212 644 1212 637 1206 635 1206 634 1206 633 1206 631 1206 620 1211 606 1219 536 1219 519 1208 499 1195 497 1195 496 1195 495 1195 493 1195 453 1206 450 1207 450 1206 435 1193 434 1193 433 1193 395 1193 394 1193 393 1193 391 1193 376 1204 365 1211 336 1208 335 1208 333 1208 319 1215 302 1215 285 1201 274 1192 273 1192 271 1192 270 1192 268 1192 267 1192 255 1200 252 1201 249 1200 228 1192 227 1192 226 1192 224 1192 223 1192 213 1199 204 1206 194 1199 186 1190 184 1190 183 1190 182 1190 88 1195 88 1248"/></Shape>
	    <String CONTENT="ست ملیبايد شنيد و معنی اين دو کله شهادت که يکی دش"
                    HPOS="86"
                    VPOS="1190"
                    WIDTH="975"
                    HEIGHT="89"
                    WC="0.873960942029953"></String>
          </TextLine>

          
          
          <TextLine ID="eSc_line_63393242"
                    TAGREFS="LT4837"
                    BASELINE="81 1338 570 1334 1068 1343" 
                    HPOS="81"
                    VPOS="1277"
                    WIDTH="987"
                    HEIGHT="86">
            <Shape><Polygon POINTS="81 1338 81 1356 340 1343 351 1352 353 1352 354 1352 355 1352 405 1345 423 1357 423 1359 424 1359 426 1359 427 1359 435 1357 510 1345 526 1359 528 1359 529 1359 530 1359 539 1359 583 1353 598 1359 604 1360 605 1360 606 1360 608 1360 612 1359 627 1352 650 1359 656 1360 657 1360 659 1360 660 1360 664 1359 690 1346 783 1346 806 1354 808 1354 809 1354 810 1354 827 1346 864 1346 890 1360 895 1361 896 1361 897 1363 929 1363 929 1361 930 1361 932 1361 933 1360 948 1348 976 1360 977 1360 979 1360 1017 1361 1019 1361 1020 1361 1024 1360 1045 1350 1064 1360 1068 1343 1068 1302 972 1301 950 1281 948 1281 947 1281 946 1281 944 1281 879 1298 830 1280 828 1280 827 1280 635 1299 627 1299 626 1299 608 1284 606 1284 605 1284 604 1284 602 1284 547 1298 507 1279 506 1279 504 1279 420 1298 417 1298 390 1279 388 1279 387 1279 386 1279 253 1294 217 1279 216 1279 125 1277 124 1277 122 1277 121 1277 97 1297 81 1297 81 1338"/></Shape>
	    <String CONTENT="است و يکی در حقيقت قفی باطل و اثبات قاست اتاهر کدام"
                    HPOS="81"
                    VPOS="1277"
                    WIDTH="987"
                    HEIGHT="86"
                    WC="0.9086622075707305"></String>
          </TextLine>

          
          
          <TextLine ID="eSc_line_4dec3e12"
                    TAGREFS="LT4837"
                    BASELINE="81 1414 499 1407 926 1412" 
                    HPOS="79"
                    VPOS="1357"
                    WIDTH="847"
                    HEIGHT="72">
            <Shape><Polygon POINTS="81 1414 81 1426 131 1419 139 1426 139 1427 140 1427 142 1427 143 1427 144 1427 146 1427 146 1426 155 1421 177 1426 182 1427 183 1427 184 1427 186 1427 187 1427 187 1426 194 1419 213 1426 216 1427 217 1427 219 1427 224 1426 262 1418 274 1426 274 1427 275 1427 277 1427 278 1429 324 1429 324 1427 343 1426 362 1425 364 1425 365 1425 365 1423 373 1416 410 1426 415 1427 416 1427 417 1427 419 1427 422 1426 453 1416 466 1426 466 1427 467 1427 468 1427 470 1427 471 1427 474 1426 499 1416 555 1423 557 1423 668 1416 722 1426 729 1427 730 1427 732 1427 735 1426 758 1421 813 1426 824 1427 826 1427 827 1427 828 1427 828 1426 844 1416 871 1416 888 1426 888 1427 889 1427 890 1427 892 1427 925 1426 926 1412 925 1371 884 1357 882 1357 881 1357 879 1357 852 1371 795 1371 754 1357 753 1357 751 1357 750 1357 748 1357 730 1372 617 1372 601 1357 599 1357 598 1357 597 1357 595 1357 570 1371 561 1364 559 1364 558 1364 557 1364 555 1364 554 1364 544 1370 532 1359 532 1357 530 1357 529 1357 333 1357 332 1357 330 1357 329 1357 314 1371 271 1371 237 1357 235 1357 234 1357 233 1357 212 1368 191 1359 190 1359 188 1359 187 1359 186 1359 186 1360 179 1365 119 1363 118 1363 117 1363 79 1372 81 1414"/></Shape>
	    <String CONTENT="و تا کسی به حجت و بريان يين ففی و باطل و اثبات حق"
                    HPOS="79"
                    VPOS="1357"
                    WIDTH="847"
                    HEIGHT="72"
                    WC="0.9132148392346441"></String>
          </TextLine>

          
          
          <TextLine ID="eSc_line_878bb475"
                    TAGREFS="LT4837"
                    BASELINE="84 1480 598 1477 907 1485" 
                    HPOS="84"
                    VPOS="1422"
                    WIDTH="823"
                    HEIGHT="77">
            <Shape><Polygon POINTS="84 1480 84 1498 106 1491 155 1498 157 1498 158 1498 159 1498 161 1498 161 1496 168 1491 179 1498 180 1498 182 1498 183 1498 226 1491 282 1498 284 1498 285 1498 307 1488 329 1498 330 1498 332 1498 333 1498 370 1487 437 1498 438 1498 439 1498 470 1487 515 1487 526 1498 526 1499 528 1499 529 1499 530 1499 535 1499 568 1492 597 1499 598 1499 599 1499 601 1499 602 1499 604 1499 604 1498 615 1488 661 1499 664 1499 666 1499 667 1499 706 1488 904 1499 907 1485 907 1441 884 1423 882 1423 881 1423 879 1423 878 1423 844 1441 842 1443 729 1443 726 1440 717 1430 717 1429 715 1429 714 1429 713 1429 670 1438 660 1440 655 1437 627 1423 626 1423 587 1423 586 1423 584 1423 583 1423 565 1436 559 1440 553 1436 542 1430 540 1430 539 1430 537 1430 522 1434 502 1443 484 1443 473 1434 457 1422 456 1422 455 1422 453 1422 452 1422 427 1433 420 1436 417 1433 405 1422 404 1422 402 1422 364 1422 362 1422 361 1422 359 1422 359 1423 350 1432 340 1440 300 1436 295 1430 285 1422 284 1422 282 1422 248 1422 246 1422 245 1422 244 1422 234 1429 219 1438 194 1427 186 1425 184 1425 183 1425 182 1425 175 1427 148 1440 133 1426 129 1422 128 1422 126 1422 125 1422 84 1425 84 1480"/></Shape>
	    <String CONTENT="نکند ملمان نمیگويند و به مجرد آنکه ف کلم را برزنن"
                    HPOS="84"
                    VPOS="1422"
                    WIDTH="823"
                    HEIGHT="77"
                    WC="0.8849747687578201"></String>
          </TextLine>

          
          
          <TextLine ID="eSc_line_590a967c"
                    TAGREFS="LT4837"
                    BASELINE="973 1567 1053 1568" 
                    HPOS="972"
                    VPOS="1528"
                    WIDTH="81"
                    HEIGHT="62">
            <Shape><Polygon POINTS="973 1567 972 1582 1050 1590 1053 1568 1053 1535 1031 1528 1030 1528 1028 1528 973 1531 973 1567"/></Shape>
	    <String CONTENT="جاری"
                    HPOS="972"
                    VPOS="1528"
                    WIDTH="81"
                    HEIGHT="62"
                    WC="0.8468835204839706"></String>
          </TextLine>

          
          
          <TextLine ID="eSc_line_0a5e2b69"
                    TAGREFS="LT4837"
                    BASELINE="77 1553 321 1547 728 1552" 
                    HPOS="75"
                    VPOS="1498"
                    WIDTH="653"
                    HEIGHT="81">
            <Shape><Polygon POINTS="77 1553 75 1576 180 1568 194 1576 195 1578 197 1578 198 1578 199 1579 257 1579 257 1578 259 1578 264 1575 281 1568 288 1575 291 1576 291 1578 292 1578 293 1578 295 1579 337 1579 337 1578 339 1578 340 1578 344 1575 355 1565 369 1569 370 1569 372 1569 373 1569 394 1561 422 1574 433 1578 434 1578 435 1578 437 1578 446 1572 470 1561 553 1561 566 1571 573 1576 575 1576 576 1576 577 1576 579 1576 580 1576 588 1571 590 1569 591 1571 599 1578 601 1578 602 1578 604 1578 639 1569 679 1561 725 1568 728 1552 726 1509 679 1513 671 1509 653 1499 652 1499 650 1499 649 1499 617 1509 613 1510 610 1509 588 1499 587 1499 586 1499 584 1499 583 1499 575 1505 533 1498 532 1498 530 1498 529 1498 529 1499 518 1510 517 1512 456 1513 453 1510 442 1501 442 1499 441 1499 439 1499 438 1499 437 1499 435 1499 435 1501 424 1510 422 1514 397 1514 391 1512 364 1498 362 1498 314 1498 313 1498 311 1498 310 1498 310 1499 296 1512 295 1514 277 1514 273 1512 246 1502 245 1502 244 1502 205 1506 197 1499 197 1498 195 1498 194 1498 151 1498 150 1498 148 1498 147 1498 129 1513 129 1514 77 1514 77 1553"/></Shape>
	    <String CONTENT="سلام او ته مينمايد و در شريعت حکم بر"
                    HPOS="75"
                    VPOS="1498"
                    WIDTH="653"
                    HEIGHT="81"
                    WC="0.8610990411705441"></String>
          </TextLine>

          
        </TextBlock>
        
        <TextBlock HPOS="435"
                   VPOS="66"
                   WIDTH="202"
                   HEIGHT="81"
                   ID="eSc_textblock_e49f6204"
                   TAGREFS="BT16093">
          <Shape><Polygon POINTS="446 66 616 77 637 97 555 147 496 141 435 92 446 66"/></Shape>
          
          
          <TextLine ID="eSc_line_67cc4a1e"
                    TAGREFS="LT4837"
                    BASELINE="513 115 576 115" 
                    HPOS="513"
                    VPOS="85"
                    WIDTH="63"
                    HEIGHT="56">
            <Shape><Polygon POINTS="513 115 513 141 576 135 576 115 575 85 513 92 513 115"/></Shape>
	    <String CONTENT=""
                    HPOS="513"
                    VPOS="85"
                    WIDTH="63"
                    HEIGHT="56"></String>
          </TextLine>

          
        </TextBlock>
        
        <TextBlock HPOS="27"
                   VPOS="0"
                   WIDTH="59"
                   HEIGHT="15"
                   ID="eSc_textblock_15fadeb3"
                   TAGREFS="BT16085">
          <Shape><Polygon POINTS="27 0 86 0 86 4 44 15 27 0"/></Shape>
          
        </TextBlock>
        
        <TextBlock HPOS="380"
                   VPOS="5"
                   WIDTH="10"
                   HEIGHT="10"
                   ID="eSc_textblock_88fcab00"
                   TAGREFS="BT16085">
          <Shape><Polygon POINTS="383 5 390 5 390 15 380 15 383 5"/></Shape>
          
        </TextBlock>
        
        <TextBlock HPOS="1090"
                   VPOS="0"
                   WIDTH="152"
                   HEIGHT="92"
                   ID="eSc_textblock_6d685067"
                   TAGREFS="BT16085">
          <Shape><Polygon POINTS="1119 0 1242 0 1242 92 1118 53 1090 11 1119 0"/></Shape>
          
        </TextBlock>
        

        
      </PrintSpace>
    </Page>
  </Layout>
</alto>
