<?xml version="1.0" encoding="UTF-8"?>
<alto xmlns:xsi="http://www.w3.org/2001/XMLSchema-instance"
      xmlns="http://www.loc.gov/standards/alto/ns-v4#"
      xsi:schemaLocation="http://www.loc.gov/standards/alto/ns-v4# http://www.loc.gov/standards/alto/v4/alto-4-2.xsd">
  <Description>
    <MeasurementUnit>pixel</MeasurementUnit>
    <sourceImageInformation>
      <fileName>Rasail023.jpg</fileName>
      
    </sourceImageInformation>
  </Description>
  
  <Tags>
    <OtherTag ID="BT16094" LABEL="default" DESCRIPTION="block type default"/><OtherTag ID="BT16093" LABEL="NumberingZone:page" DESCRIPTION="block type NumberingZone:page"/><OtherTag ID="BT16092" LABEL="MarginTextZone:note" DESCRIPTION="block type MarginTextZone:note"/><OtherTag ID="BT16091" LABEL="TitlePageZone" DESCRIPTION="block type TitlePageZone"/><OtherTag ID="BT16090" LABEL="QuireMarksZone:catchwords" DESCRIPTION="block type QuireMarksZone:catchwords"/><OtherTag ID="BT16089" LABEL="NumberingZone:other" DESCRIPTION="block type NumberingZone:other"/><OtherTag ID="BT16088" LABEL="NumberingZone" DESCRIPTION="block type NumberingZone"/><OtherTag ID="BT16087" LABEL="MarginTextZone" DESCRIPTION="block type MarginTextZone"/><OtherTag ID="BT16086" LABEL="MainZone" DESCRIPTION="block type MainZone"/><OtherTag ID="BT16085" LABEL="DigitizationArtefactZone" DESCRIPTION="block type DigitizationArtefactZone"/><OtherTag ID="BT2" LABEL="Main" DESCRIPTION="block type Main"/><OtherTag ID="BT1" LABEL="Title" DESCRIPTION="block type Title"/>
    <OtherTag ID="LT4837" LABEL="DefaultLine" DESCRIPTION="line type DefaultLine"/><OtherTag ID="LT4838" LABEL="default" DESCRIPTION="line type default"/><OtherTag ID="LT4839" LABEL="HeadingLine:title" DESCRIPTION="line type HeadingLine:title"/>
  </Tags>
  
  <Layout>
    <Page WIDTH="1165"
          HEIGHT="1666"
          PHYSICAL_IMG_NR="51"
          ID="eSc_dummypage_">
      <PrintSpace HPOS="0"
                  VPOS="0"
                  WIDTH="1165"
                  HEIGHT="1666">
        
        <TextBlock HPOS="49"
                   VPOS="116"
                   WIDTH="1049"
                   HEIGHT="1504"
                   ID="eSc_textblock_9a1c1a48"
                   TAGREFS="BT16086">
          <Shape><Polygon POINTS="551 116 948 133 1042 183 1053 348 1081 372 1098 472 1053 1547 1026 1597 965 1609 99 1620 49 1564 77 1553 49 1205 77 1181 61 816 83 792 72 438 99 238 133 183 194 149 551 116"/></Shape>
          
          
          <TextLine ID="eSc_line_39c54136"
                    TAGREFS="LT4837"
                    BASELINE="538 204 617 199 648 190" 
                    HPOS="533"
                    VPOS="134"
                    WIDTH="116"
                    HEIGHT="93">
            <Shape><Polygon POINTS="538 204 540 227 649 213 648 190 638 134 533 158 538 204"/></Shape>
	    <String CONTENT="محيف"
                    HPOS="533"
                    VPOS="134"
                    WIDTH="116"
                    HEIGHT="93"
                    WC="0.8841561526060104"></String>
          </TextLine>

          
          
          <TextLine ID="eSc_line_7d9094ce"
                    TAGREFS="LT4837"
                    BASELINE="395 266 740 272" 
                    HPOS="394"
                    VPOS="216"
                    WIDTH="346"
                    HEIGHT="88">
            <Shape><Polygon POINTS="395 266 394 284 431 294 433 294 480 287 481 287 529 301 530 301 531 301 533 301 560 288 574 302 574 304 576 304 577 304 579 304 738 291 740 272 740 220 666 220 665 220 663 220 659 222 631 231 602 223 601 223 599 223 598 223 576 231 556 224 547 220 545 220 544 220 542 220 541 220 537 224 529 230 497 226 476 223 474 223 473 223 461 226 451 229 447 227 426 216 424 216 423 216 422 216 420 216 420 217 409 227 408 229 395 229 395 266"/></Shape>
	    <String CONTENT="اندر تحقيق زمان و مکان"
                    HPOS="394"
                    VPOS="216"
                    WIDTH="346"
                    HEIGHT="88"
                    WC="0.9265954955057665"></String>
          </TextLine>

          
          
          <TextLine ID="eSc_line_8c9ee87b"
                    TAGREFS="LT4837"
                    BASELINE="190 419 856 410 978 415" 
                    HPOS="188"
                    VPOS="358"
                    WIDTH="790"
                    HEIGHT="90">
            <Shape><Polygon POINTS="190 419 191 448 226 437 305 444 306 444 308 444 309 444 320 435 436 442 501 445 502 445 533 440 559 434 573 438 588 444 590 444 591 444 592 444 610 437 624 433 638 437 662 444 663 444 665 444 666 444 685 435 695 431 705 435 726 442 727 442 728 442 815 433 826 441 827 441 828 441 830 441 869 433 878 441 880 441 881 441 883 442 924 442 924 441 978 427 978 415 977 362 878 358 877 358 876 358 874 358 869 362 849 373 802 373 778 362 772 359 770 359 738 359 737 359 735 359 728 362 702 374 645 374 634 366 634 365 633 365 631 365 630 365 629 365 627 365 627 366 616 376 565 376 527 363 523 362 522 362 520 362 519 362 516 363 491 377 438 377 417 367 416 367 415 367 413 367 412 367 397 377 374 376 358 363 356 363 355 363 354 363 348 363 279 374 188 365 190 419"/></Shape>
	    <String CONTENT="بدان که زمان ومکان لازم اند از لوازم وجود و عقلا هالم"
                    HPOS="188"
                    VPOS="358"
                    WIDTH="790"
                    HEIGHT="90"
                    WC="0.8874840803866116"></String>
          </TextLine>

          
          
          <TextLine ID="eSc_line_0e4a5271"
                    TAGREFS="LT4837"
                    BASELINE="124 484 1051 499" 
                    HPOS="123"
                    VPOS="437"
                    WIDTH="928"
                    HEIGHT="87">
            <Shape><Polygon POINTS="124 484 123 495 158 510 159 510 161 510 162 510 163 510 177 498 226 512 227 512 229 512 302 503 317 513 319 513 320 513 322 515 362 515 362 513 363 513 398 502 448 515 449 515 451 515 452 515 477 503 492 510 494 510 495 510 537 503 559 512 560 512 562 512 563 512 590 505 601 513 601 515 602 515 604 515 605 515 656 506 674 519 676 519 677 519 713 520 715 520 716 520 745 509 798 519 799 519 881 509 912 523 913 523 915 523 951 516 991 524 992 524 1049 510 1051 499 1049 462 985 466 969 459 953 453 952 453 951 453 949 453 935 459 928 462 924 459 910 449 909 449 908 449 880 448 878 448 877 448 849 456 841 449 840 449 838 449 837 449 835 449 813 455 747 447 745 447 744 447 726 455 712 462 694 455 667 445 666 445 609 445 608 445 606 445 605 445 592 453 580 460 545 460 519 452 510 449 509 449 508 449 506 449 505 449 504 451 495 456 462 451 451 449 449 449 448 449 445 451 429 456 422 449 411 441 409 441 408 441 406 441 333 447 281 440 280 440 248 447 219 453 191 453 183 445 174 438 174 437 173 437 172 437 170 437 124 444 124 484"/></Shape>
	    <String CONTENT="محسوسات وابهنزلة طفل داشته أندوزمان را بمنزله دايه ومكن"
                    HPOS="123"
                    VPOS="437"
                    WIDTH="928"
                    HEIGHT="87"
                    WC="0.9091378620692662"></String>
          </TextLine>

          
          
          <TextLine ID="eSc_line_6a5a594b"
                    TAGREFS="LT4837"
                    BASELINE="111 571 594 569 1048 576" 
                    HPOS="109"
                    VPOS="520"
                    WIDTH="939"
                    HEIGHT="78">
            <Shape><Polygon POINTS="111 571 109 592 141 594 143 594 144 594 145 594 165 580 284 594 288 594 290 594 291 594 292 594 306 581 351 580 376 591 377 591 379 591 380 591 399 581 455 581 492 592 494 592 495 592 497 592 523 583 558 590 559 590 560 590 588 581 604 595 605 595 606 595 608 595 615 595 808 583 842 584 858 596 859 596 860 596 862 598 891 598 891 596 892 596 894 596 916 583 949 595 951 595 1045 596 1048 576 1048 540 991 540 991 538 951 523 949 523 910 523 909 523 908 523 906 523 890 537 866 524 865 524 863 524 862 524 833 538 813 528 812 528 810 528 809 528 778 538 758 527 756 527 755 527 753 527 752 527 742 534 734 527 733 527 731 527 730 527 728 527 727 527 727 528 716 537 708 531 706 531 705 531 703 531 656 537 644 528 642 528 641 528 640 528 549 537 533 523 533 522 531 522 530 522 529 522 481 523 480 523 479 523 458 538 438 538 397 538 397 537 374 520 373 520 372 520 323 520 322 520 320 520 319 520 302 535 287 527 286 527 284 527 283 527 272 533 259 522 259 520 258 520 256 520 255 520 254 520 220 533 206 522 205 522 204 522 141 520 140 520 138 520 111 534 111 571"/></Shape>
	    <String CONTENT="به منزله گهواره و اصل زمان نزد حکماآن است که حاضری دانمی"
                    HPOS="109"
                    VPOS="520"
                    WIDTH="939"
                    HEIGHT="78"
                    WC="0.9005787932036216"></String>
          </TextLine>

          
          
          <TextLine ID="eSc_line_6e6cc9be"
                    TAGREFS="LT4837"
                    BASELINE="105 634 1048 649" 
                    HPOS="104"
                    VPOS="592"
                    WIDTH="944"
                    HEIGHT="85">
            <Shape><Polygon POINTS="105 634 104 652 173 651 187 656 208 663 209 663 211 663 212 663 226 658 236 666 237 666 238 666 283 667 284 667 362 659 398 655 420 660 452 667 454 667 455 667 472 660 483 656 499 662 533 671 534 671 670 673 672 673 673 673 705 665 724 660 778 666 806 669 808 669 809 669 813 667 824 662 842 667 852 670 853 670 855 670 856 670 865 667 874 665 880 667 894 677 895 677 897 677 898 677 899 677 933 669 956 663 1045 670 1048 649 1042 606 1028 619 970 619 952 606 946 602 945 602 944 602 788 599 787 599 747 606 703 613 690 606 676 598 674 598 673 598 672 598 641 606 616 612 591 606 556 596 555 596 554 596 552 596 551 596 538 605 529 610 427 609 424 605 412 595 412 594 411 594 409 594 408 594 406 594 367 605 363 606 362 605 351 595 351 594 349 594 348 594 323 592 322 592 320 592 306 599 301 594 301 592 299 592 298 592 297 592 241 596 240 596 238 596 227 605 222 605 151 595 149 595 105 603 105 634"/></Shape>
	    <String CONTENT="كه أصلا قبول فدال ودتقطاع نمي نمايد وادرا دوام ثبات ت"
                    HPOS="104"
                    VPOS="592"
                    WIDTH="944"
                    HEIGHT="85"
                    WC="0.929011160576785"></String>
          </TextLine>

          
          
          <TextLine ID="eSc_line_98dafe29"
                    TAGREFS="LT4837"
                    BASELINE="124 713 1040 728" 
                    HPOS="123"
                    VPOS="667"
                    WIDTH="917"
                    HEIGHT="81">
            <Shape><Polygon POINTS="123 728 134 738 134 739 136 739 137 739 138 739 180 731 226 741 227 741 229 741 230 741 247 730 270 741 272 741 351 742 352 742 354 742 355 742 370 733 372 731 377 733 412 742 413 742 415 742 416 742 444 734 455 731 467 735 490 742 491 742 492 742 494 742 509 735 516 733 522 735 538 746 540 746 541 746 542 748 574 748 574 746 576 746 577 746 577 745 587 738 590 734 598 738 622 748 623 748 624 748 663 739 665 739 667 739 697 748 698 748 699 748 701 748 702 748 710 741 713 738 722 741 738 746 740 746 741 746 742 746 744 746 744 745 748 741 753 737 772 742 787 746 788 746 790 746 822 744 872 738 888 745 895 748 897 748 898 748 899 748 901 748 903 745 915 739 1037 748 1040 728 1040 694 959 694 956 691 946 683 946 681 945 681 944 681 942 681 941 681 920 690 827 690 823 688 774 677 773 677 772 677 740 685 731 688 727 685 717 678 716 678 715 678 713 678 677 684 662 687 652 684 624 674 623 674 622 674 567 681 541 685 534 681 526 676 524 676 523 676 522 676 498 680 491 681 485 680 459 671 458 671 391 671 390 671 388 671 387 671 377 677 374 680 370 677 361 670 359 670 358 670 356 670 330 676 309 681 302 676 298 673 298 671 297 671 295 671 294 671 292 671 291 671 287 676 279 680 261 674 251 671 249 671 248 671 247 671 241 674 229 680 212 673 197 667 195 667 162 667 161 667 159 667 158 667 152 671 143 678 126 671 124 713 123 728"/></Shape>
	    <String CONTENT="ودرعرنزنان حال گفته نددزهان ماضی همين زهان ها"
                    HPOS="123"
                    VPOS="667"
                    WIDTH="917"
                    HEIGHT="81"
                    WC="0.8433297706974877"></String>
          </TextLine>

          
          
          <TextLine ID="eSc_line_0071159e"
                    TAGREFS="LT4837"
                    BASELINE="329 799 1051 803" 
                    HPOS="329"
                    VPOS="746"
                    WIDTH="722"
                    HEIGHT="85">
            <Shape><Polygon POINTS="329 799 329 823 354 810 386 813 398 824 401 827 402 827 404 827 405 828 429 828 429 827 430 827 431 827 436 824 454 813 484 824 491 827 492 827 622 828 623 828 624 828 626 828 629 826 649 813 669 827 672 828 673 828 674 828 676 828 677 828 681 827 710 812 735 827 737 827 738 827 740 827 741 827 742 827 759 814 809 812 897 813 919 826 920 826 922 826 923 826 946 814 966 830 967 830 969 830 970 831 1049 831 1051 803 1051 764 1027 756 1026 756 1024 756 980 763 973 764 963 763 902 751 901 751 823 759 785 763 773 758 753 749 752 749 751 749 705 751 703 751 702 751 697 756 688 763 674 755 663 749 662 749 638 749 637 749 635 749 634 749 634 751 630 753 620 763 522 763 509 751 506 749 506 748 505 748 504 748 417 748 416 748 415 748 413 748 397 763 370 763 355 749 355 748 354 748 352 748 329 746 329 799"/></Shape>
	    <String CONTENT="فه وزمان استقبال همين نه نان حال"
                    HPOS="329"
                    VPOS="746"
                    WIDTH="722"
                    HEIGHT="85"
                    WC="0.9097537938505411"></String>
          </TextLine>

          
          
          <TextLine ID="eSc_line_29973d16"
                    TAGREFS="LT4837"
                    BASELINE="126 791 273 794" 
                    HPOS="124"
                    VPOS="745"
                    WIDTH="149"
                    HEIGHT="64">
            <Shape><Polygon POINTS="126 791 124 799 151 798 168 803 176 806 177 806 179 806 180 806 184 805 197 798 206 805 209 808 211 808 212 808 213 809 272 809 273 794 272 759 229 762 223 759 208 746 206 746 205 746 177 745 176 745 174 745 126 759 126 791"/></Shape>
	    <String CONTENT="لادش"
                    HPOS="124"
                    VPOS="745"
                    WIDTH="149"
                    HEIGHT="64"
                    WC="0.8188457489013672"></String>
          </TextLine>

          
          
          <TextLine ID="eSc_line_36f9b9df"
                    TAGREFS="LT4837"
                    BASELINE="127 867 1046 881" 
                    HPOS="126"
                    VPOS="816"
                    WIDTH="920"
                    HEIGHT="93">
            <Shape><Polygon POINTS="127 867 126 880 212 881 213 882 245 898 247 898 248 899 312 899 312 898 313 898 315 898 323 891 333 896 334 896 336 896 337 896 369 887 374 885 379 887 402 901 404 901 405 901 463 898 465 898 466 898 476 889 477 889 479 889 492 902 494 902 495 902 497 902 562 894 597 903 598 903 599 903 601 903 602 903 615 894 620 889 631 894 654 903 655 903 656 903 658 903 659 903 670 895 679 889 688 896 705 905 706 905 708 906 728 906 728 905 730 905 731 905 740 898 747 891 758 898 774 906 776 906 777 906 778 906 780 906 790 899 797 894 819 899 830 902 831 902 833 902 834 902 835 902 838 899 852 892 902 892 916 902 923 907 924 907 926 907 927 907 928 907 941 902 952 898 956 903 962 907 962 909 963 909 965 909 966 909 1045 905 1046 881 1044 845 1010 846 1006 844 994 833 992 833 991 833 990 833 988 833 987 833 976 842 970 846 945 841 908 834 906 834 905 834 890 839 874 845 859 838 833 827 831 827 830 827 770 835 751 838 741 835 717 826 716 826 715 826 665 830 663 830 658 833 641 841 590 830 567 826 566 826 565 826 558 828 534 839 483 831 481 831 480 831 458 838 444 830 442 830 441 830 440 830 438 830 416 838 369 830 367 830 366 830 365 830 352 837 244 837 222 819 222 817 220 817 219 817 127 816 127 867"/></Shape>
	    <String CONTENT="كه نيا دايلنا أصل زمان باعتبار أحوال وعو ارض به فصول"
                    HPOS="126"
                    VPOS="816"
                    WIDTH="920"
                    HEIGHT="93"
                    WC="0.9323489025787071"></String>
          </TextLine>

          
          
          <TextLine ID="eSc_line_834a0e73"
                    TAGREFS="LT4837"
                    BASELINE="133 948 1034 956" 
                    HPOS="131"
                    VPOS="899"
                    WIDTH="903"
                    HEIGHT="78">
            <Shape><Polygon POINTS="133 948 131 955 156 956 170 969 170 970 172 970 173 970 174 971 226 971 226 970 227 970 262 957 263 957 279 970 280 970 281 970 283 970 284 970 299 963 317 971 319 971 320 971 381 960 392 959 395 960 405 967 406 967 408 967 409 967 455 962 470 960 473 962 484 971 484 973 485 973 487 973 488 973 558 964 559 964 609 974 610 974 612 974 613 974 624 966 630 962 674 962 681 966 691 974 692 974 694 974 695 974 740 971 741 971 742 971 747 967 751 963 770 969 797 975 798 975 799 975 866 970 934 964 955 971 969 977 970 977 971 977 1033 973 1034 956 1033 920 973 920 971 919 945 906 944 906 942 906 892 917 885 919 878 917 841 905 840 905 838 905 837 905 806 916 801 917 792 916 734 903 733 903 629 913 597 916 587 913 566 905 565 905 563 905 519 912 501 914 497 912 487 903 487 902 485 902 484 902 434 901 406 901 405 901 404 901 402 901 390 909 384 913 352 912 349 909 340 901 338 901 337 901 306 901 305 901 304 901 302 901 294 907 288 913 272 907 249 901 248 901 247 901 245 901 233 907 224 912 211 907 199 903 198 903 197 903 195 903 186 906 172 912 166 906 159 901 159 899 158 899 156 899 155 899 154 899 133 905 133 948"/></Shape>
	    <String CONTENT="اره صقم يافته تنيه و اصل مکان تقيته است که ممکن را"
                    HPOS="131"
                    VPOS="899"
                    WIDTH="903"
                    HEIGHT="78"
                    WC="0.879265951514244"></String>
          </TextLine>

          
          
          <TextLine ID="eSc_line_e23c17d9"
                    TAGREFS="LT4837"
                    BASELINE="123 1019 1030 1030" 
                    HPOS="122"
                    VPOS="973"
                    WIDTH="908"
                    HEIGHT="79">
            <Shape><Polygon POINTS="123 1019 122 1035 234 1031 251 1039 259 1044 261 1044 262 1045 340 1045 340 1044 352 1041 381 1034 412 1042 422 1045 423 1045 424 1045 426 1045 433 1042 454 1034 477 1044 485 1046 487 1046 488 1046 490 1046 497 1044 520 1035 558 1045 567 1046 569 1046 570 1046 574 1045 595 1037 609 1045 612 1048 613 1048 615 1048 616 1048 638 1046 723 1038 748 1045 749 1045 751 1045 752 1045 772 1038 823 1045 824 1045 881 1039 892 1048 894 1048 895 1048 1027 1052 1030 1030 1027 989 953 999 941 991 940 991 938 991 937 991 935 991 910 998 899 989 890 980 888 980 887 980 772 978 770 978 769 978 745 985 691 978 690 978 688 978 669 988 633 977 631 977 630 977 629 977 627 977 613 989 610 992 597 989 583 985 581 985 580 985 579 985 570 989 559 994 538 989 481 975 480 975 479 975 477 975 459 989 454 994 392 994 379 989 352 981 351 981 349 981 348 981 331 989 330 989 329 989 299 974 298 974 265 973 263 973 262 973 230 989 227 989 123 989 123 1019"/></Shape>
	    <String CONTENT="از ان بيرون شيدن ممکن نيست و قرار بروی هم ثابت"
                    HPOS="122"
                    VPOS="973"
                    WIDTH="908"
                    HEIGHT="79"
                    WC="0.8875328561534053"></String>
          </TextLine>

          
          
          <TextLine ID="eSc_line_bde353e3"
                    TAGREFS="LT4837"
                    BASELINE="119 1099 697 1103 1027 1113" 
                    HPOS="119"
                    VPOS="1049"
                    WIDTH="908"
                    HEIGHT="85">
            <Shape><Polygon POINTS="119 1099 119 1109 133 1109 148 1123 148 1124 149 1124 151 1124 152 1124 154 1124 176 1117 183 1123 183 1124 184 1124 186 1124 187 1124 274 1118 308 1125 309 1125 311 1125 342 1113 345 1112 348 1113 373 1124 374 1124 376 1124 377 1124 398 1114 399 1113 436 1113 442 1114 476 1125 477 1125 479 1125 531 1116 545 1114 581 1117 726 1131 727 1132 780 1132 780 1131 781 1131 783 1131 794 1121 798 1117 803 1121 817 1131 819 1131 820 1131 822 1131 823 1131 824 1131 834 1123 847 1132 848 1132 849 1132 851 1134 877 1134 877 1132 878 1132 880 1132 891 1124 899 1118 924 1118 933 1124 946 1134 948 1134 949 1134 951 1134 952 1134 971 1125 977 1123 1024 1125 1027 1113 1026 1078 938 1077 917 1059 916 1059 915 1059 913 1059 874 1067 865 1059 865 1057 863 1057 862 1057 860 1057 859 1057 831 1064 806 1056 805 1056 784 1056 783 1056 781 1056 780 1056 780 1057 763 1073 720 1056 719 1056 717 1056 716 1056 690 1067 676 1062 674 1062 673 1062 672 1062 638 1070 617 1055 616 1055 615 1055 613 1055 612 1055 577 1066 501 1059 499 1059 498 1059 479 1067 458 1059 456 1059 455 1059 404 1069 394 1060 394 1059 392 1059 391 1059 390 1059 365 1064 348 1050 347 1050 345 1050 344 1050 342 1050 295 1066 261 1049 259 1049 258 1049 256 1049 255 1049 255 1050 238 1064 213 1049 212 1049 211 1049 209 1049 119 1064 119 1099"/></Shape>
	    <String CONTENT="وان محل اجرام علويات است و در زيير فلک قمر يريک"
                    HPOS="119"
                    VPOS="1049"
                    WIDTH="908"
                    HEIGHT="85"
                    WC="0.8863736308635549"></String>
          </TextLine>

          
          
          <TextLine ID="eSc_line_93b1d916"
                    TAGREFS="LT4837"
                    BASELINE="122 1174 903 1178 1019 1184" 
                    HPOS="122"
                    VPOS="1123"
                    WIDTH="897"
                    HEIGHT="80">
            <Shape><Polygon POINTS="122 1174 122 1192 276 1187 297 1193 306 1198 308 1198 309 1198 330 1195 351 1191 358 1195 363 1199 365 1199 366 1199 367 1199 369 1199 370 1199 374 1195 381 1189 388 1195 394 1199 395 1199 397 1199 398 1200 569 1200 569 1199 570 1199 576 1196 590 1189 648 1189 656 1196 658 1196 659 1196 660 1196 662 1196 663 1196 670 1191 680 1198 681 1198 683 1198 684 1198 690 1198 730 1189 753 1198 762 1200 763 1200 765 1200 766 1200 773 1198 795 1189 830 1198 844 1202 845 1202 847 1203 895 1203 895 1202 897 1202 902 1199 917 1191 926 1199 928 1200 928 1202 930 1202 931 1202 933 1202 1017 1199 1019 1184 1017 1145 928 1145 928 1143 892 1127 891 1127 890 1127 888 1127 887 1127 869 1143 867 1145 855 1145 853 1143 831 1127 830 1127 828 1127 827 1127 826 1127 809 1135 770 1128 769 1128 744 1134 735 1127 735 1125 734 1125 733 1125 731 1125 730 1125 684 1142 662 1125 660 1125 659 1125 634 1125 633 1125 631 1125 630 1125 606 1142 605 1142 604 1142 577 1132 576 1132 574 1132 527 1141 504 1124 502 1124 501 1124 454 1124 452 1124 451 1124 409 1141 408 1141 406 1141 352 1123 351 1123 349 1123 348 1123 291 1139 290 1141 237 1141 236 1139 199 1125 198 1125 197 1125 195 1125 170 1132 161 1125 159 1125 158 1125 156 1125 155 1125 154 1125 154 1127 140 1139 138 1139 122 1139 122 1174"/></Shape>
	    <String CONTENT="از عناصر مگانی مقتررش پس کليات هريک از زمان"
                    HPOS="122"
                    VPOS="1123"
                    WIDTH="897"
                    HEIGHT="80"
                    WC="0.9105623225833095"></String>
          </TextLine>

          
          
          <TextLine ID="eSc_line_90d7eae4"
                    TAGREFS="LT4837"
                    BASELINE="120 1248 1021 1261" 
                    HPOS="119"
                    VPOS="1202"
                    WIDTH="902"
                    HEIGHT="86">
            <Shape><Polygon POINTS="120 1248 119 1260 151 1271 152 1271 154 1271 204 1263 218 1275 218 1277 219 1277 220 1277 222 1277 294 1271 298 1277 299 1277 299 1278 301 1278 302 1278 304 1278 416 1267 433 1280 434 1280 436 1280 437 1280 469 1273 479 1281 480 1281 481 1281 483 1281 484 1281 485 1281 504 1268 544 1268 567 1282 569 1282 570 1282 572 1284 631 1284 631 1282 633 1282 660 1270 692 1270 706 1282 706 1284 708 1284 709 1284 710 1284 827 1273 841 1285 841 1286 842 1286 844 1286 845 1286 847 1286 883 1274 895 1285 895 1286 897 1286 898 1286 899 1286 937 1281 965 1288 966 1288 967 1288 969 1288 970 1288 970 1286 983 1275 995 1284 996 1284 998 1284 999 1284 1001 1284 1020 1274 1021 1261 1020 1223 977 1212 976 1212 940 1220 930 1212 930 1210 928 1210 927 1210 926 1210 848 1218 817 1209 816 1209 815 1209 813 1209 812 1209 798 1220 795 1223 770 1224 763 1220 748 1207 747 1207 745 1207 695 1207 694 1207 692 1207 691 1207 676 1218 672 1223 666 1218 658 1212 656 1212 655 1212 654 1212 652 1212 637 1217 612 1207 610 1207 609 1207 608 1207 580 1218 572 1221 565 1218 541 1205 540 1205 515 1205 513 1205 512 1205 510 1205 510 1206 498 1217 473 1203 472 1203 412 1203 411 1203 409 1203 380 1216 377 1217 373 1216 354 1210 352 1210 351 1210 349 1210 337 1216 333 1217 242 1217 238 1214 206 1202 205 1202 204 1202 202 1202 201 1202 201 1203 188 1214 187 1214 120 1214 120 1248"/></Shape>
	    <String CONTENT="و مکان تهج فسم باشد مطابق اصول خمسه و خدود خمست"
                    HPOS="119"
                    VPOS="1202"
                    WIDTH="902"
                    HEIGHT="86"
                    WC="0.9201018949772449"></String>
          </TextLine>

          
          
          <TextLine ID="eSc_line_8059f576"
                    TAGREFS="LT4837"
                    BASELINE="803 1334 1019 1339" 
                    HPOS="802"
                    VPOS="1280"
                    WIDTH="217"
                    HEIGHT="87">
            <Shape><Polygon POINTS="803 1334 802 1350 819 1363 820 1363 822 1363 823 1364 849 1364 849 1363 851 1363 852 1363 863 1353 870 1348 902 1348 913 1357 922 1364 922 1366 923 1366 924 1366 926 1366 927 1366 928 1366 937 1360 948 1353 962 1363 963 1363 965 1363 966 1363 967 1363 984 1356 1015 1367 1019 1339 1019 1300 978 1300 977 1298 962 1282 962 1281 960 1281 959 1281 958 1281 956 1281 931 1295 927 1298 923 1295 903 1280 902 1280 901 1280 899 1280 898 1280 897 1280 885 1288 876 1280 874 1280 873 1280 872 1280 803 1286 803 1334"/></Shape>
	    <String CONTENT="والشد أعلم"
                    HPOS="802"
                    VPOS="1280"
                    WIDTH="217"
                    HEIGHT="87"
                    WC="0.8411216248165477"></String>
          </TextLine>

          
          
          <TextLine ID="eSc_line_6dfb080f"
                    TAGREFS="LT4837"
                    BASELINE="558 1425 619 1424" 
                    HPOS="556"
                    VPOS="1385"
                    WIDTH="63"
                    HEIGHT="60">
            <Shape><Polygon POINTS="558 1425 558 1436 617 1445 619 1424 613 1385 556 1400 558 1425"/></Shape>
	    <String CONTENT=""
                    HPOS="556"
                    VPOS="1385"
                    WIDTH="63"
                    HEIGHT="60"></String>
          </TextLine>

          
          
          <TextLine ID="eSc_line_64dd5b96"
                    TAGREFS="LT4837"
                    BASELINE="436 1486 713 1484" 
                    HPOS="434"
                    VPOS="1435"
                    WIDTH="279"
                    HEIGHT="79">
            <Shape><Polygon POINTS="436 1486 436 1498 548 1514 549 1514 551 1514 590 1504 602 1513 604 1513 605 1513 606 1514 667 1514 667 1513 669 1513 713 1495 713 1484 706 1442 692 1453 658 1453 640 1442 633 1436 631 1436 630 1436 629 1436 627 1436 626 1436 626 1438 622 1441 612 1450 601 1445 599 1445 598 1445 597 1445 583 1452 569 1442 567 1442 566 1442 565 1442 563 1442 530 1453 515 1439 510 1435 509 1435 508 1435 506 1435 434 1438 436 1486"/></Shape>
	    <String CONTENT="دربيان مواليد ثلاثة"
                    HPOS="434"
                    VPOS="1435"
                    WIDTH="279"
                    HEIGHT="79"
                    WC="0.9400675767346433"></String>
          </TextLine>

          
          
          <TextLine ID="eSc_line_820b608e"
                    TAGREFS="LT4837"
                    BASELINE="98 1553 1009 1570" 
                    HPOS="97"
                    VPOS="1499"
                    WIDTH="912"
                    HEIGHT="94">
            <Shape><Polygon POINTS="98 1553 97 1563 241 1566 244 1567 263 1579 265 1579 266 1579 267 1579 269 1579 295 1570 334 1577 336 1577 384 1571 398 1570 402 1571 430 1584 431 1584 433 1584 497 1577 506 1585 508 1585 509 1585 510 1585 617 1581 630 1588 631 1588 633 1588 634 1588 635 1588 662 1578 670 1575 679 1578 703 1589 705 1589 706 1589 751 1581 765 1578 783 1581 830 1591 831 1591 833 1591 856 1584 865 1581 887 1584 948 1593 949 1593 1008 1586 1009 1570 1008 1516 860 1529 834 1516 833 1516 831 1516 830 1516 813 1523 803 1513 803 1511 802 1511 801 1511 776 1510 740 1510 738 1510 737 1510 734 1511 701 1525 652 1516 651 1516 649 1516 623 1525 599 1517 598 1517 597 1517 523 1523 481 1507 474 1504 473 1504 434 1504 433 1504 431 1504 430 1504 429 1506 405 1520 349 1504 341 1503 340 1503 338 1503 337 1503 334 1504 308 1520 245 1520 170 1518 149 1502 147 1499 145 1499 144 1499 143 1499 98 1500 98 1553"/></Shape>
	    <String CONTENT="بدانکه معلمان و حکمای مرا جناس مرکتات راسه مرتبه نها"
                    HPOS="97"
                    VPOS="1499"
                    WIDTH="912"
                    HEIGHT="94"
                    WC="0.9164436207367823"></String>
          </TextLine>

          
        </TextBlock>
        
        <TextBlock HPOS="549"
                   VPOS="27"
                   WIDTH="99"
                   HEIGHT="60"
                   ID="eSc_textblock_149d06c1"
                   TAGREFS="BT16093">
          <Shape><Polygon POINTS="572 27 637 27 648 70 609 87 566 76 549 44 572 27"/></Shape>
          
          
          <TextLine ID="eSc_line_6da18055"
                    TAGREFS="LT4837"
                    BASELINE="572 61 619 55" 
                    HPOS="566"
                    VPOS="27"
                    WIDTH="53"
                    HEIGHT="50">
            <Shape><Polygon POINTS="572 61 572 73 619 77 619 55 613 27 566 30 572 61"/></Shape>
	    <String CONTENT=""
                    HPOS="566"
                    VPOS="27"
                    WIDTH="53"
                    HEIGHT="50"></String>
          </TextLine>

          
        </TextBlock>
        
        <TextBlock HPOS="61"
                   VPOS="1138"
                   WIDTH="9"
                   HEIGHT="15"
                   ID="eSc_textblock_bcc8859c"
                   TAGREFS="BT16086">
          <Shape><Polygon POINTS="62 1138 70 1138 70 1153 61 1153 62 1138"/></Shape>
          
        </TextBlock>
        

        
      </PrintSpace>
    </Page>
  </Layout>
</alto>
