<?xml version="1.0" encoding="UTF-8"?>
<alto xmlns:xsi="http://www.w3.org/2001/XMLSchema-instance"
      xmlns="http://www.loc.gov/standards/alto/ns-v4#"
      xsi:schemaLocation="http://www.loc.gov/standards/alto/ns-v4# http://www.loc.gov/standards/alto/v4/alto-4-2.xsd">
  <Description>
    <MeasurementUnit>pixel</MeasurementUnit>
    <sourceImageInformation>
      <fileName>Rasail067.jpg</fileName>
      
    </sourceImageInformation>
  </Description>
  
  <Tags>
    <OtherTag ID="BT16094" LABEL="default" DESCRIPTION="block type default"/><OtherTag ID="BT16093" LABEL="NumberingZone:page" DESCRIPTION="block type NumberingZone:page"/><OtherTag ID="BT16092" LABEL="MarginTextZone:note" DESCRIPTION="block type MarginTextZone:note"/><OtherTag ID="BT16091" LABEL="TitlePageZone" DESCRIPTION="block type TitlePageZone"/><OtherTag ID="BT16090" LABEL="QuireMarksZone:catchwords" DESCRIPTION="block type QuireMarksZone:catchwords"/><OtherTag ID="BT16089" LABEL="NumberingZone:other" DESCRIPTION="block type NumberingZone:other"/><OtherTag ID="BT16088" LABEL="NumberingZone" DESCRIPTION="block type NumberingZone"/><OtherTag ID="BT16087" LABEL="MarginTextZone" DESCRIPTION="block type MarginTextZone"/><OtherTag ID="BT16086" LABEL="MainZone" DESCRIPTION="block type MainZone"/><OtherTag ID="BT16085" LABEL="DigitizationArtefactZone" DESCRIPTION="block type DigitizationArtefactZone"/><OtherTag ID="BT2" LABEL="Main" DESCRIPTION="block type Main"/><OtherTag ID="BT1" LABEL="Title" DESCRIPTION="block type Title"/>
    <OtherTag ID="LT4837" LABEL="DefaultLine" DESCRIPTION="line type DefaultLine"/><OtherTag ID="LT4838" LABEL="default" DESCRIPTION="line type default"/><OtherTag ID="LT4839" LABEL="HeadingLine:title" DESCRIPTION="line type HeadingLine:title"/>
  </Tags>
  
  <Layout>
    <Page WIDTH="1132"
          HEIGHT="1650"
          PHYSICAL_IMG_NR="95"
          ID="eSc_dummypage_">
      <PrintSpace HPOS="0"
                  VPOS="0"
                  WIDTH="1132"
                  HEIGHT="1650">
        
        <TextBlock HPOS="77"
                   VPOS="148"
                   WIDTH="955"
                   HEIGHT="1434"
                   ID="eSc_textblock_c6a93f84"
                   TAGREFS="BT16086">
          <Shape><Polygon POINTS="566 148 1032 176 1010 1177 1032 1527 1005 1566 955 1582 121 1571 88 1527 99 1089 77 757 115 170 126 154 566 148"/></Shape>
          
          
          <TextLine ID="eSc_line_3e085d1e"
                    TAGREFS="LT4837"
                    BASELINE="118 217 1004 214" 
                    HPOS="116"
                    VPOS="169"
                    WIDTH="888"
                    HEIGHT="81">
            <Shape><Polygon POINTS="969 173 955 171 946 171 940 177 936 181 870 181 865 177 856 171 855 171 854 171 852 171 811 178 797 180 786 178 742 170 741 170 739 170 738 170 738 171 728 178 727 181 693 181 689 178 658 169 657 169 656 169 654 169 634 180 632 180 621 180 526 173 525 173 524 173 499 181 496 181 493 181 464 170 463 170 462 170 460 170 425 181 416 173 415 173 414 173 334 170 332 170 331 170 330 170 330 171 320 181 294 181 279 170 277 170 276 170 275 170 215 177 178 170 177 170 176 170 174 170 160 180 141 173 140 173 138 173 137 173 116 181 118 217 118 233 144 243 145 243 147 243 148 243 170 233 171 233 195 233 207 233 250 248 251 248 253 248 254 248 290 233 314 248 316 248 317 248 319 248 320 248 347 235 383 233 387 233 392 233 415 235 430 248 431 248 433 248 434 250 475 250 475 248 477 248 506 233 557 248 558 248 559 248 561 248 603 232 606 232 628 232 629 232 646 247 647 247 649 247 650 248 706 248 706 247 708 247 709 247 709 246 717 239 730 247 731 247 733 247 734 247 806 244 807 244 808 244 823 232 825 232 944 247 946 247 947 247 949 247 975 232 1002 232 1004 214 1001 177 976 173 969 173"/></Shape>
	    <String CONTENT="سال است و هر پنجاه هزار سال شرالع ناطقان رفع می شود"
                    HPOS="116"
                    VPOS="169"
                    WIDTH="888"
                    HEIGHT="81"
                    WC="0.9133327252724591"></String>
          </TextLine>

          
          
          <TextLine ID="eSc_line_b9d01890"
                    TAGREFS="LT4837"
                    BASELINE="119 290 1004 299" 
                    HPOS="118"
                    VPOS="248"
                    WIDTH="886"
                    HEIGHT="80">
            <Shape><Polygon POINTS="119 290 118 302 189 306 203 316 204 316 206 316 207 316 240 310 251 321 251 323 253 323 254 323 255 323 257 323 258 323 279 308 306 306 328 323 330 323 331 323 372 324 374 324 375 324 404 309 426 324 427 324 429 324 430 324 431 324 496 308 532 320 533 320 535 320 594 309 616 324 617 324 618 324 620 324 664 319 675 327 676 327 678 327 679 328 730 328 730 327 731 327 733 327 746 316 756 324 756 325 757 325 759 325 760 325 762 325 799 312 837 328 839 328 840 328 906 314 971 320 972 320 973 320 1002 312 1004 299 1002 258 944 259 943 259 942 259 942 261 929 270 888 258 878 255 877 255 876 255 874 255 867 258 843 269 822 258 819 257 818 257 817 257 815 257 811 258 789 270 755 270 744 258 741 257 741 255 739 255 738 255 737 255 735 255 727 258 706 269 675 269 665 259 660 255 660 254 658 254 657 254 656 254 654 254 653 254 647 259 639 266 529 266 517 259 500 251 499 251 497 251 496 251 473 259 459 265 418 259 335 250 334 250 286 259 246 248 244 248 243 248 242 248 204 261 199 262 119 262 119 290"/></Shape>
	    <String CONTENT="و ظور ناطق دخت هم در آن دور بذات امام میباشد و"
                    HPOS="118"
                    VPOS="248"
                    WIDTH="886"
                    HEIGHT="80"
                    WC="0.9066184936685765"></String>
          </TextLine>

          
          
          <TextLine ID="eSc_line_64095df0"
                    TAGREFS="LT4837"
                    BASELINE="119 368 998 371" 
                    HPOS="118"
                    VPOS="320"
                    WIDTH="880"
                    HEIGHT="76">
            <Shape><Polygon POINTS="119 368 118 387 140 394 141 394 143 394 144 394 166 387 185 382 193 387 203 394 204 394 206 394 207 396 259 396 259 394 261 394 262 394 262 393 270 387 276 382 310 386 330 389 331 389 332 389 342 386 358 382 363 386 371 393 371 394 372 394 374 394 375 396 394 396 394 394 484 386 522 382 532 385 558 396 559 396 561 396 562 396 563 396 576 385 577 383 584 385 625 396 627 396 628 396 629 396 658 385 709 393 711 393 712 393 738 383 739 383 741 383 768 396 770 396 771 396 773 396 801 387 825 396 826 396 828 396 883 387 966 396 968 396 969 396 997 382 998 371 997 331 903 321 902 321 900 321 880 331 866 338 836 331 814 327 812 327 811 327 810 327 810 328 806 331 799 339 705 339 691 332 668 321 667 321 665 321 664 321 635 332 623 338 612 332 591 323 590 323 588 323 587 323 585 323 576 331 558 324 557 324 555 324 554 324 552 324 541 334 524 320 522 320 521 320 519 320 518 320 489 334 482 338 416 338 409 334 397 328 396 328 394 328 361 334 349 336 339 335 290 320 288 320 162 320 160 320 159 320 158 320 138 335 137 336 119 336 119 368"/></Shape>
	    <String CONTENT="مقرر حکما چناناست که دوان ظهور هر چه در ممقابل اسفل"
                    HPOS="118"
                    VPOS="320"
                    WIDTH="880"
                    HEIGHT="76"
                    WC="0.9053906389311248"></String>
          </TextLine>

          
          
          <TextLine ID="eSc_line_1d5ab9d1"
                    TAGREFS="LT4837"
                    BASELINE="119 440 1006 446" 
                    HPOS="118"
                    VPOS="391"
                    WIDTH="888"
                    HEIGHT="83">
            <Shape><Polygon POINTS="119 440 118 451 174 452 199 468 200 468 202 468 203 468 357 455 442 470 444 470 445 470 473 455 503 471 504 471 506 471 507 471 535 456 572 457 596 471 598 471 656 473 657 473 658 473 687 457 706 473 708 473 709 473 711 474 774 474 774 473 775 473 777 473 793 462 807 473 808 473 810 473 873 474 874 474 876 474 877 474 877 473 891 460 928 459 940 459 958 468 960 468 961 468 962 468 964 468 964 467 973 459 975 459 1004 459 1006 446 1005 409 940 397 939 397 938 397 902 409 884 415 870 409 854 401 852 401 851 401 850 401 821 409 808 412 801 409 796 407 795 407 793 407 764 409 713 413 705 409 687 400 686 400 632 394 631 394 629 394 628 394 628 396 613 409 609 412 599 409 585 405 584 405 583 405 581 405 580 405 574 409 569 413 497 413 493 409 478 394 478 393 477 393 475 393 474 393 320 404 301 391 299 391 298 391 297 391 295 391 269 405 235 391 233 391 232 391 231 391 229 391 229 393 211 409 210 411 171 411 170 409 154 394 152 394 151 394 149 394 148 394 119 408 119 440"/></Shape>
	    <String CONTENT="التتافلين باشد به ترتی در آيدحتی که سنگمای سپاه"
                    HPOS="118"
                    VPOS="391"
                    WIDTH="888"
                    HEIGHT="83"
                    WC="0.8950105713059505"></String>
          </TextLine>

          
          
          <TextLine ID="eSc_line_12d168c4"
                    TAGREFS="LT4837"
                    BASELINE="121 517 999 528" 
                    HPOS="119"
                    VPOS="468"
                    WIDTH="880"
                    HEIGHT="84">
            <Shape><Polygon POINTS="121 517 119 529 132 537 133 537 134 537 136 537 162 533 170 540 170 541 171 541 173 541 174 541 176 541 209 533 229 543 231 543 232 543 287 532 396 539 397 539 445 533 459 544 459 545 460 545 462 545 463 545 524 544 525 544 543 534 591 547 592 547 671 548 672 548 726 537 796 550 797 551 883 551 883 550 884 550 913 540 924 550 924 551 925 551 927 551 928 552 976 552 976 551 977 551 998 540 999 528 995 478 980 492 965 479 965 478 964 478 962 478 961 478 960 478 955 479 929 486 889 479 872 477 870 477 869 477 859 479 840 486 828 479 826 479 825 479 823 479 822 479 821 479 801 493 745 482 744 482 742 482 741 482 726 493 689 493 678 481 673 478 673 477 672 477 671 477 669 477 668 477 667 477 661 481 653 486 640 481 635 479 634 479 632 479 631 479 629 479 628 481 616 490 573 482 552 478 551 478 550 478 540 482 526 489 418 489 408 482 385 471 383 471 353 471 352 471 350 471 349 471 334 484 330 486 324 484 313 478 312 478 310 478 281 484 275 485 270 484 229 468 228 468 154 468 152 468 151 468 121 484 121 517"/></Shape>
	    <String CONTENT="برتب نباتى برسند چنانچه در قرآن آمده که يوج الملايکة"
                    HPOS="119"
                    VPOS="468"
                    WIDTH="880"
                    HEIGHT="84"
                    WC="0.8839989216239365"></String>
          </TextLine>

          
          
          <TextLine ID="eSc_line_54af505a"
                    TAGREFS="LT4837"
                    BASELINE="130 587 540 589 1001 600" 
                    HPOS="129"
                    VPOS="543"
                    WIDTH="872"
                    HEIGHT="82">
            <Shape><Polygon POINTS="130 587 129 596 171 611 173 611 174 611 176 611 204 599 231 599 239 599 261 614 262 614 264 614 325 616 327 616 328 616 330 616 349 602 409 610 411 610 492 603 514 618 515 618 517 618 518 618 519 618 521 618 540 605 640 620 642 620 811 617 855 624 856 624 858 624 859 624 859 622 866 617 916 625 917 625 999 610 1001 600 1001 555 881 554 880 554 878 554 877 554 877 555 859 569 844 558 843 558 841 558 840 558 839 558 837 558 822 570 785 570 768 559 767 559 766 559 764 559 763 559 738 566 723 555 722 552 720 552 719 552 717 552 716 552 709 555 675 567 653 555 646 550 645 550 643 550 642 550 610 555 548 565 528 555 526 555 525 555 485 563 467 555 452 547 451 547 449 547 448 547 423 555 403 561 387 555 375 550 374 550 372 550 371 550 358 555 343 561 303 555 295 554 294 554 292 554 290 555 272 561 261 555 239 543 237 543 211 543 210 543 209 543 207 543 207 544 195 555 189 559 130 555 130 587"/></Shape>
	    <String CONTENT="والروح إليه في يوم كان مقد الأخمين ألف"
                    HPOS="129"
                    VPOS="543"
                    WIDTH="872"
                    HEIGHT="82"
                    WC="0.94769430596654"></String>
          </TextLine>

          
          
          <TextLine ID="eSc_line_fdd217fa"
                    TAGREFS="LT4837"
                    BASELINE="540 669 998 676" 
                    HPOS="539"
                    VPOS="618"
                    WIDTH="459"
                    HEIGHT="84">
            <Shape><Polygon POINTS="539 684 566 684 573 687 595 695 596 695 598 695 599 695 620 687 621 687 653 698 654 698 656 698 657 698 691 688 722 699 723 699 724 699 786 688 790 687 792 688 804 698 804 699 806 699 807 699 808 699 844 694 906 702 907 702 997 688 998 676 998 631 969 624 968 624 966 624 965 624 964 624 955 631 938 643 880 643 866 628 861 624 861 622 859 622 858 622 856 622 855 622 854 622 848 628 839 636 821 627 819 627 818 627 817 627 815 627 807 633 796 625 789 621 788 621 786 621 785 621 784 621 775 625 750 640 726 624 724 622 723 622 722 622 720 622 719 622 717 622 716 624 706 631 695 622 693 620 691 620 690 620 653 620 651 620 650 620 649 620 647 621 634 632 624 627 623 627 621 627 569 638 543 618 540 669 539 684"/></Shape>
	    <String CONTENT="سگنة يعنى مجموع قوتهاى"
                    HPOS="539"
                    VPOS="618"
                    WIDTH="459"
                    HEIGHT="84"
                    WC="0.9176985621452332"></String>
          </TextLine>

          
          
          <TextLine ID="eSc_line_60465435"
                    TAGREFS="LT4837"
                    BASELINE="123 661 477 665" 
                    HPOS="122"
                    VPOS="613"
                    WIDTH="355"
                    HEIGHT="70">
            <Shape><Polygon POINTS="123 661 122 672 133 680 134 680 136 680 137 682 209 682 209 680 210 680 211 680 211 679 222 671 268 682 269 682 270 682 298 672 358 683 360 683 361 683 363 683 375 673 403 680 404 680 405 680 407 680 408 680 418 675 420 673 474 675 477 665 477 628 451 614 449 614 448 614 447 614 419 628 386 614 385 614 383 614 327 627 299 613 298 613 297 613 123 624 123 661"/></Shape>
	    <String CONTENT="و ارواح مطلقا عروج"
                    HPOS="122"
                    VPOS="613"
                    WIDTH="355"
                    HEIGHT="70"
                    WC="0.9035000436835818"></String>
          </TextLine>

          
          
          <TextLine ID="eSc_line_0a714d4b"
                    TAGREFS="LT4837"
                    BASELINE="105 735 493 735 767 748 999 748" 
                    HPOS="104"
                    VPOS="687"
                    WIDTH="895"
                    HEIGHT="81">
            <Shape><Polygon POINTS="105 735 104 746 123 759 125 759 126 759 127 759 189 756 191 756 192 756 206 746 242 746 258 759 259 759 261 759 262 759 264 759 287 748 319 760 320 760 321 760 323 760 324 760 339 749 393 756 394 756 431 748 433 748 537 748 537 749 555 761 557 761 558 761 559 761 561 761 583 754 609 764 610 764 668 765 669 765 750 760 773 767 774 767 775 767 777 767 804 753 818 765 819 765 821 765 822 765 823 765 839 759 885 768 887 768 998 753 999 748 999 708 958 697 957 697 955 697 954 697 953 697 953 698 940 708 938 712 885 712 867 708 829 698 828 698 826 698 786 708 771 710 745 710 741 708 722 694 720 694 719 694 669 694 668 694 667 694 665 694 646 706 643 709 625 709 623 706 606 693 605 693 603 693 602 693 601 693 559 706 558 706 548 698 548 697 547 697 546 697 544 697 495 705 489 706 488 705 477 697 475 697 474 697 473 697 438 704 408 693 407 693 405 693 349 705 346 705 321 688 320 688 319 688 279 688 277 688 276 688 255 699 206 687 204 687 148 687 147 687 145 687 105 702 105 735"/></Shape>
	    <String CONTENT="میکنند بهجانب حق که هبداواست و روزی که مقدر پنجاه"
                    HPOS="104"
                    VPOS="687"
                    WIDTH="895"
                    HEIGHT="81"
                    WC="0.8821301654893525"></String>
          </TextLine>

          
          
          <TextLine ID="eSc_line_055a037d"
                    TAGREFS="LT4837"
                    BASELINE="116 805 474 805 993 819" 
                    HPOS="115"
                    VPOS="754"
                    WIDTH="878"
                    HEIGHT="86">
            <Shape><Polygon POINTS="116 805 115 812 149 826 151 826 152 826 202 814 210 812 217 815 244 826 246 826 247 826 248 826 250 826 265 816 268 815 269 816 277 820 279 820 280 820 281 820 291 818 302 814 371 819 398 822 400 822 420 822 499 818 525 825 548 831 550 831 551 831 605 827 614 827 617 827 632 834 634 834 635 834 636 834 653 829 678 820 689 830 690 831 690 833 691 833 693 833 694 833 715 831 744 829 752 833 762 837 763 837 764 837 766 837 781 833 819 823 834 836 837 838 839 838 840 838 841 840 895 840 895 838 896 838 898 838 898 837 913 826 929 838 931 838 932 838 990 840 993 819 993 772 969 771 968 771 966 771 965 771 965 772 949 786 907 786 883 774 881 774 880 774 878 774 859 785 844 772 843 770 841 770 840 770 839 770 837 770 833 772 811 782 795 775 793 775 792 775 790 775 789 775 778 783 702 783 686 772 686 771 684 771 683 771 682 771 667 772 636 774 631 772 609 761 607 761 606 761 605 761 603 761 603 763 592 772 584 781 561 781 548 772 533 760 532 760 530 760 460 760 459 760 458 760 456 760 442 772 437 776 418 776 408 772 381 757 379 757 378 757 242 764 206 754 204 754 203 754 202 754 200 754 177 772 174 772 116 772 116 805"/></Shape>
	    <String CONTENT="ارسالستاين ظهور را قيامت القتابات گويند"
                    HPOS="115"
                    VPOS="754"
                    WIDTH="878"
                    HEIGHT="86"
                    WC="0.9486535130402981"></String>
          </TextLine>

          
          
          <TextLine ID="eSc_line_ff85e14e"
                    TAGREFS="LT4837"
                    BASELINE="122 878 495 877 998 893" 
                    HPOS="122"
                    VPOS="822"
                    WIDTH="876"
                    HEIGHT="93">
            <Shape><Polygon POINTS="122 878 122 893 160 889 204 896 242 902 243 902 268 897 314 889 331 896 332 896 334 896 335 896 349 889 442 889 470 903 471 903 473 903 474 903 475 903 477 903 510 893 580 893 595 906 598 908 599 908 601 908 746 911 748 911 749 911 755 910 785 900 810 911 814 913 815 913 817 913 830 911 880 907 903 914 906 914 907 914 909 914 910 914 911 914 922 906 929 913 931 913 932 913 933 913 935 913 951 904 994 915 998 893 998 862 971 862 971 860 947 840 947 838 946 838 944 838 924 836 818 834 817 834 815 834 814 834 814 836 789 856 749 849 748 849 746 849 724 856 723 856 722 856 709 849 708 849 706 849 660 855 654 855 653 855 627 841 625 841 624 841 623 841 621 841 602 853 565 829 563 829 562 829 514 829 513 829 511 829 510 829 502 836 492 827 491 827 489 827 488 827 486 827 458 834 429 826 427 826 426 826 425 826 423 826 400 844 392 837 390 837 389 837 387 837 386 837 365 842 325 825 324 825 323 825 321 825 290 841 233 822 232 822 231 822 210 823 209 823 207 823 181 845 122 845 122 878"/></Shape>
	    <String CONTENT="وطامد الکبری ويوص تبلی س اير که در قران قيات"
                    HPOS="122"
                    VPOS="822"
                    WIDTH="876"
                    HEIGHT="93"
                    WC="0.8891146758740599"></String>
          </TextLine>

          
          
          <TextLine ID="eSc_line_3d0a72e1"
                    TAGREFS="LT4837"
                    BASELINE="834 961 987 963" 
                    HPOS="833"
                    VPOS="913"
                    WIDTH="154"
                    HEIGHT="77">
            <Shape><Polygon POINTS="834 961 833 981 940 990 942 990 986 980 987 963 987 914 931 914 929 914 928 914 927 914 927 915 924 917 917 924 907 918 898 913 896 913 895 913 894 913 892 913 891 913 891 914 884 919 878 924 834 924 834 961"/></Shape>
	    <String CONTENT="ابدانو"
                    HPOS="833"
                    VPOS="913"
                    WIDTH="154"
                    HEIGHT="77"
                    WC="0.8583097060521444"></String>
          </TextLine>

          
          
          <TextLine ID="eSc_line_2b68dff3"
                    TAGREFS="LT4837"
                    BASELINE="226 939 456 941" 
                    HPOS="225"
                    VPOS="893"
                    WIDTH="231"
                    HEIGHT="69">
            <Shape><Polygon POINTS="225 957 277 951 356 961 365 961 367 961 368 961 369 961 392 952 403 961 404 961 405 961 407 962 455 962 456 941 455 897 394 893 393 893 392 893 385 897 367 907 349 897 343 893 342 893 341 893 339 893 338 893 336 893 332 897 320 908 262 908 228 897 226 939 225 957"/></Shape>
	    <String CONTENT="ين ظهوراست"
                    HPOS="225"
                    VPOS="893"
                    WIDTH="231"
                    HEIGHT="69"
                    WC="0.9000909566879273"></String>
          </TextLine>

          
          
          <TextLine ID="eSc_line_56db341b"
                    TAGREFS="LT4837"
                    BASELINE="601 1065 638 1064" 
                    HPOS="599"
                    VPOS="1031"
                    WIDTH="39"
                    HEIGHT="59">
            <Shape><Polygon POINTS="601 1065 601 1086 636 1090 638 1064 634 1031 599 1036 601 1065"/></Shape>
	    <String CONTENT=""
                    HPOS="599"
                    VPOS="1031"
                    WIDTH="39"
                    HEIGHT="59"></String>
          </TextLine>

          
          
          <TextLine ID="eSc_line_98909c74"
                    TAGREFS="LT4837"
                    BASELINE="463 1071 554 1068" 
                    HPOS="460"
                    VPOS="988"
                    WIDTH="94"
                    HEIGHT="109">
            <Shape><Polygon POINTS="463 1071 463 1097 554 1090 554 1068 551 1002 514 988 513 988 511 988 510 988 460 1003 463 1071"/></Shape>
	    <String CONTENT=""
                    HPOS="460"
                    VPOS="988"
                    WIDTH="94"
                    HEIGHT="109"></String>
          </TextLine>

          
          
          <TextLine ID="eSc_line_2af3e568"
                    TAGREFS="LT4837"
                    BASELINE="111 1164 920 1175" 
                    HPOS="110"
                    VPOS="1108"
                    WIDTH="810"
                    HEIGHT="91">
            <Shape><Polygon POINTS="111 1164 110 1179 237 1189 239 1189 240 1189 265 1181 270 1179 276 1181 303 1189 305 1189 306 1189 308 1189 309 1189 309 1188 317 1181 320 1178 324 1181 325 1182 325 1183 327 1183 328 1183 330 1183 349 1181 381 1177 393 1181 412 1189 414 1189 415 1189 416 1189 418 1189 429 1182 437 1178 513 1178 521 1182 541 1192 543 1192 544 1192 546 1192 576 1182 577 1182 598 1193 599 1193 601 1193 602 1193 624 1182 627 1181 628 1182 634 1188 634 1189 635 1189 636 1189 638 1189 684 1182 701 1181 704 1183 716 1194 716 1196 717 1196 719 1196 720 1196 722 1196 737 1189 757 1196 759 1196 760 1196 762 1196 763 1196 763 1194 771 1188 782 1196 784 1196 785 1196 818 1197 819 1199 881 1199 881 1197 883 1197 918 1183 920 1175 918 1134 821 1134 818 1133 788 1119 786 1119 785 1119 784 1119 742 1130 720 1112 719 1112 717 1112 690 1112 689 1112 687 1112 686 1112 665 1124 632 1116 631 1116 629 1116 566 1127 543 1111 541 1111 540 1111 515 1109 514 1109 477 1116 451 1109 449 1109 448 1109 447 1109 445 1109 434 1116 349 1108 347 1108 302 1119 292 1111 292 1109 291 1109 290 1109 288 1109 287 1109 286 1109 261 1124 235 1109 233 1109 232 1109 231 1109 229 1109 213 1123 111 1123 111 1164"/></Shape>
	    <String CONTENT="در بيان مراتب چندک با اعتبارات آن ناطق در کلام خود قيامت را"
                    HPOS="110"
                    VPOS="1108"
                    WIDTH="810"
                    HEIGHT="91"
                    WC="0.8968497544527054"></String>
          </TextLine>

          
          
          <TextLine ID="eSc_line_ca001b1c"
                    TAGREFS="LT4837"
                    BASELINE="121 1240 987 1247" 
                    HPOS="119"
                    VPOS="1186"
                    WIDTH="868"
                    HEIGHT="79">
            <Shape><Polygon POINTS="121 1240 119 1248 129 1258 129 1259 130 1259 132 1259 133 1259 269 1252 317 1260 319 1260 320 1260 321 1260 336 1249 441 1249 453 1256 455 1256 456 1256 458 1256 478 1252 489 1262 491 1262 492 1262 493 1262 495 1262 518 1251 617 1251 752 1263 753 1265 812 1265 812 1263 814 1263 841 1254 888 1265 889 1265 891 1265 892 1265 907 1255 935 1263 936 1263 938 1263 939 1263 940 1263 940 1262 949 1254 986 1252 987 1247 984 1193 935 1207 925 1200 924 1200 922 1200 921 1200 920 1200 918 1200 910 1208 880 1193 870 1189 869 1189 867 1189 845 1193 797 1204 756 1194 730 1188 728 1188 727 1188 726 1188 724 1188 716 1194 697 1208 639 1200 638 1200 636 1200 620 1205 590 1194 565 1186 563 1186 491 1186 489 1186 488 1186 486 1186 486 1188 477 1196 475 1197 471 1196 440 1186 438 1186 437 1186 436 1186 434 1186 422 1196 409 1205 360 1197 352 1196 350 1196 349 1196 347 1196 347 1197 335 1205 277 1205 269 1197 264 1193 264 1192 262 1192 261 1192 259 1192 258 1192 246 1197 242 1200 237 1197 226 1189 225 1189 224 1189 222 1189 221 1189 199 1197 182 1205 155 1205 148 1199 143 1194 143 1193 141 1193 140 1193 138 1193 137 1193 121 1197 121 1240"/></Shape>
	    <String CONTENT="منامهای تحقيق ياد کرده انده بدانکه طالب صاحبعيان"
                    HPOS="119"
                    VPOS="1186"
                    WIDTH="868"
                    HEIGHT="79"
                    WC="0.9125417421261469"></String>
          </TextLine>

          
          
          <TextLine ID="eSc_line_990d8321"
                    TAGREFS="LT4837"
                    BASELINE="108 1315 983 1324" 
                    HPOS="107"
                    VPOS="1266"
                    WIDTH="876"
                    HEIGHT="78">
            <Shape><Polygon POINTS="108 1315 107 1322 155 1339 156 1339 158 1340 188 1340 188 1339 189 1339 191 1339 204 1326 215 1335 215 1336 217 1336 218 1336 254 1340 255 1342 346 1342 346 1340 347 1340 349 1340 374 1326 456 1326 546 1343 547 1343 548 1343 550 1343 573 1329 613 1343 614 1343 616 1343 617 1343 660 1329 691 1344 693 1344 694 1344 695 1344 727 1331 741 1331 755 1343 755 1344 756 1344 757 1344 759 1344 801 1335 837 1340 839 1340 840 1340 862 1332 982 1332 983 1324 983 1285 914 1271 913 1271 911 1271 888 1284 887 1285 841 1285 840 1284 828 1271 828 1270 826 1270 825 1270 823 1270 822 1270 795 1282 795 1284 768 1284 767 1282 746 1270 745 1270 744 1270 742 1270 741 1270 697 1282 693 1282 687 1282 643 1274 642 1274 640 1274 627 1281 614 1270 614 1269 613 1269 612 1269 546 1267 544 1267 460 1278 436 1267 434 1267 433 1267 431 1267 430 1267 414 1280 412 1280 411 1280 378 1266 376 1266 331 1266 330 1266 328 1266 327 1266 313 1278 312 1280 283 1280 280 1278 264 1267 262 1267 261 1267 259 1267 258 1267 257 1267 244 1277 185 1267 184 1267 182 1267 181 1267 167 1277 166 1277 108 1277 108 1315"/></Shape>
	    <String CONTENT="بامد که ملاحظه چنان نمايد که قياست در عالم امری عبارت"
                    HPOS="107"
                    VPOS="1266"
                    WIDTH="876"
                    HEIGHT="78"
                    WC="0.925186295554323"></String>
          </TextLine>

          
          
          <TextLine ID="eSc_line_147894de"
                    TAGREFS="LT4837"
                    BASELINE="115 1392 986 1387" 
                    HPOS="114"
                    VPOS="1340"
                    WIDTH="872"
                    HEIGHT="79">
            <Shape><Polygon POINTS="115 1392 115 1402 156 1402 178 1412 180 1412 181 1412 182 1412 184 1412 193 1405 214 1416 215 1416 217 1416 218 1416 220 1416 231 1408 244 1419 246 1419 247 1419 248 1419 305 1412 330 1419 331 1419 332 1419 360 1417 361 1417 363 1417 363 1416 379 1401 381 1399 445 1399 460 1399 474 1412 474 1413 475 1413 477 1413 508 1417 510 1417 511 1417 548 1399 552 1398 570 1398 574 1399 602 1416 603 1416 605 1416 606 1417 642 1417 642 1416 643 1416 645 1416 645 1414 656 1406 667 1416 668 1416 669 1416 671 1417 730 1417 730 1416 731 1416 764 1398 768 1397 869 1397 870 1398 889 1413 891 1413 892 1413 894 1413 895 1413 929 1399 947 1406 949 1406 950 1406 951 1406 986 1397 986 1387 983 1357 808 1340 807 1340 806 1340 804 1340 804 1342 789 1355 755 1342 753 1342 752 1342 750 1342 713 1357 651 1347 650 1347 649 1347 621 1358 573 1358 532 1343 530 1343 529 1343 528 1343 526 1343 508 1358 467 1344 466 1344 464 1344 392 1358 375 1344 375 1343 374 1343 372 1343 332 1343 331 1343 279 1346 277 1346 276 1346 259 1359 237 1359 221 1344 220 1344 218 1344 217 1344 215 1344 187 1353 163 1344 162 1344 160 1344 159 1344 114 1361 115 1392"/></Shape>
	    <String CONTENT="است از تتديل باطن به ظاهر و در عالم مخلقی عبارت"
                    HPOS="114"
                    VPOS="1340"
                    WIDTH="872"
                    HEIGHT="79"
                    WC="0.9242232796993661"></String>
          </TextLine>

          
          
          <TextLine ID="eSc_line_d31a9348"
                    TAGREFS="LT4837"
                    BASELINE="123 1461 983 1463" 
                    HPOS="123"
                    VPOS="1410"
                    WIDTH="860"
                    HEIGHT="80">
            <Shape><Polygon POINTS="123 1461 123 1474 155 1472 159 1475 176 1483 177 1483 178 1483 180 1483 200 1478 213 1489 214 1489 215 1489 217 1489 265 1482 387 1489 389 1489 390 1489 392 1489 392 1487 400 1480 429 1482 430 1482 431 1482 447 1476 459 1472 521 1475 522 1476 536 1489 537 1489 539 1489 540 1490 675 1490 675 1489 676 1489 678 1489 690 1478 693 1475 700 1478 726 1489 727 1489 728 1490 762 1490 762 1489 763 1489 764 1489 781 1479 793 1472 980 1479 983 1463 980 1427 888 1427 885 1424 872 1413 872 1412 870 1412 869 1412 810 1412 808 1412 807 1412 806 1412 788 1423 785 1424 779 1423 757 1414 756 1414 755 1414 753 1414 739 1421 731 1427 720 1421 704 1412 702 1412 701 1412 700 1412 698 1412 687 1420 679 1428 632 1428 624 1420 617 1413 617 1412 616 1412 614 1412 590 1412 588 1412 587 1412 585 1412 577 1419 569 1425 536 1417 521 1414 519 1414 518 1414 513 1417 493 1428 423 1428 407 1414 403 1412 401 1412 400 1412 381 1412 379 1412 378 1412 376 1412 372 1414 356 1425 319 1414 317 1414 316 1414 314 1414 287 1428 257 1428 246 1417 246 1416 244 1416 243 1416 242 1416 240 1416 209 1427 193 1413 193 1412 192 1412 191 1412 123 1410 123 1461"/></Shape>
	    <String CONTENT="ت از تبديل ظاهر به باطن و در عالم دين عبارت است"
                    HPOS="123"
                    VPOS="1410"
                    WIDTH="860"
                    HEIGHT="80"
                    WC="0.8986810940377256"></String>
          </TextLine>

          
          
          <TextLine ID="eSc_line_9b9bc3a6"
                    TAGREFS="LT4837"
                    BASELINE="110 1537 980 1544" 
                    HPOS="108"
                    VPOS="1486"
                    WIDTH="872"
                    HEIGHT="84">
            <Shape><Polygon POINTS="110 1537 108 1548 130 1559 132 1559 133 1559 134 1559 136 1559 148 1551 192 1557 193 1557 229 1551 257 1564 258 1564 259 1564 321 1552 335 1564 335 1566 336 1566 338 1566 339 1567 462 1567 462 1566 463 1566 464 1566 464 1564 478 1553 503 1553 522 1564 524 1564 525 1564 526 1564 528 1564 529 1564 543 1555 562 1564 563 1564 632 1568 634 1568 635 1568 664 1556 709 1568 711 1568 712 1570 786 1570 786 1568 788 1568 812 1556 884 1564 885 1564 979 1555 980 1544 977 1494 940 1504 906 1496 905 1496 903 1496 902 1496 900 1496 900 1497 889 1507 856 1507 843 1494 840 1491 839 1491 837 1491 836 1491 812 1494 764 1502 722 1497 720 1497 719 1497 691 1504 668 1496 657 1491 656 1491 654 1491 653 1491 651 1491 647 1496 639 1502 614 1502 605 1496 603 1494 602 1494 601 1494 599 1494 583 1496 540 1502 532 1497 524 1489 522 1489 521 1489 519 1489 407 1494 381 1487 379 1487 378 1487 376 1487 375 1487 360 1497 353 1502 286 1502 280 1498 268 1489 266 1489 265 1489 264 1489 262 1489 250 1496 237 1486 236 1486 235 1486 180 1486 178 1486 177 1486 176 1486 156 1498 110 1498 110 1537"/></Shape>
	    <String CONTENT="از امامت که بهميش قايم است کر تبديلی دروی مقصود"
                    HPOS="108"
                    VPOS="1486"
                    WIDTH="872"
                    HEIGHT="84"
                    WC="0.8420091683560229"></String>
          </TextLine>

          
        </TextBlock>
        
        <TextBlock HPOS="500"
                   VPOS="49"
                   WIDTH="131"
                   HEIGHT="92"
                   ID="eSc_textblock_0ec12031"
                   TAGREFS="BT16093">
          <Shape><Polygon POINTS="561 49 614 66 631 99 576 141 533 136 500 97 511 66 561 49"/></Shape>
          
          
          <TextLine ID="eSc_line_166d228f"
                    TAGREFS="LT4837"
                    BASELINE="536 92 591 88" 
                    HPOS="532"
                    VPOS="55"
                    WIDTH="59"
                    HEIGHT="60">
            <Shape><Polygon POINTS="580 55 532 61 536 92 536 105 558 115 559 115 561 115 562 115 591 107 591 88 585 57 580 55"/></Shape>
	    <String CONTENT=""
                    HPOS="532"
                    VPOS="55"
                    WIDTH="59"
                    HEIGHT="60"></String>
          </TextLine>

          
        </TextBlock>
        

        
      </PrintSpace>
    </Page>
  </Layout>
</alto>
