<?xml version="1.0" encoding="UTF-8"?>
<alto xmlns:xsi="http://www.w3.org/2001/XMLSchema-instance"
      xmlns="http://www.loc.gov/standards/alto/ns-v4#"
      xsi:schemaLocation="http://www.loc.gov/standards/alto/ns-v4# http://www.loc.gov/standards/alto/v4/alto-4-2.xsd">
  <Description>
    <MeasurementUnit>pixel</MeasurementUnit>
    <sourceImageInformation>
      <fileName>Rasail026.jpg</fileName>
      
    </sourceImageInformation>
  </Description>
  
  <Tags>
    <OtherTag ID="BT16094" LABEL="default" DESCRIPTION="block type default"/><OtherTag ID="BT16093" LABEL="NumberingZone:page" DESCRIPTION="block type NumberingZone:page"/><OtherTag ID="BT16092" LABEL="MarginTextZone:note" DESCRIPTION="block type MarginTextZone:note"/><OtherTag ID="BT16091" LABEL="TitlePageZone" DESCRIPTION="block type TitlePageZone"/><OtherTag ID="BT16090" LABEL="QuireMarksZone:catchwords" DESCRIPTION="block type QuireMarksZone:catchwords"/><OtherTag ID="BT16089" LABEL="NumberingZone:other" DESCRIPTION="block type NumberingZone:other"/><OtherTag ID="BT16088" LABEL="NumberingZone" DESCRIPTION="block type NumberingZone"/><OtherTag ID="BT16087" LABEL="MarginTextZone" DESCRIPTION="block type MarginTextZone"/><OtherTag ID="BT16086" LABEL="MainZone" DESCRIPTION="block type MainZone"/><OtherTag ID="BT16085" LABEL="DigitizationArtefactZone" DESCRIPTION="block type DigitizationArtefactZone"/><OtherTag ID="BT2" LABEL="Main" DESCRIPTION="block type Main"/><OtherTag ID="BT1" LABEL="Title" DESCRIPTION="block type Title"/>
    <OtherTag ID="LT4837" LABEL="DefaultLine" DESCRIPTION="line type DefaultLine"/><OtherTag ID="LT4838" LABEL="default" DESCRIPTION="line type default"/><OtherTag ID="LT4839" LABEL="HeadingLine:title" DESCRIPTION="line type HeadingLine:title"/>
  </Tags>
  
  <Layout>
    <Page WIDTH="1146"
          HEIGHT="1668"
          PHYSICAL_IMG_NR="54"
          ID="eSc_dummypage_">
      <PrintSpace HPOS="0"
                  VPOS="0"
                  WIDTH="1146"
                  HEIGHT="1668">
        
        <TextBlock HPOS="72"
                   VPOS="111"
                   WIDTH="1011"
                   HEIGHT="1472"
                   ID="eSc_textblock_2a7ed3f1"
                   TAGREFS="BT16086">
          <Shape><Polygon POINTS="322 111 1022 111 1083 144 1061 1271 1050 1505 1027 1566 283 1583 116 1577 89 1549 105 1467 72 1262 94 1166 100 161 133 122 276 127 322 111"/></Shape>
          
          
          <TextLine ID="eSc_line_5bfbd44d"
                    TAGREFS="LT4837"
                    BASELINE="108 198 1034 187" 
                    HPOS="107"
                    VPOS="136"
                    WIDTH="927"
                    HEIGHT="98">
            <Shape><Polygon POINTS="108 198 108 218 283 212 292 219 297 223 297 225 299 225 300 225 336 230 337 230 339 230 340 230 353 219 365 211 379 211 393 219 413 233 414 233 415 233 417 234 454 234 454 233 545 223 546 223 547 223 553 219 573 208 595 208 611 219 613 219 614 219 616 219 617 219 618 219 642 211 673 211 682 219 685 222 687 222 688 222 689 222 691 222 699 219 705 216 707 219 720 229 721 229 723 229 724 229 865 222 866 222 867 222 870 219 885 205 927 219 952 226 954 226 955 226 1034 218 1034 187 1033 154 1005 141 1004 141 1002 141 1001 141 999 141 999 143 987 154 923 154 902 136 901 136 899 136 842 136 841 136 840 136 838 136 816 154 792 147 791 147 789 147 788 147 787 147 773 157 714 157 695 141 693 141 692 141 653 139 652 139 650 139 610 155 571 139 570 139 568 139 567 139 566 139 542 159 525 159 499 140 497 140 496 140 454 140 453 140 452 140 424 150 371 141 369 141 368 141 367 141 335 161 257 161 239 151 237 151 236 151 235 151 233 151 215 162 173 147 172 147 171 147 169 147 107 164 108 198"/></Shape>
	    <String CONTENT="و بعضی مخضی که ربيخ وريشه می شودديم که اخرين است و غز"
                    HPOS="107"
                    VPOS="136"
                    WIDTH="927"
                    HEIGHT="98"
                    WC="0.8207631009929585"></String>
          </TextLine>

          
          
          <TextLine ID="eSc_line_1913b55f"
                    TAGREFS="LT4837"
                    BASELINE="119 265 251 271 1034 261" 
                    HPOS="118"
                    VPOS="219"
                    WIDTH="916"
                    HEIGHT="85">
            <Shape><Polygon POINTS="119 265 119 286 182 304 183 304 184 304 278 303 279 303 280 303 280 301 287 296 308 303 310 303 311 303 312 303 314 303 314 301 328 289 353 301 354 301 356 301 357 301 358 301 368 293 438 301 439 301 440 301 442 301 457 290 471 301 472 301 474 301 475 301 521 291 586 300 588 300 589 300 591 300 607 286 611 283 645 279 809 279 817 286 821 289 821 290 823 290 824 290 826 290 827 290 828 290 834 286 837 284 841 286 865 297 866 297 867 297 910 296 912 296 931 286 949 278 965 286 974 293 976 293 977 293 979 293 980 293 995 286 1011 280 1031 286 1034 261 1029 219 986 236 902 226 901 226 858 236 841 223 841 222 840 222 838 222 805 222 803 222 802 222 798 223 770 236 748 225 746 225 745 225 744 225 742 225 720 239 678 239 666 226 663 225 663 223 662 223 660 223 659 223 657 223 646 227 609 240 574 232 573 232 571 232 570 232 568 232 560 239 550 230 549 230 547 230 546 230 545 230 543 230 529 240 364 243 346 233 335 227 333 227 332 227 331 227 329 227 322 233 312 243 299 234 289 227 287 227 286 227 285 227 235 229 233 229 232 229 232 230 225 236 222 239 216 236 203 229 201 229 200 229 118 237 119 265"/></Shape>
	    <String CONTENT="صعودی است که شايت مخاررج است و در فايت خهوراست"
                    HPOS="118"
                    VPOS="219"
                    WIDTH="916"
                    HEIGHT="85"
                    WC="0.9104586088139078"></String>
          </TextLine>

          
          
          <TextLine ID="eSc_line_28fd13c4"
                    TAGREFS="LT4837"
                    BASELINE="122 348 1038 336" 
                    HPOS="120"
                    VPOS="298"
                    WIDTH="918"
                    HEIGHT="77">
            <Shape><Polygon POINTS="122 348 122 361 141 373 143 373 144 373 146 375 215 375 215 373 216 373 218 373 240 360 244 358 296 358 300 360 319 369 321 369 322 369 324 369 325 369 325 368 335 361 337 357 400 357 406 361 411 365 413 365 414 365 415 365 436 361 457 355 464 361 474 369 475 369 477 369 478 371 521 371 521 369 522 369 524 369 532 362 575 368 577 368 578 368 579 368 586 361 596 354 636 361 638 361 639 361 641 361 652 354 662 361 666 365 666 366 667 366 668 366 670 366 671 366 687 362 705 355 716 362 723 366 724 366 725 366 727 366 752 365 753 365 755 365 757 362 771 351 834 350 849 362 851 364 852 364 853 364 855 365 883 365 883 364 884 364 885 364 885 362 887 362 901 350 955 358 956 358 958 358 976 348 987 358 987 360 988 360 990 360 1036 362 1038 336 1034 298 966 307 956 300 955 300 954 300 952 300 951 300 949 300 927 312 908 301 904 300 902 300 901 300 888 303 833 314 812 304 810 304 809 304 808 304 806 304 803 304 784 309 767 305 756 303 755 303 753 303 752 303 751 303 746 307 732 315 723 307 721 307 720 307 648 303 646 303 645 303 643 303 643 304 636 309 630 316 607 316 598 311 591 304 589 304 588 304 586 304 585 304 584 304 574 311 567 316 554 311 541 307 539 307 538 307 536 307 535 307 535 308 529 312 524 318 506 312 477 305 475 305 474 305 472 305 471 305 461 314 456 319 426 319 415 315 397 309 396 309 333 309 332 309 331 309 307 319 303 321 299 319 273 308 272 308 271 308 269 308 251 318 240 309 239 309 237 309 236 309 235 309 233 309 219 321 218 323 120 323 122 348"/></Shape>
	    <String CONTENT="اشارت است به حيوان که هايت مراتب است و ما"
                    HPOS="120"
                    VPOS="298"
                    WIDTH="918"
                    HEIGHT="77"
                    WC="0.9140262821825539"></String>
          </TextLine>

          
          
          <TextLine ID="eSc_line_2f5cf4cb"
                    TAGREFS="LT4837"
                    BASELINE="105 423 1033 411" 
                    HPOS="104"
                    VPOS="369"
                    WIDTH="929"
                    HEIGHT="84">
            <Shape><Polygon POINTS="105 423 105 436 132 436 151 453 152 453 154 453 155 453 221 451 222 451 223 451 240 437 305 451 307 451 308 451 310 451 329 433 364 446 365 446 367 446 368 446 415 432 440 432 478 448 479 448 481 448 482 448 527 433 534 440 535 440 536 440 538 440 539 440 563 430 585 442 586 442 588 442 589 442 621 429 655 429 674 446 675 446 677 446 678 447 723 447 723 446 755 443 756 443 757 443 776 429 794 444 795 444 796 444 798 446 826 446 826 444 865 443 866 443 867 443 888 426 919 440 920 440 922 440 923 440 924 440 945 425 1004 432 1005 432 1006 432 1033 422 1033 411 1027 376 1002 383 976 376 954 371 952 371 951 371 949 371 930 376 902 385 872 378 838 369 837 369 735 371 734 371 732 371 732 372 725 378 714 389 695 382 693 382 692 382 691 382 670 389 642 379 635 376 634 376 632 376 631 376 630 376 627 379 609 389 586 379 573 373 571 373 541 373 539 373 538 373 536 373 528 379 509 393 470 393 458 383 457 383 456 383 454 383 453 383 431 393 324 393 292 383 290 383 289 383 287 383 264 396 212 396 200 386 198 386 197 386 196 386 194 386 193 386 184 393 171 382 168 379 166 379 165 379 164 379 104 382 105 423"/></Shape>
	    <String CONTENT="و از آندو مرتب ديگر درغايت ظيوراست درين تاديل اشار"
                    HPOS="104"
                    VPOS="369"
                    WIDTH="929"
                    HEIGHT="84"
                    WC="0.8345544420036615"></String>
          </TextLine>

          
          
          <TextLine ID="eSc_line_93ecb60d"
                    TAGREFS="LT4837"
                    BASELINE="112 505 557 492 1040 486" 
                    HPOS="111"
                    VPOS="440"
                    WIDTH="929"
                    HEIGHT="95">
            <Shape><Polygon POINTS="112 505 112 535 146 535 146 533 147 533 148 533 148 532 155 526 164 533 165 533 166 533 168 533 169 533 172 533 197 525 204 532 205 532 207 532 208 532 261 530 262 530 300 514 374 529 379 529 381 529 382 529 383 529 413 510 518 508 535 508 554 525 556 525 557 525 559 525 561 525 607 517 617 524 618 524 620 524 621 524 623 524 624 524 643 508 656 514 657 514 659 514 660 514 662 514 674 505 691 512 692 512 693 512 732 508 748 521 749 521 751 521 752 521 762 521 787 519 788 519 789 519 789 518 799 510 812 519 813 519 814 519 816 519 901 518 902 518 904 518 933 500 965 508 966 508 967 508 969 508 990 499 1037 515 1040 486 1038 457 1026 450 1025 450 1023 450 990 457 970 440 969 440 967 440 945 440 944 440 942 440 941 440 913 460 912 461 909 460 884 448 883 448 881 448 880 448 849 457 823 443 821 443 820 443 717 444 662 446 660 446 623 465 593 461 592 461 591 461 589 461 581 468 579 468 567 468 535 467 511 450 510 450 509 450 507 450 506 450 446 467 406 460 404 460 403 460 378 472 378 473 354 473 350 473 325 460 324 460 322 460 321 460 319 460 303 473 258 467 257 467 255 467 254 467 240 475 239 476 235 476 198 476 180 461 179 461 178 461 176 461 175 461 111 478 112 505"/></Shape>
	    <String CONTENT="ست كه ذلك الكتاب لا ريب فيه بعايت لازم أيد جه منى"
                    HPOS="111"
                    VPOS="440"
                    WIDTH="929"
                    HEIGHT="95"
                    WC="0.95057049036026"></String>
          </TextLine>

          
          
          <TextLine ID="eSc_line_a35aec31"
                    TAGREFS="LT4837"
                    BASELINE="123 571 1038 565" 
                    HPOS="122"
                    VPOS="526"
                    WIDTH="916"
                    HEIGHT="74">
            <Shape><Polygon POINTS="123 571 123 586 165 600 166 600 168 600 169 600 196 587 223 596 225 596 226 596 228 596 229 596 239 587 240 587 248 587 336 594 337 594 339 594 340 594 347 589 351 586 358 589 372 594 374 594 375 594 376 594 378 594 383 589 388 586 439 586 449 590 482 599 483 599 485 599 595 597 596 597 598 597 604 592 607 589 617 592 645 597 646 597 648 597 660 592 675 585 691 592 702 597 703 597 705 599 781 599 781 597 783 597 791 593 809 583 846 593 856 596 858 596 859 596 877 593 917 587 949 594 954 594 955 594 956 594 958 594 974 583 1037 594 1038 565 1034 535 973 537 967 535 955 526 954 526 952 526 917 526 916 526 915 526 913 526 904 535 899 539 851 539 842 536 812 526 810 526 809 526 808 526 787 536 780 539 773 536 759 530 757 530 756 530 721 536 705 539 700 536 691 529 689 529 688 529 687 529 685 529 684 529 684 530 677 536 674 540 652 540 636 537 579 528 578 528 577 528 557 537 552 540 543 537 517 529 515 529 514 529 513 529 493 537 488 540 482 537 464 529 463 529 461 529 460 529 442 539 438 540 433 539 410 529 408 529 407 529 406 529 386 539 382 542 310 542 305 539 300 533 299 533 297 533 296 533 247 540 229 542 219 540 180 530 136 530 134 530 133 530 132 530 122 536 123 571"/></Shape>
	    <String CONTENT="ايت اين شود که اين سر مرتبه که جماداست و نبات و حيو"
                    HPOS="122"
                    VPOS="526"
                    WIDTH="916"
                    HEIGHT="74"
                    WC="0.9115234590044209"></String>
          </TextLine>

          
          
          <TextLine ID="eSc_line_801f062e"
                    TAGREFS="LT4837"
                    BASELINE="123 640 1033 643" 
                    HPOS="122"
                    VPOS="594"
                    WIDTH="911"
                    HEIGHT="81">
            <Shape><Polygon POINTS="123 640 122 656 176 658 193 669 194 669 196 669 197 671 226 671 226 669 228 669 229 669 240 660 280 674 282 674 283 675 479 675 479 674 481 674 482 674 496 664 506 658 534 665 566 672 567 672 568 672 584 667 593 663 598 667 606 674 606 675 607 675 609 675 610 675 611 675 634 667 635 667 643 675 645 675 646 675 648 675 693 674 695 674 696 674 702 668 716 660 748 660 770 669 776 672 777 672 778 674 805 674 805 672 806 672 808 672 809 671 824 660 934 660 944 668 944 669 945 669 947 669 1030 675 1033 643 1031 597 1011 596 1009 596 1008 596 1006 596 1006 597 988 612 916 599 915 599 913 599 912 599 876 607 862 599 858 596 856 596 855 596 828 596 827 596 826 596 824 596 820 600 805 614 728 614 698 601 685 597 684 597 682 597 681 597 670 601 656 608 650 603 643 597 643 596 642 596 641 596 639 596 592 603 575 606 571 604 554 594 553 594 552 594 550 594 532 604 518 611 507 604 503 603 502 603 500 603 489 604 460 611 453 606 439 594 438 594 436 594 392 594 390 594 389 594 388 594 374 607 369 611 362 607 354 603 353 603 351 603 350 603 337 607 331 610 326 607 305 594 304 594 303 594 286 594 285 594 283 594 282 594 282 596 268 608 264 611 123 611 123 640"/></Shape>
	    <String CONTENT="کنايت است که درو سچ شک نيست چ را که اين کتابيست"
                    HPOS="122"
                    VPOS="594"
                    WIDTH="911"
                    HEIGHT="81"
                    WC="0.9133342269887316"></String>
          </TextLine>

          
          
          <TextLine ID="eSc_line_9e91bfcf"
                    TAGREFS="LT4837"
                    BASELINE="125 718 1037 715" 
                    HPOS="123"
                    VPOS="669"
                    WIDTH="914"
                    HEIGHT="77">
            <Shape><Polygon POINTS="125 718 125 728 171 736 172 736 173 736 196 729 203 728 204 729 221 745 222 745 223 745 225 746 262 746 262 745 264 745 265 745 280 731 282 729 324 728 329 732 339 740 339 742 340 742 342 742 343 742 344 742 360 735 375 745 376 745 378 745 379 745 381 745 382 745 382 743 394 733 400 728 426 728 438 733 453 745 454 745 456 745 457 746 559 746 559 745 560 745 561 745 574 736 589 726 671 726 692 738 699 743 700 743 702 743 703 743 705 743 720 739 759 726 781 739 787 743 788 743 789 743 791 743 792 743 794 743 798 740 809 733 841 738 842 738 890 726 912 742 913 743 915 743 916 743 917 745 1036 745 1037 715 1030 669 1004 688 901 688 874 674 867 669 866 669 865 669 863 669 862 669 862 671 858 674 844 688 751 688 735 676 727 669 725 669 724 669 723 669 721 669 699 676 688 681 678 678 656 669 655 669 653 669 652 669 635 678 620 686 589 679 560 674 559 674 557 674 542 681 527 688 513 681 489 671 488 671 486 671 485 671 457 678 449 671 447 671 446 671 381 671 379 671 378 671 376 671 358 685 357 685 340 671 339 671 337 671 272 671 271 671 269 671 268 671 260 678 236 671 235 671 233 671 232 671 230 671 230 672 212 688 171 679 169 679 123 689 125 718"/></Shape>
	    <String CONTENT="که به دست قدرت نوشته شد واو رايح تفتر و تبدل نيست"
                    HPOS="123"
                    VPOS="669"
                    WIDTH="914"
                    HEIGHT="77"
                    WC="0.9127247734945647"></String>
          </TextLine>

          
          
          <TextLine ID="eSc_line_e558df71"
                    TAGREFS="LT4837"
                    BASELINE="139 790 1038 796" 
                    HPOS="137"
                    VPOS="742"
                    WIDTH="901"
                    HEIGHT="83">
            <Shape><Polygon POINTS="137 803 178 814 179 814 180 814 228 806 248 821 250 821 251 821 253 821 254 821 300 806 303 806 332 806 335 806 361 822 362 822 364 822 365 824 497 824 497 822 499 822 500 822 500 821 506 815 524 822 525 822 527 822 528 822 529 822 543 810 546 807 549 810 568 820 570 820 571 820 573 820 574 820 585 810 591 807 611 810 692 824 693 824 738 822 739 822 741 822 753 813 760 808 788 808 802 813 833 825 834 825 835 825 884 814 905 810 926 815 965 825 966 825 967 825 969 825 970 825 984 815 986 814 988 815 999 825 1001 825 1002 825 1004 825 1005 825 1022 817 1027 813 1033 817 1038 796 1038 756 1022 750 1020 750 1019 750 1018 750 1016 750 1006 757 1005 757 993 747 991 747 990 747 988 747 987 747 986 747 974 756 967 763 937 763 910 756 880 747 878 747 877 747 876 747 874 747 874 749 866 756 863 758 833 760 824 756 808 745 806 745 805 745 766 745 764 745 763 745 762 745 745 754 732 763 589 763 573 754 549 743 547 743 524 743 522 743 521 743 520 743 520 745 509 753 503 760 483 753 482 753 481 753 479 753 478 753 477 753 468 761 399 761 388 753 379 746 378 746 376 746 375 746 351 750 342 742 340 742 339 742 280 742 279 742 278 742 276 742 262 751 255 757 248 751 235 742 233 742 232 742 193 742 191 742 190 742 189 742 176 751 166 758 140 751 139 790 137 803"/></Shape>
	    <String CONTENT="نايجه درقران شريف قرموده ولا تبديل لخلق الله"
                    HPOS="137"
                    VPOS="742"
                    WIDTH="901"
                    HEIGHT="83"
                    WC="0.9123346541415561"></String>
          </TextLine>

          
          
          <TextLine ID="eSc_line_08d159ef"
                    TAGREFS="LT4837"
                    BASELINE="123 870 1034 863" 
                    HPOS="122"
                    VPOS="817"
                    WIDTH="912"
                    HEIGHT="85">
            <Shape><Polygon POINTS="123 870 123 886 168 896 169 896 228 888 244 886 253 889 276 896 278 896 279 896 280 896 296 889 305 885 381 885 390 890 396 895 397 895 399 895 400 895 401 895 414 890 431 885 447 890 475 902 477 902 478 902 479 902 481 902 481 900 490 892 506 900 507 900 509 902 620 902 620 900 621 900 642 893 675 882 700 895 707 897 709 897 710 897 712 897 713 897 713 896 716 895 723 886 732 890 734 890 735 890 737 890 738 890 751 882 770 895 776 899 777 899 778 899 780 899 899 897 901 897 904 896 930 885 972 897 973 897 974 897 976 899 1033 899 1034 863 1030 817 965 825 942 818 941 818 940 818 938 818 937 818 937 820 923 832 878 832 809 820 808 820 806 820 778 835 739 835 720 820 719 820 717 820 716 820 714 820 713 820 698 832 688 825 687 825 685 825 684 825 682 825 666 831 656 822 656 821 655 821 653 821 652 821 650 821 649 821 634 833 623 824 621 824 620 824 589 824 588 824 586 824 585 824 571 836 546 836 499 821 497 821 496 821 495 821 493 821 470 836 452 829 450 829 449 829 447 829 420 836 406 827 404 827 403 827 401 827 400 827 399 827 383 836 367 825 365 825 364 825 307 822 305 822 304 822 303 822 303 824 287 839 236 839 208 824 207 824 205 824 204 824 173 838 158 824 157 824 155 824 122 824 123 870"/></Shape>
	    <String CONTENT="ذلک دين القينه يعنی يچ به ديل نيست مر خلق خدایر"
                    HPOS="122"
                    VPOS="817"
                    WIDTH="912"
                    HEIGHT="85"
                    WC="0.8820656201940902"></String>
          </TextLine>

          
          
          <TextLine ID="eSc_line_e9dec23c"
                    TAGREFS="LT4837"
                    BASELINE="116 952 374 941 1037 936" 
                    HPOS="115"
                    VPOS="890"
                    WIDTH="922"
                    HEIGHT="84">
            <Shape><Polygon POINTS="116 952 118 972 168 960 197 972 201 974 203 974 204 974 205 974 210 972 241 954 267 968 268 968 269 968 271 968 308 954 358 954 401 970 406 971 407 971 408 971 426 970 474 964 475 964 503 952 524 952 543 968 543 970 545 970 546 970 547 971 563 971 563 970 564 970 566 970 567 968 591 950 616 950 655 960 656 960 657 960 659 960 681 950 730 950 760 967 762 967 763 967 764 968 831 968 831 967 833 967 834 967 835 966 842 960 858 966 863 967 865 967 866 967 867 967 869 967 870 966 894 947 909 947 930 964 930 966 931 966 933 966 934 966 1037 963 1037 936 1031 893 1018 900 1006 893 999 890 998 890 997 890 995 890 994 890 990 895 973 909 944 909 924 896 923 896 922 896 920 896 919 896 899 906 885 897 883 895 881 895 880 895 878 895 855 897 781 909 773 902 773 900 771 900 770 900 769 900 767 900 748 907 738 900 727 892 725 892 724 892 723 892 721 892 699 902 685 907 670 902 659 899 657 899 656 899 655 899 643 903 632 907 624 903 603 893 602 893 600 893 599 893 598 893 585 904 577 911 511 906 449 902 447 902 446 902 425 909 411 913 397 909 347 896 346 896 237 896 236 896 201 899 200 899 198 899 186 909 172 899 171 899 169 899 168 899 166 899 165 899 143 916 141 917 115 917 116 952"/></Shape>
	    <String CONTENT="و اين است دين راست تنبيه و حضرت بخت الحق امير"
                    HPOS="115"
                    VPOS="890"
                    WIDTH="922"
                    HEIGHT="84"
                    WC="0.9334662530157302"></String>
          </TextLine>

          
          
          <TextLine ID="eSc_line_b10ec661"
                    TAGREFS="LT4837"
                    BASELINE="123 1016 1034 1020" 
                    HPOS="122"
                    VPOS="966"
                    WIDTH="912"
                    HEIGHT="80">
            <Shape><Polygon POINTS="123 1016 122 1027 130 1035 130 1036 132 1036 133 1036 134 1036 136 1036 157 1028 196 1038 197 1038 198 1038 250 1031 275 1042 276 1042 278 1042 279 1042 280 1042 305 1028 386 1028 400 1039 400 1041 401 1041 403 1041 404 1041 406 1041 407 1041 428 1028 458 1028 504 1043 506 1043 507 1043 509 1043 510 1043 524 1032 542 1039 543 1039 545 1039 546 1039 547 1039 564 1029 627 1032 636 1042 636 1043 638 1043 639 1043 641 1043 642 1043 643 1043 657 1035 723 1043 724 1043 725 1043 752 1031 766 1043 766 1045 767 1045 769 1045 770 1046 794 1046 794 1045 795 1045 796 1045 796 1043 808 1034 841 1045 842 1045 844 1046 962 1046 962 1045 984 1043 986 1043 987 1043 987 1042 999 1031 1018 1039 1019 1039 1020 1039 1022 1039 1023 1039 1033 1029 1034 1020 1034 989 1011 975 1009 975 1008 975 1006 975 1005 975 966 985 927 970 926 970 924 970 923 970 922 970 922 971 908 982 892 968 891 968 890 968 866 968 865 968 863 968 862 968 830 989 795 982 794 982 792 982 791 982 781 989 731 967 730 967 728 967 727 967 668 989 631 989 625 989 625 988 613 978 613 977 611 977 610 977 609 977 607 977 575 988 539 968 538 968 536 968 535 968 534 968 534 970 513 988 513 989 488 989 486 988 470 975 468 975 467 975 465 975 464 975 463 975 454 982 428 974 426 974 425 974 382 981 365 967 365 966 364 966 362 966 329 966 328 966 326 966 325 966 308 979 271 966 269 966 204 966 203 966 201 966 200 966 176 986 175 986 123 986 123 1016"/></Shape>
	    <String CONTENT="ناصرقدس الشدهره در بطن زوم مطالعه ال"
                    HPOS="122"
                    VPOS="966"
                    WIDTH="912"
                    HEIGHT="80"
                    WC="0.8755238445268737"></String>
          </TextLine>

          
          
          <TextLine ID="eSc_line_80dce14b"
                    TAGREFS="LT4837"
                    BASELINE="123 1095 1027 1084" 
                    HPOS="122"
                    VPOS="1036"
                    WIDTH="905"
                    HEIGHT="81">
            <Shape><Polygon POINTS="123 1095 123 1107 137 1117 139 1117 140 1117 141 1117 143 1117 161 1110 203 1117 204 1117 205 1117 207 1117 223 1106 239 1116 240 1116 241 1116 243 1116 292 1114 293 1114 294 1114 310 1105 329 1114 331 1114 332 1114 333 1114 335 1114 335 1113 344 1105 346 1105 347 1105 360 1114 361 1114 362 1114 364 1116 403 1116 403 1114 404 1114 406 1114 406 1113 415 1105 420 1102 436 1105 457 1109 458 1109 460 1109 461 1109 461 1107 464 1105 470 1100 518 1100 531 1105 549 1113 550 1113 552 1113 632 1112 634 1112 646 1106 652 1103 662 1106 684 1112 685 1112 687 1112 688 1112 689 1112 698 1106 707 1099 759 1105 760 1105 801 1096 831 1096 842 1106 845 1107 845 1109 846 1109 848 1109 849 1110 884 1110 884 1109 885 1109 892 1106 920 1095 948 1106 951 1107 952 1107 954 1107 955 1107 959 1106 988 1095 1025 1106 1027 1084 1026 1050 1009 1042 1008 1042 1006 1042 1005 1042 1004 1042 994 1050 991 1052 984 1050 979 1050 965 1038 965 1036 963 1036 962 1036 961 1036 959 1036 931 1052 930 1053 846 1053 845 1053 826 1038 824 1038 823 1038 801 1038 799 1038 770 1039 769 1039 767 1039 767 1041 752 1055 751 1056 687 1056 684 1056 664 1043 663 1043 662 1043 660 1043 623 1052 609 1042 607 1042 606 1042 604 1042 603 1042 571 1056 474 1042 472 1042 422 1050 400 1043 399 1043 397 1043 396 1043 369 1057 317 1046 315 1046 250 1060 184 1046 183 1046 182 1046 180 1046 166 1059 147 1053 146 1053 144 1053 143 1053 122 1061 123 1095"/></Shape>
	    <String CONTENT="را اشارت داشته اند به ابعاد تلاثه که طول و عرض و عمق"
                    HPOS="122"
                    VPOS="1036"
                    WIDTH="905"
                    HEIGHT="81"
                    WC="0.8913039416074753"></String>
          </TextLine>

          
          
          <TextLine ID="eSc_line_bee2d226"
                    TAGREFS="LT4837"
                    BASELINE="119 1166 1037 1159" 
                    HPOS="118"
                    VPOS="1114"
                    WIDTH="919"
                    HEIGHT="82">
            <Shape><Polygon POINTS="119 1166 119 1178 169 1182 187 1196 189 1196 190 1196 191 1196 225 1195 226 1195 228 1195 254 1178 255 1177 303 1177 356 1177 357 1177 390 1195 392 1195 393 1195 394 1195 438 1181 458 1195 460 1195 461 1195 463 1195 464 1195 518 1181 591 1194 592 1194 646 1182 664 1194 666 1194 667 1194 668 1194 670 1194 671 1194 703 1174 737 1192 738 1192 739 1194 837 1194 837 1192 838 1192 859 1181 898 1188 899 1188 901 1188 902 1188 923 1171 1037 1170 1037 1159 1034 1130 966 1127 954 1116 954 1114 952 1114 951 1114 916 1114 915 1114 913 1114 912 1114 912 1116 897 1128 895 1131 860 1131 858 1128 842 1116 841 1116 840 1116 838 1116 837 1116 802 1128 792 1131 776 1128 748 1123 746 1123 745 1123 730 1128 719 1131 710 1127 684 1116 682 1116 681 1116 631 1117 630 1117 628 1117 617 1127 610 1134 571 1134 561 1127 559 1124 557 1124 556 1124 554 1124 553 1124 552 1124 549 1127 541 1132 500 1127 489 1125 488 1125 486 1125 485 1125 485 1127 479 1131 472 1127 463 1118 461 1118 460 1118 433 1118 432 1118 431 1118 429 1118 420 1127 408 1135 367 1135 357 1125 351 1121 351 1120 350 1120 349 1120 347 1120 346 1120 333 1125 319 1134 305 1125 304 1124 303 1124 301 1124 300 1124 292 1125 251 1135 215 1125 196 1120 194 1120 193 1120 118 1124 119 1166"/></Shape>
	    <String CONTENT="ست که در جميع اجسام فلکی و عنصری ثابت است برين"
                    HPOS="118"
                    VPOS="1114"
                    WIDTH="919"
                    HEIGHT="82"
                    WC="0.9104447261146877"></String>
          </TextLine>

          
          
          <TextLine ID="eSc_line_95de9aef"
                    TAGREFS="LT4837"
                    BASELINE="126 1242 1036 1234" 
                    HPOS="125"
                    VPOS="1189"
                    WIDTH="911"
                    HEIGHT="88">
            <Shape><Polygon POINTS="126 1242 126 1256 152 1259 175 1276 176 1276 178 1276 179 1277 204 1277 204 1276 205 1276 236 1260 272 1271 273 1271 275 1271 322 1266 333 1274 335 1274 336 1274 337 1276 428 1276 428 1274 429 1274 495 1255 567 1255 604 1264 606 1264 607 1264 609 1264 625 1257 642 1271 643 1271 645 1271 646 1273 719 1273 719 1271 720 1271 753 1257 774 1267 776 1267 777 1267 778 1267 824 1252 963 1269 965 1269 966 1269 967 1269 987 1256 999 1260 1001 1260 1002 1260 1004 1260 1036 1248 1036 1234 1030 1189 1006 1202 988 1192 987 1192 986 1192 984 1192 961 1203 852 1198 851 1198 817 1205 806 1198 805 1198 803 1198 802 1198 801 1198 774 1205 764 1196 763 1196 762 1196 760 1196 759 1196 757 1196 746 1205 706 1198 705 1198 646 1206 634 1195 631 1194 631 1192 630 1192 628 1192 586 1192 585 1192 584 1192 582 1192 578 1195 570 1200 532 1196 510 1194 509 1194 507 1194 506 1194 502 1196 489 1205 421 1199 420 1199 418 1199 417 1199 403 1210 369 1210 349 1198 342 1195 340 1195 339 1195 321 1199 275 1210 248 1199 240 1196 239 1196 193 1196 191 1196 190 1196 189 1196 189 1198 184 1200 176 1209 161 1200 154 1196 152 1196 151 1196 150 1196 125 1200 126 1242"/></Shape>
	    <String CONTENT="که الف اشارت است به طول و لام به عرض و شيم به عمق"
                    HPOS="125"
                    VPOS="1189"
                    WIDTH="911"
                    HEIGHT="88"
                    WC="0.9300837747904719"></String>
          </TextLine>

          
          
          <TextLine ID="eSc_line_bfabd2e6"
                    TAGREFS="LT4837"
                    BASELINE="824 1307 1034 1305" 
                    HPOS="823"
                    VPOS="1262"
                    WIDTH="211"
                    HEIGHT="86">
            <Shape><Polygon POINTS="824 1307 824 1334 852 1348 853 1348 855 1348 856 1348 858 1348 867 1341 926 1348 927 1348 1033 1331 1034 1305 1029 1266 999 1273 981 1267 961 1262 959 1262 958 1262 956 1262 926 1271 915 1274 909 1271 894 1264 892 1264 891 1264 823 1276 824 1307"/></Shape>
	    <String CONTENT="والته اعلم"
                    HPOS="823"
                    VPOS="1262"
                    WIDTH="211"
                    HEIGHT="86"
                    WC="0.7409070909023285"></String>
          </TextLine>

          
          
          <TextLine ID="eSc_line_f35f7bdf"
                    TAGREFS="LT4837"
                    BASELINE="566 1385 627 1380" 
                    HPOS="563"
                    VPOS="1342"
                    WIDTH="65"
                    HEIGHT="64">
            <Shape><Polygon POINTS="566 1385 567 1406 628 1406 627 1380 621 1342 563 1356 566 1385"/></Shape>
	    <String CONTENT=""
                    HPOS="563"
                    VPOS="1342"
                    WIDTH="65"
                    HEIGHT="64"></String>
          </TextLine>

          
          
          <TextLine ID="eSc_line_6d5c1730"
                    TAGREFS="LT4837"
                    BASELINE="225 1456 923 1460" 
                    HPOS="223"
                    VPOS="1408"
                    WIDTH="700"
                    HEIGHT="80">
            <Shape><Polygon POINTS="225 1456 223 1472 303 1469 308 1473 311 1476 311 1477 312 1477 314 1477 315 1477 333 1473 354 1469 362 1473 372 1478 374 1478 375 1478 376 1478 378 1478 385 1473 393 1469 400 1473 406 1477 407 1477 408 1477 410 1477 431 1473 456 1469 465 1473 492 1485 493 1485 495 1487 563 1487 563 1485 564 1485 566 1485 566 1484 578 1473 579 1470 606 1470 609 1473 621 1484 621 1485 623 1485 624 1485 625 1485 680 1477 689 1485 689 1487 691 1487 692 1487 693 1488 744 1488 744 1487 745 1487 746 1487 760 1477 783 1487 784 1487 785 1487 820 1480 858 1485 859 1485 860 1485 883 1476 902 1484 904 1484 905 1484 906 1484 908 1484 922 1473 923 1460 923 1420 909 1415 908 1415 906 1415 905 1415 891 1421 883 1426 869 1421 835 1410 834 1410 833 1410 831 1410 830 1410 817 1421 814 1423 813 1421 802 1412 801 1412 799 1412 771 1410 770 1410 769 1410 767 1410 767 1412 756 1421 752 1427 707 1427 700 1421 685 1409 684 1409 682 1409 656 1409 655 1409 653 1409 652 1409 652 1410 639 1421 636 1424 628 1421 593 1410 592 1410 591 1410 589 1410 566 1421 561 1424 556 1421 532 1409 531 1409 529 1409 528 1409 527 1409 527 1410 513 1421 510 1424 499 1421 471 1416 470 1416 468 1416 467 1416 460 1421 457 1424 453 1421 425 1408 424 1408 382 1408 381 1408 379 1408 353 1421 299 1408 297 1408 296 1408 294 1408 293 1408 275 1421 273 1423 225 1423 225 1456"/></Shape>
	    <String CONTENT="در بيان قوت چنيکه در هريک از مواليد تلاثه"
                    HPOS="223"
                    VPOS="1408"
                    WIDTH="700"
                    HEIGHT="80"
                    WC="0.8355188573279032"></String>
          </TextLine>

          
          
          <TextLine ID="eSc_line_f543e29a"
                    TAGREFS="LT4837"
                    BASELINE="114 1535 780 1540 1026 1531" 
                    HPOS="114"
                    VPOS="1487"
                    WIDTH="912"
                    HEIGHT="89">
            <Shape><Polygon POINTS="114 1535 114 1558 191 1558 194 1558 225 1574 226 1574 228 1574 293 1573 294 1573 296 1573 296 1572 310 1559 312 1558 388 1558 396 1560 439 1574 440 1574 442 1574 443 1574 445 1574 463 1560 467 1558 471 1560 490 1574 492 1574 493 1574 495 1574 496 1574 531 1562 538 1559 541 1562 559 1574 560 1574 561 1574 563 1576 642 1576 642 1574 643 1574 668 1563 678 1559 696 1559 702 1563 716 1574 717 1574 719 1574 720 1574 794 1565 803 1563 806 1565 821 1574 823 1574 824 1574 826 1576 862 1576 862 1574 863 1574 865 1574 878 1565 891 1558 912 1558 922 1566 931 1574 933 1574 934 1574 935 1574 1025 1566 1026 1531 1023 1487 961 1487 959 1487 958 1487 956 1487 908 1501 873 1488 869 1487 867 1487 866 1487 865 1487 859 1488 803 1502 648 1502 628 1491 620 1487 618 1487 617 1487 595 1488 593 1488 592 1488 589 1491 577 1502 542 1492 528 1488 527 1488 525 1488 524 1488 515 1492 496 1502 482 1495 481 1495 479 1495 478 1495 477 1495 477 1497 470 1503 407 1503 357 1494 318 1488 317 1488 315 1488 300 1495 296 1497 290 1495 272 1490 271 1490 269 1490 268 1490 267 1490 260 1495 250 1502 229 1495 222 1494 221 1494 219 1494 218 1494 214 1497 201 1502 114 1498 114 1535"/></Shape>
	    <String CONTENT="بدانکه دمه مرتبه جمادی روزح طبعی زدو قوت لازم است خفت"
                    HPOS="114"
                    VPOS="1487"
                    WIDTH="912"
                    HEIGHT="89"
                    WC="0.8454615940462868"></String>
          </TextLine>

          
        </TextBlock>
        
        <TextBlock HPOS="522"
                   VPOS="44"
                   WIDTH="94"
                   HEIGHT="43"
                   ID="eSc_textblock_c44c3733"
                   TAGREFS="BT16093">
          <Shape><Polygon POINTS="550 44 610 50 616 87 534 82 522 55 550 44"/></Shape>
          
          
          <TextLine ID="eSc_line_cc119be2"
                    TAGREFS="LT4837"
                    BASELINE="549 69 602 69" 
                    HPOS="549"
                    VPOS="45"
                    WIDTH="53"
                    HEIGHT="42">
            <Shape><Polygon POINTS="591 47 581 45 549 48 549 69 549 84 600 87 602 69 600 47 591 47"/></Shape>
	    <String CONTENT=""
                    HPOS="549"
                    VPOS="45"
                    WIDTH="53"
                    HEIGHT="42"></String>
          </TextLine>

          
        </TextBlock>
        

        
      </PrintSpace>
    </Page>
  </Layout>
</alto>
