<?xml version="1.0" encoding="UTF-8"?>
<alto xmlns:xsi="http://www.w3.org/2001/XMLSchema-instance"
      xmlns="http://www.loc.gov/standards/alto/ns-v4#"
      xsi:schemaLocation="http://www.loc.gov/standards/alto/ns-v4# http://www.loc.gov/standards/alto/v4/alto-4-2.xsd">
  <Description>
    <MeasurementUnit>pixel</MeasurementUnit>
    <sourceImageInformation>
      <fileName>Rasail089.jpg</fileName>
      
    </sourceImageInformation>
  </Description>
  
  <Tags>
    <OtherTag ID="BT16094" LABEL="default" DESCRIPTION="block type default"/><OtherTag ID="BT16093" LABEL="NumberingZone:page" DESCRIPTION="block type NumberingZone:page"/><OtherTag ID="BT16092" LABEL="MarginTextZone:note" DESCRIPTION="block type MarginTextZone:note"/><OtherTag ID="BT16091" LABEL="TitlePageZone" DESCRIPTION="block type TitlePageZone"/><OtherTag ID="BT16090" LABEL="QuireMarksZone:catchwords" DESCRIPTION="block type QuireMarksZone:catchwords"/><OtherTag ID="BT16089" LABEL="NumberingZone:other" DESCRIPTION="block type NumberingZone:other"/><OtherTag ID="BT16088" LABEL="NumberingZone" DESCRIPTION="block type NumberingZone"/><OtherTag ID="BT16087" LABEL="MarginTextZone" DESCRIPTION="block type MarginTextZone"/><OtherTag ID="BT16086" LABEL="MainZone" DESCRIPTION="block type MainZone"/><OtherTag ID="BT16085" LABEL="DigitizationArtefactZone" DESCRIPTION="block type DigitizationArtefactZone"/><OtherTag ID="BT2" LABEL="Main" DESCRIPTION="block type Main"/><OtherTag ID="BT1" LABEL="Title" DESCRIPTION="block type Title"/>
    <OtherTag ID="LT4837" LABEL="DefaultLine" DESCRIPTION="line type DefaultLine"/><OtherTag ID="LT4838" LABEL="default" DESCRIPTION="line type default"/><OtherTag ID="LT4839" LABEL="HeadingLine:title" DESCRIPTION="line type HeadingLine:title"/>
  </Tags>
  
  <Layout>
    <Page WIDTH="1226"
          HEIGHT="1682"
          PHYSICAL_IMG_NR="117"
          ID="eSc_dummypage_">
      <PrintSpace HPOS="0"
                  VPOS="0"
                  WIDTH="1226"
                  HEIGHT="1682">
        
        <TextBlock HPOS="162"
                   VPOS="270"
                   WIDTH="744"
                   HEIGHT="1130"
                   ID="eSc_textblock_c41150e0"
                   TAGREFS="BT16091">
          <Shape><Polygon POINTS="614 270 704 313 728 370 793 381 732 486 827 510 889 583 795 609 799 643 771 661 788 672 771 817 872 841 872 867 805 874 805 968 833 985 777 1031 784 1059 861 1082 872 1114 829 1121 894 1132 827 1159 906 1166 861 1183 894 1216 894 1254 861 1283 889 1295 872 1334 889 1372 855 1400 660 1400 437 1366 577 1332 476 1310 476 1295 583 1271 488 1254 549 1209 555 1183 533 1171 765 1142 162 1125 190 1065 251 1076 329 1054 336 1082 380 1082 364 1059 391 1048 409 1082 460 1087 566 1069 531 1024 458 1007 375 1024 314 997 381 958 437 992 493 958 577 985 576 962 538 962 520 901 409 884 402 923 375 929 353 869 381 862 359 852 436 863 476 835 538 839 471 817 510 794 510 762 465 706 499 678 582 689 589 672 544 644 600 605 336 609 297 588 357 577 375 538 482 536 486 503 454 503 453 531 364 520 387 482 426 469 392 420 488 342 587 308 614 270"/></Shape>
          
          
          <TextLine ID="eSc_line_1a8db8db"
                    TAGREFS="LT4837"
                    BASELINE="493 393 620 389" 
                    HPOS="490"
                    VPOS="337"
                    WIDTH="130"
                    HEIGHT="84">
            <Shape><Polygon POINTS="493 393 496 421 512 410 534 416 554 420 555 420 556 420 620 403 620 389 617 342 604 337 603 337 601 337 600 337 582 347 572 351 566 349 545 339 544 339 542 339 541 339 490 356 493 393"/></Shape>
	    <String CONTENT="تمام شد"
                    HPOS="490"
                    VPOS="337"
                    WIDTH="130"
                    HEIGHT="84"
                    WC="0.9320555244173322"></String>
          </TextLine>

          
          
          <TextLine ID="eSc_line_b8c87f89"
                    TAGREFS="LT4837"
                    BASELINE="732 549 785 545" 
                    HPOS="728"
                    VPOS="494"
                    WIDTH="58"
                    HEIGHT="98">
            <Shape><Polygon POINTS="770 496 765 494 728 500 732 549 735 592 739 592 786 573 785 545 778 497 770 496"/></Shape>
	    <String CONTENT=""
                    HPOS="728"
                    VPOS="494"
                    WIDTH="58"
                    HEIGHT="98"></String>
          </TextLine>

          
          
          <TextLine ID="eSc_line_3d53a57e"
                    TAGREFS="LT4837"
                    BASELINE="382 595 751 594" 
                    HPOS="381"
                    VPOS="507"
                    WIDTH="370"
                    HEIGHT="130">
            <Shape><Polygon POINTS="479 536 465 536 451 536 437 536 423 536 422 536 381 538 382 595 382 616 402 616 403 618 412 625 412 626 413 626 415 626 416 626 418 626 437 619 454 634 455 634 457 634 458 634 460 634 461 634 468 629 489 636 490 636 492 637 530 637 530 636 531 636 561 620 569 616 605 619 608 620 629 636 631 636 632 636 634 637 677 637 677 636 678 636 706 623 722 616 747 623 751 594 749 507 718 507 716 507 715 507 713 507 711 510 681 536 645 520 643 520 642 520 641 520 639 520 620 531 607 518 596 508 596 507 594 507 593 507 519 507 517 507 516 507 514 507 514 508 490 529 488 532 479 532 479 536"/></Shape>
	    <String CONTENT="كتاب بحفه الناطرين"
                    HPOS="381"
                    VPOS="507"
                    WIDTH="370"
                    HEIGHT="130"
                    WC="0.8902882701820798"></String>
          </TextLine>

          
          
          <TextLine ID="eSc_line_fe10cf48"
                    TAGREFS="LT4837"
                    BASELINE="500 712 590 698" 
                    HPOS="496"
                    VPOS="679"
                    WIDTH="98"
                    HEIGHT="69">
            <Shape><Polygon POINTS="582 688 566 686 552 685 538 682 527 681 496 692 500 712 504 742 534 748 535 748 537 748 594 733 590 698 586 679 583 679 582 688"/></Shape>
	    <String CONTENT="معت"
                    HPOS="496"
                    VPOS="679"
                    WIDTH="98"
                    HEIGHT="69"
                    WC="0.7773608167966207"></String>
          </TextLine>

          
          
          <TextLine ID="eSc_line_66b888d7"
                    TAGREFS="LT4837"
                    BASELINE="481 864 572 859 634 845" 
                    HPOS="476"
                    VPOS="800"
                    WIDTH="159"
                    HEIGHT="80">
            <Shape><Polygon POINTS="534 838 533 838 519 838 504 836 497 835 476 843 481 864 482 878 530 880 531 880 635 860 634 845 624 800 597 810 594 808 586 805 584 805 583 805 582 805 580 805 580 807 570 815 565 822 559 819 555 817 554 817 552 817 551 817 549 817 549 818 548 818 544 824 533 835 534 838"/></Shape>
	    <String CONTENT="مشحمهم"
                    HPOS="476"
                    VPOS="800"
                    WIDTH="159"
                    HEIGHT="80"
                    WC="0.8202744424343109"></String>
          </TextLine>

          
          
          <TextLine ID="eSc_line_1c01c5cf"
                    TAGREFS="LT4837"
                    BASELINE="493 988 589 985" 
                    HPOS="492"
                    VPOS="965"
                    WIDTH="97"
                    HEIGHT="39">
            <Shape><Polygon POINTS="576 983 562 981 548 975 534 971 520 967 517 965 492 965 493 988 493 1004 589 1002 589 985 586 968 576 967 576 983"/></Shape>
	    <String CONTENT=""
                    HPOS="492"
                    VPOS="965"
                    WIDTH="97"
                    HEIGHT="39"></String>
          </TextLine>

          
          
          <TextLine ID="eSc_line_eeb24b0d"
                    TAGREFS="LT4837"
                    BASELINE="267 1139 627 1133 829 1122" 
                    HPOS="266"
                    VPOS="1066"
                    WIDTH="563"
                    HEIGHT="102">
            <Shape><Polygon POINTS="267 1168 301 1168 302 1168 331 1154 405 1164 433 1167 434 1167 436 1167 446 1161 467 1150 510 1150 528 1159 542 1164 544 1164 545 1164 579 1157 590 1163 591 1163 593 1163 594 1163 596 1163 596 1161 604 1154 611 1147 649 1153 711 1160 712 1160 756 1159 757 1159 758 1159 774 1146 779 1143 826 1143 829 1122 826 1080 736 1066 735 1066 733 1066 709 1076 690 1068 688 1068 687 1068 620 1072 618 1072 597 1082 583 1089 534 1089 526 1082 519 1077 517 1077 516 1077 514 1077 513 1077 512 1077 506 1082 497 1089 483 1083 464 1075 462 1075 461 1075 460 1075 441 1083 437 1084 433 1083 402 1072 401 1072 399 1072 349 1073 347 1073 346 1073 331 1084 324 1089 312 1084 307 1082 305 1082 304 1082 302 1082 301 1082 298 1084 286 1094 266 1084 267 1139 267 1168"/></Shape>
	    <String CONTENT="تصنيفات ستيد سهر آب توی"
                    HPOS="266"
                    VPOS="1066"
                    WIDTH="563"
                    HEIGHT="102"
                    WC="0.8813996650278568"></String>
          </TextLine>

          
          
          <TextLine ID="eSc_line_24ee9195"
                    TAGREFS="LT4837"
                    BASELINE="416 1244 659 1239" 
                    HPOS="415"
                    VPOS="1188"
                    WIDTH="244"
                    HEIGHT="77">
            <Shape><Polygon POINTS="541 1213 527 1223 513 1233 499 1240 495 1215 482 1215 474 1206 458 1194 457 1194 455 1194 454 1194 453 1194 415 1211 416 1244 418 1260 432 1255 437 1260 444 1264 446 1264 447 1264 448 1264 450 1264 469 1258 483 1254 493 1257 521 1265 523 1265 524 1265 587 1264 659 1250 659 1239 655 1188 598 1195 597 1195 596 1195 596 1197 584 1209 559 1198 551 1194 549 1194 548 1194 541 1213"/></Shape>
	    <String CONTENT="البضك"
                    HPOS="415"
                    VPOS="1188"
                    WIDTH="244"
                    HEIGHT="77"
                    WC="0.9433990120887756"></String>
          </TextLine>

          
          
          <TextLine ID="eSc_line_7cbab889"
                    TAGREFS="LT4837"
                    BASELINE="531 1313 608 1310" 
                    HPOS="530"
                    VPOS="1274"
                    WIDTH="78"
                    HEIGHT="75">
            <Shape><Polygon POINTS="558 1275 544 1279 530 1282 531 1313 533 1349 563 1349 563 1348 565 1348 566 1348 566 1347 579 1335 584 1330 608 1327 608 1310 607 1286 562 1274 558 1275"/></Shape>
	    <String CONTENT=""
                    HPOS="530"
                    VPOS="1274"
                    WIDTH="78"
                    HEIGHT="75"></String>
          </TextLine>

          
          
          <TextLine ID="eSc_line_a557e847"
                    TAGREFS="LT4837"
                    BASELINE="486 1314 519 1313" 
                    HPOS="485"
                    VPOS="1286"
                    WIDTH="34"
                    HEIGHT="48">
            <Shape><Polygon POINTS="499 1311 485 1311 486 1314 486 1327 517 1334 519 1313 513 1286 512 1286 499 1311"/></Shape>
	    <String CONTENT=""
                    HPOS="485"
                    VPOS="1286"
                    WIDTH="34"
                    HEIGHT="48"></String>
          </TextLine>

          
        </TextBlock>
        
        <TextBlock HPOS="583"
                   VPOS="1519"
                   WIDTH="328"
                   HEIGHT="38"
                   ID="eSc_textblock_825a51b8"
                   TAGREFS="BT16086">
          <Shape><Polygon POINTS="747 1519 883 1519 911 1551 583 1557 627 1530 747 1519"/></Shape>
          
          
          <TextLine ID="eSc_line_744b845a"
                    TAGREFS="LT4837"
                    BASELINE="605 1551 673 1551" 
                    HPOS="605"
                    VPOS="1534"
                    WIDTH="68"
                    HEIGHT="61">
            <Shape><Polygon POINTS="605 1541 605 1551 605 1586 643 1595 645 1595 673 1588 673 1551 673 1534 617 1534 605 1541"/></Shape>
	    <String CONTENT=""
                    HPOS="605"
                    VPOS="1534"
                    WIDTH="68"
                    HEIGHT="61"></String>
          </TextLine>

          
        </TextBlock>
        
        <TextBlock HPOS="1092"
                   VPOS="639"
                   WIDTH="16"
                   HEIGHT="38"
                   ID="eSc_textblock_d1d9dd57"
                   TAGREFS="BT16085">
          <Shape><Polygon POINTS="1101 639 1108 639 1108 677 1092 665 1101 639"/></Shape>
          
        </TextBlock>
        
        <TextBlock HPOS="1092"
                   VPOS="0"
                   WIDTH="100"
                   HEIGHT="609"
                   ID="eSc_textblock_74e80e8a"
                   TAGREFS="BT16085">
          <Shape><Polygon POINTS="1134 0 1192 11 1169 112 1175 278 1119 543 1125 598 1092 609 1109 313 1143 200 1109 39 1134 0"/></Shape>
          
        </TextBlock>
        
        <TextBlock HPOS="1216"
                   VPOS="147"
                   WIDTH="8"
                   HEIGHT="148"
                   ID="eSc_textblock_2b0ccda0"
                   TAGREFS="BT16085">
          <Shape><Polygon POINTS="1224 147 1224 295 1221 295 1216 162 1224 147"/></Shape>
          
        </TextBlock>
        
        <TextBlock HPOS="677"
                   VPOS="1648"
                   WIDTH="55"
                   HEIGHT="32"
                   ID="eSc_textblock_4c17a03a"
                   TAGREFS="BT16093">
          <Shape><Polygon POINTS="695 1648 732 1648 732 1680 677 1680 695 1648"/></Shape>
          
        </TextBlock>
        
        <TextBlock HPOS="807"
                   VPOS="1637"
                   WIDTH="20"
                   HEIGHT="21"
                   ID="eSc_textblock_fa599702"
                   TAGREFS="BT16093">
          <Shape><Polygon POINTS="807 1637 827 1637 822 1658 812 1658 807 1637"/></Shape>
          
        </TextBlock>
        
        <TextBlock HPOS="72"
                   VPOS="22"
                   WIDTH="50"
                   HEIGHT="4"
                   ID="eSc_textblock_57be9bca"
                   TAGREFS="BT16086">
          <Shape><Polygon POINTS="75 22 122 22 122 26 72 26 75 22"/></Shape>
          
        </TextBlock>
        
        <TextBlock HPOS="183"
                   VPOS="22"
                   WIDTH="633"
                   HEIGHT="21"
                   ID="eSc_textblock_7856c3b8"
                   TAGREFS="BT16086">
          <Shape><Polygon POINTS="183 22 799 28 816 37 403 43 183 22"/></Shape>
          
        </TextBlock>
        
        <TextBlock HPOS="611"
                   VPOS="1575"
                   WIDTH="25"
                   HEIGHT="10"
                   ID="eSc_textblock_afc708dd"
                   TAGREFS="BT16086">
          <Shape><Polygon POINTS="615 1575 631 1575 636 1585 611 1585 615 1575"/></Shape>
          
        </TextBlock>
        
        <TextBlock HPOS="744"
                   VPOS="1575"
                   WIDTH="49"
                   HEIGHT="10"
                   ID="eSc_textblock_2032c589"
                   TAGREFS="BT16086">
          <Shape><Polygon POINTS="760 1575 782 1575 793 1585 744 1585 760 1575"/></Shape>
          
        </TextBlock>
        
        <TextBlock HPOS="1092"
                   VPOS="16"
                   WIDTH="4"
                   HEIGHT="5"
                   ID="eSc_textblock_35425964"
                   TAGREFS="BT16086">
          <Shape><Polygon POINTS="1096 16 1096 21 1092 21 1092 16 1096 16"/></Shape>
          
        </TextBlock>
        
        <TextBlock HPOS="465"
                   VPOS="1216"
                   WIDTH="21"
                   HEIGHT="10"
                   ID="eSc_textblock_c092dab1"
                   TAGREFS="BT16091">
          <Shape><Polygon POINTS="469 1216 486 1216 486 1226 465 1226 469 1216"/></Shape>
          
        </TextBlock>
        
        <TextBlock HPOS="471"
                   VPOS="1177"
                   WIDTH="26"
                   HEIGHT="4"
                   ID="eSc_textblock_8a82bd1e"
                   TAGREFS="BT16091">
          <Shape><Polygon POINTS="475 1177 497 1177 497 1181 471 1181 475 1177"/></Shape>
          
        </TextBlock>
        
        <TextBlock HPOS="761"
                   VPOS="1609"
                   WIDTH="27"
                   HEIGHT="4"
                   ID="eSc_textblock_946737eb"
                   TAGREFS="BT16091">
          <Shape><Polygon POINTS="765 1609 788 1609 788 1613 761 1613 765 1609"/></Shape>
          
        </TextBlock>
        
        <TextBlock HPOS="777"
                   VPOS="1586"
                   WIDTH="39"
                   HEIGHT="10"
                   ID="eSc_textblock_cec000ad"
                   TAGREFS="BT16091">
          <Shape><Polygon POINTS="777 1586 816 1586 816 1590 778 1596 777 1586"/></Shape>
          
        </TextBlock>
        
        <TextBlock HPOS="756"
                   VPOS="1463"
                   WIDTH="99"
                   HEIGHT="38"
                   ID="eSc_textblock_1d883974"
                   TAGREFS="BT16091">
          <Shape><Polygon POINTS="771 1463 844 1463 855 1501 772 1489 756 1478 771 1463"/></Shape>
          
        </TextBlock>
        
        <TextBlock HPOS="823"
                   VPOS="1418"
                   WIDTH="21"
                   HEIGHT="4"
                   ID="eSc_textblock_924fc3c7"
                   TAGREFS="BT16091">
          <Shape><Polygon POINTS="827 1418 844 1418 844 1422 823 1422 827 1418"/></Shape>
          
        </TextBlock>
        
        <TextBlock HPOS="1059"
                   VPOS="1188"
                   WIDTH="4"
                   HEIGHT="32"
                   ID="eSc_textblock_50ff67bb"
                   TAGREFS="BT16085">
          <Shape><Polygon POINTS="1061 1188 1063 1220 1059 1220 1059 1188 1061 1188"/></Shape>
          
        </TextBlock>
        
        <TextBlock HPOS="845"
                   VPOS="1603"
                   WIDTH="21"
                   HEIGHT="15"
                   ID="eSc_textblock_fc0dc881"
                   TAGREFS="BT16091">
          <Shape><Polygon POINTS="850 1603 851 1609 866 1613 845 1618 850 1603"/></Shape>
          
        </TextBlock>
        
        <TextBlock HPOS="1070"
                   VPOS="712"
                   WIDTH="32"
                   HEIGHT="318"
                   ID="eSc_textblock_09e849fd"
                   TAGREFS="BT16085">
          <Shape><Polygon POINTS="1095 712 1102 873 1070 1030 1070 829 1095 712"/></Shape>
          
        </TextBlock>
        

        
        <TextBlock ID="eSc_dummyblock_">
          
          
          <TextLine ID="eSc_line_7d25da5f"
                    TAGREFS="LT4837"
                    BASELINE="1008 9 1084 14" 
                    HPOS="1007"
                    VPOS="1"
                    WIDTH="77"
                    HEIGHT="21">
            <Shape><Polygon POINTS="1077 1 1063 1 1049 1 1035 1 1021 1 1008 1 1008 9 1007 21 1081 22 1084 14 1084 1 1077 1"/></Shape>
	    <String CONTENT=""
                    HPOS="1007"
                    VPOS="1"
                    WIDTH="77"
                    HEIGHT="21"></String>
          </TextLine>

          
          
          <TextLine ID="eSc_line_b3198af0"
                    TAGREFS="LT4837"
                    BASELINE="526 116 583 116" 
                    HPOS="526"
                    VPOS="85"
                    WIDTH="57"
                    HEIGHT="49">
            <Shape><Polygon POINTS="526 116 526 134 583 134 583 116 582 85 526 96 526 116"/></Shape>
	    <String CONTENT=""
                    HPOS="526"
                    VPOS="85"
                    WIDTH="57"
                    HEIGHT="49"></String>
          </TextLine>

          
          
          <TextLine ID="eSc_line_c828c37b"
                    TAGREFS="LT4837"
                    BASELINE="311 18 436 19" 
                    HPOS="311"
                    VPOS="1"
                    WIDTH="125"
                    HEIGHT="55">
            <Shape><Polygon POINTS="422 1 408 1 394 1 380 1 366 1 352 1 338 1 324 1 311 1 311 18 311 54 332 46 398 46 432 56 436 19 433 1 422 1"/></Shape>
	    <String CONTENT=""
                    HPOS="311"
                    VPOS="1"
                    WIDTH="125"
                    HEIGHT="55"></String>
          </TextLine>

          
          
          <TextLine ID="eSc_line_db4bc033"
                    TAGREFS="LT4837"
                    BASELINE="85 15 241 15" 
                    HPOS="85"
                    VPOS="1"
                    WIDTH="156"
                    HEIGHT="52">
            <Shape><Polygon POINTS="239 1 225 1 211 1 197 1 183 1 169 1 155 1 141 1 127 1 113 1 99 1 85 1 85 15 85 53 241 53 241 15 241 1 239 1"/></Shape>
	    <String CONTENT=""
                    HPOS="85"
                    VPOS="1"
                    WIDTH="156"
                    HEIGHT="52"></String>
          </TextLine>

          
          
          <TextLine ID="eSc_line_325b34b1"
                    TAGREFS="LT4837"
                    BASELINE="164 1431 899 1415" 
                    HPOS="162"
                    VPOS="1359"
                    WIDTH="737"
                    HEIGHT="95">
            <Shape><Polygon POINTS="164 1431 164 1443 245 1450 246 1450 248 1450 270 1443 287 1452 288 1452 290 1452 335 1443 360 1454 361 1454 363 1454 408 1453 409 1453 411 1453 432 1439 462 1449 464 1449 465 1449 467 1449 468 1449 481 1439 492 1447 493 1447 495 1447 496 1447 497 1447 517 1439 548 1450 549 1450 551 1450 643 1447 645 1447 646 1447 660 1436 671 1445 673 1445 674 1445 676 1445 737 1436 761 1446 763 1446 764 1446 803 1445 805 1445 834 1429 899 1428 899 1415 893 1362 872 1368 858 1362 850 1359 848 1359 847 1359 845 1359 837 1363 822 1372 747 1375 722 1366 715 1365 713 1365 712 1365 711 1365 704 1368 680 1377 655 1377 648 1369 641 1363 641 1362 639 1362 638 1362 636 1362 584 1363 583 1363 551 1372 524 1379 483 1375 420 1366 419 1366 418 1366 416 1366 403 1376 395 1383 338 1383 332 1379 321 1369 319 1369 318 1369 281 1369 280 1369 242 1370 241 1370 239 1370 239 1372 227 1382 225 1384 218 1382 194 1375 193 1375 192 1375 190 1375 162 1383 164 1431"/></Shape>
	    <String CONTENT="ازانتشارات اسما عليه إدارة البلاعية كلكت"
                    HPOS="162"
                    VPOS="1359"
                    WIDTH="737"
                    HEIGHT="95"
                    WC="0.9124220486094312"></String>
          </TextLine>

          
          
          <TextLine ID="eSc_line_b918908f"
                    TAGREFS="LT4837"
                    BASELINE="817 1554 859 1558" 
                    HPOS="814"
                    VPOS="1478"
                    WIDTH="51"
                    HEIGHT="100">
            <Shape><Polygon POINTS="817 1554 814 1572 855 1578 859 1558 865 1481 824 1478 817 1554"/></Shape>
	    <String CONTENT=""
                    HPOS="814"
                    VPOS="1478"
                    WIDTH="51"
                    HEIGHT="100"></String>
          </TextLine>

          
          
          <TextLine ID="eSc_line_346caeb6"
                    TAGREFS="LT4837"
                    BASELINE="761 1610 857 1600" 
                    HPOS="756"
                    VPOS="1546"
                    WIDTH="102"
                    HEIGHT="109">
            <Shape><Polygon POINTS="840 1557 833 1555 810 1560 807 1557 791 1546 789 1546 788 1546 786 1546 785 1546 756 1560 761 1610 763 1635 779 1635 814 1655 816 1655 817 1655 836 1652 837 1652 838 1652 838 1651 858 1630 857 1600 850 1557 840 1557"/></Shape>
	    <String CONTENT=""
                    HPOS="756"
                    VPOS="1546"
                    WIDTH="102"
                    HEIGHT="109"></String>
          </TextLine>

          
          
          <TextLine ID="eSc_line_b87a8cea"
                    TAGREFS="LT4837"
                    BASELINE="448 1547 464 1546" 
                    HPOS="444"
                    VPOS="1506"
                    WIDTH="21"
                    HEIGHT="83">
            <Shape><Polygon POINTS="448 1547 453 1589 465 1582 464 1546 460 1508 444 1506 448 1547"/></Shape>
	    <String CONTENT=""
                    HPOS="444"
                    VPOS="1506"
                    WIDTH="21"
                    HEIGHT="83"></String>
          </TextLine>

          
        </TextBlock>
        
      </PrintSpace>
    </Page>
  </Layout>
</alto>
