<?xml version="1.0" encoding="UTF-8"?>
<alto xmlns:xsi="http://www.w3.org/2001/XMLSchema-instance"
      xmlns="http://www.loc.gov/standards/alto/ns-v4#"
      xsi:schemaLocation="http://www.loc.gov/standards/alto/ns-v4# http://www.loc.gov/standards/alto/v4/alto-4-2.xsd">
  <Description>
    <MeasurementUnit>pixel</MeasurementUnit>
    <sourceImageInformation>
      <fileName>Rasail162.jpg</fileName>
      
    </sourceImageInformation>
  </Description>
  
  <Tags>
    <OtherTag ID="BT16094" LABEL="default" DESCRIPTION="block type default"/><OtherTag ID="BT16093" LABEL="NumberingZone:page" DESCRIPTION="block type NumberingZone:page"/><OtherTag ID="BT16092" LABEL="MarginTextZone:note" DESCRIPTION="block type MarginTextZone:note"/><OtherTag ID="BT16091" LABEL="TitlePageZone" DESCRIPTION="block type TitlePageZone"/><OtherTag ID="BT16090" LABEL="QuireMarksZone:catchwords" DESCRIPTION="block type QuireMarksZone:catchwords"/><OtherTag ID="BT16089" LABEL="NumberingZone:other" DESCRIPTION="block type NumberingZone:other"/><OtherTag ID="BT16088" LABEL="NumberingZone" DESCRIPTION="block type NumberingZone"/><OtherTag ID="BT16087" LABEL="MarginTextZone" DESCRIPTION="block type MarginTextZone"/><OtherTag ID="BT16086" LABEL="MainZone" DESCRIPTION="block type MainZone"/><OtherTag ID="BT16085" LABEL="DigitizationArtefactZone" DESCRIPTION="block type DigitizationArtefactZone"/><OtherTag ID="BT2" LABEL="Main" DESCRIPTION="block type Main"/><OtherTag ID="BT1" LABEL="Title" DESCRIPTION="block type Title"/>
    <OtherTag ID="LT4837" LABEL="DefaultLine" DESCRIPTION="line type DefaultLine"/><OtherTag ID="LT4838" LABEL="default" DESCRIPTION="line type default"/><OtherTag ID="LT4839" LABEL="HeadingLine:title" DESCRIPTION="line type HeadingLine:title"/>
  </Tags>
  
  <Layout>
    <Page WIDTH="1173"
          HEIGHT="1712"
          PHYSICAL_IMG_NR="25"
          ID="eSc_dummypage_">
      <PrintSpace HPOS="0"
                  VPOS="0"
                  WIDTH="1173"
                  HEIGHT="1712">
        
        <TextBlock HPOS="934"
                   VPOS="34"
                   WIDTH="56"
                   HEIGHT="21"
                   ID="eSc_textblock_8cc08cc5"
                   TAGREFS="BT16089">
          <Shape><Polygon POINTS="934 34 990 39 990 49 940 55 934 34"/></Shape>
          
          
          <TextLine ID="eSc_line_cec54161"
                    TAGREFS="LT4837"
                    BASELINE="901 47 1021 42" 
                    HPOS="899"
                    VPOS="21"
                    WIDTH="122"
                    HEIGHT="37">
            <Shape><Polygon POINTS="986 38 971 37 957 35 943 34 936 21 899 21 901 47 901 58 1021 58 1021 42 1018 21 991 21 986 38"/></Shape>
	    <String CONTENT=""
                    HPOS="899"
                    VPOS="21"
                    WIDTH="122"
                    HEIGHT="37"></String>
          </TextLine>

          
        </TextBlock>
        
        <TextBlock HPOS="542"
                   VPOS="51"
                   WIDTH="140"
                   HEIGHT="16"
                   ID="eSc_textblock_2b79b38e"
                   TAGREFS="BT16093">
          <Shape><Polygon POINTS="573 51 682 51 682 61 542 67 573 51"/></Shape>
          
          
          <TextLine ID="eSc_line_cf259d62"
                    TAGREFS="LT4837"
                    BASELINE="533 62 734 55" 
                    HPOS="532"
                    VPOS="29"
                    WIDTH="202"
                    HEIGHT="52">
            <Shape><Polygon POINTS="674 51 660 51 646 51 632 51 617 51 603 51 589 51 575 51 560 55 546 59 540 38 532 38 533 62 535 81 575 64 630 64 659 74 669 77 670 77 672 77 734 68 734 55 730 29 679 31 674 51"/></Shape>
	    <String CONTENT=""
                    HPOS="532"
                    VPOS="29"
                    WIDTH="202"
                    HEIGHT="52"></String>
          </TextLine>

          
        </TextBlock>
        
        <TextBlock HPOS="342"
                   VPOS="0"
                   WIDTH="187"
                   HEIGHT="9"
                   ID="eSc_textblock_b5c4d5b1"
                   TAGREFS="BT16085">
          <Shape><Polygon POINTS="366 0 523 0 529 9 342 9 366 0"/></Shape>
          
        </TextBlock>
        
        <TextBlock HPOS="268"
                   VPOS="1546"
                   WIDTH="44"
                   HEIGHT="39"
                   ID="eSc_textblock_0771f9be"
                   TAGREFS="BT16093">
          <Shape><Polygon POINTS="276 1546 312 1563 312 1573 268 1585 276 1546"/></Shape>
          
        </TextBlock>
        
        <TextBlock HPOS="291"
                   VPOS="1620"
                   WIDTH="21"
                   HEIGHT="22"
                   ID="eSc_textblock_49e59d4d"
                   TAGREFS="BT16093">
          <Shape><Polygon POINTS="301 1620 312 1632 306 1642 291 1630 301 1620"/></Shape>
          
        </TextBlock>
        
        <TextBlock HPOS="496"
                   VPOS="0"
                   WIDTH="134"
                   HEIGHT="27"
                   ID="eSc_textblock_32fb8ab7"
                   TAGREFS="BT16093">
          <Shape><Polygon POINTS="522 0 625 0 630 15 519 27 496 9 522 0"/></Shape>
          
        </TextBlock>
        
        <TextBlock HPOS="831"
                   VPOS="45"
                   WIDTH="10"
                   HEIGHT="4"
                   ID="eSc_textblock_441eb191"
                   TAGREFS="BT16093">
          <Shape><Polygon POINTS="836 45 841 45 841 49 831 49 836 45"/></Shape>
          
        </TextBlock>
        
        <TextBlock HPOS="860"
                   VPOS="1666"
                   WIDTH="10"
                   HEIGHT="10"
                   ID="eSc_textblock_5fd1c57c"
                   TAGREFS="BT16093">
          <Shape><Polygon POINTS="864 1666 864 1670 870 1676 860 1676 864 1666"/></Shape>
          
        </TextBlock>
        
        <TextBlock HPOS="603"
                   VPOS="68"
                   WIDTH="4"
                   HEIGHT="4"
                   ID="eSc_textblock_9743bdc7"
                   TAGREFS="BT16086">
          <Shape><Polygon POINTS="603 68 607 68 607 72 603 72 603 68"/></Shape>
          
        </TextBlock>
        
        <TextBlock HPOS="660"
                   VPOS="1575"
                   WIDTH="4"
                   HEIGHT="4"
                   ID="eSc_textblock_f00ea750"
                   TAGREFS="BT16090">
          <Shape><Polygon POINTS="660 1575 664 1575 664 1579 660 1579 660 1575"/></Shape>
          
        </TextBlock>
        
        <TextBlock HPOS="502"
                   VPOS="0"
                   WIDTH="83"
                   HEIGHT="27"
                   ID="eSc_textblock_b7aa65d4"
                   TAGREFS="BT16089">
          <Shape><Polygon POINTS="522 0 563 0 585 27 508 27 502 5 522 0"/></Shape>
          
        </TextBlock>
        
        <TextBlock HPOS="615"
                   VPOS="5"
                   WIDTH="4"
                   HEIGHT="4"
                   ID="eSc_textblock_c1408720"
                   TAGREFS="BT16089">
          <Shape><Polygon POINTS="619 5 619 9 615 9 615 5 619 5"/></Shape>
          
        </TextBlock>
        
        <TextBlock HPOS="643"
                   VPOS="57"
                   WIDTH="21"
                   HEIGHT="4"
                   ID="eSc_textblock_99f02b86"
                   TAGREFS="BT16089">
          <Shape><Polygon POINTS="647 57 664 57 664 61 643 61 647 57"/></Shape>
          
        </TextBlock>
        
        <TextBlock HPOS="660"
                   VPOS="1557"
                   WIDTH="56"
                   HEIGHT="39"
                   ID="eSc_textblock_28c016db"
                   TAGREFS="BT16089">
          <Shape><Polygon POINTS="666 1557 687 1557 716 1596 660 1590 666 1557"/></Shape>
          
        </TextBlock>
        
        <TextBlock HPOS="683"
                   VPOS="51"
                   WIDTH="73"
                   HEIGHT="4"
                   ID="eSc_textblock_51a629b2"
                   TAGREFS="BT16089">
          <Shape><Polygon POINTS="689 51 756 51 756 55 683 55 689 51"/></Shape>
          
        </TextBlock>
        
        <TextBlock HPOS="814"
                   VPOS="1626"
                   WIDTH="5"
                   HEIGHT="4"
                   ID="eSc_textblock_bfd95409"
                   TAGREFS="BT16089">
          <Shape><Polygon POINTS="819 1626 819 1630 814 1630 814 1626 819 1626"/></Shape>
          
        </TextBlock>
        
        <TextBlock HPOS="831"
                   VPOS="22"
                   WIDTH="5"
                   HEIGHT="5"
                   ID="eSc_textblock_c6ab6c1e"
                   TAGREFS="BT16089">
          <Shape><Polygon POINTS="836 22 836 27 831 27 831 22 836 22"/></Shape>
          
        </TextBlock>
        
        <TextBlock HPOS="820"
                   VPOS="1637"
                   WIDTH="158"
                   HEIGHT="45"
                   ID="eSc_textblock_03976212"
                   TAGREFS="BT16089">
          <Shape><Polygon POINTS="859 1637 900 1654 967 1643 978 1664 866 1682 820 1647 859 1637"/></Shape>
          
        </TextBlock>
        
        <TextBlock HPOS="968"
                   VPOS="644"
                   WIDTH="28"
                   HEIGHT="10"
                   ID="eSc_textblock_96bd3b66"
                   TAGREFS="BT16089">
          <Shape><Polygon POINTS="980 644 996 644 996 654 968 654 980 644"/></Shape>
          
        </TextBlock>
        
        <TextBlock HPOS="626"
                   VPOS="313"
                   WIDTH="67"
                   HEIGHT="107"
                   ID="eSc_textblock_bbb0c122"
                   TAGREFS="BT16091">
          <Shape><Polygon POINTS="640 313 664 313 693 353 659 420 626 398 640 313"/></Shape>
          
        </TextBlock>
        
        <TextBlock HPOS="654"
                   VPOS="1517"
                   WIDTH="108"
                   HEIGHT="125"
                   ID="eSc_textblock_b9b3a1d0"
                   TAGREFS="BT16091">
          <Shape><Polygon POINTS="682 1517 704 1523 712 1569 733 1569 740 1540 762 1557 762 1642 654 1585 654 1535 682 1517"/></Shape>
          
        </TextBlock>
        
        <TextBlock HPOS="706"
                   VPOS="359"
                   WIDTH="21"
                   HEIGHT="21"
                   ID="eSc_textblock_9b65826d"
                   TAGREFS="BT16091">
          <Shape><Polygon POINTS="716 359 727 359 727 380 706 380 716 359"/></Shape>
          
        </TextBlock>
        
        <TextBlock HPOS="609"
                   VPOS="1654"
                   WIDTH="284"
                   HEIGHT="56"
                   ID="eSc_textblock_30d29178"
                   TAGREFS="BT16091">
          <Shape><Polygon POINTS="714 1654 767 1660 809 1694 841 1694 864 1654 893 1704 609 1710 714 1654"/></Shape>
          
        </TextBlock>
        
        <TextBlock HPOS="860"
                   VPOS="1614"
                   WIDTH="4"
                   HEIGHT="10"
                   ID="eSc_textblock_3cfdc9c7"
                   TAGREFS="BT16091">
          <Shape><Polygon POINTS="864 1614 864 1624 860 1624 860 1614 864 1614"/></Shape>
          
        </TextBlock>
        
        <TextBlock HPOS="957"
                   VPOS="781"
                   WIDTH="67"
                   HEIGHT="39"
                   ID="eSc_textblock_bc11130d"
                   TAGREFS="BT16091">
          <Shape><Polygon POINTS="990 781 1024 808 963 820 957 804 990 781"/></Shape>
          
        </TextBlock>
        
        <TextBlock HPOS="0"
                   VPOS="1"
                   WIDTH="1"
                   HEIGHT="1"
                   ID="eSc_textblock_f138a778"
                   TAGREFS="BT16085">
          <Shape><Polygon POINTS="1 2 0 2 0 1 1 1 1 2"/></Shape>
          
        </TextBlock>
        
        <TextBlock HPOS="570"
                   VPOS="5"
                   WIDTH="20"
                   HEIGHT="4"
                   ID="eSc_textblock_ecac84d9"
                   TAGREFS="BT16094">
          <Shape><Polygon POINTS="570 5 590 5 590 9 570 9 570 5"/></Shape>
          
        </TextBlock>
        
        <TextBlock HPOS="75"
                   VPOS="0"
                   WIDTH="237"
                   HEIGHT="21"
                   ID="eSc_textblock_e42642ef"
                   TAGREFS="BT16085">
          <Shape><Polygon POINTS="75 0 289 0 312 9 211 21 75 0"/></Shape>
          
        </TextBlock>
        

        
        <TextBlock ID="eSc_dummyblock_">
          
          
          <TextLine ID="eSc_line_588da5db"
                    TAGREFS="LT4837"
                    BASELINE="201 61 303 61" 
                    HPOS="201"
                    VPOS="25"
                    WIDTH="102"
                    HEIGHT="53">
            <Shape><Polygon POINTS="201 61 201 78 256 69 302 75 303 61 303 28 201 25 201 61"/></Shape>
	    <String CONTENT=""
                    HPOS="201"
                    VPOS="25"
                    WIDTH="102"
                    HEIGHT="53"></String>
          </TextLine>

          
        </TextBlock>
        
      </PrintSpace>
    </Page>
  </Layout>
</alto>
