<?xml version="1.0" encoding="UTF-8"?>
<alto xmlns:xsi="http://www.w3.org/2001/XMLSchema-instance"
      xmlns="http://www.loc.gov/standards/alto/ns-v4#"
      xsi:schemaLocation="http://www.loc.gov/standards/alto/ns-v4# http://www.loc.gov/standards/alto/v4/alto-4-2.xsd">
  <Description>
    <MeasurementUnit>pixel</MeasurementUnit>
    <sourceImageInformation>
      <fileName>Rasail128.jpg</fileName>
      
    </sourceImageInformation>
  </Description>
  
  <Tags>
    <OtherTag ID="BT16094" LABEL="default" DESCRIPTION="block type default"/><OtherTag ID="BT16093" LABEL="NumberingZone:page" DESCRIPTION="block type NumberingZone:page"/><OtherTag ID="BT16092" LABEL="MarginTextZone:note" DESCRIPTION="block type MarginTextZone:note"/><OtherTag ID="BT16091" LABEL="TitlePageZone" DESCRIPTION="block type TitlePageZone"/><OtherTag ID="BT16090" LABEL="QuireMarksZone:catchwords" DESCRIPTION="block type QuireMarksZone:catchwords"/><OtherTag ID="BT16089" LABEL="NumberingZone:other" DESCRIPTION="block type NumberingZone:other"/><OtherTag ID="BT16088" LABEL="NumberingZone" DESCRIPTION="block type NumberingZone"/><OtherTag ID="BT16087" LABEL="MarginTextZone" DESCRIPTION="block type MarginTextZone"/><OtherTag ID="BT16086" LABEL="MainZone" DESCRIPTION="block type MainZone"/><OtherTag ID="BT16085" LABEL="DigitizationArtefactZone" DESCRIPTION="block type DigitizationArtefactZone"/><OtherTag ID="BT2" LABEL="Main" DESCRIPTION="block type Main"/><OtherTag ID="BT1" LABEL="Title" DESCRIPTION="block type Title"/>
    <OtherTag ID="LT4837" LABEL="DefaultLine" DESCRIPTION="line type DefaultLine"/><OtherTag ID="LT4838" LABEL="default" DESCRIPTION="line type default"/><OtherTag ID="LT4839" LABEL="HeadingLine:title" DESCRIPTION="line type HeadingLine:title"/>
  </Tags>
  
  <Layout>
    <Page WIDTH="1220"
          HEIGHT="1706"
          PHYSICAL_IMG_NR="156"
          ID="eSc_dummypage_">
      <PrintSpace HPOS="0"
                  VPOS="0"
                  WIDTH="1220"
                  HEIGHT="1706">
        
        <TextBlock HPOS="62"
                   VPOS="142"
                   WIDTH="1032"
                   HEIGHT="1482"
                   ID="eSc_textblock_b68caaa6"
                   TAGREFS="BT16086">
          <Shape><Polygon POINTS="523 142 1094 159 1089 1465 1072 1590 1043 1624 193 1619 102 1613 73 1590 62 483 79 181 108 153 523 142"/></Shape>
          
          
          <TextLine ID="eSc_line_f16c87a6"
                    TAGREFS="LT4837"
                    BASELINE="99 216 555 206 1063 203" 
                    HPOS="98"
                    VPOS="156"
                    WIDTH="965"
                    HEIGHT="89">
            <Shape><Polygon POINTS="1020 156 1019 156 1005 162 981 172 921 163 877 157 875 157 874 157 873 157 863 164 861 164 854 164 782 159 780 159 779 159 766 166 747 176 719 176 709 167 703 162 702 162 701 162 699 162 698 162 696 162 689 167 686 169 671 167 635 163 634 163 632 163 631 163 625 169 614 176 578 169 575 169 574 169 573 169 571 169 565 174 555 169 541 162 540 162 538 162 501 170 470 177 435 172 395 164 393 164 392 164 391 164 381 172 379 173 371 172 319 164 318 164 317 164 292 173 274 181 197 181 189 174 182 170 180 170 179 170 177 170 176 170 174 170 167 176 156 181 98 177 99 216 99 245 177 245 177 244 179 244 180 244 180 243 182 243 193 233 253 241 267 243 268 243 270 243 277 241 334 223 494 228 496 228 591 220 619 233 631 238 632 238 634 238 635 238 649 233 681 218 749 230 752 230 753 230 755 230 756 230 784 221 827 228 833 228 834 228 836 228 838 228 870 217 924 226 975 234 976 234 1046 233 1047 233 1049 233 1063 224 1063 203 1060 162 1022 156 1020 156"/></Shape>
	    <String CONTENT="حجت را اشکار نمود و معين ساخت و بعد از آن دو دليل را"
                    HPOS="98"
                    VPOS="156"
                    WIDTH="965"
                    HEIGHT="89"
                    WC="0.9123527643815527"></String>
          </TextLine>

          
          
          <TextLine ID="eSc_line_2cbdc5d3"
                    TAGREFS="LT4837"
                    BASELINE="83 312 584 291 1065 288" 
                    HPOS="82"
                    VPOS="238"
                    WIDTH="983"
                    HEIGHT="100">
            <Shape><Polygon POINTS="83 312 85 338 163 318 191 335 193 335 194 335 196 335 201 335 248 324 270 332 271 332 273 332 355 331 356 331 358 331 358 329 359 329 373 314 398 326 399 326 400 326 402 326 403 326 415 318 459 326 473 328 474 328 476 328 477 328 477 326 480 325 484 321 527 322 528 322 530 322 531 322 531 321 546 308 598 314 600 314 777 302 813 312 814 312 816 312 867 301 881 308 883 308 884 308 885 308 905 302 919 311 927 315 928 315 929 315 931 317 992 317 992 315 993 315 1009 308 1015 305 1020 307 1039 314 1040 314 1042 314 1043 314 1065 305 1065 288 1063 250 1020 238 1019 238 1018 238 1016 238 1015 238 995 251 985 258 894 258 881 254 854 245 853 245 851 245 794 257 774 261 766 258 740 247 739 247 737 247 681 261 666 264 656 261 632 254 631 254 629 254 628 254 604 260 585 248 584 248 582 248 536 248 534 248 533 248 514 258 506 251 504 251 503 251 501 251 364 253 309 254 308 254 307 254 291 268 265 255 264 255 263 255 261 255 260 255 260 257 240 274 237 277 82 278 83 312"/></Shape>
	    <String CONTENT="بر طرف ساخت و بصورت شکلی هم از چشم ايل ترتب نهان"
                    HPOS="82"
                    VPOS="238"
                    WIDTH="983"
                    HEIGHT="100"
                    WC="0.9141448878993591"></String>
          </TextLine>

          
          
          <TextLine ID="eSc_line_0b5a4630"
                    TAGREFS="LT4837"
                    BASELINE="83 388 408 369 1066 356" 
                    HPOS="82"
                    VPOS="311"
                    WIDTH="984"
                    HEIGHT="97">
            <Shape><Polygon POINTS="83 388 83 402 99 408 100 408 102 408 103 408 118 400 127 396 140 400 157 406 159 406 160 406 214 399 294 403 295 403 297 403 322 393 349 383 436 383 449 389 449 390 450 390 452 390 453 390 455 390 457 389 477 382 506 388 536 393 537 393 538 393 540 393 551 386 563 379 611 385 646 388 648 388 649 388 666 382 685 376 701 381 729 389 730 389 732 390 790 390 790 389 792 389 793 389 807 379 821 389 823 389 824 389 826 389 877 388 878 388 910 373 915 372 921 373 959 383 961 383 962 383 964 383 1005 371 1006 369 1066 368 1066 356 1062 311 927 331 860 331 834 319 828 318 827 318 826 318 824 318 819 321 793 332 772 325 770 325 769 325 767 325 766 325 753 334 703 325 665 319 664 319 662 319 661 319 652 328 641 338 604 338 587 331 570 322 568 322 567 322 527 324 526 324 524 324 511 334 501 341 473 335 462 334 460 334 459 334 450 336 442 339 439 336 425 326 423 326 422 326 420 326 361 339 356 341 355 341 329 329 328 329 327 329 325 329 287 344 281 345 280 344 263 331 261 331 260 331 258 331 201 332 200 332 199 332 199 334 183 348 182 348 170 338 169 338 167 338 116 335 115 335 113 335 82 349 83 388"/></Shape>
	    <String CONTENT="شد و معد از آن به اشارت حخت و بادو دليل قوی اوال"
                    HPOS="82"
                    VPOS="311"
                    WIDTH="984"
                    HEIGHT="97"
                    WC="0.897277259705018"></String>
          </TextLine>

          
          
          <TextLine ID="eSc_line_2ea9762b"
                    TAGREFS="LT4837"
                    BASELINE="89 462 300 450 1066 436" 
                    HPOS="86"
                    VPOS="388"
                    WIDTH="980"
                    HEIGHT="98">
            <Shape><Polygon POINTS="89 462 89 486 183 486 184 486 186 486 187 484 206 467 223 467 247 476 248 476 250 476 328 466 346 477 346 479 348 479 349 479 416 481 418 481 419 481 420 481 429 474 443 463 469 473 489 480 490 480 491 480 493 480 494 480 494 479 503 471 514 460 561 460 597 467 634 476 635 477 683 477 683 476 685 476 716 463 732 457 762 457 769 462 783 470 784 470 786 470 787 470 789 470 790 470 807 460 809 459 819 459 897 466 898 466 900 466 901 466 914 457 949 470 951 470 952 470 1012 469 1013 469 1015 469 1037 450 1039 450 1065 450 1066 436 1063 388 1047 388 1046 388 1045 388 1043 388 1043 389 1022 409 911 403 910 403 908 403 907 403 894 413 837 413 770 392 764 390 763 390 762 390 698 392 696 392 695 392 693 393 669 409 644 400 642 400 641 400 639 400 638 400 618 413 573 396 570 395 568 395 567 395 565 395 564 395 564 396 534 419 453 403 452 403 450 403 408 422 389 416 388 416 386 416 328 423 294 412 292 412 291 412 290 412 288 412 274 425 236 406 234 406 233 406 231 406 194 417 180 408 179 408 177 408 176 408 174 408 173 408 173 409 169 413 153 405 152 405 86 405 89 462"/></Shape>
	    <String CONTENT="تر تب از روى تحقيق پنى به جم امام بردند و نعضم ضييف"
                    HPOS="86"
                    VPOS="388"
                    WIDTH="980"
                    HEIGHT="98"
                    WC="0.8989414093541164"></String>
          </TextLine>

          
          
          <TextLine ID="eSc_line_d57afc99"
                    TAGREFS="LT4837"
                    BASELINE="196 535 676 520 1063 517" 
                    HPOS="196"
                    VPOS="469"
                    WIDTH="867"
                    HEIGHT="98">
            <Shape><Polygon POINTS="196 554 231 557 233 557 234 557 247 553 271 545 284 553 311 567 312 567 314 567 315 567 317 567 341 550 349 545 382 545 386 548 410 564 412 564 413 564 415 564 416 564 437 555 476 557 477 557 479 557 480 557 480 555 490 547 518 551 520 551 521 551 541 544 561 537 584 543 622 553 624 553 625 553 627 553 628 553 646 541 658 533 760 531 773 537 813 555 814 555 816 555 948 553 981 550 982 550 983 550 1010 530 1016 526 1062 527 1063 517 1056 469 1035 486 1015 470 1013 469 1012 469 1010 469 1009 469 1008 469 1002 470 942 491 881 493 803 493 776 476 776 474 774 474 773 474 772 474 703 476 702 476 698 477 656 491 580 480 571 479 570 479 486 481 484 481 483 481 459 500 430 484 429 484 427 484 408 486 406 486 405 486 379 503 346 491 345 491 344 491 342 491 341 491 325 503 309 489 308 489 307 489 282 486 275 486 274 486 273 486 271 486 271 487 254 503 220 506 196 487 196 535 196 554"/></Shape>
	    <String CONTENT="کهولايل ححت را استماع نه نمودند يا از دريافتد"
                    HPOS="196"
                    VPOS="469"
                    WIDTH="867"
                    HEIGHT="98"
                    WC="0.904154364267985"></String>
          </TextLine>

          
          
          <TextLine ID="eSc_line_817aa14d"
                    TAGREFS="LT4837"
                    BASELINE="622 591 1062 604" 
                    HPOS="621"
                    VPOS="550"
                    WIDTH="441"
                    HEIGHT="75">
            <Shape><Polygon POINTS="622 591 621 605 634 614 635 614 637 614 638 614 682 607 699 619 701 619 702 619 703 619 760 608 764 608 769 609 816 624 817 624 907 625 908 625 910 625 934 617 935 615 935 617 945 624 945 625 946 625 948 625 949 625 982 618 999 615 1059 621 1062 604 1059 558 998 574 935 565 934 565 932 565 921 571 915 562 914 562 914 561 912 561 911 561 910 561 908 561 870 571 860 562 858 562 857 562 855 562 831 565 826 561 814 551 813 551 811 551 770 550 739 550 737 550 736 550 735 550 720 562 718 565 710 562 692 555 691 555 689 555 668 560 662 553 661 553 661 551 659 551 658 551 656 551 655 551 622 562 622 591"/></Shape>
	    <String CONTENT="بود از روی ققليد"
                    HPOS="621"
                    VPOS="550"
                    WIDTH="441"
                    HEIGHT="75"
                    WC="0.9592207968235016"></String>
          </TextLine>

          
          
          <TextLine ID="eSc_line_161821be"
                    TAGREFS="LT4837"
                    BASELINE="106 695 449 673 777 672" 
                    HPOS="103"
                    VPOS="617"
                    WIDTH="674"
                    HEIGHT="96">
            <Shape><Polygon POINTS="106 695 106 713 136 713 137 713 139 713 139 712 147 703 169 712 170 712 172 712 228 710 230 710 234 709 271 690 302 705 308 707 309 707 311 707 312 707 327 705 395 686 436 686 462 698 473 702 474 702 476 702 477 702 493 696 527 682 555 689 557 689 558 689 560 689 581 683 591 690 595 695 597 695 598 695 600 695 601 695 614 689 642 678 692 678 708 685 718 689 719 689 720 689 722 689 733 683 743 679 776 680 777 672 774 632 725 632 708 617 706 617 705 617 678 617 676 617 675 617 673 617 651 635 651 636 575 638 564 638 524 622 523 622 521 622 520 622 518 622 518 624 504 636 456 638 442 628 440 628 439 628 437 628 436 628 435 628 435 629 433 629 423 642 388 632 386 632 385 632 383 632 382 632 382 634 381 634 373 644 341 646 334 646 319 635 319 634 318 634 317 634 315 634 314 634 312 634 304 641 292 631 291 631 290 631 265 631 264 631 210 634 209 634 207 634 207 635 193 649 173 635 172 635 170 635 142 635 140 635 139 635 137 635 137 636 119 653 119 655 103 655 106 695"/></Shape>
	    <String CONTENT="که فرزند امام چيار نورغ اندمکی آنکه"
                    HPOS="103"
                    VPOS="617"
                    WIDTH="674"
                    HEIGHT="96"
                    WC="0.8748729642894533"></String>
          </TextLine>

          
          
          <TextLine ID="eSc_line_27b69e19"
                    TAGREFS="LT4837"
                    BASELINE="891 679 974 678" 
                    HPOS="890"
                    VPOS="629"
                    WIDTH="84"
                    HEIGHT="83">
            <Shape><Polygon POINTS="891 679 891 707 941 712 942 712 944 712 974 699 974 678 971 634 944 629 942 629 941 629 939 629 931 636 918 644 890 639 891 679"/></Shape>
	    <String CONTENT="ومگر"
                    HPOS="890"
                    VPOS="629"
                    WIDTH="84"
                    HEIGHT="83"
                    WC="0.8296790271997452"></String>
          </TextLine>

          
          
          <TextLine ID="eSc_line_9422f9f7"
                    TAGREFS="LT4837"
                    BASELINE="292 762 551 754 946 759 1055 746" 
                    HPOS="292"
                    VPOS="702"
                    WIDTH="763"
                    HEIGHT="84">
            <Shape><Polygon POINTS="292 779 341 786 342 786 344 786 345 786 356 779 369 771 386 777 408 786 409 786 410 786 412 786 429 777 452 764 571 764 585 774 587 774 588 774 590 774 591 774 627 767 645 774 662 780 664 780 665 780 701 773 716 770 720 773 735 781 736 781 737 781 739 781 740 781 742 781 753 773 762 766 780 771 804 780 806 780 807 780 809 780 841 771 846 770 846 771 860 783 861 783 863 783 864 784 939 784 939 783 982 781 983 781 985 781 999 769 1009 762 1052 767 1055 746 1052 705 976 703 975 703 974 703 971 705 937 720 915 710 914 710 912 710 911 710 910 710 910 712 900 722 810 722 760 705 757 703 756 703 755 703 753 703 752 703 752 705 728 719 671 705 666 703 665 703 664 703 662 703 661 703 661 705 652 709 645 705 644 702 642 702 641 702 639 702 638 702 637 702 634 705 619 715 594 705 587 702 585 702 584 702 582 702 581 702 578 705 553 719 521 707 520 707 518 707 469 716 432 706 430 706 429 706 427 706 426 706 405 725 389 725 369 705 369 703 368 703 366 703 338 703 336 703 335 703 334 703 334 705 322 713 292 705 292 762 292 779"/></Shape>
	    <String CONTENT="شکل از وست پس چون مست علیويکی"
                    HPOS="292"
                    VPOS="702"
                    WIDTH="763"
                    HEIGHT="84"
                    WC="0.8925188492084372"></String>
          </TextLine>

          
          
          <TextLine ID="eSc_line_37b26e05"
                    TAGREFS="LT4837"
                    BASELINE="105 753 115 753" 
                    HPOS="105"
                    VPOS="719"
                    WIDTH="10"
                    HEIGHT="60">
            <Shape><Polygon POINTS="105 753 105 774 112 779 115 753 112 719 105 720 105 753"/></Shape>
	    <String CONTENT=""
                    HPOS="105"
                    VPOS="719"
                    WIDTH="10"
                    HEIGHT="60"></String>
          </TextLine>

          
          
          <TextLine ID="eSc_line_75fcd7a3"
                    TAGREFS="LT4837"
                    BASELINE="93 840 598 831 1062 840" 
                    HPOS="92"
                    VPOS="779"
                    WIDTH="970"
                    HEIGHT="86">
            <Shape><Polygon POINTS="93 840 93 845 126 857 127 857 129 857 130 857 153 847 156 845 162 847 204 855 206 855 207 855 228 848 251 860 253 860 254 860 255 860 257 860 274 848 329 864 331 864 332 865 378 865 378 864 379 864 381 864 399 848 402 845 406 848 440 864 442 864 443 865 466 865 466 864 467 864 469 864 486 848 490 845 524 848 570 853 571 853 591 848 607 845 611 850 618 854 618 855 619 855 621 855 622 855 655 850 676 845 709 850 755 855 756 855 757 855 767 850 774 845 779 850 784 854 784 855 786 855 787 855 816 861 817 861 819 861 820 861 830 853 844 864 846 864 847 864 848 865 981 865 981 864 982 864 1010 851 1025 845 1059 851 1062 840 1057 779 996 801 982 793 981 793 979 793 978 793 976 793 945 806 830 806 811 797 810 797 809 797 807 797 806 797 797 804 747 787 722 779 720 779 582 779 581 779 580 779 543 789 490 779 489 779 487 779 486 779 463 796 462 796 420 781 419 781 418 781 416 781 415 781 400 793 385 784 383 784 382 784 381 784 379 784 364 798 362 798 359 798 307 793 305 793 304 793 274 801 261 804 251 801 217 791 216 791 214 791 213 791 179 804 176 806 92 806 93 840"/></Shape>
	    <String CONTENT="پس چون سلمان و يکی آنکه به شکل و معنی هردو از دست"
                    HPOS="92"
                    VPOS="779"
                    WIDTH="970"
                    HEIGHT="86"
                    WC="0.909657244682312"></String>
          </TextLine>

          
          
          <TextLine ID="eSc_line_a6a02cca"
                    TAGREFS="LT4837"
                    BASELINE="109 925 300 909 645 899" 
                    HPOS="106"
                    VPOS="848"
                    WIDTH="539"
                    HEIGHT="94">
            <Shape><Polygon POINTS="109 925 109 942 211 931 221 936 223 936 224 936 226 936 227 936 230 935 255 921 278 928 280 928 281 928 282 928 317 918 334 918 344 926 351 932 351 934 352 934 354 934 355 934 419 932 420 932 422 932 442 919 456 912 483 912 491 915 518 928 520 928 521 928 543 925 544 925 546 925 546 924 547 924 557 911 560 907 644 904 645 899 639 848 580 857 570 854 563 851 561 851 560 851 558 851 557 851 557 853 554 855 547 861 534 857 523 853 521 853 520 853 518 853 517 853 511 858 490 877 416 880 402 870 400 870 399 870 398 870 396 870 378 878 366 870 351 860 349 860 348 860 346 860 311 861 309 861 308 861 287 877 274 887 210 888 203 884 179 867 177 867 176 867 174 867 149 868 147 868 146 868 146 870 126 889 125 892 106 892 109 925"/></Shape>
	    <String CONTENT="را ايام مستودع میى گوند ويکی"
                    HPOS="106"
                    VPOS="848"
                    WIDTH="539"
                    HEIGHT="94"
                    WC="0.9289771339723042"></String>
          </TextLine>

          
          
          <TextLine ID="eSc_line_fb106d43"
                    TAGREFS="LT4837"
                    BASELINE="763 918 1062 911" 
                    HPOS="762"
                    VPOS="870"
                    WIDTH="300"
                    HEIGHT="76">
            <Shape><Polygon POINTS="763 918 763 943 776 946 777 946 779 946 780 946 784 942 801 931 823 939 837 945 838 945 840 946 880 946 880 945 881 945 901 934 908 931 925 932 968 938 969 938 971 938 972 938 986 928 993 924 1060 922 1062 911 1057 870 1002 871 1001 871 999 871 999 872 996 874 983 888 929 881 928 881 927 881 912 887 908 881 907 881 907 880 905 880 904 880 902 880 901 880 900 880 897 882 885 889 867 884 846 878 844 878 843 878 841 878 840 878 840 880 831 887 827 892 762 892 763 918"/></Shape>
	    <String CONTENT="به وفت انام ر"
                    HPOS="762"
                    VPOS="870"
                    WIDTH="300"
                    HEIGHT="76"
                    WC="0.8687895903220544"></String>
          </TextLine>

          
          
          <TextLine ID="eSc_line_67cce26f"
                    TAGREFS="LT4837"
                    BASELINE="103 983 666 976" 
                    HPOS="102"
                    VPOS="926"
                    WIDTH="564"
                    HEIGHT="79">
            <Shape><Polygon POINTS="103 983 103 998 112 1003 113 1003 115 1003 116 1005 189 1005 189 1003 190 1003 191 1003 206 993 216 988 224 993 234 1000 236 1000 237 1000 238 1000 277 993 305 988 317 993 334 1000 335 1000 336 1000 379 992 382 992 383 992 406 1000 408 1000 409 1000 410 1000 412 1000 425 992 432 988 450 992 467 995 469 995 470 995 477 992 489 985 500 990 504 993 506 993 507 993 520 990 554 983 665 989 666 976 662 926 602 939 585 929 584 928 582 928 581 928 551 928 550 928 548 928 547 928 544 931 537 935 530 931 528 929 527 929 526 929 524 929 523 929 521 929 521 931 520 931 509 942 469 934 467 934 466 934 464 934 463 934 452 942 405 936 403 936 402 936 382 943 365 936 355 934 354 934 352 934 351 934 341 938 328 943 318 939 308 935 307 935 305 935 304 935 302 935 297 939 291 945 281 941 264 932 263 932 226 932 224 932 223 932 221 932 204 943 197 948 102 948 103 983"/></Shape>
	    <String CONTENT=" از دست چون مولانا حسين"
                    HPOS="102"
                    VPOS="926"
                    WIDTH="564"
                    HEIGHT="79"
                    WC="0.9652376045351443"></String>
          </TextLine>

          
          
          <TextLine ID="eSc_line_f4af3e04"
                    TAGREFS="LT4837"
                    BASELINE="831 988 1055 983" 
                    HPOS="830"
                    VPOS="934"
                    WIDTH="225"
                    HEIGHT="98">
            <Shape><Polygon POINTS="831 988 831 1015 850 1030 851 1030 853 1030 854 1032 900 1032 900 1030 901 1030 902 1030 948 1002 956 998 974 998 978 999 995 1012 996 1012 998 1012 999 1012 1001 1012 1055 993 1055 983 1050 934 965 948 955 942 944 935 942 935 941 935 939 935 938 935 937 935 922 945 900 959 830 955 831 988"/></Shape>
	    <String CONTENT="انکه مشگل و"
                    HPOS="830"
                    VPOS="934"
                    WIDTH="225"
                    HEIGHT="98"
                    WC="0.8076288808475841"></String>
          </TextLine>

          
          
          <TextLine ID="eSc_line_fb5176e7"
                    TAGREFS="LT4837"
                    BASELINE="105 1064 642 1054 912 1061 1056 1052" 
                    HPOS="103"
                    VPOS="999"
                    WIDTH="953"
                    HEIGHT="91">
            <Shape><Polygon POINTS="105 1064 105 1083 179 1090 180 1090 182 1090 183 1090 194 1081 210 1071 318 1074 319 1074 321 1074 342 1067 361 1077 369 1081 371 1081 372 1081 373 1081 386 1077 402 1071 447 1076 487 1079 489 1079 490 1079 491 1079 491 1077 496 1074 506 1064 551 1064 577 1073 592 1077 594 1077 595 1077 597 1077 621 1071 648 1064 661 1070 682 1080 683 1080 685 1080 686 1080 726 1069 742 1064 753 1069 787 1081 789 1081 790 1081 954 1080 955 1080 956 1080 972 1070 992 1073 993 1073 995 1073 996 1073 996 1071 1006 1061 1009 1060 1055 1060 1056 1052 1050 1000 988 1025 776 1026 752 1012 749 1009 747 1009 746 1009 745 1009 743 1009 742 1009 739 1012 733 1015 728 1012 693 999 692 999 691 999 632 1000 631 1000 598 1017 590 1022 582 1017 560 1002 558 1002 557 1002 555 1002 554 1002 511 1020 510 1020 497 1013 496 1013 494 1013 493 1013 474 1017 456 1002 455 1002 453 1002 452 1002 385 1003 383 1003 382 1003 359 1020 345 1013 344 1013 342 1013 341 1013 339 1013 324 1026 297 1005 295 1005 294 1005 292 1005 291 1005 257 1015 221 1005 220 1005 218 1005 217 1005 216 1005 200 1015 173 1007 172 1007 170 1007 169 1007 167 1007 133 1034 103 1034 105 1064"/></Shape>
	    <String CONTENT="که اورا امام متقر می گويند و چون ثابت شد که بخت"
                    HPOS="103"
                    VPOS="999"
                    WIDTH="953"
                    HEIGHT="91"
                    WC="0.9094026672079208"></String>
          </TextLine>

          
          
          <TextLine ID="eSc_line_83ccfff5"
                    TAGREFS="LT4837"
                    BASELINE="99 1145 597 1133 1055 1135" 
                    HPOS="98"
                    VPOS="1076"
                    WIDTH="957"
                    HEIGHT="92">
            <Shape><Polygon POINTS="99 1145 99 1157 127 1164 129 1164 130 1164 146 1157 149 1155 153 1157 184 1167 186 1167 187 1167 189 1167 210 1155 216 1152 221 1155 247 1167 248 1167 250 1168 301 1168 301 1167 302 1167 304 1167 319 1154 327 1148 381 1147 400 1152 440 1165 442 1165 443 1165 445 1165 483 1151 490 1150 501 1151 558 1161 560 1161 561 1161 580 1151 598 1158 600 1158 601 1158 602 1158 621 1150 632 1144 654 1150 665 1151 666 1151 698 1148 756 1143 763 1147 772 1155 773 1155 774 1155 776 1155 777 1155 792 1148 804 1160 804 1161 806 1161 807 1161 809 1162 868 1162 868 1161 898 1160 900 1160 901 1160 924 1145 927 1143 929 1145 949 1160 951 1160 952 1160 954 1160 1053 1143 1055 1135 1050 1090 1036 1097 1023 1090 1019 1088 1018 1088 1016 1088 1015 1088 1009 1090 992 1100 806 1100 790 1094 760 1084 759 1084 757 1084 716 1088 701 1076 699 1076 698 1076 658 1076 656 1076 655 1076 607 1096 592 1084 591 1084 590 1084 588 1084 587 1084 585 1084 575 1091 565 1084 564 1084 563 1084 561 1084 560 1084 558 1084 537 1100 536 1101 533 1100 487 1077 486 1077 484 1077 483 1077 482 1077 462 1090 418 1079 416 1079 415 1079 413 1079 412 1079 412 1080 395 1096 373 1081 372 1081 371 1081 369 1081 368 1081 348 1093 331 1080 329 1080 328 1080 263 1080 261 1080 260 1080 258 1080 245 1090 226 1080 224 1080 223 1080 221 1080 170 1094 145 1084 143 1084 142 1084 140 1084 98 1106 99 1145"/></Shape>
	    <String CONTENT="فرزند معنوی اوست پس درين ايام که امرعجتی به فرزندان"
                    HPOS="98"
                    VPOS="1076"
                    WIDTH="957"
                    HEIGHT="92"
                    WC="0.8871253571089577"></String>
          </TextLine>

          
          
          <TextLine ID="eSc_line_346bd353"
                    TAGREFS="LT4837"
                    BASELINE="106 1215 720 1205" 
                    HPOS="105"
                    VPOS="1154"
                    WIDTH="615"
                    HEIGHT="78">
            <Shape><Polygon POINTS="106 1215 106 1226 191 1232 193 1232 194 1232 218 1226 247 1218 321 1218 348 1225 365 1229 366 1229 368 1229 369 1229 381 1225 400 1215 463 1215 563 1222 600 1225 601 1225 602 1225 610 1222 631 1212 648 1222 652 1224 654 1224 655 1224 656 1224 664 1222 691 1212 718 1221 720 1205 719 1162 699 1154 698 1154 696 1154 695 1154 676 1164 665 1171 656 1164 642 1154 641 1154 639 1154 638 1154 637 1154 602 1167 600 1167 598 1167 557 1155 555 1155 554 1155 553 1155 551 1155 530 1170 523 1174 507 1170 474 1161 473 1161 472 1161 470 1161 449 1172 445 1174 440 1172 416 1162 415 1162 413 1162 412 1162 368 1175 351 1179 345 1175 321 1160 319 1160 318 1160 291 1160 290 1160 288 1160 287 1160 271 1171 227 1161 226 1161 224 1161 223 1161 191 1181 189 1184 105 1184 106 1215"/></Shape>
	    <String CONTENT="امر عام بوده نه نخاص واو ما همت"
                    HPOS="105"
                    VPOS="1154"
                    WIDTH="615"
                    HEIGHT="78"
                    WC="0.8990563961767382"></String>
          </TextLine>

          
          
          <TextLine ID="eSc_line_b3af2e1e"
                    TAGREFS="LT4837"
                    BASELINE="931 1224 999 1219 1043 1209" 
                    HPOS="927"
                    VPOS="1168"
                    WIDTH="116"
                    HEIGHT="81">
            <Shape><Polygon POINTS="931 1224 932 1249 962 1246 964 1246 965 1246 965 1245 966 1245 969 1241 978 1231 988 1235 991 1236 992 1236 993 1236 995 1236 1043 1219 1043 1209 1035 1168 999 1178 995 1178 978 1174 976 1174 975 1174 974 1174 974 1175 961 1187 955 1192 927 1194 931 1224"/></Shape>
	    <String CONTENT=""
                    HPOS="927"
                    VPOS="1168"
                    WIDTH="116"
                    HEIGHT="81"></String>
          </TextLine>

          
          
          <TextLine ID="eSc_line_00980ae3"
                    TAGREFS="LT4837"
                    BASELINE="108 1283 709 1272" 
                    HPOS="106"
                    VPOS="1225"
                    WIDTH="603"
                    HEIGHT="77">
            <Shape><Polygon POINTS="108 1283 108 1292 116 1300 116 1302 118 1302 119 1302 120 1302 122 1302 146 1295 166 1302 167 1302 169 1302 170 1302 172 1302 189 1289 255 1300 257 1300 258 1300 308 1288 406 1297 408 1297 409 1297 410 1297 429 1286 477 1296 479 1296 480 1296 482 1296 482 1295 494 1285 557 1289 558 1289 591 1282 628 1293 629 1293 631 1293 632 1293 634 1293 634 1292 635 1292 638 1288 645 1292 646 1292 648 1292 649 1292 651 1292 652 1292 652 1290 659 1283 675 1289 676 1289 678 1289 679 1289 709 1279 709 1272 706 1239 665 1239 649 1225 648 1225 646 1225 645 1225 592 1226 591 1226 590 1226 580 1235 558 1226 557 1226 555 1226 491 1228 490 1228 489 1228 466 1242 383 1232 382 1232 381 1232 379 1232 379 1234 368 1243 290 1239 288 1239 237 1246 190 1234 189 1234 187 1234 186 1234 184 1234 160 1248 129 1236 127 1236 126 1236 125 1236 123 1236 106 1246 108 1283"/></Shape>
	    <String CONTENT="و يست و امر عام نسبت به مروى"
                    HPOS="106"
                    VPOS="1225"
                    WIDTH="603"
                    HEIGHT="77"
                    WC="0.917129387812955"></String>
          </TextLine>

          
          
          <TextLine ID="eSc_line_34abf597"
                    TAGREFS="LT4837"
                    BASELINE="911 1290 1045 1276" 
                    HPOS="907"
                    VPOS="1235"
                    WIDTH="138"
                    HEIGHT="80">
            <Shape><Polygon POINTS="911 1290 912 1315 938 1315 939 1315 941 1315 941 1313 946 1309 956 1297 986 1299 1012 1300 1013 1300 1015 1300 1045 1285 1045 1276 1039 1235 907 1259 911 1290"/></Shape>
	    <String CONTENT="مرامی"
                    HPOS="907"
                    VPOS="1235"
                    WIDTH="138"
                    HEIGHT="80"
                    WC="0.9104803919792175"></String>
          </TextLine>

          
          
          <TextLine ID="eSc_line_6ad27232"
                    TAGREFS="LT4837"
                    BASELINE="103 1353 668 1349 914 1359 981 1356 1049 1343" 
                    HPOS="102"
                    VPOS="1297"
                    WIDTH="947"
                    HEIGHT="82">
            <Shape><Polygon POINTS="103 1353 103 1359 145 1377 146 1377 147 1379 194 1379 194 1377 196 1377 226 1363 280 1370 281 1370 282 1370 308 1360 311 1359 317 1360 365 1370 366 1370 368 1370 369 1370 383 1360 386 1359 427 1359 432 1360 450 1370 452 1370 453 1370 455 1370 476 1360 480 1359 484 1360 510 1370 511 1370 513 1370 565 1360 577 1359 580 1360 597 1373 598 1373 600 1373 601 1373 678 1361 686 1360 688 1361 708 1371 709 1371 710 1371 712 1371 735 1361 743 1357 760 1361 820 1376 821 1377 988 1377 988 1376 989 1376 991 1376 1009 1361 1016 1357 1047 1361 1049 1343 1045 1299 995 1297 993 1297 992 1297 991 1297 989 1299 964 1316 836 1316 821 1306 820 1306 819 1306 817 1306 816 1306 793 1315 782 1303 776 1299 776 1297 774 1297 773 1297 772 1297 739 1305 720 1309 712 1305 695 1297 693 1297 635 1297 634 1297 585 1307 548 1316 521 1309 509 1306 507 1306 506 1306 504 1306 503 1306 499 1310 490 1317 439 1317 427 1312 400 1299 399 1299 398 1299 396 1299 395 1299 378 1312 373 1316 365 1313 328 1299 327 1299 325 1299 257 1310 228 1299 227 1299 226 1299 224 1299 176 1316 157 1300 156 1300 154 1300 153 1300 152 1300 150 1300 150 1302 135 1316 102 1317 103 1353"/></Shape>
	    <String CONTENT="واقع می شود که ظاهر مطلق است و دران از همه ظاهريان"
                    HPOS="102"
                    VPOS="1297"
                    WIDTH="947"
                    HEIGHT="82"
                    WC="0.9323087275028229"></String>
          </TextLine>

          
          
          <TextLine ID="eSc_line_b4b61a44"
                    TAGREFS="LT4837"
                    BASELINE="870 1447 986 1442 1050 1428" 
                    HPOS="867"
                    VPOS="1386"
                    WIDTH="183"
                    HEIGHT="84">
            <Shape><Polygon POINTS="870 1447 871 1470 902 1470 904 1470 905 1470 910 1465 927 1451 955 1460 974 1464 975 1464 976 1464 978 1464 999 1452 1013 1444 1049 1444 1050 1428 1042 1386 986 1411 968 1398 959 1393 958 1393 956 1393 955 1393 954 1393 927 1407 905 1418 867 1418 870 1447"/></Shape>
	    <String CONTENT="مامر"
                    HPOS="867"
                    VPOS="1386"
                    WIDTH="183"
                    HEIGHT="84"
                    WC="0.9374351799488068"></String>
          </TextLine>

          
          
          <TextLine ID="eSc_line_a3be30b0"
                    TAGREFS="LT4837"
                    BASELINE="105 1427 719 1431" 
                    HPOS="103"
                    VPOS="1370"
                    WIDTH="616"
                    HEIGHT="80">
            <Shape><Polygon POINTS="105 1427 103 1438 116 1444 118 1444 119 1444 153 1438 166 1435 169 1438 179 1445 179 1447 180 1447 182 1447 183 1448 238 1448 238 1447 240 1447 241 1447 241 1445 248 1438 254 1434 273 1440 308 1448 309 1448 311 1450 383 1450 383 1448 385 1448 403 1441 418 1435 445 1441 459 1444 460 1444 476 1441 511 1435 520 1442 530 1450 531 1450 533 1450 534 1450 536 1450 560 1442 565 1441 571 1442 591 1450 592 1450 594 1450 595 1450 597 1450 597 1448 604 1444 611 1437 716 1444 719 1431 715 1380 692 1387 669 1380 645 1371 644 1371 592 1371 591 1371 590 1371 561 1380 544 1386 536 1381 516 1370 514 1370 436 1370 435 1370 433 1370 406 1381 395 1386 379 1381 352 1374 351 1374 349 1374 348 1374 329 1381 321 1386 308 1383 265 1370 264 1370 263 1370 261 1370 218 1381 191 1373 190 1373 189 1373 187 1373 186 1373 170 1383 167 1384 105 1384 105 1427"/></Shape>
	    <String CONTENT="واقع می شود که باطن مطلق است"
                    HPOS="103"
                    VPOS="1370"
                    WIDTH="616"
                    HEIGHT="80"
                    WC="0.9253124786274773"></String>
          </TextLine>

          
          
          <TextLine ID="eSc_line_0fe21517"
                    TAGREFS="LT4837"
                    BASELINE="999 1498 1050 1492" 
                    HPOS="993"
                    VPOS="1455"
                    WIDTH="57"
                    HEIGHT="59">
            <Shape><Polygon POINTS="999 1498 999 1502 1050 1514 1050 1492 1045 1455 993 1455 999 1498"/></Shape>
	    <String CONTENT="نه"
                    HPOS="993"
                    VPOS="1455"
                    WIDTH="57"
                    HEIGHT="59"
                    WC="0.7061212658882141"></String>
          </TextLine>

          
          
          <TextLine ID="eSc_line_7e5c0501"
                    TAGREFS="LT4837"
                    BASELINE="126 1504 686 1506 843 1514" 
                    HPOS="125"
                    VPOS="1447"
                    WIDTH="718"
                    HEIGHT="88">
            <Shape><Polygon POINTS="126 1504 125 1526 302 1515 325 1531 327 1532 328 1532 329 1532 331 1533 385 1533 385 1532 398 1531 486 1516 514 1516 531 1532 533 1533 534 1533 536 1533 537 1535 578 1535 578 1533 580 1533 581 1533 581 1532 582 1532 590 1524 611 1532 612 1532 614 1532 615 1532 672 1522 688 1529 689 1529 691 1529 692 1529 693 1529 693 1528 703 1519 735 1519 755 1533 756 1533 757 1533 759 1533 760 1533 762 1533 772 1526 840 1533 843 1514 843 1477 774 1477 769 1472 735 1452 733 1452 732 1452 730 1452 669 1458 658 1450 656 1450 655 1450 654 1450 612 1451 611 1451 610 1451 610 1452 595 1465 588 1474 568 1464 538 1451 537 1451 536 1451 534 1451 533 1451 533 1452 521 1461 484 1454 483 1454 482 1454 480 1454 470 1461 457 1468 440 1460 439 1460 437 1460 436 1460 413 1472 402 1465 400 1465 399 1465 398 1465 396 1465 395 1465 395 1467 388 1474 317 1474 288 1452 280 1447 278 1447 277 1447 275 1447 274 1447 260 1451 204 1471 179 1448 177 1447 176 1447 174 1447 126 1447 126 1504"/></Shape>
	    <String CONTENT="با طنيان پس تا مصلحت هردو کون بجا"
                    HPOS="125"
                    VPOS="1447"
                    WIDTH="718"
                    HEIGHT="88"
                    WC="0.8966797337387548"></String>
          </TextLine>

          
          
          <TextLine ID="eSc_line_b72c087e"
                    TAGREFS="LT4837"
                    BASELINE="874 1597 921 1596 1032 1575" 
                    HPOS="870"
                    VPOS="1525"
                    WIDTH="163"
                    HEIGHT="98">
            <Shape><Polygon POINTS="874 1597 880 1623 887 1617 907 1617 935 1617 937 1617 938 1617 939 1617 954 1606 964 1597 969 1602 972 1605 974 1605 975 1605 976 1605 978 1605 979 1605 979 1603 981 1603 983 1599 991 1589 1033 1586 1032 1575 1020 1525 969 1548 958 1545 945 1542 944 1542 942 1542 941 1542 939 1542 939 1543 938 1543 931 1553 922 1566 870 1573 874 1597"/></Shape>
	    <String CONTENT=""
                    HPOS="870"
                    VPOS="1525"
                    WIDTH="163"
                    HEIGHT="98"></String>
          </TextLine>

          
          
          <TextLine ID="eSc_line_5f0538f4"
                    TAGREFS="LT4837"
                    BASELINE="194 1575 685 1582" 
                    HPOS="193"
                    VPOS="1518"
                    WIDTH="492"
                    HEIGHT="85">
            <Shape><Polygon POINTS="194 1575 193 1590 204 1597 206 1597 207 1597 209 1597 210 1597 240 1588 248 1585 254 1588 274 1597 275 1597 403 1600 405 1600 406 1600 408 1600 408 1599 419 1589 469 1595 470 1595 472 1595 484 1589 486 1588 486 1589 499 1600 499 1602 500 1602 501 1602 503 1602 573 1589 575 1589 578 1589 622 1603 624 1603 625 1603 627 1603 652 1590 683 1590 685 1582 683 1524 573 1533 547 1526 537 1524 536 1524 534 1524 533 1524 531 1524 528 1526 513 1541 491 1541 457 1539 440 1529 429 1521 427 1521 426 1521 425 1521 423 1521 405 1529 391 1538 364 1538 358 1531 352 1526 352 1525 351 1525 349 1525 348 1525 308 1532 304 1532 302 1532 271 1518 270 1518 268 1518 267 1518 265 1518 247 1533 245 1535 238 1533 218 1528 217 1528 216 1528 214 1528 194 1533 194 1575"/></Shape>
	    <String CONTENT="شرح به محل خودمد گور خواهد شد ب"
                    HPOS="193"
                    VPOS="1518"
                    WIDTH="492"
                    HEIGHT="85"
                    WC="0.9075240435138825"></String>
          </TextLine>

          
        </TextBlock>
        
        <TextBlock HPOS="494"
                   VPOS="34"
                   WIDTH="145"
                   HEIGHT="83"
                   ID="eSc_textblock_0d43295e"
                   TAGREFS="BT16093">
          <Shape><Polygon POINTS="528 34 584 34 639 78 595 117 534 117 494 78 528 34"/></Shape>
          
          
          <TextLine ID="eSc_line_71942337"
                    TAGREFS="LT4837"
                    BASELINE="523 69 600 66" 
                    HPOS="521"
                    VPOS="36"
                    WIDTH="79"
                    HEIGHT="49">
            <Shape><Polygon POINTS="592 42 588 39 540 36 538 36 537 36 521 44 523 69 523 85 600 82 600 66 597 45 592 42"/></Shape>
	    <String CONTENT=""
                    HPOS="521"
                    VPOS="36"
                    WIDTH="79"
                    HEIGHT="49"></String>
          </TextLine>

          
        </TextBlock>
        

        
      </PrintSpace>
    </Page>
  </Layout>
</alto>
