<?xml version="1.0" encoding="UTF-8"?>
<alto xmlns:xsi="http://www.w3.org/2001/XMLSchema-instance"
      xmlns="http://www.loc.gov/standards/alto/ns-v4#"
      xsi:schemaLocation="http://www.loc.gov/standards/alto/ns-v4# http://www.loc.gov/standards/alto/v4/alto-4-2.xsd">
  <Description>
    <MeasurementUnit>pixel</MeasurementUnit>
    <sourceImageInformation>
      <fileName>Rasail060.jpg</fileName>
      
    </sourceImageInformation>
  </Description>
  
  <Tags>
    <OtherTag ID="BT16094" LABEL="default" DESCRIPTION="block type default"/><OtherTag ID="BT16093" LABEL="NumberingZone:page" DESCRIPTION="block type NumberingZone:page"/><OtherTag ID="BT16092" LABEL="MarginTextZone:note" DESCRIPTION="block type MarginTextZone:note"/><OtherTag ID="BT16091" LABEL="TitlePageZone" DESCRIPTION="block type TitlePageZone"/><OtherTag ID="BT16090" LABEL="QuireMarksZone:catchwords" DESCRIPTION="block type QuireMarksZone:catchwords"/><OtherTag ID="BT16089" LABEL="NumberingZone:other" DESCRIPTION="block type NumberingZone:other"/><OtherTag ID="BT16088" LABEL="NumberingZone" DESCRIPTION="block type NumberingZone"/><OtherTag ID="BT16087" LABEL="MarginTextZone" DESCRIPTION="block type MarginTextZone"/><OtherTag ID="BT16086" LABEL="MainZone" DESCRIPTION="block type MainZone"/><OtherTag ID="BT16085" LABEL="DigitizationArtefactZone" DESCRIPTION="block type DigitizationArtefactZone"/><OtherTag ID="BT2" LABEL="Main" DESCRIPTION="block type Main"/><OtherTag ID="BT1" LABEL="Title" DESCRIPTION="block type Title"/>
    <OtherTag ID="LT4837" LABEL="DefaultLine" DESCRIPTION="line type DefaultLine"/><OtherTag ID="LT4838" LABEL="default" DESCRIPTION="line type default"/><OtherTag ID="LT4839" LABEL="HeadingLine:title" DESCRIPTION="line type HeadingLine:title"/>
  </Tags>
  
  <Layout>
    <Page WIDTH="1124"
          HEIGHT="1690"
          PHYSICAL_IMG_NR="88"
          ID="eSc_dummypage_">
      <PrintSpace HPOS="0"
                  VPOS="0"
                  WIDTH="1124"
                  HEIGHT="1690">
        
        <TextBlock HPOS="140"
                   VPOS="146"
                   WIDTH="955"
                   HEIGHT="1469"
                   ID="eSc_textblock_f84626fa"
                   TAGREFS="BT16086">
          <Shape><Polygon POINTS="202 146 1090 157 1095 1384 1090 1547 1067 1604 146 1615 140 873 163 714 146 507 163 499 163 197 202 146"/></Shape>
          
          
          <TextLine ID="eSc_line_67046509"
                    TAGREFS="LT4837"
                    BASELINE="208 205 681 198 870 209 1040 209" 
                    HPOS="207"
                    VPOS="153"
                    WIDTH="833"
                    HEIGHT="93">
            <Shape><Polygon POINTS="208 205 208 246 270 243 271 243 273 243 281 235 300 243 302 245 304 245 305 245 307 245 308 245 309 243 345 221 367 221 391 235 392 235 394 235 395 235 397 235 398 235 415 221 443 233 445 233 446 235 483 235 483 233 484 233 485 233 501 221 576 232 577 232 578 232 580 232 580 230 592 221 605 229 607 229 608 229 609 230 609 229 611 229 612 229 628 219 750 219 762 226 766 230 767 230 769 230 770 230 792 229 808 242 808 243 809 243 811 243 812 243 1000 242 1001 242 1002 242 1040 216 1040 209 1038 174 802 174 780 169 722 153 721 153 719 153 645 163 604 153 602 153 601 153 600 153 598 153 584 166 577 171 567 164 556 157 554 157 553 157 552 157 550 157 549 157 542 163 531 154 529 154 528 154 494 154 492 154 491 154 490 154 490 156 481 163 471 154 470 154 469 154 467 154 466 154 440 163 397 177 366 177 346 160 342 157 340 157 339 157 338 157 322 160 302 164 294 160 287 154 285 154 284 154 283 154 207 157 208 205"/></Shape>
	    <String CONTENT="امدن انبيا به جهت بشارت و هدايت خلايق است بهقائم قياست"
                    HPOS="207"
                    VPOS="153"
                    WIDTH="833"
                    HEIGHT="93"
                    WC="0.9144661491567438"></String>
          </TextLine>

          
          
          <TextLine ID="eSc_line_bb62d024"
                    TAGREFS="LT4837"
                    BASELINE="198 291 623 270 774 273" 
                    HPOS="195"
                    VPOS="222"
                    WIDTH="579"
                    HEIGHT="96">
            <Shape><Polygon POINTS="198 291 198 318 267 314 269 314 270 314 270 312 284 299 312 314 314 314 315 314 343 312 345 312 346 312 346 311 360 297 392 311 394 311 395 311 397 311 398 311 421 294 456 302 457 302 459 302 521 290 584 302 585 302 587 302 588 302 588 301 590 301 602 284 698 283 719 297 721 297 722 297 723 297 774 294 774 273 771 233 735 226 733 226 732 226 715 236 701 225 700 225 698 225 697 225 695 225 671 235 657 222 656 222 654 222 628 222 626 222 585 225 584 225 583 225 583 226 581 226 576 233 552 229 550 229 549 229 547 229 526 245 523 245 473 235 471 235 470 235 469 235 456 245 438 230 436 230 435 230 433 230 432 230 431 230 431 232 412 249 340 252 312 253 295 239 295 238 294 238 292 238 264 238 263 238 261 238 195 257 198 291"/></Shape>
	    <String CONTENT=" است علم يتساء لون عن النباع"
                    HPOS="195"
                    VPOS="222"
                    WIDTH="579"
                    HEIGHT="96"
                    WC="0.9218883205737386"></String>
          </TextLine>

          
          
          <TextLine ID="eSc_line_44623256"
                    TAGREFS="LT4837"
                    BASELINE="897 290 1032 291" 
                    HPOS="895"
                    VPOS="250"
                    WIDTH="137"
                    HEIGHT="73">
            <Shape><Polygon POINTS="897 290 895 312 925 312 929 314 940 322 942 322 943 322 945 323 991 323 991 322 993 322 994 322 994 321 1001 314 1007 309 1029 314 1032 291 1031 250 897 267 897 290"/></Shape>
	    <String CONTENT="انچر در"
                    HPOS="895"
                    VPOS="250"
                    WIDTH="137"
                    HEIGHT="73"
                    WC="0.8310422812189374"></String>
          </TextLine>

          
          
          <TextLine ID="eSc_line_37a4e478"
                    TAGREFS="LT4837"
                    BASELINE="185 367 614 346 900 357 1043 354" 
                    HPOS="184"
                    VPOS="299"
                    WIDTH="859"
                    HEIGHT="100">
            <Shape><Polygon POINTS="185 367 185 394 195 399 197 399 198 399 200 399 232 391 260 384 269 390 270 390 271 390 273 390 274 390 276 390 288 378 322 388 326 390 328 390 329 390 331 390 332 390 332 388 333 388 349 374 392 380 394 380 433 371 456 380 457 380 459 380 460 380 461 380 476 368 504 376 505 376 507 376 508 376 509 376 521 368 533 378 533 380 535 380 536 380 538 380 539 380 540 380 559 367 581 374 583 374 584 374 585 374 608 364 704 364 784 376 823 381 825 381 826 381 828 381 836 374 852 385 853 385 854 385 856 385 959 384 960 384 1008 370 1026 364 1039 368 1043 354 1039 319 814 323 812 323 797 311 795 311 794 311 792 311 791 311 773 318 764 311 763 311 762 311 760 311 759 311 757 311 743 319 723 302 723 301 722 301 721 301 719 301 718 301 716 301 709 307 701 299 700 299 698 299 697 299 632 301 631 301 629 301 602 321 580 302 578 302 577 302 576 302 574 302 528 319 488 305 487 305 443 305 442 305 440 305 439 305 439 307 429 316 409 308 408 308 407 308 405 308 404 308 388 319 346 308 345 308 343 308 342 308 301 326 291 318 290 318 288 318 287 318 285 318 261 329 249 316 249 315 247 315 246 315 245 315 243 315 242 315 232 322 214 318 212 318 211 318 209 318 208 318 184 332 185 367"/></Shape>
	    <String CONTENT="المعظيم الذي هنم فيه مختلفون كملا سيعلمون يعني"
                    HPOS="184"
                    VPOS="299"
                    WIDTH="859"
                    HEIGHT="100"
                    WC="0.9126605326714723"></String>
          </TextLine>

          
          
          <TextLine ID="eSc_line_dd9b79b1"
                    TAGREFS="LT4837"
                    BASELINE="190 433 604 423 763 425 853 433" 
                    HPOS="188"
                    VPOS="367"
                    WIDTH="665"
                    HEIGHT="99">
            <Shape><Polygon POINTS="190 433 190 459 230 464 232 464 233 464 235 464 235 463 239 459 245 454 249 459 256 464 256 466 257 466 259 466 260 466 261 466 263 466 274 459 284 453 319 459 353 464 354 464 356 464 357 464 364 459 380 447 394 459 395 460 397 460 398 460 453 463 454 463 456 463 457 463 463 459 480 445 500 445 518 457 522 461 523 461 525 461 526 461 528 461 529 461 529 460 532 457 545 445 581 443 592 452 592 453 594 453 595 453 597 453 656 442 697 442 712 452 714 452 715 452 716 452 718 452 719 452 725 447 736 457 738 457 739 457 740 457 742 457 743 457 743 456 757 445 769 453 770 453 771 453 852 456 853 433 850 392 808 392 807 392 791 378 790 378 788 378 749 378 747 378 746 378 745 378 745 380 733 388 709 367 708 367 707 367 705 367 618 368 616 368 567 385 535 373 533 373 532 373 450 384 436 374 435 374 433 374 432 374 431 374 415 381 394 371 392 371 391 371 390 371 388 371 340 401 281 401 252 383 250 383 249 383 247 383 246 383 245 383 222 402 188 402 190 433"/></Shape>
	    <String CONTENT="از هيزی بزرگ که اهوال قايم قيامت است"
                    HPOS="188"
                    VPOS="367"
                    WIDTH="665"
                    HEIGHT="99"
                    WC="0.9361532264285617"></String>
          </TextLine>

          
          
          <TextLine ID="eSc_line_3f133dff"
                    TAGREFS="LT4837"
                    BASELINE="876 436 1038 437" 
                    HPOS="874"
                    VPOS="401"
                    WIDTH="164"
                    HEIGHT="73">
            <Shape><Polygon POINTS="876 436 874 461 901 473 902 473 904 474 950 474 950 473 952 473 953 473 970 459 970 457 971 459 994 468 995 468 997 468 998 468 1000 468 1000 467 1011 457 1036 457 1038 437 1032 402 1019 414 993 404 987 401 985 401 957 401 956 401 954 401 953 401 949 405 935 414 876 408 876 436"/></Shape>
	    <String CONTENT="چه زيرن"
                    HPOS="874"
                    VPOS="401"
                    WIDTH="164"
                    HEIGHT="73"
                    WC="0.8408716150692531"></String>
          </TextLine>

          
          
          <TextLine ID="eSc_line_d5deddbd"
                    TAGREFS="LT4837"
                    BASELINE="187 508 564 501 801 504" 
                    HPOS="185"
                    VPOS="450"
                    WIDTH="616"
                    HEIGHT="82">
            <Shape><Polygon POINTS="187 508 187 526 353 530 354 530 356 530 366 526 380 521 387 526 391 530 392 530 394 530 395 532 463 532 463 530 464 530 476 526 504 516 533 526 535 526 536 526 538 526 539 526 540 526 540 525 550 516 746 521 747 521 749 521 750 521 760 514 784 514 797 525 801 504 798 450 728 456 726 456 725 456 725 457 718 464 697 453 694 452 692 452 664 452 663 452 662 452 660 452 657 454 645 466 616 466 604 456 600 453 598 453 597 453 595 453 594 453 592 453 588 457 576 466 536 459 505 453 504 453 502 453 481 460 461 467 428 463 376 454 374 454 373 454 371 454 356 464 350 468 294 468 291 467 276 456 274 456 273 456 271 456 270 456 269 456 269 457 257 468 256 470 228 470 225 470 200 456 198 456 197 456 195 456 194 456 194 457 185 464 187 508"/></Shape>
	    <String CONTENT="ختاف انديست اختلافی زود باشد که "
                    HPOS="185"
                    VPOS="450"
                    WIDTH="616"
                    HEIGHT="82"
                    WC="0.9086418636143208"></String>
          </TextLine>

          
          
          <TextLine ID="eSc_line_06c3b015"
                    TAGREFS="LT4837"
                    BASELINE="887 515 1042 515" 
                    HPOS="887"
                    VPOS="481"
                    WIDTH="155"
                    HEIGHT="66">
            <Shape><Polygon POINTS="887 515 887 539 957 547 959 547 960 547 962 547 976 535 980 532 1042 532 1042 515 1040 481 887 492 887 515"/></Shape>
	    <String CONTENT="خلايقدر"
                    HPOS="887"
                    VPOS="481"
                    WIDTH="155"
                    HEIGHT="66"
                    WC="0.9105173349380493"></String>
          </TextLine>

          
          
          <TextLine ID="eSc_line_2beca27b"
                    TAGREFS="LT4837"
                    BASELINE="184 581 719 578 1047 588" 
                    HPOS="183"
                    VPOS="529"
                    WIDTH="864"
                    HEIGHT="85">
            <Shape><Polygon POINTS="184 581 183 604 243 609 245 609 246 609 247 609 254 604 261 599 266 604 271 608 271 609 273 609 274 609 276 609 277 609 291 604 294 602 297 604 311 608 312 608 314 608 315 608 336 602 376 592 394 602 411 611 412 611 414 612 476 612 476 611 477 611 478 611 494 601 507 594 671 594 702 594 707 598 718 609 718 611 719 611 721 611 722 611 723 611 774 598 778 597 781 598 811 609 812 609 814 609 815 609 835 601 860 612 862 612 863 614 932 614 932 612 933 612 954 601 983 608 984 608 985 608 1046 594 1047 588 1046 556 866 556 862 552 856 547 854 547 853 547 852 547 826 552 809 554 804 552 774 532 773 532 771 532 725 530 723 530 683 532 681 532 649 547 642 540 640 540 639 540 638 540 636 540 614 546 583 530 581 530 580 530 522 539 477 530 476 530 474 530 473 530 450 546 446 549 436 546 416 539 415 539 414 539 374 540 352 529 350 529 349 529 347 529 312 543 291 552 269 552 257 542 242 529 240 529 239 529 238 529 184 540 184 581"/></Shape>
	    <String CONTENT="و در زمان خيور قائم قيامت را که عالم دين از کفر و عص"
                    HPOS="183"
                    VPOS="529"
                    WIDTH="864"
                    HEIGHT="85"
                    WC="0.9182414524960067"></String>
          </TextLine>

          
          
          <TextLine ID="eSc_line_3c466d4f"
                    TAGREFS="LT4837"
                    BASELINE="190 659 511 647 719 650" 
                    HPOS="188"
                    VPOS="595"
                    WIDTH="531"
                    HEIGHT="83">
            <Shape><Polygon POINTS="190 659 190 676 323 678 325 678 326 678 328 678 332 674 345 664 383 671 384 671 385 671 387 671 387 670 395 663 426 674 432 676 433 676 435 676 436 676 440 674 467 661 497 667 498 667 573 660 580 666 580 667 581 667 583 667 584 667 585 667 612 659 716 670 719 650 715 606 702 609 700 606 687 595 685 595 684 595 683 595 681 595 639 606 601 597 600 597 598 597 597 597 595 597 574 609 571 611 570 609 546 598 545 598 543 598 480 599 478 599 477 599 460 612 457 615 450 614 421 604 419 604 418 604 416 604 385 615 378 616 370 615 345 611 343 611 311 616 302 618 301 616 284 606 283 606 281 606 280 606 278 606 277 606 269 614 260 606 260 605 259 605 257 605 256 605 254 605 253 605 253 606 240 618 239 621 188 621 190 659"/></Shape>
	    <String CONTENT="الشد واحد القهار بحيز أمر وفرمان"
                    HPOS="188"
                    VPOS="595"
                    WIDTH="531"
                    HEIGHT="83"
                    WC="0.953404674024293"></String>
          </TextLine>

          
          
          <TextLine ID="eSc_line_30968636"
                    TAGREFS="LT4837"
                    BASELINE="943 668 1054 671" 
                    HPOS="942"
                    VPOS="614"
                    WIDTH="112"
                    HEIGHT="84">
            <Shape><Polygon POINTS="943 668 942 694 997 688 1052 698 1054 671 1054 616 1032 614 1031 614 1029 614 1028 614 1022 618 1012 626 994 621 977 615 976 615 974 615 973 615 943 623 943 668"/></Shape>
	    <String CONTENT="پاک گر"
                    HPOS="942"
                    VPOS="614"
                    WIDTH="112"
                    HEIGHT="84"
                    WC="0.8744629720846812"></String>
          </TextLine>

          
          
          <TextLine ID="eSc_line_97d7c867"
                    TAGREFS="LT4837"
                    BASELINE="197 728 707 722" 
                    HPOS="195"
                    VPOS="673"
                    WIDTH="512"
                    HEIGHT="81">
            <Shape><Polygon POINTS="197 728 197 745 226 750 228 750 229 750 242 745 250 742 256 745 271 754 273 754 274 754 276 754 277 754 298 745 305 742 312 745 328 753 329 753 331 753 332 753 360 745 378 740 388 745 395 749 397 749 398 749 400 749 401 749 405 745 411 739 460 739 469 745 477 752 478 752 480 752 481 752 509 745 519 743 525 745 542 752 543 752 545 752 546 752 547 752 556 745 562 740 576 745 591 750 592 750 594 750 595 750 597 750 604 745 608 742 628 745 659 750 660 750 662 750 663 750 669 745 677 737 704 745 707 722 704 683 670 674 669 674 667 674 666 674 666 676 656 683 652 678 650 678 649 678 647 678 604 684 573 688 564 685 538 673 536 673 535 673 533 673 511 680 497 673 495 673 494 673 492 673 453 688 447 690 445 688 428 674 426 674 425 674 378 674 377 674 376 674 347 690 325 674 323 674 322 674 321 674 319 674 318 674 300 691 298 692 267 692 266 691 242 676 240 676 239 676 238 676 236 676 235 676 235 677 219 692 195 692 197 728"/></Shape>
	    <String CONTENT="عام نماند بنانجه در قرآن امده كه"
                    HPOS="195"
                    VPOS="673"
                    WIDTH="512"
                    HEIGHT="81"
                    WC="0.8391725475137884"></String>
          </TextLine>

          
          
          <TextLine ID="eSc_line_6292ec83"
                    TAGREFS="LT4837"
                    BASELINE="854 743 1046 742" 
                    HPOS="853"
                    VPOS="698"
                    WIDTH="193"
                    HEIGHT="76">
            <Shape><Polygon POINTS="854 743 854 763 902 774 904 774 1045 766 1046 742 1043 701 1000 698 998 698 997 698 995 698 995 699 991 702 978 715 935 708 933 708 932 708 931 708 921 715 907 708 901 705 900 705 898 705 853 709 854 743"/></Shape>
	    <String CONTENT="مام زمان"
                    HPOS="853"
                    VPOS="698"
                    WIDTH="193"
                    HEIGHT="76"
                    WC="0.9601021707057953"></String>
          </TextLine>

          
          
          <TextLine ID="eSc_line_92c49614"
                    TAGREFS="LT4837"
                    BASELINE="191 811 722 804 1050 816" 
                    HPOS="190"
                    VPOS="750"
                    WIDTH="860"
                    HEIGHT="89">
            <Shape><Polygon POINTS="191 811 190 829 202 837 204 837 205 837 207 839 259 839 259 837 260 837 261 837 274 829 278 825 305 829 336 833 338 833 339 833 340 833 346 829 366 818 474 818 492 830 494 830 495 830 497 830 498 830 523 818 567 830 569 830 570 830 571 830 573 830 594 818 716 826 718 826 719 826 721 826 721 825 725 822 729 826 729 828 731 828 732 828 733 828 735 828 736 828 746 818 785 818 815 835 822 837 823 837 825 839 883 839 883 837 884 837 885 837 888 835 902 828 911 835 912 836 912 837 914 837 915 837 916 837 1049 836 1050 816 1047 775 908 780 893 775 867 768 866 768 864 768 863 768 849 775 826 756 825 756 823 756 822 756 821 756 801 764 757 750 756 750 754 750 753 750 752 750 708 777 707 778 707 777 678 752 678 750 677 750 676 750 674 750 673 750 642 767 623 764 622 764 621 764 600 774 590 766 588 766 587 766 585 766 584 766 573 771 545 750 543 750 542 750 463 750 461 750 460 750 459 750 443 761 432 752 432 750 431 750 429 750 366 750 364 750 363 750 361 750 361 752 338 773 309 754 308 754 307 754 305 754 304 754 302 754 267 780 266 781 191 781 191 811"/></Shape>
	    <String CONTENT="يوحم لا تملك نفس بنفس شيئا والأمر يومن"
                    HPOS="190"
                    VPOS="750"
                    WIDTH="860"
                    HEIGHT="89"
                    WC="0.9712323918938637"></String>
          </TextLine>

          
          
          <TextLine ID="eSc_line_06a888ab"
                    TAGREFS="LT4837"
                    BASELINE="184 894 308 888" 
                    HPOS="181"
                    VPOS="833"
                    WIDTH="127"
                    HEIGHT="89">
            <Shape><Polygon POINTS="184 894 187 922 202 911 245 909 259 918 260 918 261 918 263 918 308 916 308 888 302 833 181 852 184 894"/></Shape>
	    <String CONTENT=""
                    HPOS="181"
                    VPOS="833"
                    WIDTH="127"
                    HEIGHT="89"></String>
          </TextLine>

          
          
          <TextLine ID="eSc_line_9b20d5e7"
                    TAGREFS="LT4837"
                    BASELINE="356 883 571 877 1049 890" 
                    HPOS="354"
                    VPOS="829"
                    WIDTH="695"
                    HEIGHT="87">
            <Shape><Polygon POINTS="356 883 354 908 390 908 390 906 391 906 423 890 466 890 484 904 485 904 487 904 488 904 490 904 491 904 511 891 601 892 616 902 618 902 619 902 621 902 622 902 642 894 676 901 677 901 711 894 774 911 776 911 777 911 778 911 808 897 850 902 862 914 862 915 863 915 864 915 1046 916 1049 890 1049 847 1033 837 1032 837 1031 837 997 837 995 837 994 837 993 837 993 839 980 850 970 860 933 850 926 849 925 849 923 849 922 849 919 850 902 859 788 857 778 850 753 833 752 833 750 833 749 833 707 839 645 830 643 830 642 830 640 830 640 832 619 850 618 850 562 829 560 829 559 829 557 829 542 836 525 829 523 829 522 829 521 829 519 829 490 850 483 850 438 843 436 843 435 843 418 850 416 850 415 850 395 835 394 835 392 835 391 835 390 835 388 835 388 836 376 849 356 849 356 883"/></Shape>
	    <String CONTENT="يعنی در روزی که مالک و خهداوند و"
                    HPOS="354"
                    VPOS="829"
                    WIDTH="695"
                    HEIGHT="87"
                    WC="0.92174350656569"></String>
          </TextLine>

          
          
          <TextLine ID="eSc_line_08079f04"
                    TAGREFS="LT4837"
                    BASELINE="454 942 778 946" 
                    HPOS="453"
                    VPOS="904"
                    WIDTH="325"
                    HEIGHT="66">
            <Shape><Polygon POINTS="454 942 453 959 463 967 463 968 464 968 466 968 467 970 552 970 552 968 553 968 554 968 564 960 611 970 612 970 614 970 647 960 705 967 707 967 777 960 778 946 778 916 662 904 625 904 623 904 622 904 621 904 621 905 614 912 594 904 592 904 591 904 590 904 557 912 454 912 454 942"/></Shape>
	    <String CONTENT="روز خداى راست"
                    HPOS="453"
                    VPOS="904"
                    WIDTH="325"
                    HEIGHT="66"
                    WC="0.9201457362908584"></String>
          </TextLine>

          
          
          <TextLine ID="eSc_line_d25ae276"
                    TAGREFS="LT4837"
                    BASELINE="888 963 1047 963" 
                    HPOS="888"
                    VPOS="914"
                    WIDTH="159"
                    HEIGHT="85">
            <Shape><Polygon POINTS="888 963 888 999 922 999 922 998 923 998 925 998 929 995 945 984 963 991 974 995 976 995 977 995 978 995 994 988 1002 984 1007 987 1015 994 1016 994 1018 994 1019 994 1021 994 1047 983 1047 963 1047 935 943 914 942 914 940 914 939 914 914 935 888 935 888 963"/></Shape>
	    <String CONTENT="و محکم"
                    HPOS="888"
                    VPOS="914"
                    WIDTH="159"
                    HEIGHT="85"
                    WC="0.7944251298904419"></String>
          </TextLine>

          
          
          <TextLine ID="eSc_line_3b22bf0d"
                    TAGREFS="LT4837"
                    BASELINE="177 1030 970 1035" 
                    HPOS="176"
                    VPOS="975"
                    WIDTH="794"
                    HEIGHT="79">
            <Shape><Polygon POINTS="177 1030 176 1047 256 1050 257 1050 259 1050 267 1047 280 1043 301 1047 321 1050 322 1050 323 1050 331 1046 346 1039 376 1046 377 1046 378 1046 380 1046 381 1046 390 1039 400 1046 405 1050 407 1050 408 1050 409 1050 436 1046 469 1040 538 1040 545 1044 549 1049 550 1049 552 1049 553 1049 577 1044 598 1040 608 1044 625 1052 626 1052 628 1052 629 1052 631 1052 642 1043 649 1040 677 1040 687 1043 712 1053 714 1053 715 1053 716 1053 718 1053 733 1043 736 1042 743 1043 792 1053 794 1053 795 1053 829 1042 831 1042 832 1042 857 1053 859 1053 860 1054 935 1054 935 1053 936 1053 969 1040 970 1035 967 998 849 998 846 997 829 983 828 983 826 983 825 983 823 983 778 997 763 983 763 981 762 981 760 981 759 981 757 981 722 990 704 977 702 977 701 977 636 977 635 977 633 977 632 977 632 978 622 988 576 992 502 977 501 977 500 977 454 995 438 980 438 978 436 978 435 978 412 975 366 975 364 975 363 975 336 990 325 981 323 981 322 981 321 981 319 981 271 995 252 977 252 975 250 975 249 975 229 975 228 975 226 975 225 975 225 977 204 997 177 997 177 1030"/></Shape>
	    <String CONTENT="حضرت حخت امير ناصر خسروقدس هتره فرمود که"
                    HPOS="176"
                    VPOS="975"
                    WIDTH="794"
                    HEIGHT="79"
                    WC="0.8973956525325775"></String>
          </TextLine>

          
          
          <TextLine ID="eSc_line_c16be668"
                    TAGREFS="LT4837"
                    BASELINE="164 1109 1063 1115" 
                    HPOS="163"
                    VPOS="1057"
                    WIDTH="900"
                    HEIGHT="86">
            <Shape><Polygon POINTS="164 1109 163 1125 307 1137 308 1137 309 1137 311 1137 311 1136 323 1125 332 1118 428 1118 438 1125 449 1135 450 1135 452 1135 453 1135 454 1135 456 1135 469 1125 470 1125 487 1137 488 1137 490 1137 491 1137 492 1137 514 1126 545 1139 546 1139 547 1139 549 1139 583 1125 594 1121 602 1125 625 1140 626 1140 628 1140 629 1140 631 1140 632 1140 632 1139 647 1125 654 1121 763 1121 778 1125 788 1129 790 1129 791 1129 811 1125 838 1121 846 1125 876 1142 877 1142 878 1143 939 1143 939 1142 940 1142 942 1142 959 1129 974 1142 976 1142 977 1142 978 1143 1007 1143 1007 1142 1008 1142 1009 1142 1035 1126 1062 1126 1063 1115 1059 1063 1029 1087 952 1087 936 1073 935 1073 933 1073 932 1073 931 1073 929 1073 929 1074 915 1087 871 1087 856 1073 856 1071 854 1071 853 1071 852 1071 850 1071 823 1085 776 1085 743 1070 738 1067 736 1067 735 1067 733 1067 726 1070 712 1075 704 1070 688 1060 687 1060 685 1060 615 1059 614 1059 612 1059 584 1071 570 1059 569 1059 567 1059 519 1059 518 1059 516 1059 515 1059 498 1074 497 1074 494 1074 461 1070 460 1070 459 1070 446 1075 440 1077 435 1075 394 1061 392 1061 391 1061 390 1061 388 1061 381 1067 361 1057 360 1057 300 1057 298 1057 297 1057 257 1071 238 1068 236 1068 235 1068 233 1068 218 1080 214 1081 164 1081 164 1109"/></Shape>
	    <String CONTENT="طمور عات در عالم نفس گل بدره عقل گل برسد"
                    HPOS="163"
                    VPOS="1057"
                    WIDTH="900"
                    HEIGHT="86"
                    WC="0.892626291513443"></String>
          </TextLine>

          
          
          <TextLine ID="eSc_line_110f1b1a"
                    TAGREFS="LT4837"
                    BASELINE="160 1175 1059 1190" 
                    HPOS="159"
                    VPOS="1130"
                    WIDTH="900"
                    HEIGHT="85">
            <Shape><Polygon POINTS="160 1175 159 1184 191 1188 204 1199 204 1201 205 1201 207 1201 250 1202 252 1204 280 1204 280 1202 281 1202 311 1187 314 1185 364 1185 367 1188 388 1202 390 1202 391 1202 429 1205 431 1205 432 1205 433 1205 460 1190 461 1188 470 1190 525 1199 526 1199 528 1199 549 1191 550 1190 553 1191 585 1205 587 1205 588 1205 590 1205 623 1191 626 1191 638 1192 721 1202 722 1202 723 1202 725 1202 736 1194 739 1192 838 1194 838 1195 880 1212 881 1212 883 1213 939 1213 939 1212 940 1212 942 1212 960 1199 973 1212 973 1213 974 1213 976 1213 977 1215 1019 1215 1019 1213 1021 1213 1057 1198 1059 1190 1057 1160 897 1160 893 1157 873 1144 871 1144 870 1144 869 1144 867 1144 843 1157 839 1157 797 1157 794 1156 764 1142 763 1142 690 1137 688 1137 639 1144 604 1137 602 1137 601 1137 574 1152 488 1135 487 1135 485 1135 443 1150 395 1135 394 1135 392 1135 391 1135 390 1135 390 1136 376 1149 359 1135 359 1133 357 1133 356 1133 354 1133 266 1143 245 1130 243 1130 242 1130 240 1130 160 1147 160 1175"/></Shape>
	    <String CONTENT="و از بفمهای موهنان و عاصيان از قايم قتات"
                    HPOS="159"
                    VPOS="1130"
                    WIDTH="900"
                    HEIGHT="85"
                    WC="0.9369105935096741"></String>
          </TextLine>

          
          
          <TextLine ID="eSc_line_683a8138"
                    TAGREFS="LT4837"
                    BASELINE="891 1267 1019 1268 1053 1261" 
                    HPOS="890"
                    VPOS="1228"
                    WIDTH="163"
                    HEIGHT="69">
            <Shape><Polygon POINTS="891 1267 894 1291 904 1282 912 1290 919 1295 921 1295 922 1295 923 1295 925 1295 926 1295 926 1294 933 1288 940 1280 984 1278 993 1284 1007 1295 1008 1295 1009 1295 1011 1297 1038 1297 1038 1295 1039 1295 1040 1295 1040 1294 1053 1281 1053 1261 1045 1229 1031 1242 981 1242 967 1235 946 1228 945 1228 902 1228 901 1228 900 1228 898 1228 898 1229 890 1236 891 1267"/></Shape>
	    <String CONTENT="خوفش"
                    HPOS="890"
                    VPOS="1228"
                    WIDTH="163"
                    HEIGHT="69"
                    WC="0.9013700485229492"></String>
          </TextLine>

          
          
          <TextLine ID="eSc_line_5f8e5e6c"
                    TAGREFS="LT4837"
                    BASELINE="170 1260 598 1256 856 1266" 
                    HPOS="169"
                    VPOS="1206"
                    WIDTH="687"
                    HEIGHT="71">
            <Shape><Polygon POINTS="170 1260 169 1275 225 1275 225 1274 226 1274 259 1263 331 1270 332 1270 333 1270 335 1270 335 1268 343 1261 425 1261 442 1273 446 1275 447 1275 449 1275 450 1275 452 1275 453 1275 453 1274 456 1273 466 1264 476 1273 478 1275 480 1275 481 1275 483 1277 525 1277 525 1275 526 1275 528 1275 528 1274 532 1271 539 1266 577 1271 607 1275 608 1275 609 1275 623 1271 650 1263 683 1270 684 1270 854 1268 856 1266 854 1225 762 1225 762 1223 745 1208 745 1206 743 1206 742 1206 698 1206 697 1206 695 1206 694 1206 694 1208 685 1216 670 1209 669 1209 667 1209 666 1209 652 1216 643 1208 642 1208 640 1208 639 1208 638 1208 595 1223 594 1223 588 1223 566 1222 549 1206 547 1206 546 1206 545 1206 446 1218 388 1206 387 1206 385 1206 384 1206 364 1219 332 1212 331 1212 329 1212 291 1222 271 1212 270 1212 269 1212 267 1212 239 1222 223 1211 222 1211 221 1211 219 1211 218 1211 216 1211 204 1222 170 1222 170 1260"/></Shape>
	    <String CONTENT="اند آنکه مومن و مطيع بوده است او متابع"
                    HPOS="169"
                    VPOS="1206"
                    WIDTH="687"
                    HEIGHT="71"
                    WC="0.9266830216615628"></String>
          </TextLine>

          
          
          <TextLine ID="eSc_line_c3ca24f6"
                    TAGREFS="LT4837"
                    BASELINE="166 1342 480 1333 1069 1340" 
                    HPOS="164"
                    VPOS="1281"
                    WIDTH="905"
                    HEIGHT="79">
            <Shape><Polygon POINTS="166 1342 164 1354 278 1360 280 1360 281 1360 283 1360 290 1354 308 1343 377 1343 407 1354 416 1359 418 1359 419 1359 421 1359 428 1354 445 1346 457 1352 459 1352 460 1352 461 1352 492 1343 515 1354 518 1356 519 1356 521 1356 522 1356 525 1354 550 1343 607 1350 608 1350 609 1350 611 1350 619 1343 659 1350 660 1350 697 1344 714 1354 722 1360 723 1360 725 1360 726 1360 728 1360 742 1354 764 1344 792 1352 794 1352 795 1352 797 1352 816 1344 828 1354 835 1360 836 1360 838 1360 839 1360 1067 1353 1069 1340 1067 1305 822 1309 814 1305 777 1285 776 1285 774 1285 745 1290 743 1290 742 1290 722 1305 721 1306 719 1305 711 1301 709 1301 708 1301 707 1301 694 1305 684 1309 680 1305 666 1292 664 1292 663 1292 662 1292 622 1297 598 1281 597 1281 595 1281 454 1281 453 1281 452 1281 450 1281 450 1282 431 1301 405 1301 391 1290 391 1288 390 1288 388 1288 387 1288 385 1288 384 1288 369 1299 332 1299 307 1282 305 1282 304 1282 273 1281 271 1281 270 1281 269 1281 246 1295 215 1294 214 1294 212 1294 166 1306 166 1342"/></Shape>
	    <String CONTENT="ايام حق بوده دقايم به روزگار خويش امدر عالم دين"
                    HPOS="164"
                    VPOS="1281"
                    WIDTH="905"
                    HEIGHT="79"
                    WC="0.9442191250780796"></String>
          </TextLine>

          
          
          <TextLine ID="eSc_line_66c2e03a"
                    TAGREFS="LT4837"
                    BASELINE="169 1413 633 1409 1060 1415" 
                    HPOS="169"
                    VPOS="1359"
                    WIDTH="891"
                    HEIGHT="77">
            <Shape><Polygon POINTS="169 1413 169 1436 190 1436 190 1435 191 1435 192 1435 207 1422 233 1430 235 1430 236 1430 238 1430 269 1419 308 1419 339 1435 340 1435 342 1435 343 1435 345 1435 346 1435 373 1422 404 1433 405 1433 407 1433 408 1433 409 1433 433 1419 483 1419 492 1428 492 1429 494 1429 495 1429 497 1429 498 1429 522 1419 563 1433 567 1435 569 1435 570 1435 571 1435 576 1433 605 1422 625 1433 626 1433 628 1433 629 1433 631 1433 632 1433 659 1419 728 1419 743 1433 745 1433 745 1435 746 1435 747 1435 749 1435 750 1435 752 1435 754 1433 776 1419 826 1432 832 1433 833 1433 835 1433 836 1433 838 1433 838 1432 847 1425 869 1432 877 1435 878 1435 880 1435 1059 1430 1060 1415 1059 1377 943 1377 940 1374 931 1366 929 1366 928 1366 926 1366 925 1366 923 1366 923 1367 916 1373 914 1377 785 1377 780 1371 778 1370 778 1368 777 1368 776 1368 774 1368 763 1370 738 1375 729 1370 715 1359 714 1359 712 1359 646 1359 645 1359 643 1359 623 1367 609 1374 595 1367 585 1361 584 1361 583 1361 581 1361 580 1361 573 1367 562 1373 519 1366 478 1359 477 1359 476 1359 464 1364 453 1371 446 1364 442 1360 442 1359 440 1359 439 1359 438 1359 373 1363 321 1366 312 1361 309 1359 308 1359 307 1359 305 1359 294 1361 235 1375 219 1363 218 1363 216 1363 215 1363 214 1363 212 1363 198 1371 169 1359 169 1413"/></Shape>
	    <String CONTENT="شناخته است بدو مقترر بوده به نفس گل پيوندد ك"
                    HPOS="169"
                    VPOS="1359"
                    WIDTH="891"
                    HEIGHT="77"
                    WC="0.9310849051583897"></String>
          </TextLine>

          
          
          <TextLine ID="eSc_line_8411d705"
                    TAGREFS="LT4837"
                    BASELINE="153 1490 718 1485 1057 1494" 
                    HPOS="153"
                    VPOS="1433"
                    WIDTH="904"
                    HEIGHT="82">
            <Shape><Polygon POINTS="153 1490 154 1513 187 1505 221 1513 222 1513 223 1513 225 1513 226 1513 243 1501 270 1504 271 1504 273 1504 274 1504 283 1497 322 1497 345 1513 346 1513 347 1513 349 1513 350 1513 397 1497 484 1497 504 1508 505 1508 507 1508 508 1508 509 1508 536 1499 554 1511 556 1511 557 1511 559 1511 588 1509 590 1509 591 1509 607 1497 733 1497 818 1511 819 1511 821 1511 840 1502 866 1513 867 1513 869 1515 1056 1515 1057 1494 1057 1447 1019 1433 1018 1433 1016 1433 1015 1433 1014 1433 991 1449 990 1450 987 1449 971 1437 970 1437 969 1437 967 1437 966 1437 942 1449 936 1453 826 1453 821 1449 802 1442 801 1442 800 1442 760 1450 749 1451 746 1450 719 1433 718 1433 716 1433 632 1433 631 1433 629 1433 628 1433 619 1442 601 1433 600 1433 598 1433 597 1433 542 1447 498 1433 497 1433 398 1433 397 1433 395 1433 394 1433 377 1447 353 1436 352 1436 350 1436 349 1436 311 1449 153 1451 153 1490"/></Shape>
	    <String CONTENT="حتزماناست وبه يارى كه تنايم اسفت برسد"
                    HPOS="153"
                    VPOS="1433"
                    WIDTH="904"
                    HEIGHT="82"
                    WC="0.8831521337096756"></String>
          </TextLine>

          
          
          <TextLine ID="eSc_line_700c7511"
                    TAGREFS="LT4837"
                    BASELINE="153 1584 339 1570 1069 1563" 
                    HPOS="152"
                    VPOS="1508"
                    WIDTH="917"
                    HEIGHT="91">
            <Shape><Polygon POINTS="153 1584 153 1599 243 1598 245 1598 247 1597 288 1584 339 1590 340 1590 383 1582 400 1590 401 1590 402 1590 461 1581 546 1588 564 1590 566 1590 567 1590 569 1590 570 1588 577 1581 595 1587 600 1588 601 1588 602 1588 604 1588 605 1588 607 1587 619 1580 636 1585 652 1591 653 1591 753 1594 754 1594 756 1594 787 1587 890 1591 891 1591 893 1591 909 1584 956 1591 957 1591 959 1591 1002 1580 1028 1590 1029 1590 1031 1590 1032 1590 1069 1573 1069 1563 1067 1526 1026 1508 1025 1508 1023 1508 1022 1508 1021 1508 1021 1509 1001 1526 897 1522 895 1522 783 1530 769 1530 766 1530 718 1513 716 1513 715 1513 632 1528 591 1513 590 1513 588 1513 587 1513 585 1513 585 1515 576 1523 562 1516 560 1516 559 1516 557 1516 556 1516 556 1518 545 1528 535 1521 533 1521 532 1521 531 1521 529 1521 528 1521 516 1529 494 1513 492 1513 491 1513 461 1513 460 1513 459 1513 438 1521 361 1515 360 1515 359 1515 339 1526 329 1518 329 1516 328 1516 326 1516 278 1516 277 1516 276 1516 274 1516 257 1532 228 1521 226 1521 225 1521 192 1528 185 1522 184 1522 183 1522 181 1522 180 1522 152 1536 153 1584"/></Shape>
	    <String CONTENT="و نعمت و قدرت جاويد دراحت دشادی ميشی بی يچ"
                    HPOS="152"
                    VPOS="1508"
                    WIDTH="917"
                    HEIGHT="91"
                    WC="0.937388532218479"></String>
          </TextLine>

          
        </TextBlock>
        
        <TextBlock HPOS="495"
                   VPOS="50"
                   WIDTH="268"
                   HEIGHT="61"
                   ID="eSc_textblock_c4f5d7c1"
                   TAGREFS="BT16093">
          <Shape><Polygon POINTS="557 50 656 50 763 99 557 111 495 71 557 50"/></Shape>
          
          
          <TextLine ID="eSc_line_94706b34"
                    TAGREFS="LT4837"
                    BASELINE="571 53 635 57" 
                    HPOS="570"
                    VPOS="50"
                    WIDTH="65"
                    HEIGHT="26">
            <Shape><Polygon POINTS="628 50 614 50 600 50 585 50 571 50 571 53 570 76 633 74 635 57 633 50 628 50"/></Shape>
	    <String CONTENT=""
                    HPOS="570"
                    VPOS="50"
                    WIDTH="65"
                    HEIGHT="26"></String>
          </TextLine>

          
        </TextBlock>
        
        <TextBlock HPOS="142"
                   VPOS="33"
                   WIDTH="59"
                   HEIGHT="10"
                   ID="eSc_textblock_039478d0"
                   TAGREFS="BT16085">
          <Shape><Polygon POINTS="142 33 201 33 201 38 174 43 142 33"/></Shape>
          
        </TextBlock>
        
        <TextBlock HPOS="523"
                   VPOS="0"
                   WIDTH="22"
                   HEIGHT="4"
                   ID="eSc_textblock_84454a8d"
                   TAGREFS="BT16085">
          <Shape><Polygon POINTS="523 0 545 0 545 4 523 4 523 0"/></Shape>
          
        </TextBlock>
        

        
      </PrintSpace>
    </Page>
  </Layout>
</alto>
