<?xml version="1.0" encoding="UTF-8"?>
<alto xmlns:xsi="http://www.w3.org/2001/XMLSchema-instance"
      xmlns="http://www.loc.gov/standards/alto/ns-v4#"
      xsi:schemaLocation="http://www.loc.gov/standards/alto/ns-v4# http://www.loc.gov/standards/alto/v4/alto-4-2.xsd">
  <Description>
    <MeasurementUnit>pixel</MeasurementUnit>
    <sourceImageInformation>
      <fileName>Rasail006.jpg</fileName>
      
    </sourceImageInformation>
  </Description>
  
  <Tags>
    <OtherTag ID="BT16094" LABEL="default" DESCRIPTION="block type default"/><OtherTag ID="BT16093" LABEL="NumberingZone:page" DESCRIPTION="block type NumberingZone:page"/><OtherTag ID="BT16092" LABEL="MarginTextZone:note" DESCRIPTION="block type MarginTextZone:note"/><OtherTag ID="BT16091" LABEL="TitlePageZone" DESCRIPTION="block type TitlePageZone"/><OtherTag ID="BT16090" LABEL="QuireMarksZone:catchwords" DESCRIPTION="block type QuireMarksZone:catchwords"/><OtherTag ID="BT16089" LABEL="NumberingZone:other" DESCRIPTION="block type NumberingZone:other"/><OtherTag ID="BT16088" LABEL="NumberingZone" DESCRIPTION="block type NumberingZone"/><OtherTag ID="BT16087" LABEL="MarginTextZone" DESCRIPTION="block type MarginTextZone"/><OtherTag ID="BT16086" LABEL="MainZone" DESCRIPTION="block type MainZone"/><OtherTag ID="BT16085" LABEL="DigitizationArtefactZone" DESCRIPTION="block type DigitizationArtefactZone"/><OtherTag ID="BT2" LABEL="Main" DESCRIPTION="block type Main"/><OtherTag ID="BT1" LABEL="Title" DESCRIPTION="block type Title"/>
    <OtherTag ID="LT4837" LABEL="DefaultLine" DESCRIPTION="line type DefaultLine"/><OtherTag ID="LT4838" LABEL="default" DESCRIPTION="line type default"/><OtherTag ID="LT4839" LABEL="HeadingLine:title" DESCRIPTION="line type HeadingLine:title"/>
  </Tags>
  
  <Layout>
    <Page WIDTH="1158"
          HEIGHT="1833"
          PHYSICAL_IMG_NR="34"
          ID="eSc_dummypage_">
      <PrintSpace HPOS="0"
                  VPOS="0"
                  WIDTH="1158"
                  HEIGHT="1833">
        
        <TextBlock HPOS="54"
                   VPOS="152"
                   WIDTH="1042"
                   HEIGHT="1483"
                   ID="eSc_textblock_d850536f"
                   TAGREFS="BT16086">
          <Shape><Polygon POINTS="640 152 1035 158 1049 201 1090 207 1072 250 1066 976 1096 1336 1072 1580 1041 1617 986 1629 415 1635 304 1611 79 1611 54 1525 61 336 79 207 122 177 640 152"/></Shape>
          
          
          <TextLine ID="eSc_line_867ceacd"
                    TAGREFS="LT4837"
                    BASELINE="88 252 1034 242" 
                    HPOS="87"
                    VPOS="197"
                    WIDTH="947"
                    HEIGHT="87">
            <Shape><Polygon POINTS="88 252 88 274 109 270 114 274 122 281 122 282 123 282 125 282 126 284 149 284 149 282 151 282 168 274 177 270 190 273 221 282 223 282 224 282 226 282 227 282 227 281 236 273 239 270 247 273 268 279 270 279 271 279 273 279 274 279 282 271 284 270 285 271 299 281 300 281 302 281 304 282 389 282 389 281 391 281 392 281 392 279 403 270 406 267 429 267 435 270 453 279 455 279 456 279 511 268 513 268 514 268 557 279 559 279 560 279 835 264 872 276 873 276 875 276 876 276 878 276 901 262 902 262 1003 271 1005 271 1006 271 1034 259 1034 242 1028 200 1002 210 979 200 977 200 976 200 974 200 973 200 971 200 951 210 930 204 928 204 927 204 872 213 803 213 780 203 774 200 773 200 771 200 769 200 763 203 740 213 692 213 664 212 656 203 649 198 649 197 647 197 646 197 580 197 579 197 577 197 575 197 566 204 565 206 563 204 554 198 553 198 551 198 549 198 548 198 546 198 546 200 540 204 534 209 530 204 522 198 520 198 519 198 517 198 516 198 490 206 482 207 479 206 470 198 469 198 467 198 465 198 388 200 386 200 363 207 333 216 310 209 308 209 307 209 305 209 304 209 304 210 296 218 210 218 187 209 169 201 168 201 166 201 87 209 88 252"/></Shape>
	    <String CONTENT="بيست و سوم در اسارت به ثواب و عقاب صحيفه بيست و چنارم در"
                    HPOS="87"
                    VPOS="197"
                    WIDTH="947"
                    HEIGHT="87"
                    WC="0.9210189596882888"></String>
          </TextLine>

          
          
          <TextLine ID="eSc_line_2a671904"
                    TAGREFS="LT4837"
                    BASELINE="88 345 1032 339" 
                    HPOS="87"
                    VPOS="300"
                    WIDTH="945"
                    HEIGHT="75">
            <Shape><Polygon POINTS="88 345 88 358 154 374 155 374 157 374 192 358 207 372 207 374 209 374 210 374 212 375 264 375 264 374 336 358 447 372 449 372 450 372 452 372 452 371 465 357 481 357 485 357 487 357 546 372 548 372 549 372 588 365 707 371 708 371 710 371 743 355 794 363 795 363 797 363 798 363 798 362 800 362 806 354 814 354 916 368 918 368 919 368 921 368 938 354 939 354 1031 354 1032 339 1031 308 1008 300 1006 300 1005 300 1003 300 1002 300 1002 302 994 308 989 311 957 308 899 303 898 303 863 310 852 311 849 310 835 303 834 303 832 303 831 303 817 310 815 311 815 310 809 305 809 303 808 303 806 303 805 303 803 303 774 311 765 313 762 311 745 302 743 302 695 302 693 302 692 302 690 302 690 303 681 313 679 314 601 314 600 313 575 303 574 303 572 303 530 314 527 314 514 303 513 303 511 303 456 303 455 303 453 303 452 303 452 305 441 314 441 316 432 316 418 316 383 303 381 303 380 303 378 303 355 314 325 303 323 303 322 303 273 305 271 305 270 305 253 316 213 305 212 305 210 305 209 305 175 316 164 307 164 305 163 305 161 305 105 305 103 305 102 305 100 305 87 314 88 345"/></Shape>
	    <String CONTENT="راه اغرت و سهب اعراض مردمان راه صحيفه بيست بهجم ور بيالنا"
                    HPOS="87"
                    VPOS="300"
                    WIDTH="945"
                    HEIGHT="75"
                    WC="0.9230008188046908"></String>
          </TextLine>

          
          
          <TextLine ID="eSc_line_3252789d"
                    TAGREFS="LT4837"
                    BASELINE="94 426 1032 420" 
                    HPOS="93"
                    VPOS="378"
                    WIDTH="939"
                    HEIGHT="74">
            <Shape><Polygon POINTS="94 426 94 452 119 452 119 450 120 450 122 450 122 449 135 436 163 446 164 446 218 449 307 450 308 450 310 450 323 446 354 435 421 444 430 444 432 444 439 442 473 435 501 441 527 449 528 449 530 449 531 449 533 449 533 447 540 441 546 436 606 436 612 439 627 447 629 447 630 447 632 447 666 438 682 433 695 438 721 447 722 447 724 447 725 447 727 447 727 446 737 436 740 433 795 433 803 435 841 446 843 446 844 446 846 446 847 446 847 444 860 433 861 432 872 433 950 446 951 446 953 446 954 446 979 430 1032 429 1032 420 1028 391 947 394 944 391 936 384 936 383 934 383 933 383 931 383 930 383 928 383 915 391 912 394 858 394 855 392 847 384 846 384 844 384 843 384 802 391 753 378 751 378 750 378 748 378 747 378 725 394 721 395 624 395 604 384 603 384 601 384 556 395 548 397 546 395 524 380 522 380 520 380 519 380 456 391 430 380 429 380 427 380 426 380 410 387 404 381 404 380 403 380 401 380 328 380 326 380 241 398 223 383 223 381 221 381 219 381 187 381 186 381 184 381 183 381 164 395 93 400 94 426"/></Shape>
	    <String CONTENT="مبدرع و مغاد و شب قدر و روز قرامت صحفه بيست و شت"
                    HPOS="93"
                    VPOS="378"
                    WIDTH="939"
                    HEIGHT="74"
                    WC="0.9475738915304343"></String>
          </TextLine>

          
          
          <TextLine ID="eSc_line_edc99090"
                    TAGREFS="LT4837"
                    BASELINE="163 504 1040 505" 
                    HPOS="161"
                    VPOS="458"
                    WIDTH="879"
                    HEIGHT="78">
            <Shape><Polygon POINTS="161 519 285 534 287 534 288 534 314 522 337 526 339 526 340 526 365 519 369 517 371 519 386 533 386 534 388 534 389 534 391 536 417 536 417 534 418 534 435 525 439 530 439 531 441 531 443 531 444 531 446 531 447 531 447 530 461 519 461 517 462 519 490 533 491 533 493 533 494 533 531 519 536 517 543 519 624 534 626 534 627 534 663 517 664 517 687 530 688 530 690 530 692 530 725 520 773 534 774 534 776 534 834 523 867 534 869 534 870 534 872 534 873 534 893 517 915 531 916 531 918 531 919 531 921 531 951 517 1038 517 1040 505 1040 473 1015 462 1014 462 1012 462 1011 462 1009 462 997 471 965 458 963 458 962 458 960 458 959 458 938 471 934 471 895 461 893 461 892 461 890 461 873 470 869 473 797 473 786 468 753 458 751 458 750 458 673 461 672 461 659 467 655 470 652 467 644 461 644 459 643 459 641 459 603 459 601 459 600 459 598 459 589 465 580 473 511 473 499 464 493 459 491 459 490 459 401 458 400 458 398 458 381 462 359 468 336 462 323 458 322 458 320 458 319 458 310 461 287 471 195 471 164 459 163 504 161 519"/></Shape>
	    <String CONTENT="در بيان مراتب چند که با اعتبارات آن ناطق در کلام خودق"
                    HPOS="161"
                    VPOS="458"
                    WIDTH="879"
                    HEIGHT="78"
                    WC="0.9038492562594237"></String>
          </TextLine>

          
          
          <TextLine ID="eSc_line_c64aec2c"
                    TAGREFS="LT4837"
                    BASELINE="91 585 1037 588" 
                    HPOS="90"
                    VPOS="542"
                    WIDTH="947"
                    HEIGHT="73">
            <Shape><Polygon POINTS="91 585 90 595 108 604 109 604 111 604 174 598 218 612 219 612 221 614 265 614 265 612 267 612 268 612 285 598 307 598 325 612 326 612 328 612 329 612 331 612 375 598 404 609 406 609 407 609 409 609 441 598 470 612 472 612 473 612 606 600 624 614 626 614 627 614 629 615 652 615 652 614 653 614 655 614 672 600 713 614 714 614 716 615 783 615 783 614 785 614 786 614 808 600 869 614 870 614 872 614 910 600 1035 600 1037 588 1035 551 950 543 948 543 947 543 945 543 938 551 930 556 922 551 913 543 912 543 910 543 908 543 907 543 884 551 864 559 850 551 835 543 834 543 832 543 788 552 753 559 742 552 730 543 728 543 727 543 687 543 685 543 684 543 682 543 669 552 661 559 637 559 620 552 597 546 595 546 594 546 592 546 591 546 580 552 577 554 575 552 565 543 565 542 563 542 562 542 536 542 534 542 533 542 531 542 517 554 513 557 505 554 484 545 482 545 481 545 412 554 391 557 386 554 372 542 371 542 369 542 339 542 337 542 336 542 334 542 313 556 307 559 198 559 195 556 180 542 178 542 177 542 143 542 142 542 140 542 139 542 139 543 125 556 123 557 91 557 91 585"/></Shape>
	    <String CONTENT="را به زاصات مختلف ياد کرده اند صحيفه بيست وهتم در اشار"
                    HPOS="90"
                    VPOS="542"
                    WIDTH="947"
                    HEIGHT="73"
                    WC="0.8762480274394706"></String>
          </TextLine>

          
          
          <TextLine ID="eSc_line_5009f67b"
                    TAGREFS="LT4837"
                    BASELINE="84 667 1037 662" 
                    HPOS="82"
                    VPOS="618"
                    WIDTH="955"
                    HEIGHT="78">
            <Shape><Polygon POINTS="84 667 85 696 140 681 174 695 175 695 177 695 181 695 276 684 326 691 345 695 346 695 348 695 360 691 401 679 450 679 469 690 473 693 475 693 476 693 478 693 479 693 488 688 507 681 545 688 574 693 575 693 577 693 597 687 621 679 661 685 690 690 692 690 693 690 704 685 719 678 808 678 814 682 818 687 818 688 820 688 821 688 823 688 824 688 849 682 875 691 876 691 878 691 879 691 881 691 895 681 898 679 904 681 936 691 938 691 939 691 1035 678 1037 662 1034 624 973 618 971 618 938 624 921 627 916 624 908 618 907 618 905 618 855 618 853 618 852 618 850 618 840 626 828 633 751 633 740 626 737 623 736 623 734 623 733 623 731 623 721 626 698 635 620 635 608 627 595 620 594 620 592 620 502 620 501 620 499 620 498 620 485 627 476 633 453 629 415 620 414 620 412 620 410 620 410 621 401 629 394 635 348 629 319 626 317 626 316 626 308 629 297 635 273 630 259 627 258 627 256 627 250 630 238 635 233 630 224 623 224 621 223 621 221 621 189 621 187 621 186 621 184 621 171 630 161 635 82 632 84 667"/></Shape>
	    <String CONTENT="بعضی احوال که در قامت واقع بیشود حفه يست دشتم"
                    HPOS="82"
                    VPOS="618"
                    WIDTH="955"
                    HEIGHT="78"
                    WC="0.9282903876569536"></String>
          </TextLine>

          
          
          <TextLine ID="eSc_line_9f8f7ff1"
                    TAGREFS="LT4837"
                    BASELINE="82 754 1038 746" 
                    HPOS="80"
                    VPOS="698"
                    WIDTH="958"
                    HEIGHT="82">
            <Shape><Polygon POINTS="82 754 82 765 123 780 125 780 126 780 178 772 235 780 236 780 238 780 279 763 284 762 296 763 378 774 380 774 381 774 406 762 407 760 527 760 528 760 574 777 575 777 577 777 579 777 608 763 638 772 640 772 641 772 704 762 728 772 730 772 731 772 733 772 776 760 792 774 792 775 794 775 795 775 797 777 846 777 846 775 889 774 890 774 892 774 908 763 956 774 957 774 959 774 991 756 1038 754 1038 746 1034 711 979 711 976 711 954 698 953 698 951 698 950 698 948 698 947 698 924 711 886 701 884 701 883 701 881 701 879 701 864 710 846 699 844 699 843 699 841 699 840 699 840 701 828 713 808 713 751 713 750 713 728 699 727 699 725 699 724 699 722 699 688 707 653 699 652 699 650 699 601 714 598 716 553 716 553 714 539 702 539 701 537 701 536 701 514 701 513 701 511 701 485 714 464 704 462 704 461 704 459 704 458 704 444 716 443 717 357 717 355 716 329 702 328 702 271 702 270 702 268 702 267 702 267 704 259 710 169 704 168 704 166 704 164 704 164 705 151 717 106 707 105 707 103 707 80 716 82 754"/></Shape>
	    <String CONTENT="در پيان تاودو پرمان که اننارادن را و اخيرت گويند صحي"
                    HPOS="80"
                    VPOS="698"
                    WIDTH="958"
                    HEIGHT="82"
                    WC="0.8635814470740465"></String>
          </TextLine>

          
          
          <TextLine ID="eSc_line_4f3b1f5e"
                    TAGREFS="LT4837"
                    BASELINE="82 823 1037 817" 
                    HPOS="80"
                    VPOS="771"
                    WIDTH="957"
                    HEIGHT="76">
            <Shape><Polygon POINTS="82 823 82 834 100 844 102 844 103 844 105 844 106 844 128 832 131 829 134 832 149 843 151 843 152 843 154 843 155 843 178 832 206 846 207 846 209 846 210 846 250 832 256 829 259 832 278 846 279 846 281 846 282 847 320 847 320 846 322 846 363 830 374 827 400 827 403 830 415 841 415 843 417 843 418 843 420 843 488 830 505 827 508 830 524 843 524 844 525 844 527 844 528 846 553 846 553 844 554 844 556 844 575 830 583 826 612 826 617 830 626 837 626 838 627 838 629 838 630 838 632 838 647 829 655 826 663 829 676 835 678 835 679 835 681 835 704 829 713 827 721 829 751 840 753 840 754 840 756 840 776 829 783 826 794 829 831 841 832 841 834 843 886 843 886 841 887 841 915 829 919 826 922 829 928 835 930 835 931 835 933 835 1035 827 1037 817 1035 786 1026 777 1026 775 1025 775 1023 775 1022 775 1020 775 983 786 956 774 954 774 953 774 951 774 924 786 892 771 890 771 889 771 887 771 886 771 864 786 757 774 756 774 754 774 753 774 736 788 678 788 640 774 638 774 559 772 557 772 481 774 479 774 458 786 443 774 441 774 439 774 403 774 401 774 400 774 398 774 398 775 386 788 319 791 296 782 294 782 293 782 291 782 265 791 239 779 238 779 236 779 235 779 206 791 183 779 181 779 180 779 178 779 163 786 116 775 114 775 113 775 80 791 82 823"/></Shape>
	    <String CONTENT="بسف و شمم دراشارش به حشرها صحيفه غيم در بيان صحايف"
                    HPOS="80"
                    VPOS="771"
                    WIDTH="957"
                    HEIGHT="76"
                    WC="0.9262596368789673"></String>
          </TextLine>

          
          
          <TextLine ID="eSc_line_f15a0969"
                    TAGREFS="LT4837"
                    BASELINE="82 885 1043 889" 
                    HPOS="80"
                    VPOS="838"
                    WIDTH="963"
                    HEIGHT="80">
            <Shape><Polygon POINTS="82 885 80 895 134 896 160 914 161 914 163 914 164 914 166 914 201 902 221 914 223 914 224 914 226 916 270 916 270 914 271 914 273 914 299 898 384 905 386 905 388 905 389 905 398 898 510 898 562 916 563 916 565 918 687 918 687 916 688 916 733 901 776 916 777 916 779 916 780 916 812 899 837 899 866 916 867 916 869 916 870 916 938 907 963 916 965 916 967 916 968 916 1003 899 1041 899 1043 889 1041 855 973 840 971 840 970 840 939 849 928 841 927 841 925 841 924 841 922 841 921 841 907 850 895 841 895 840 893 840 892 840 890 840 889 840 850 849 840 840 838 840 837 840 835 840 834 840 808 853 791 840 789 840 788 840 751 840 750 840 748 840 747 840 747 841 733 853 731 855 698 855 696 853 682 841 682 840 681 840 679 840 678 840 676 840 656 849 597 840 595 840 594 840 566 852 531 838 530 838 507 838 505 838 504 838 502 838 502 840 488 852 436 838 435 838 433 838 432 838 430 838 409 852 394 841 392 841 391 841 389 841 388 841 386 841 372 852 371 853 302 853 300 852 276 843 274 843 273 843 224 852 219 852 216 852 180 840 178 840 177 840 175 840 137 852 132 852 82 852 82 885"/></Shape>
	    <String CONTENT="اعمال کرام الکاتتين صحفه ی و يکم در اشارت به حساب و فزان و صراط "
                    HPOS="80"
                    VPOS="838"
                    WIDTH="963"
                    HEIGHT="80"
                    WC="0.8875979115255177"></String>
          </TextLine>

          
          
          <TextLine ID="eSc_line_9723bd2b"
                    TAGREFS="LT4837"
                    BASELINE="82 966 398 960 1034 965" 
                    HPOS="80"
                    VPOS="911"
                    WIDTH="954"
                    HEIGHT="77">
            <Shape><Polygon POINTS="82 966 80 979 113 985 114 985 116 985 126 980 135 974 175 980 212 985 213 985 215 985 227 980 245 971 264 980 273 985 274 985 276 985 278 985 287 980 302 973 514 973 548 980 565 985 566 985 568 985 595 982 650 973 659 982 664 985 664 986 666 986 667 986 669 988 698 988 698 986 699 986 701 986 701 985 705 982 714 973 734 973 751 982 759 986 760 986 762 986 763 988 889 988 889 986 890 986 899 982 916 973 927 982 931 986 933 986 934 986 936 986 1032 982 1034 965 1031 928 980 928 979 928 960 913 959 913 957 913 956 913 902 914 901 914 899 914 883 928 881 928 841 913 840 913 838 913 837 913 835 913 817 928 815 928 638 928 627 928 597 916 595 916 594 916 592 916 569 928 568 928 557 928 433 913 432 913 430 913 429 913 412 927 365 928 326 928 325 928 307 913 305 913 304 913 226 911 224 911 223 911 221 911 206 922 190 911 189 911 187 911 143 911 142 911 140 911 82 927 82 966"/></Shape>
	    <String CONTENT="پر زرخ صحيفه سی و دوم در اشارت ضراط و برزخ صحيف دسم"
                    HPOS="80"
                    VPOS="911"
                    WIDTH="954"
                    HEIGHT="77"
                    WC="0.9103342955018959"></String>
          </TextLine>

          
          
          <TextLine ID="eSc_line_e844db1b"
                    TAGREFS="LT4837"
                    BASELINE="87 1023 1031 1012" 
                    HPOS="85"
                    VPOS="973"
                    WIDTH="946"
                    HEIGHT="70">
            <Shape><Polygon POINTS="87 1023 87 1037 116 1043 117 1043 163 1037 198 1031 203 1035 209 1040 209 1041 210 1041 212 1041 213 1041 215 1041 216 1041 223 1035 226 1034 232 1035 264 1041 265 1041 267 1041 268 1041 268 1040 274 1034 281 1029 326 1034 354 1035 355 1035 371 1032 394 1028 407 1032 426 1038 427 1038 429 1038 487 1031 508 1028 514 1029 542 1041 543 1041 545 1041 615 1029 678 1040 679 1040 745 1026 768 1038 769 1038 771 1040 847 1040 847 1038 849 1038 850 1038 866 1026 876 1035 878 1035 879 1035 881 1035 883 1035 896 1028 904 1035 904 1037 905 1037 907 1037 908 1038 976 1038 976 1037 977 1037 979 1037 997 1021 1031 1021 1031 1012 1028 986 953 986 941 977 939 977 938 977 936 977 934 977 933 977 924 986 849 986 812 973 811 973 809 973 808 973 806 973 806 974 791 986 727 974 725 974 724 974 722 974 705 988 621 989 600 976 598 976 597 976 595 976 537 985 490 976 488 976 487 976 453 989 430 977 429 977 427 977 426 977 400 985 374 977 372 977 371 977 369 977 368 977 351 992 297 979 296 979 230 979 229 979 174 980 172 980 171 980 171 982 158 994 139 985 137 985 135 985 85 995 87 1023"/></Shape>
	    <String CONTENT="وم در بيان بههشت دوزهاه هشتع خازن بهشت"
                    HPOS="85"
                    VPOS="973"
                    WIDTH="946"
                    HEIGHT="70"
                    WC="0.8826132777490114"></String>
          </TextLine>

          
          
          <TextLine ID="eSc_line_c4a20987"
                    TAGREFS="LT4837"
                    BASELINE="84 1079 1025 1063" 
                    HPOS="82"
                    VPOS="1020"
                    WIDTH="943"
                    HEIGHT="84">
            <Shape><Polygon POINTS="84 1079 84 1092 105 1104 106 1104 108 1104 109 1104 111 1104 128 1092 192 1102 194 1102 195 1102 197 1102 215 1090 291 1098 293 1098 294 1098 308 1092 314 1098 314 1099 316 1099 317 1099 319 1099 320 1099 357 1087 368 1096 368 1098 369 1098 371 1098 401 1099 403 1099 404 1099 406 1099 426 1086 427 1086 462 1086 481 1096 482 1096 484 1096 485 1096 487 1096 511 1086 543 1096 545 1096 546 1096 548 1096 549 1096 549 1095 562 1084 591 1082 614 1082 615 1082 627 1093 627 1095 629 1095 630 1095 632 1096 682 1096 682 1095 745 1086 965 1089 967 1089 968 1089 991 1078 994 1076 1023 1076 1025 1063 1017 1020 1003 1032 934 1038 902 1038 890 1024 889 1024 889 1023 887 1023 886 1023 884 1023 864 1026 782 1038 733 1031 701 1024 699 1024 698 1024 682 1032 659 1041 641 1032 632 1029 630 1029 629 1029 627 1029 626 1029 621 1034 609 1043 580 1043 572 1035 571 1035 571 1034 569 1034 568 1034 566 1034 513 1037 470 1040 464 1038 427 1029 426 1029 424 1029 423 1029 421 1029 421 1031 420 1031 415 1037 371 1031 369 1031 368 1031 345 1043 336 1047 317 1043 297 1040 296 1040 294 1040 278 1044 273 1046 271 1044 255 1032 253 1032 252 1032 250 1032 139 1035 137 1035 82 1050 84 1079"/></Shape>
	    <String CONTENT="ضحيفمتی و چيارم در بيان چو يهاى بهشت صحيفى"
                    HPOS="82"
                    VPOS="1020"
                    WIDTH="943"
                    HEIGHT="84"
                    WC="0.9232357811360132"></String>
          </TextLine>

          
          
          <TextLine ID="eSc_line_67040355"
                    TAGREFS="LT4837"
                    BASELINE="142 1165 493 1154 1038 1151" 
                    HPOS="140"
                    VPOS="1095"
                    WIDTH="898"
                    HEIGHT="94">
            <Shape><Polygon POINTS="142 1165 142 1176 178 1168 192 1176 215 1188 216 1188 218 1189 242 1189 242 1188 244 1188 245 1188 264 1174 271 1168 279 1173 290 1182 291 1182 293 1182 334 1186 336 1186 337 1186 375 1171 383 1168 386 1171 398 1182 400 1182 401 1182 403 1182 404 1182 443 1170 458 1165 472 1170 499 1179 501 1179 502 1179 504 1179 505 1179 520 1168 530 1163 621 1163 626 1167 644 1182 646 1182 647 1182 649 1183 684 1183 684 1182 685 1182 687 1182 687 1180 704 1165 707 1160 782 1160 788 1162 817 1180 818 1180 820 1180 821 1180 879 1170 968 1179 970 1179 1003 1177 1005 1177 1038 1157 1038 1151 1035 1112 1005 1112 1005 1110 985 1095 983 1095 982 1095 980 1095 979 1095 977 1095 954 1110 951 1113 896 1113 893 1110 878 1096 876 1096 875 1096 873 1096 872 1096 835 1110 826 1115 766 1115 762 1110 747 1098 745 1098 743 1098 742 1098 740 1098 711 1110 705 1112 701 1110 685 1104 684 1104 682 1104 681 1104 663 1110 652 1113 647 1110 640 1104 638 1104 637 1104 635 1104 633 1104 632 1104 624 1110 612 1116 566 1108 548 1107 546 1107 533 1108 490 1118 473 1108 459 1102 458 1102 456 1102 455 1102 439 1108 432 1112 424 1108 406 1102 404 1102 403 1102 401 1102 400 1102 391 1108 384 1113 372 1108 359 1104 357 1104 355 1104 354 1104 352 1104 345 1108 326 1119 291 1108 290 1108 288 1108 287 1108 255 1121 235 1108 232 1105 230 1105 229 1105 227 1105 140 1107 142 1165"/></Shape>
	    <String CONTENT="و پنجم در بيان خور الهمين و درخت طوبى  صحيف سىوش"
                    HPOS="140"
                    VPOS="1095"
                    WIDTH="898"
                    HEIGHT="94"
                    WC="0.88301264308393"></String>
          </TextLine>

          
          
          <TextLine ID="eSc_line_f235a2be"
                    TAGREFS="LT4837"
                    BASELINE="79 1243 1041 1235" 
                    HPOS="77"
                    VPOS="1188"
                    WIDTH="964"
                    HEIGHT="70">
            <Shape><Polygon POINTS="79 1243 79 1258 189 1249 294 1255 336 1258 337 1258 339 1258 340 1258 340 1257 343 1255 352 1247 410 1254 461 1258 462 1258 464 1258 478 1252 491 1246 534 1251 586 1257 588 1257 641 1249 670 1244 681 1247 702 1255 704 1255 705 1255 707 1255 724 1247 728 1244 730 1246 736 1252 737 1252 739 1252 740 1252 806 1247 815 1255 817 1255 818 1255 820 1255 821 1255 850 1246 934 1254 936 1254 938 1254 939 1254 954 1243 985 1243 1012 1252 1014 1252 1015 1252 1017 1252 1041 1240 1041 1235 1037 1191 985 1197 976 1191 973 1188 971 1188 970 1188 968 1188 967 1188 959 1191 950 1196 918 1192 873 1188 872 1188 835 1189 834 1189 832 1189 828 1194 817 1202 789 1194 780 1192 779 1192 777 1192 776 1192 774 1192 773 1196 765 1200 696 1196 675 1196 673 1196 659 1197 611 1203 595 1199 577 1191 575 1191 462 1191 461 1191 459 1191 433 1200 429 1202 426 1202 395 1192 394 1192 392 1192 349 1202 339 1205 328 1203 290 1192 288 1192 287 1192 285 1192 250 1205 241 1206 233 1205 203 1196 201 1196 200 1196 198 1196 197 1196 197 1197 187 1205 186 1208 77 1208 79 1243"/></Shape>
	    <String CONTENT="در بان اشات به دوزخ ودر پای دوزخ وزنانه دوزخ"
                    HPOS="77"
                    VPOS="1188"
                    WIDTH="964"
                    HEIGHT="70"
                    WC="0.9377200617031618"></String>
          </TextLine>

          
          
          <TextLine ID="eSc_line_d73357d2"
                    TAGREFS="LT4837"
                    BASELINE="84 1325 1048 1312" 
                    HPOS="82"
                    VPOS="1257"
                    WIDTH="966"
                    HEIGHT="90">
            <Shape><Polygon POINTS="84 1325 84 1339 91 1347 93 1347 94 1347 96 1347 137 1339 183 1345 184 1345 186 1345 187 1345 206 1333 235 1345 236 1345 238 1347 294 1347 294 1345 296 1345 297 1345 313 1331 314 1331 349 1344 351 1344 352 1344 354 1344 383 1333 391 1339 391 1341 392 1341 394 1341 395 1341 397 1341 409 1335 455 1342 456 1342 534 1328 536 1328 566 1341 568 1341 569 1341 571 1341 572 1341 572 1339 585 1328 675 1327 722 1339 724 1339 725 1339 727 1339 728 1339 747 1325 757 1325 776 1325 826 1338 828 1338 829 1338 831 1338 832 1338 849 1324 970 1335 971 1335 973 1335 997 1321 1048 1319 1048 1312 1044 1278 985 1266 983 1266 982 1266 980 1266 980 1267 970 1275 945 1257 944 1257 942 1257 941 1257 831 1281 803 1281 782 1261 782 1260 780 1260 779 1260 750 1260 748 1260 747 1260 745 1260 745 1261 724 1283 669 1283 609 1264 608 1264 606 1264 604 1264 603 1264 603 1266 585 1284 546 1284 520 1264 519 1264 517 1264 479 1264 478 1264 476 1264 475 1264 447 1284 409 1264 407 1264 406 1264 362 1267 360 1267 359 1267 336 1286 300 1272 299 1272 297 1272 296 1272 267 1283 213 1272 212 1272 210 1272 169 1283 134 1269 132 1269 131 1269 129 1269 82 1289 84 1325"/></Shape>
	    <String CONTENT="واميد که فيض ولطف صاحب الزمان آنکه به آن جهان لذکره"
                    HPOS="82"
                    VPOS="1257"
                    WIDTH="966"
                    HEIGHT="90"
                    WC="0.8939054523998836"></String>
          </TextLine>

          
          
          <TextLine ID="eSc_line_44d1f6af"
                    TAGREFS="LT4837"
                    BASELINE="82 1400 1041 1393" 
                    HPOS="80"
                    VPOS="1341"
                    WIDTH="961"
                    HEIGHT="87">
            <Shape><Polygon POINTS="82 1400 82 1411 109 1425 111 1425 113 1425 114 1425 116 1425 134 1412 184 1411 187 1411 189 1411 317 1426 319 1426 320 1426 322 1426 322 1425 336 1411 363 1409 365 1409 366 1409 381 1420 383 1420 384 1420 386 1420 388 1420 417 1412 435 1426 436 1426 438 1426 439 1428 464 1428 464 1426 465 1426 533 1408 568 1425 569 1425 571 1425 618 1417 635 1425 637 1425 638 1425 640 1425 693 1406 696 1406 766 1406 785 1422 785 1423 786 1423 788 1423 789 1425 832 1425 832 1423 834 1423 835 1423 855 1405 857 1405 918 1405 919 1405 965 1422 967 1422 968 1422 1040 1403 1041 1393 1038 1341 1018 1341 1017 1341 1015 1341 1014 1341 996 1357 869 1357 858 1347 858 1345 857 1345 855 1345 853 1345 852 1345 850 1345 850 1347 843 1353 832 1347 831 1347 829 1347 828 1347 768 1356 751 1344 750 1342 748 1342 747 1342 745 1342 743 1342 739 1344 716 1357 695 1345 692 1342 690 1342 688 1342 687 1342 666 1345 588 1359 565 1347 559 1344 557 1344 484 1344 482 1344 481 1344 479 1344 475 1348 455 1362 415 1362 401 1348 398 1347 398 1345 397 1345 395 1345 394 1345 359 1350 333 1353 328 1350 323 1347 322 1347 320 1347 319 1347 317 1347 310 1350 297 1357 287 1351 284 1348 282 1348 281 1348 279 1348 278 1348 276 1348 276 1350 274 1351 262 1364 230 1364 216 1351 215 1350 213 1350 212 1350 210 1350 209 1350 200 1351 180 1357 172 1353 166 1347 164 1347 163 1347 161 1347 80 1353 82 1400"/></Shape>
	    <String CONTENT="جود در زمان ماانديش اين كمترين بندگان خور را از خطا"
                    HPOS="80"
                    VPOS="1341"
                    WIDTH="961"
                    HEIGHT="87"
                    WC="0.9307198512787912"></String>
          </TextLine>

          
          
          <TextLine ID="eSc_line_b75fcb3b"
                    TAGREFS="LT4837"
                    BASELINE="84 1490 1040 1483" 
                    HPOS="82"
                    VPOS="1425"
                    WIDTH="958"
                    HEIGHT="88">
            <Shape><Polygon POINTS="84 1490 84 1512 126 1513 128 1513 129 1513 131 1513 132 1512 148 1501 198 1509 200 1509 287 1501 299 1509 300 1509 302 1509 304 1509 305 1509 307 1509 307 1507 316 1500 345 1500 391 1507 417 1512 418 1512 420 1512 421 1512 427 1507 435 1503 479 1506 530 1510 531 1510 533 1510 543 1506 556 1500 591 1504 633 1510 635 1510 675 1507 676 1507 678 1507 682 1503 692 1496 737 1496 743 1503 753 1509 754 1509 756 1509 757 1509 798 1501 802 1501 803 1501 829 1509 831 1509 832 1509 834 1509 835 1509 846 1501 852 1495 866 1500 886 1507 887 1507 889 1507 1040 1496 1040 1483 1037 1448 855 1425 853 1425 852 1425 850 1425 829 1440 771 1426 769 1426 768 1426 725 1449 696 1449 659 1426 658 1426 656 1426 655 1426 585 1431 583 1431 582 1431 560 1446 548 1437 546 1437 545 1437 543 1437 487 1443 469 1429 467 1429 465 1429 464 1429 462 1429 461 1429 461 1431 439 1452 377 1452 363 1438 363 1437 362 1437 360 1437 359 1437 325 1440 314 1431 313 1431 311 1431 310 1431 308 1431 307 1431 290 1441 278 1432 278 1431 276 1431 274 1431 244 1431 242 1431 241 1431 239 1431 219 1449 195 1452 174 1434 172 1434 171 1434 142 1434 140 1434 139 1434 137 1434 113 1452 82 1454 84 1490"/></Shape>
	    <String CONTENT="و نافريانی نگهد آراد و ناظر الفااين محيفه را از فامده خالیه"
                    HPOS="82"
                    VPOS="1425"
                    WIDTH="958"
                    HEIGHT="88"
                    WC="0.8447583625713985"></String>
          </TextLine>

          
          
          <TextLine ID="eSc_line_e1c0b31b"
                    TAGREFS="LT4837"
                    BASELINE="407 1582 1040 1568" 
                    HPOS="406"
                    VPOS="1512"
                    WIDTH="634"
                    HEIGHT="99">
            <Shape><Polygon POINTS="407 1582 407 1611 462 1611 462 1609 464 1609 465 1609 467 1608 484 1596 546 1605 557 1606 559 1606 672 1605 673 1605 681 1600 705 1588 736 1599 740 1600 742 1600 743 1600 745 1600 747 1600 747 1599 748 1599 759 1587 785 1597 788 1599 789 1599 791 1599 792 1599 798 1597 831 1585 1038 1588 1040 1568 1035 1532 997 1533 996 1532 982 1521 982 1519 980 1519 979 1519 977 1519 976 1519 947 1533 944 1535 941 1533 898 1512 896 1512 895 1512 893 1512 892 1512 873 1524 866 1518 864 1518 863 1518 861 1518 860 1518 841 1527 821 1521 820 1521 818 1521 817 1521 815 1521 795 1536 795 1538 794 1536 768 1516 766 1516 765 1516 763 1516 762 1516 722 1529 692 1516 690 1516 688 1516 687 1516 617 1541 586 1519 585 1519 583 1519 545 1519 543 1519 542 1519 482 1544 482 1545 406 1545 407 1582"/></Shape>
	    <String CONTENT="مانده به مراد برساناد به متصر گري"
                    HPOS="406"
                    VPOS="1512"
                    WIDTH="634"
                    HEIGHT="99"
                    WC="0.857885788787495"></String>
          </TextLine>

          
        </TextBlock>
        
        <TextBlock HPOS="543"
                   VPOS="85"
                   WIDTH="58"
                   HEIGHT="41"
                   ID="eSc_textblock_e1f68707"
                   TAGREFS="BT16093">
          <Shape><Polygon POINTS="562 85 601 91 583 103 595 126 543 108 562 85"/></Shape>
          
          
          <TextLine ID="eSc_line_36f7914a"
                    TAGREFS="LT4837"
                    BASELINE="559 108 574 108" 
                    HPOS="559"
                    VPOS="87"
                    WIDTH="15"
                    HEIGHT="42">
            <Shape><Polygon POINTS="559 87 559 108 559 125 571 129 574 108 572 87 559 87"/></Shape>
	    <String CONTENT=""
                    HPOS="559"
                    VPOS="87"
                    WIDTH="15"
                    HEIGHT="42"></String>
          </TextLine>

          
        </TextBlock>
        

        
      </PrintSpace>
    </Page>
  </Layout>
</alto>
