<?xml version="1.0" encoding="UTF-8"?>
<alto xmlns:xsi="http://www.w3.org/2001/XMLSchema-instance"
      xmlns="http://www.loc.gov/standards/alto/ns-v4#"
      xsi:schemaLocation="http://www.loc.gov/standards/alto/ns-v4# http://www.loc.gov/standards/alto/v4/alto-4-2.xsd">
  <Description>
    <MeasurementUnit>pixel</MeasurementUnit>
    <sourceImageInformation>
      <fileName>Rasail121.jpg</fileName>
      
    </sourceImageInformation>
  </Description>
  
  <Tags>
    <OtherTag ID="BT16094" LABEL="default" DESCRIPTION="block type default"/><OtherTag ID="BT16093" LABEL="NumberingZone:page" DESCRIPTION="block type NumberingZone:page"/><OtherTag ID="BT16092" LABEL="MarginTextZone:note" DESCRIPTION="block type MarginTextZone:note"/><OtherTag ID="BT16091" LABEL="TitlePageZone" DESCRIPTION="block type TitlePageZone"/><OtherTag ID="BT16090" LABEL="QuireMarksZone:catchwords" DESCRIPTION="block type QuireMarksZone:catchwords"/><OtherTag ID="BT16089" LABEL="NumberingZone:other" DESCRIPTION="block type NumberingZone:other"/><OtherTag ID="BT16088" LABEL="NumberingZone" DESCRIPTION="block type NumberingZone"/><OtherTag ID="BT16087" LABEL="MarginTextZone" DESCRIPTION="block type MarginTextZone"/><OtherTag ID="BT16086" LABEL="MainZone" DESCRIPTION="block type MainZone"/><OtherTag ID="BT16085" LABEL="DigitizationArtefactZone" DESCRIPTION="block type DigitizationArtefactZone"/><OtherTag ID="BT2" LABEL="Main" DESCRIPTION="block type Main"/><OtherTag ID="BT1" LABEL="Title" DESCRIPTION="block type Title"/>
    <OtherTag ID="LT4837" LABEL="DefaultLine" DESCRIPTION="line type DefaultLine"/><OtherTag ID="LT4838" LABEL="default" DESCRIPTION="line type default"/><OtherTag ID="LT4839" LABEL="HeadingLine:title" DESCRIPTION="line type HeadingLine:title"/>
  </Tags>
  
  <Layout>
    <Page WIDTH="1460"
          HEIGHT="1590"
          PHYSICAL_IMG_NR="149"
          ID="eSc_dummypage_">
      <PrintSpace HPOS="0"
                  VPOS="0"
                  WIDTH="1460"
                  HEIGHT="1590">
        
        <TextBlock HPOS="201"
                   VPOS="132"
                   WIDTH="1110"
                   HEIGHT="1414"
                   ID="eSc_textblock_68bff1a8"
                   TAGREFS="BT16086">
          <Shape><Polygon POINTS="842 132 893 137 925 159 921 180 977 185 921 200 926 233 1237 249 1269 270 1242 316 1311 365 1284 1456 1237 1493 1042 1519 987 1546 895 1546 872 1525 824 1546 233 1530 206 1482 222 1075 201 889 228 360 259 339 511 318 529 307 486 302 575 291 529 284 571 254 617 254 649 280 656 212 598 190 842 132"/></Shape>
          
          
          <TextLine ID="eSc_line_042bb045"
                    TAGREFS="LT4837"
                    BASELINE="785 180 875 176" 
                    HPOS="782"
                    VPOS="141"
                    WIDTH="93"
                    HEIGHT="81">
            <Shape><Polygon POINTS="782 145 785 180 786 222 815 222 815 221 816 221 818 221 818 219 834 205 847 193 875 192 875 176 871 143 826 149 818 143 818 141 816 141 815 141 814 141 791 141 782 145"/></Shape>
	    <String CONTENT="فصل"
                    HPOS="782"
                    VPOS="141"
                    WIDTH="93"
                    HEIGHT="81"
                    WC="0.9156166315078735"></String>
          </TextLine>

          
          
          <TextLine ID="eSc_line_e0075cdb"
                    TAGREFS="LT4837"
                    BASELINE="640 290 875 292" 
                    HPOS="639"
                    VPOS="247"
                    WIDTH="236"
                    HEIGHT="76">
            <Shape><Polygon POINTS="640 274 640 290 639 302 757 321 758 323 804 323 804 321 806 321 835 306 873 304 875 292 872 268 815 270 814 268 795 250 795 249 794 249 792 249 743 247 742 247 741 247 717 259 704 253 702 253 701 253 700 253 698 253 680 268 678 270 640 270 640 274"/></Shape>
	    <String CONTENT="در ييان مستجب"
                    HPOS="639"
                    VPOS="247"
                    WIDTH="236"
                    HEIGHT="76"
                    WC="0.8806516894927392"></String>
          </TextLine>

          
          
          <TextLine ID="eSc_line_944f4385"
                    TAGREFS="LT4837"
                    BASELINE="240 400 1182 393" 
                    HPOS="238"
                    VPOS="345"
                    WIDTH="944"
                    HEIGHT="84">
            <Shape><Polygon POINTS="240 400 240 414 295 427 297 429 387 429 387 427 388 427 389 427 400 420 482 426 484 426 485 426 486 426 494 418 514 426 515 426 517 426 518 426 519 426 534 413 546 420 547 420 548 420 617 412 641 422 643 422 644 422 645 422 647 422 665 410 680 410 762 409 765 410 795 422 796 422 798 422 799 422 830 409 834 408 838 409 853 414 855 414 856 414 857 414 868 409 872 408 956 408 957 408 990 424 991 424 993 424 994 424 1019 413 1064 422 1066 422 1108 420 1109 420 1111 420 1111 418 1125 406 1181 406 1182 393 1178 345 1084 356 1074 348 1072 347 1071 347 1070 347 1006 345 1005 345 1003 345 1002 345 997 351 989 357 969 352 968 352 966 352 965 352 964 352 949 365 918 352 908 348 907 348 905 348 904 348 892 353 867 364 838 355 815 348 814 348 812 348 811 348 810 348 810 349 802 356 791 367 765 357 739 348 738 348 737 348 672 356 670 356 669 356 665 360 656 368 620 368 612 361 603 353 602 353 600 353 568 349 567 349 566 349 564 349 546 364 538 369 515 369 509 364 497 356 495 356 494 356 493 356 491 356 490 356 478 365 476 368 464 365 446 363 445 363 444 363 433 367 425 371 323 371 323 369 311 360 311 359 310 359 308 359 263 351 262 351 261 351 259 351 238 368 240 400"/></Shape>
	    <String CONTENT="بدانکه اين کرده مومان باشند و ازردی صدق به عوت"
                    HPOS="238"
                    VPOS="345"
                    WIDTH="944"
                    HEIGHT="84"
                    WC="0.8863163247056629"></String>
          </TextLine>

          
          
          <TextLine ID="eSc_line_35736b94"
                    TAGREFS="LT4837"
                    BASELINE="234 473 1274 466" 
                    HPOS="233"
                    VPOS="425"
                    WIDTH="1041"
                    HEIGHT="73">
            <Shape><Polygon POINTS="234 473 234 487 258 496 259 496 261 498 348 498 348 496 350 496 351 496 363 488 372 496 373 496 375 496 376 498 411 498 411 496 412 496 432 486 433 486 441 486 547 495 548 495 550 495 586 484 587 484 590 484 623 495 624 495 625 495 670 486 681 492 682 492 684 492 685 492 686 492 698 487 847 494 848 494 850 494 869 487 888 492 889 492 891 492 892 492 913 482 914 482 972 482 973 482 982 490 983 490 985 490 986 490 987 490 989 490 1002 482 1003 480 1092 480 1095 480 1121 491 1123 491 1124 491 1125 491 1145 480 1147 480 1176 480 1178 480 1226 491 1227 491 1229 491 1274 479 1274 466 1270 433 1242 437 1235 433 1227 427 1226 427 1225 427 1223 427 1222 427 1209 433 1202 437 1198 433 1188 425 1186 425 1185 425 1140 425 1139 425 1137 425 1136 425 1120 434 1108 442 1003 442 990 437 968 426 966 426 921 426 920 426 918 426 893 438 884 442 876 438 848 427 847 427 808 427 807 427 806 427 804 427 790 438 706 427 705 427 704 427 702 427 682 442 681 442 661 429 660 429 659 429 657 429 656 429 616 442 608 445 599 443 535 429 534 429 533 429 531 429 510 445 507 446 465 446 465 445 430 430 429 430 428 430 426 430 425 430 404 446 403 446 400 446 350 439 348 439 311 446 299 437 298 437 297 437 295 437 294 437 279 442 261 434 259 434 258 434 257 434 233 446 234 473"/></Shape>
	    <String CONTENT="سولاما كرويده أيد وكر فران برداري يرصيان هان"
                    HPOS="233"
                    VPOS="425"
                    WIDTH="1041"
                    HEIGHT="73"
                    WC="0.8754528807269202"></String>
          </TextLine>

          
          
          <TextLine ID="eSc_line_4e675775"
                    TAGREFS="LT4837"
                    BASELINE="230 545 649 535 1265 537" 
                    HPOS="229"
                    VPOS="484"
                    WIDTH="1036"
                    HEIGHT="84">
            <Shape><Polygon POINTS="230 545 230 556 266 567 267 567 269 568 432 568 432 567 433 567 434 567 452 553 460 547 519 547 530 552 534 556 535 556 537 556 538 556 560 552 591 547 599 552 604 556 606 556 607 556 608 556 609 556 627 552 640 548 651 551 688 564 689 564 690 564 692 564 693 564 713 551 720 545 786 545 795 549 830 564 831 564 832 564 834 564 835 564 855 548 856 547 934 545 940 548 978 564 979 564 981 564 982 564 1038 547 1046 544 1054 545 1100 560 1101 560 1103 560 1139 553 1151 563 1152 563 1153 563 1155 564 1213 564 1213 563 1214 563 1216 563 1242 544 1263 543 1265 537 1263 484 1246 484 1245 484 1243 484 1242 484 1208 507 1124 499 1123 499 1080 507 1054 490 1047 484 1046 484 1044 484 1011 484 1010 484 962 487 961 487 960 487 953 492 929 510 819 510 798 496 782 486 781 486 779 486 778 486 754 488 753 488 751 488 741 498 725 511 676 511 657 500 636 487 635 487 633 487 632 487 572 496 558 487 556 487 555 487 497 487 495 487 452 488 450 488 419 506 379 488 377 488 376 488 375 488 302 510 295 512 229 512 230 545"/></Shape>
	    <String CONTENT="بحكم يا أيها الذين اتفوا أطبعوا الله وأطبعو الرسول"
                    HPOS="229"
                    VPOS="484"
                    WIDTH="1036"
                    HEIGHT="84"
                    WC="0.9531599249479905"></String>
          </TextLine>

          
          
          <TextLine ID="eSc_line_e819d613"
                    TAGREFS="LT4837"
                    BASELINE="236 612 911 605 1271 608" 
                    HPOS="234"
                    VPOS="559"
                    WIDTH="1037"
                    HEIGHT="74">
            <Shape><Polygon POINTS="236 612 236 624 318 633 319 633 320 633 352 625 362 622 372 625 396 632 397 632 399 632 400 632 419 625 433 620 441 625 452 633 453 633 454 633 456 633 490 632 491 632 505 625 519 617 681 617 697 626 704 630 705 630 706 630 708 630 709 630 721 626 747 617 762 626 765 629 766 629 767 629 861 630 863 630 864 630 871 626 891 616 926 616 948 626 949 626 950 626 993 620 1009 628 1013 629 1014 629 1015 630 1078 630 1078 629 1079 629 1080 629 1082 628 1097 616 1129 622 1131 622 1132 622 1147 616 1161 628 1162 628 1164 628 1165 628 1168 628 1212 620 1269 628 1271 608 1269 572 1235 577 1227 572 1213 560 1212 560 1210 560 1209 560 1208 560 1184 572 1180 575 1177 572 1149 559 1148 559 1147 559 1145 559 1094 573 1075 579 1070 573 1052 560 1051 560 1050 560 1001 560 999 560 998 560 997 560 977 575 970 580 946 580 941 576 922 560 921 560 920 560 918 560 823 561 822 561 820 561 799 577 795 580 792 577 766 561 765 561 763 561 762 561 761 561 725 579 721 581 686 581 661 579 644 579 620 563 619 563 617 563 616 563 615 563 575 576 555 563 554 563 552 563 551 563 550 563 548 563 525 581 521 581 472 571 470 571 469 571 468 571 453 581 450 584 385 584 384 583 364 568 363 568 362 568 360 568 359 568 342 577 294 564 293 564 291 564 290 564 289 564 262 584 234 584 236 612"/></Shape>
	    <String CONTENT="اولی الامر متکم تقويت دين بر نبود لازم شناختهکه"
                    HPOS="234"
                    VPOS="559"
                    WIDTH="1037"
                    HEIGHT="74"
                    WC="0.873796967115808"></String>
          </TextLine>

          
          
          <TextLine ID="eSc_line_5189fef0"
                    TAGREFS="LT4837"
                    BASELINE="225 675 1271 671" 
                    HPOS="224"
                    VPOS="628"
                    WIDTH="1047"
                    HEIGHT="79">
            <Shape><Polygon POINTS="225 675 225 690 265 689 271 691 299 706 301 706 302 707 495 707 495 706 497 706 526 691 531 689 558 689 563 691 582 700 583 700 584 700 586 700 600 694 616 704 617 704 619 704 620 706 656 706 656 704 657 704 659 704 669 696 704 702 705 702 706 702 708 702 725 691 731 687 758 687 765 690 773 696 774 696 775 696 777 696 808 690 826 687 831 690 846 700 847 700 848 700 850 700 851 700 880 690 883 690 884 690 922 703 924 703 925 704 961 704 961 703 962 703 1003 690 1017 686 1079 686 1086 690 1105 703 1107 703 1108 703 1109 704 1136 704 1136 703 1137 703 1139 703 1160 690 1166 686 1269 689 1271 671 1269 632 1127 628 1125 628 1094 633 1055 641 1047 634 1040 629 1039 629 1038 629 1036 629 1035 629 1034 629 1026 634 1017 641 1007 634 999 629 998 629 997 629 995 629 994 629 982 636 969 642 909 642 897 637 887 629 885 629 884 629 840 629 839 629 838 629 836 629 824 637 816 643 778 643 765 638 738 629 737 629 735 629 734 629 733 629 718 638 713 642 702 639 676 632 674 632 673 632 672 632 670 632 660 639 656 643 583 643 579 641 559 630 558 630 525 630 523 630 522 630 521 630 511 638 506 633 505 633 503 633 502 633 501 633 499 633 486 642 484 645 454 645 452 642 438 632 437 632 436 632 434 632 433 632 415 639 379 630 377 630 376 630 375 630 338 642 324 633 323 633 322 633 258 630 257 630 255 630 224 643 225 675"/></Shape>
	    <String CONTENT="بعض ز ارباب مراتب از دعوت تواب پشتر داشته"
                    HPOS="224"
                    VPOS="628"
                    WIDTH="1047"
                    HEIGHT="79"
                    WC="0.9351442485320859"></String>
          </TextLine>

          
          
          <TextLine ID="eSc_line_8ca74a8a"
                    TAGREFS="LT4837"
                    BASELINE="228 757 655 747 1266 740" 
                    HPOS="226"
                    VPOS="698"
                    WIDTH="1040"
                    HEIGHT="85">
            <Shape><Polygon POINTS="228 757 228 781 343 783 344 783 360 780 412 771 464 779 482 781 484 781 485 781 490 779 502 772 513 779 514 780 515 780 517 780 518 781 570 781 570 780 571 780 576 777 596 768 677 773 678 773 742 765 861 773 881 775 883 775 911 773 912 773 913 773 913 772 925 763 987 772 998 773 999 773 1040 772 1042 772 1043 772 1058 761 1170 765 1172 765 1173 765 1174 765 1182 759 1265 768 1266 740 1263 707 1216 698 1214 698 1213 698 1172 708 1158 711 1135 708 1064 702 1063 702 1062 702 1034 711 1029 712 1001 711 895 707 893 707 842 715 838 715 835 715 803 704 802 704 800 704 799 704 765 716 763 716 762 716 731 707 730 707 656 706 655 706 653 706 627 719 625 719 624 719 600 714 599 714 571 720 567 720 564 720 497 708 495 708 494 708 454 722 404 710 403 710 401 710 365 723 344 715 343 715 342 715 340 715 324 720 254 712 253 712 251 712 226 724 228 757"/></Shape>
	    <String CONTENT="باشن و دين به دعوت درستشو هر چند دعومت ر"
                    HPOS="226"
                    VPOS="698"
                    WIDTH="1040"
                    HEIGHT="85"
                    WC="0.914910489320755"></String>
          </TextLine>

          
          
          <TextLine ID="eSc_line_043b5e9b"
                    TAGREFS="LT4837"
                    BASELINE="487 817 1266 812" 
                    HPOS="486"
                    VPOS="769"
                    WIDTH="780"
                    HEIGHT="80">
            <Shape><Polygon POINTS="487 817 487 841 641 849 643 849 644 849 680 840 697 836 725 836 728 840 734 845 734 846 735 846 737 846 738 846 739 846 741 846 751 838 754 837 763 838 794 845 795 845 796 845 812 838 820 836 869 836 873 838 891 846 892 846 893 846 895 846 912 837 918 834 933 837 977 846 978 846 979 846 981 846 997 837 1002 834 1050 834 1054 836 1068 844 1070 844 1071 844 1072 844 1074 844 1084 836 1090 833 1149 833 1155 834 1181 845 1182 845 1184 846 1227 846 1227 845 1229 845 1230 845 1243 834 1245 833 1265 833 1266 812 1261 771 1234 779 1223 771 1222 771 1221 771 1219 771 1218 771 1216 772 1180 785 1166 773 1162 769 1161 769 1160 769 1100 769 1099 769 1097 769 1096 769 1096 771 1091 775 1084 781 1068 776 1054 771 1052 771 1051 771 1050 771 1048 771 1048 772 1043 776 1033 788 989 788 979 779 973 772 973 771 972 771 970 771 928 771 926 771 925 771 896 780 872 789 763 789 759 784 753 779 753 777 751 777 750 777 749 777 747 777 718 785 709 788 706 785 697 779 697 777 696 777 694 777 693 777 692 777 690 777 680 787 644 773 643 773 604 773 603 773 602 773 600 773 600 775 586 789 545 789 521 775 519 775 518 775 517 775 515 775 486 789 487 817"/></Shape>
	    <String CONTENT="اجرافشر باشرودر نصا نخ گويد"
                    HPOS="486"
                    VPOS="769"
                    WIDTH="780"
                    HEIGHT="80"
                    WC="0.8970186026008041"></String>
          </TextLine>

          
          
          <TextLine ID="eSc_line_6895fe3e"
                    TAGREFS="LT4837"
                    BASELINE="424 961 991 951" 
                    HPOS="423"
                    VPOS="904"
                    WIDTH="568"
                    HEIGHT="84">
            <Shape><Polygon POINTS="424 961 424 977 437 987 438 987 440 987 441 988 474 988 474 987 476 987 477 987 495 973 499 971 527 971 531 972 554 984 555 984 556 985 623 985 623 984 624 984 625 984 643 969 645 968 661 968 664 969 682 983 684 983 685 983 686 984 706 984 706 983 708 983 749 968 753 965 806 965 810 967 840 980 842 980 843 980 844 980 872 968 961 976 962 976 964 976 991 963 991 951 987 904 914 920 846 910 844 910 843 910 795 922 747 914 746 914 745 914 743 914 743 915 733 924 701 926 645 926 628 915 625 912 624 912 623 912 621 912 599 915 568 920 537 918 494 914 493 914 491 914 478 919 457 928 448 920 446 919 445 919 444 919 442 919 423 920 424 961"/></Shape>
	    <String CONTENT="يوهنان به امر به فرمانی او شو"
                    HPOS="423"
                    VPOS="904"
                    WIDTH="568"
                    HEIGHT="84"
                    WC="0.926593020044524"></String>
          </TextLine>

          
          
          <TextLine ID="eSc_line_002e8082"
                    TAGREFS="LT4837"
                    BASELINE="673 887 799 887" 
                    HPOS="673"
                    VPOS="851"
                    WIDTH="126"
                    HEIGHT="63">
            <Shape><Polygon POINTS="673 887 673 904 798 914 799 887 799 851 777 851 775 851 774 851 773 851 771 853 747 870 673 862 673 887"/></Shape>
	    <String CONTENT=""
                    HPOS="673"
                    VPOS="851"
                    WIDTH="126"
                    HEIGHT="63"></String>
          </TextLine>

          
          
          <TextLine ID="eSc_line_6a9b9a68"
                    TAGREFS="LT4837"
                    BASELINE="232 1097 810 1095 1177 1083" 
                    HPOS="230"
                    VPOS="1033"
                    WIDTH="947"
                    HEIGHT="91">
            <Shape><Polygon POINTS="232 1097 232 1109 279 1110 295 1124 297 1124 298 1124 299 1124 301 1124 338 1114 356 1123 358 1123 359 1124 405 1124 405 1123 407 1123 424 1114 470 1123 472 1123 473 1123 474 1123 494 1107 501 1107 515 1107 530 1119 531 1119 533 1119 534 1119 592 1106 608 1116 609 1116 611 1116 612 1116 681 1111 779 1119 781 1119 782 1119 815 1107 835 1118 836 1118 838 1119 918 1119 918 1118 920 1118 957 1107 987 1116 989 1116 990 1116 991 1116 993 1116 1010 1102 1031 1102 1033 1102 1063 1116 1064 1116 1066 1116 1067 1116 1068 1116 1086 1101 1087 1101 1177 1101 1177 1083 1174 1050 1107 1046 1094 1034 1092 1034 1091 1034 1090 1034 1088 1034 1055 1042 995 1033 994 1033 993 1033 950 1052 950 1053 929 1053 907 1053 891 1040 889 1040 888 1040 859 1038 857 1038 856 1038 828 1053 827 1054 807 1054 755 1054 731 1041 730 1041 729 1041 728 1041 684 1054 649 1037 648 1037 647 1037 645 1037 629 1044 612 1037 611 1037 609 1037 608 1037 590 1048 572 1038 571 1038 570 1038 525 1045 515 1038 514 1038 513 1038 511 1038 510 1038 495 1045 486 1038 485 1038 484 1038 482 1038 446 1045 404 1040 403 1040 401 1040 347 1058 346 1060 315 1060 311 1060 286 1041 285 1041 283 1041 257 1041 255 1041 254 1041 253 1041 230 1056 232 1097"/></Shape>
	    <String CONTENT="و مومن متقی پير زگار باشد که انگر مگرعت"
                    HPOS="230"
                    VPOS="1033"
                    WIDTH="947"
                    HEIGHT="91"
                    WC="0.8823474966562711"></String>
          </TextLine>

          
          
          <TextLine ID="eSc_line_f837f179"
                    TAGREFS="LT4837"
                    BASELINE="419 1024 989 1017" 
                    HPOS="417"
                    VPOS="976"
                    WIDTH="572"
                    HEIGHT="72">
            <Shape><Polygon POINTS="419 1024 419 1042 472 1037 491 1042 510 1048 511 1048 513 1048 550 1042 587 1036 596 1041 607 1048 608 1048 609 1048 611 1048 663 1046 664 1046 665 1046 672 1041 676 1037 685 1041 701 1046 702 1046 704 1048 745 1048 745 1046 746 1046 747 1046 757 1040 761 1037 781 1040 818 1045 819 1045 820 1045 822 1045 828 1040 836 1032 873 1032 904 1038 928 1044 929 1044 989 1037 989 1017 986 979 970 977 969 977 968 977 966 977 965 979 952 991 912 991 901 980 897 977 897 976 896 976 895 976 893 976 864 981 859 983 856 981 843 976 842 976 840 976 839 976 820 983 800 991 770 984 758 983 757 983 755 983 754 983 751 985 745 989 739 985 733 980 731 980 730 980 729 980 728 980 726 980 720 987 714 989 710 987 700 979 698 979 697 979 696 979 694 979 693 979 693 980 686 985 664 983 663 983 661 983 660 983 660 984 655 988 651 993 603 993 599 989 588 980 588 979 587 979 586 979 530 979 529 979 460 981 458 981 417 993 419 1024"/></Shape>
	    <String CONTENT="حموداميد مشارت زان رسيد"
                    HPOS="417"
                    VPOS="976"
                    WIDTH="572"
                    HEIGHT="72"
                    WC="0.8911841097085372"></String>
          </TextLine>

          
          
          <TextLine ID="eSc_line_73f3dfec"
                    TAGREFS="LT4837"
                    BASELINE="226 1179 1261 1156" 
                    HPOS="225"
                    VPOS="1102"
                    WIDTH="1036"
                    HEIGHT="101">
            <Shape><Polygon POINTS="226 1179 226 1193 282 1199 283 1199 314 1193 320 1192 323 1193 332 1201 334 1201 335 1201 396 1203 397 1203 502 1193 527 1200 529 1200 530 1200 615 1196 616 1196 635 1189 651 1184 664 1189 678 1196 680 1196 681 1197 713 1197 713 1196 714 1196 716 1196 725 1189 733 1183 753 1188 770 1193 771 1193 773 1195 834 1195 834 1193 835 1193 853 1188 869 1183 881 1187 893 1192 895 1192 896 1192 897 1192 916 1187 932 1183 940 1187 949 1191 950 1191 952 1191 953 1191 962 1187 981 1177 1010 1177 1026 1185 1029 1188 1030 1188 1031 1188 1033 1188 1034 1188 1043 1185 1083 1175 1120 1180 1121 1180 1123 1180 1149 1173 1166 1183 1168 1183 1169 1183 1170 1183 1200 1172 1259 1183 1261 1156 1257 1102 1137 1105 1136 1105 1135 1105 1132 1107 1105 1122 1082 1111 1080 1111 1079 1111 1078 1111 1048 1119 998 1113 966 1109 965 1109 964 1109 962 1109 956 1114 933 1131 895 1116 889 1115 888 1115 887 1115 885 1115 879 1118 847 1132 830 1123 828 1123 827 1123 826 1123 796 1131 782 1122 775 1118 774 1118 773 1118 739 1118 738 1118 737 1118 713 1124 682 1134 640 1128 583 1120 582 1120 580 1120 554 1132 543 1136 535 1132 517 1124 515 1124 514 1124 433 1131 419 1120 417 1120 416 1120 415 1120 413 1120 363 1140 355 1144 225 1146 226 1179"/></Shape>
	    <String CONTENT="اتقه يعنیرامی ترين شما پيره سنزگار ترين شماست و"
                    HPOS="225"
                    VPOS="1102"
                    WIDTH="1036"
                    HEIGHT="101"
                    WC="0.8707489548845494"></String>
          </TextLine>

          
          
          <TextLine ID="eSc_line_de2225f7"
                    TAGREFS="LT4837"
                    BASELINE="230 1252 1261 1216" 
                    HPOS="229"
                    VPOS="1176"
                    WIDTH="1032"
                    HEIGHT="101">
            <Shape><Polygon POINTS="230 1252 230 1265 265 1277 266 1277 267 1277 269 1277 316 1262 320 1262 324 1262 380 1273 381 1273 460 1261 489 1269 490 1269 491 1269 493 1269 525 1257 571 1266 572 1266 635 1253 652 1250 664 1253 706 1261 708 1261 709 1261 710 1261 724 1250 729 1246 774 1246 781 1249 800 1258 802 1258 803 1258 804 1258 839 1248 852 1244 884 1244 889 1246 908 1254 909 1254 911 1254 987 1252 989 1252 990 1252 1002 1242 1010 1237 1042 1237 1050 1241 1062 1248 1063 1248 1064 1248 1066 1248 1091 1240 1109 1233 1153 1233 1161 1238 1165 1241 1166 1241 1168 1241 1169 1241 1170 1241 1177 1237 1188 1232 1197 1237 1208 1242 1209 1242 1210 1242 1261 1234 1261 1216 1258 1188 1189 1176 1188 1176 1186 1176 1185 1176 1168 1191 1100 1191 1086 1181 1084 1181 1083 1181 1082 1181 1080 1181 1056 1192 1031 1181 1030 1181 1029 1181 948 1197 946 1199 942 1199 914 1199 899 1187 897 1187 896 1187 895 1187 803 1203 800 1203 799 1203 762 1192 761 1192 759 1192 714 1201 688 1193 686 1193 685 1193 684 1193 655 1205 641 1197 640 1197 639 1197 637 1197 509 1200 507 1200 506 1200 487 1213 485 1213 432 1204 430 1204 429 1204 428 1204 417 1211 343 1205 342 1205 340 1205 339 1205 318 1219 281 1212 279 1212 278 1212 277 1212 266 1221 263 1222 229 1222 230 1252"/></Shape>
	    <String CONTENT="مواظبت بطامعيت واجب الوجود لازم وأنيد خداا دريم"
                    HPOS="229"
                    VPOS="1176"
                    WIDTH="1032"
                    HEIGHT="101"
                    WC="0.9134661518037319"></String>
          </TextLine>

          
          
          <TextLine ID="eSc_line_461f6ba4"
                    TAGREFS="LT4837"
                    BASELINE="228 1318 1259 1286" 
                    HPOS="226"
                    VPOS="1244"
                    WIDTH="1033"
                    HEIGHT="95">
            <Shape><Polygon POINTS="228 1318 228 1328 286 1328 294 1328 355 1339 356 1339 424 1326 442 1323 453 1326 482 1335 484 1335 485 1335 574 1323 578 1323 580 1323 612 1331 613 1331 615 1331 616 1331 617 1331 631 1322 639 1318 680 1318 684 1321 696 1328 697 1328 698 1328 700 1328 771 1319 823 1313 846 1318 869 1323 871 1323 872 1323 893 1317 900 1315 913 1317 953 1321 954 1321 956 1321 972 1315 994 1307 1042 1313 1043 1313 1044 1313 1046 1313 1055 1303 1125 1303 1153 1311 1162 1314 1164 1314 1165 1314 1212 1313 1213 1313 1214 1313 1214 1311 1217 1310 1227 1301 1257 1309 1259 1286 1255 1244 1229 1245 1227 1245 1226 1245 1205 1258 1135 1248 1127 1248 1125 1248 1115 1249 1039 1264 1006 1254 998 1252 997 1252 995 1252 914 1254 913 1254 912 1254 908 1258 904 1262 893 1258 884 1256 883 1256 881 1256 880 1256 879 1256 873 1260 860 1270 778 1270 761 1265 741 1260 739 1260 738 1260 737 1260 716 1266 694 1274 680 1268 667 1262 665 1262 664 1262 663 1262 633 1270 608 1277 594 1272 575 1265 574 1265 572 1265 523 1266 522 1266 521 1266 507 1275 502 1279 485 1277 438 1269 437 1269 436 1269 434 1269 421 1279 417 1283 302 1286 298 1285 283 1275 282 1275 281 1275 279 1275 278 1275 277 1275 263 1286 261 1289 226 1289 228 1318"/></Shape>
	    <String CONTENT="جام خواه در رفتن خواه در خفتن سارد ناظر دانيد و در همه"
                    HPOS="226"
                    VPOS="1244"
                    WIDTH="1033"
                    HEIGHT="95"
                    WC="0.9107382236807434"></String>
          </TextLine>

          
          
          <TextLine ID="eSc_line_0148ee30"
                    TAGREFS="LT4837"
                    BASELINE="226 1393 1263 1360" 
                    HPOS="225"
                    VPOS="1314"
                    WIDTH="1038"
                    HEIGHT="101">
            <Shape><Polygon POINTS="226 1393 228 1411 247 1405 255 1411 259 1413 261 1413 262 1413 263 1415 432 1415 432 1413 433 1413 434 1413 446 1403 452 1397 484 1397 493 1401 513 1411 514 1411 515 1411 545 1409 546 1409 584 1397 599 1393 609 1397 636 1407 637 1407 639 1407 682 1405 684 1405 714 1393 725 1389 735 1392 770 1401 771 1401 773 1401 808 1395 839 1400 840 1400 842 1400 877 1387 883 1385 889 1387 925 1393 926 1393 928 1393 929 1393 940 1384 944 1381 1022 1380 1025 1381 1040 1389 1042 1389 1043 1389 1044 1389 1072 1380 1091 1388 1092 1388 1094 1388 1095 1388 1096 1388 1109 1379 1112 1376 1137 1376 1141 1378 1158 1388 1160 1388 1161 1388 1162 1388 1263 1372 1263 1360 1262 1328 1231 1314 1230 1314 1229 1314 1227 1314 1226 1314 1208 1330 1202 1330 1173 1330 1156 1317 1155 1317 1153 1317 1152 1317 1033 1335 991 1322 990 1322 989 1322 987 1322 965 1332 953 1323 952 1323 950 1323 949 1323 889 1325 888 1325 887 1325 868 1340 868 1342 820 1342 814 1342 782 1332 781 1332 779 1332 778 1332 746 1343 721 1330 720 1330 718 1330 652 1336 651 1336 623 1348 621 1348 620 1348 580 1340 579 1340 578 1340 576 1340 562 1350 511 1352 469 1354 461 1354 346 1342 344 1342 225 1360 226 1393"/></Shape>
	    <String CONTENT="حال چنان پشداريد که پچونح سبجانه وفعالی شمارادر"
                    HPOS="225"
                    VPOS="1314"
                    WIDTH="1038"
                    HEIGHT="101"
                    WC="0.8536963786216493"></String>
          </TextLine>

          
          
          <TextLine ID="eSc_line_0820006d"
                    TAGREFS="LT4837"
                    BASELINE="225 1461 1250 1432" 
                    HPOS="224"
                    VPOS="1385"
                    WIDTH="1026"
                    HEIGHT="109">
            <Shape><Polygon POINTS="225 1461 225 1494 318 1486 358 1491 363 1491 364 1491 365 1491 367 1491 387 1477 423 1489 424 1489 425 1489 428 1489 470 1478 497 1486 501 1487 502 1487 503 1487 505 1487 511 1486 533 1480 611 1482 631 1482 632 1482 633 1482 636 1481 653 1474 670 1480 677 1482 678 1482 680 1482 681 1482 692 1480 738 1464 802 1464 835 1474 840 1476 842 1476 843 1476 844 1476 850 1473 879 1461 1001 1465 1002 1465 1044 1457 1074 1465 1091 1470 1092 1470 1094 1470 1172 1468 1173 1468 1192 1461 1210 1454 1249 1458 1250 1432 1245 1388 1204 1401 1185 1391 1178 1385 1177 1385 1176 1385 1152 1385 1151 1385 1149 1385 1133 1392 1124 1396 1111 1393 1088 1388 1087 1388 1086 1388 1066 1395 1051 1400 1046 1396 1038 1389 1036 1389 1035 1389 1034 1389 1033 1389 1007 1397 1003 1399 1001 1397 986 1391 985 1391 983 1391 938 1399 901 1393 900 1393 899 1393 897 1393 885 1403 876 1409 864 1404 847 1395 846 1395 844 1395 755 1404 686 1399 685 1399 684 1399 653 1412 637 1419 575 1416 510 1412 509 1412 507 1412 487 1419 476 1424 380 1425 376 1424 368 1417 367 1417 365 1417 364 1417 363 1417 336 1425 330 1428 224 1429 225 1461"/></Shape>
	    <String CONTENT="حال میبيند شرمنده نه نشويد صدق را دست ويز"
                    HPOS="224"
                    VPOS="1385"
                    WIDTH="1026"
                    HEIGHT="109"
                    WC="0.9136412419923922"></String>
          </TextLine>

          
        </TextBlock>
        
        <TextBlock HPOS="682"
                   VPOS="21"
                   WIDTH="153"
                   HEIGHT="78"
                   ID="eSc_textblock_8fadfd1c"
                   TAGREFS="BT16093">
          <Shape><Polygon POINTS="763 21 824 31 835 72 771 99 682 78 693 37 763 21"/></Shape>
          
          
          <TextLine ID="eSc_line_9ca30670"
                    TAGREFS="LT4837"
                    BASELINE="718 62 785 64" 
                    HPOS="717"
                    VPOS="29"
                    WIDTH="68"
                    HEIGHT="59">
            <Shape><Polygon POINTS="718 62 717 86 782 88 785 64 783 29 718 34 718 62"/></Shape>
	    <String CONTENT=""
                    HPOS="717"
                    VPOS="29"
                    WIDTH="68"
                    HEIGHT="59"></String>
          </TextLine>

          
        </TextBlock>
        
        <TextBlock HPOS="1296"
                   VPOS="0"
                   WIDTH="162"
                   HEIGHT="1588"
                   ID="eSc_textblock_d2558e88"
                   TAGREFS="BT16085">
          <Shape><Polygon POINTS="1360 0 1444 0 1438 30 1458 47 1458 1562 1434 1339 1412 1562 1375 1588 1323 1588 1296 1567 1296 1537 1344 1212 1355 752 1392 364 1360 0"/></Shape>
          
        </TextBlock>
        
        <TextBlock HPOS="1456"
                   VPOS="0"
                   WIDTH="2"
                   HEIGHT="9"
                   ID="eSc_textblock_578f8e98"
                   TAGREFS="BT16085">
          <Shape><Polygon POINTS="1456 0 1458 0 1458 9 1456 9 1456 0"/></Shape>
          
        </TextBlock>
        
        <TextBlock HPOS="625"
                   VPOS="280"
                   WIDTH="40"
                   HEIGHT="26"
                   ID="eSc_textblock_4ae477bd"
                   TAGREFS="BT16093">
          <Shape><Polygon POINTS="625 280 660 280 665 300 629 306 625 280"/></Shape>
          
        </TextBlock>
        

        
      </PrintSpace>
    </Page>
  </Layout>
</alto>
