<?xml version="1.0" encoding="UTF-8"?>
<alto xmlns:xsi="http://www.w3.org/2001/XMLSchema-instance"
      xmlns="http://www.loc.gov/standards/alto/ns-v4#"
      xsi:schemaLocation="http://www.loc.gov/standards/alto/ns-v4# http://www.loc.gov/standards/alto/v4/alto-4-2.xsd">
  <Description>
    <MeasurementUnit>pixel</MeasurementUnit>
    <sourceImageInformation>
      <fileName>Rasail151.jpg</fileName>
      
    </sourceImageInformation>
  </Description>
  
  <Tags>
    <OtherTag ID="BT16094" LABEL="default" DESCRIPTION="block type default"/><OtherTag ID="BT16093" LABEL="NumberingZone:page" DESCRIPTION="block type NumberingZone:page"/><OtherTag ID="BT16092" LABEL="MarginTextZone:note" DESCRIPTION="block type MarginTextZone:note"/><OtherTag ID="BT16091" LABEL="TitlePageZone" DESCRIPTION="block type TitlePageZone"/><OtherTag ID="BT16090" LABEL="QuireMarksZone:catchwords" DESCRIPTION="block type QuireMarksZone:catchwords"/><OtherTag ID="BT16089" LABEL="NumberingZone:other" DESCRIPTION="block type NumberingZone:other"/><OtherTag ID="BT16088" LABEL="NumberingZone" DESCRIPTION="block type NumberingZone"/><OtherTag ID="BT16087" LABEL="MarginTextZone" DESCRIPTION="block type MarginTextZone"/><OtherTag ID="BT16086" LABEL="MainZone" DESCRIPTION="block type MainZone"/><OtherTag ID="BT16085" LABEL="DigitizationArtefactZone" DESCRIPTION="block type DigitizationArtefactZone"/><OtherTag ID="BT2" LABEL="Main" DESCRIPTION="block type Main"/><OtherTag ID="BT1" LABEL="Title" DESCRIPTION="block type Title"/>
    <OtherTag ID="LT4837" LABEL="DefaultLine" DESCRIPTION="line type DefaultLine"/><OtherTag ID="LT4838" LABEL="default" DESCRIPTION="line type default"/><OtherTag ID="LT4839" LABEL="HeadingLine:title" DESCRIPTION="line type HeadingLine:title"/>
  </Tags>
  
  <Layout>
    <Page WIDTH="1244"
          HEIGHT="1668"
          PHYSICAL_IMG_NR="14"
          ID="eSc_dummypage_">
      <PrintSpace HPOS="0"
                  VPOS="0"
                  WIDTH="1244"
                  HEIGHT="1668">
        
        <TextBlock HPOS="434"
                   VPOS="77"
                   WIDTH="659"
                   HEIGHT="60"
                   ID="eSc_textblock_02dd41dd"
                   TAGREFS="BT16086">
          <Shape><Polygon POINTS="752 77 1065 77 1093 132 578 137 562 120 560 137 539 137 551 122 528 120 517 137 434 115 752 77"/></Shape>
          
          
          <TextLine ID="eSc_line_b54f8141"
                    TAGREFS="LT4837"
                    BASELINE="537 125 598 122" 
                    HPOS="535"
                    VPOS="98"
                    WIDTH="63"
                    HEIGHT="59">
            <Shape><Polygon POINTS="563 120 549 120 535 120 537 125 538 157 569 141 580 147 587 150 588 150 589 150 591 150 592 150 598 144 598 122 594 98 571 101 563 120"/></Shape>
	    <String CONTENT=""
                    HPOS="535"
                    VPOS="98"
                    WIDTH="63"
                    HEIGHT="59"></String>
          </TextLine>

          
        </TextBlock>
        
        <TextBlock HPOS="155"
                   VPOS="294"
                   WIDTH="955"
                   HEIGHT="1305"
                   ID="eSc_textblock_d7a5f420"
                   TAGREFS="BT16086">
          <Shape><Polygon POINTS="647 294 1049 311 1110 339 1049 1566 976 1599 183 1599 155 1505 166 355 211 311 616 311 647 294"/></Shape>
          
          
          <TextLine ID="eSc_line_ccd50566"
                    TAGREFS="LT4837"
                    BASELINE="190 375 608 379" 
                    HPOS="189"
                    VPOS="323"
                    WIDTH="419"
                    HEIGHT="84">
            <Shape><Polygon POINTS="190 375 189 400 193 404 194 404 194 405 196 405 197 405 198 407 243 407 243 405 244 405 246 405 261 393 265 390 268 393 283 405 285 405 286 405 379 407 381 407 382 407 384 407 384 405 399 391 402 390 441 390 445 391 478 407 480 407 481 407 482 407 484 407 506 391 535 398 537 398 538 398 606 390 608 379 606 343 556 341 523 326 521 326 491 326 489 326 488 326 487 326 468 341 464 340 434 334 432 334 431 334 414 340 413 340 370 325 368 325 332 325 331 325 329 325 306 337 292 325 292 323 290 323 289 323 288 323 286 323 264 333 249 328 247 328 246 328 244 328 243 328 233 337 190 337 190 375"/></Shape>
	    <String CONTENT="صد شکر که در عالم تحقيق نظارم"
                    HPOS="189"
                    VPOS="323"
                    WIDTH="419"
                    HEIGHT="84"
                    WC="0.9524567147781109"></String>
          </TextLine>

          
          
          <TextLine ID="eSc_line_7726be56"
                    TAGREFS="LT4837"
                    BASELINE="649 379 1060 383" 
                    HPOS="648"
                    VPOS="323"
                    WIDTH="412"
                    HEIGHT="92">
            <Shape><Polygon POINTS="649 379 648 401 673 411 674 411 676 411 677 411 679 411 679 410 688 400 690 400 691 400 704 408 705 408 706 408 708 408 709 408 711 408 719 400 720 400 737 407 738 407 740 407 741 407 765 400 773 398 776 400 791 412 793 412 794 412 795 414 820 414 820 412 822 412 851 400 854 400 859 400 891 407 893 407 894 407 912 401 914 400 915 401 921 405 921 407 922 407 923 407 925 407 926 407 944 401 957 412 957 414 958 414 960 414 961 415 1042 415 1042 414 1043 414 1045 414 1058 401 1060 383 1060 350 969 332 968 332 967 332 965 332 942 348 939 348 894 348 893 347 858 325 857 325 855 325 854 325 804 334 788 323 787 323 786 323 784 323 783 323 765 330 723 323 722 323 720 323 719 323 692 341 649 344 649 379"/></Shape>
	    <String CONTENT="سبر چند که من در قظر خلق نزارم"
                    HPOS="648"
                    VPOS="323"
                    WIDTH="412"
                    HEIGHT="92"
                    WC="0.9261332203944524"></String>
          </TextLine>

          
          
          <TextLine ID="eSc_line_19e3ee7e"
                    TAGREFS="LT4837"
                    BASELINE="189 453 610 457" 
                    HPOS="187"
                    VPOS="404"
                    WIDTH="423"
                    HEIGHT="81">
            <Shape><Polygon POINTS="189 453 187 476 200 480 201 480 203 480 204 480 215 475 221 472 226 475 242 482 243 482 244 482 246 482 247 482 258 475 265 469 281 473 307 482 308 482 310 482 311 482 329 473 338 469 342 473 347 478 349 478 350 478 352 478 353 478 371 473 381 471 384 472 391 478 392 478 393 478 395 478 396 478 409 472 418 482 418 483 420 483 421 483 423 485 468 485 468 483 470 483 471 483 482 475 546 485 548 485 549 485 578 471 609 471 610 457 608 407 578 422 553 408 551 407 549 407 548 407 546 407 542 408 514 422 481 411 466 405 464 405 463 405 461 405 449 411 428 422 382 422 371 414 361 405 360 405 359 405 357 405 356 405 327 415 318 418 315 415 304 405 304 404 303 404 301 404 300 404 189 418 189 453"/></Shape>
	    <String CONTENT="گز راه جلال نسب اگبر ز گبارم"
                    HPOS="187"
                    VPOS="404"
                    WIDTH="423"
                    HEIGHT="81"
                    WC="0.9344385181154523"></String>
          </TextLine>

          
          
          <TextLine ID="eSc_line_8fd6abf5"
                    TAGREFS="LT4837"
                    BASELINE="647 457 1060 461" 
                    HPOS="645"
                    VPOS="408"
                    WIDTH="415"
                    HEIGHT="84">
            <Shape><Polygon POINTS="647 457 645 479 662 487 663 487 665 487 666 487 667 487 667 486 677 478 681 472 698 472 704 478 711 483 711 485 712 485 713 485 715 485 716 485 733 479 761 487 762 487 763 487 765 487 766 487 779 476 784 472 822 472 826 476 837 485 839 485 840 485 841 485 843 485 866 476 872 473 878 476 897 485 898 485 900 485 901 485 915 478 932 490 933 490 935 490 936 492 969 492 969 490 971 490 972 490 972 489 981 482 1014 490 1015 490 1017 490 1018 490 1019 490 1040 475 1058 475 1060 461 1058 418 957 423 946 418 932 411 930 411 929 411 928 411 910 418 898 422 893 418 883 410 882 410 880 410 879 410 878 410 850 418 837 422 826 418 804 410 802 410 801 410 800 410 798 410 788 418 784 422 775 418 750 410 748 410 747 410 745 410 730 416 720 408 719 408 718 408 672 408 670 408 669 408 647 418 647 457"/></Shape>
	    <String CONTENT="گمريستم و گررای وقيرم نه چنانم"
                    HPOS="645"
                    VPOS="408"
                    WIDTH="415"
                    HEIGHT="84"
                    WC="0.8147712618112564"></String>
          </TextLine>

          
          
          <TextLine ID="eSc_line_4e8dd544"
                    TAGREFS="LT4837"
                    BASELINE="190 526 601 526" 
                    HPOS="190"
                    VPOS="478"
                    WIDTH="411"
                    HEIGHT="84">
            <Shape><Polygon POINTS="190 526 190 549 203 557 204 557 205 557 207 557 208 557 229 547 237 544 246 547 261 554 262 554 264 554 296 549 318 544 328 549 353 561 354 561 356 562 407 562 407 561 409 561 410 561 423 550 428 546 434 550 448 561 449 561 450 561 452 561 487 554 493 560 493 561 495 561 496 561 498 561 499 561 531 551 552 544 569 551 583 557 584 557 585 557 587 557 601 551 601 526 601 478 567 478 566 478 564 478 563 478 563 479 551 490 537 480 535 480 534 480 532 480 531 480 488 492 466 485 464 485 463 485 461 485 460 485 448 494 435 485 425 478 424 478 423 478 421 478 420 478 418 478 418 479 410 486 402 496 386 487 377 482 375 482 374 482 372 482 371 482 363 489 352 497 307 497 301 492 288 479 286 479 285 479 251 478 250 478 249 478 247 478 230 492 190 496 190 526"/></Shape>
	    <String CONTENT="با آنکه به طبل و علم و عز و وقارم"
                    HPOS="190"
                    VPOS="478"
                    WIDTH="411"
                    HEIGHT="84"
                    WC="0.8877743877032224"></String>
          </TextLine>

          
          
          <TextLine ID="eSc_line_6f38ed8c"
                    TAGREFS="LT4837"
                    BASELINE="641 524 1051 530" 
                    HPOS="640"
                    VPOS="479"
                    WIDTH="411"
                    HEIGHT="78">
            <Shape><Polygon POINTS="641 524 640 533 701 535 705 537 722 550 723 550 724 550 726 550 727 550 756 540 766 537 777 542 804 554 805 554 807 554 843 546 855 543 884 549 905 551 907 551 908 551 910 551 912 550 922 543 933 551 939 556 940 556 942 556 943 556 969 553 1010 549 1049 557 1051 530 1051 497 1039 492 1038 492 1036 492 1035 492 1033 492 1025 499 1022 501 971 501 965 497 943 483 942 483 940 483 905 483 904 483 903 483 872 497 871 497 869 497 819 482 818 482 816 482 815 482 790 494 773 480 772 480 770 480 743 480 741 480 740 480 738 480 738 482 733 487 724 480 724 479 723 479 722 479 701 479 699 479 698 479 697 479 697 480 681 496 641 496 641 524"/></Shape>
	    <String CONTENT="در منصب فرمان ديی و جاه و بخات"
                    HPOS="640"
                    VPOS="479"
                    WIDTH="411"
                    HEIGHT="78"
                    WC="0.9145440717538198"></String>
          </TextLine>

          
          
          <TextLine ID="eSc_line_cb0b649e"
                    TAGREFS="LT4837"
                    BASELINE="189 599 603 601" 
                    HPOS="187"
                    VPOS="547"
                    WIDTH="416"
                    HEIGHT="77">
            <Shape><Polygon POINTS="189 599 187 617 194 622 196 622 197 622 198 622 200 622 221 614 226 611 230 614 244 622 246 622 247 622 249 624 286 624 286 622 288 622 289 622 299 614 346 622 347 622 349 622 350 622 350 621 360 612 361 612 371 621 371 622 372 622 374 622 448 624 449 624 450 624 452 624 452 622 463 612 488 621 489 621 491 621 602 611 603 601 603 564 595 558 594 558 592 558 591 558 589 558 588 558 580 565 577 568 517 568 507 562 491 554 489 554 488 554 487 554 473 561 461 567 456 560 446 551 446 550 445 550 443 550 442 550 441 550 411 557 393 562 386 557 377 549 375 549 374 549 372 549 371 549 370 549 360 556 346 564 335 554 329 550 329 549 328 549 327 549 292 549 290 549 289 549 288 549 285 551 264 565 189 547 189 599"/></Shape>
	    <String CONTENT="تا نيست چمن لايق گل شجه نبارم"
                    HPOS="187"
                    VPOS="547"
                    WIDTH="416"
                    HEIGHT="77"
                    WC="0.9613972984511276"></String>
          </TextLine>

          
          
          <TextLine ID="eSc_line_54178d99"
                    TAGREFS="LT4837"
                    BASELINE="644 601 1051 606" 
                    HPOS="642"
                    VPOS="547"
                    WIDTH="409"
                    HEIGHT="84">
            <Shape><Polygon POINTS="644 601 642 625 777 617 802 629 804 629 805 629 807 629 814 629 889 618 929 631 932 631 933 631 935 631 940 631 996 619 1049 631 1051 606 1050 578 974 578 972 576 946 562 944 562 943 562 942 562 918 575 889 549 887 549 886 549 834 549 833 549 832 549 815 557 780 547 779 547 756 547 755 547 754 547 752 547 727 568 692 550 691 550 690 550 688 550 644 572 644 601"/></Shape>
	    <String CONTENT="تا نيست صدف قابل در قطره نريزم"
                    HPOS="642"
                    VPOS="547"
                    WIDTH="409"
                    HEIGHT="84"
                    WC="0.9076302448908488"></String>
          </TextLine>

          
          
          <TextLine ID="eSc_line_9d559ef8"
                    TAGREFS="LT4837"
                    BASELINE="190 671 602 671" 
                    HPOS="190"
                    VPOS="624"
                    WIDTH="412"
                    HEIGHT="83">
            <Shape><Polygon POINTS="190 671 192 706 225 695 251 704 257 706 258 706 260 707 314 707 314 706 315 706 317 706 324 700 332 696 345 700 361 706 363 706 364 707 424 707 424 706 425 706 427 706 427 704 436 696 443 690 506 690 512 693 530 706 531 706 532 706 534 706 535 706 537 706 555 692 557 690 602 690 602 671 602 635 534 624 532 624 531 624 509 633 507 635 487 635 487 633 477 625 477 624 475 624 474 624 473 624 471 624 441 633 438 633 435 633 392 624 391 624 389 624 388 624 388 625 379 632 378 633 375 632 342 624 340 624 296 624 294 624 293 624 292 624 279 632 276 633 269 632 249 626 247 626 246 626 190 631 190 671"/></Shape>
	    <String CONTENT="لازم شده گويم ز چه تخلم ز چه بارم"
                    HPOS="190"
                    VPOS="624"
                    WIDTH="412"
                    HEIGHT="83"
                    WC="0.9347152457092748"></String>
          </TextLine>

          
          
          <TextLine ID="eSc_line_22c16996"
                    TAGREFS="LT4837"
                    BASELINE="647 674 911 678" 
                    HPOS="645"
                    VPOS="615"
                    WIDTH="266"
                    HEIGHT="93">
            <Shape><Polygon POINTS="647 674 645 690 663 704 665 704 666 704 667 706 709 706 709 704 711 704 712 704 712 703 723 692 727 689 773 696 775 696 776 696 793 688 809 696 811 696 812 696 864 689 880 706 882 706 882 707 883 707 884 707 886 708 910 708 911 678 910 631 862 636 848 631 823 619 822 619 734 615 733 615 731 615 699 632 697 633 647 633 647 674"/></Shape>
	    <String CONTENT="ست ز خود گفتنم اما"
                    HPOS="645"
                    VPOS="615"
                    WIDTH="266"
                    HEIGHT="93"
                    WC="0.9094723098807864"></String>
          </TextLine>

          
          
          <TextLine ID="eSc_line_3df53f6e"
                    TAGREFS="LT4837"
                    BASELINE="951 681 1042 682" 
                    HPOS="950"
                    VPOS="647"
                    WIDTH="92"
                    HEIGHT="57">
            <Shape><Polygon POINTS="951 681 950 695 978 704 979 704 981 704 1000 700 1022 696 1036 704 1042 682 1040 647 951 660 951 681"/></Shape>
	    <String CONTENT=""
                    HPOS="950"
                    VPOS="647"
                    WIDTH="92"
                    HEIGHT="57"></String>
          </TextLine>

          
          
          <TextLine ID="eSc_line_d5bbfb27"
                    TAGREFS="LT4837"
                    BASELINE="189 739 598 743" 
                    HPOS="187"
                    VPOS="695"
                    WIDTH="411"
                    HEIGHT="82">
            <Shape><Polygon POINTS="189 739 187 768 201 774 203 774 204 774 205 774 207 774 212 768 226 757 244 757 254 767 261 772 261 774 262 774 264 774 265 775 308 775 308 774 310 774 331 765 346 758 353 764 365 775 367 775 368 775 370 777 417 777 417 775 418 775 420 775 435 763 439 758 450 763 478 772 480 772 481 772 482 772 484 772 500 761 505 760 545 760 546 760 560 770 562 770 563 770 564 770 566 770 596 758 598 743 598 707 580 697 578 697 521 697 520 697 519 697 487 706 485 706 484 706 463 696 461 696 460 696 459 696 457 696 445 704 395 696 393 696 392 696 391 696 379 704 378 706 332 706 332 704 327 697 325 697 325 696 324 696 322 696 321 696 320 696 297 703 289 696 289 695 288 695 286 695 285 695 283 695 256 703 254 703 189 703 189 739"/></Shape>
	    <String CONTENT="به شنوز چه نسلم زر چه اصلم زر چه کارم"
                    HPOS="187"
                    VPOS="695"
                    WIDTH="411"
                    HEIGHT="82"
                    WC="0.8944989950270266"></String>
          </TextLine>

          
          
          <TextLine ID="eSc_line_7fabbe0a"
                    TAGREFS="LT4837"
                    BASELINE="649 747 1040 753" 
                    HPOS="648"
                    VPOS="699"
                    WIDTH="392"
                    HEIGHT="86">
            <Shape><Polygon POINTS="648 783 713 785 715 785 716 785 718 785 722 781 737 768 752 779 754 779 755 779 756 779 758 779 759 779 759 778 776 765 790 777 791 777 793 777 794 777 795 777 825 765 850 772 851 772 852 772 854 772 855 772 862 765 871 774 872 774 872 775 873 775 875 775 876 775 878 775 886 772 905 765 911 771 923 782 923 783 925 783 926 783 928 783 929 783 930 783 943 772 965 771 978 779 979 779 981 779 982 779 983 779 985 779 1003 767 1006 765 1039 765 1040 753 1039 710 974 701 972 701 971 701 958 708 942 717 923 708 918 706 916 706 915 706 914 706 912 706 912 707 911 707 901 717 878 717 859 707 844 699 843 699 825 699 823 699 822 699 820 699 820 700 814 707 805 714 775 706 759 703 758 703 756 703 755 703 752 706 743 713 699 706 676 701 674 701 673 701 672 701 669 704 660 711 652 704 649 747 648 783"/></Shape>
	    <String CONTENT="نگر که کيم از چه مقامم ز چه جايم"
                    HPOS="648"
                    VPOS="699"
                    WIDTH="392"
                    HEIGHT="86"
                    WC="0.9332165513187647"></String>
          </TextLine>

          
          
          <TextLine ID="eSc_line_1b0d634f"
                    TAGREFS="LT4837"
                    BASELINE="186 820 601 817" 
                    HPOS="185"
                    VPOS="768"
                    WIDTH="416"
                    HEIGHT="79">
            <Shape><Polygon POINTS="186 820 186 847 211 846 212 846 214 846 214 845 225 835 262 845 268 846 269 846 271 847 379 847 379 846 381 846 382 846 382 845 388 839 396 831 435 838 457 840 459 840 460 840 473 835 487 831 516 833 555 838 556 838 599 829 601 817 599 782 576 768 574 768 573 768 505 768 503 768 502 768 500 768 485 782 459 785 448 786 443 785 392 768 391 768 389 768 388 768 335 786 331 788 322 786 243 774 242 774 240 774 239 774 239 775 229 785 185 788 186 820"/></Shape>
	    <String CONTENT="از مرتيه خود دوسه تمثيل بيارم"
                    HPOS="185"
                    VPOS="768"
                    WIDTH="416"
                    HEIGHT="79"
                    WC="0.9338937597028141"></String>
          </TextLine>

          
          
          <TextLine ID="eSc_line_3dcaa50e"
                    TAGREFS="LT4837"
                    BASELINE="635 818 1040 825" 
                    HPOS="634"
                    VPOS="770"
                    WIDTH="406"
                    HEIGHT="83">
            <Shape><Polygon POINTS="635 818 634 838 718 846 719 846 720 846 722 846 727 842 734 836 750 842 756 845 758 845 759 845 761 845 768 843 793 836 816 845 825 847 826 847 827 847 829 847 830 847 830 846 832 845 841 838 865 838 876 846 879 849 879 850 880 850 882 850 883 852 907 852 907 850 908 850 910 850 912 847 923 839 958 847 960 847 961 847 962 847 979 840 994 850 994 852 996 852 997 852 999 853 1039 853 1040 825 1040 793 975 777 974 777 972 777 971 777 932 786 905 772 904 772 903 772 901 772 900 772 880 785 865 775 864 775 862 775 861 775 859 775 858 775 844 786 795 770 794 770 793 770 635 786 635 818"/></Shape>
	    <String CONTENT="چون چشم شناسندگی مخلق ي"
                    HPOS="634"
                    VPOS="770"
                    WIDTH="406"
                    HEIGHT="83"
                    WC="0.9266339993995169"></String>
          </TextLine>

          
          
          <TextLine ID="eSc_line_ad2078cd"
                    TAGREFS="LT4837"
                    BASELINE="190 885 589 890" 
                    HPOS="189"
                    VPOS="833"
                    WIDTH="400"
                    HEIGHT="85">
            <Shape><Polygon POINTS="190 885 189 913 201 914 203 914 204 914 205 914 205 913 218 902 271 902 281 911 282 911 282 913 283 913 285 913 286 913 288 913 292 911 310 904 321 910 331 916 332 916 392 917 393 917 395 917 396 917 404 909 406 909 432 917 434 917 435 917 436 917 438 917 438 916 445 909 466 917 467 917 468 917 470 917 471 917 478 910 487 917 487 918 488 918 489 918 491 918 492 918 493 918 506 907 509 906 588 906 589 890 589 845 537 835 535 835 534 835 532 835 520 845 516 847 512 845 491 833 489 833 457 833 456 833 455 833 453 833 442 843 414 833 413 833 411 833 410 833 386 845 370 838 368 838 367 838 365 838 364 838 354 845 350 849 307 849 299 845 264 833 262 833 261 833 260 833 230 845 228 846 190 846 190 885"/></Shape>
	    <String CONTENT="من گوهر پاکم به گل تيره چه کارم"
                    HPOS="189"
                    VPOS="833"
                    WIDTH="400"
                    HEIGHT="85"
                    WC="0.8935907137009406"></String>
          </TextLine>

          
          
          <TextLine ID="eSc_line_5c50666a"
                    TAGREFS="LT4837"
                    BASELINE="649 897 1039 899" 
                    HPOS="648"
                    VPOS="842"
                    WIDTH="391"
                    HEIGHT="83">
            <Shape><Polygon POINTS="649 897 648 922 711 924 712 924 713 924 715 924 715 922 716 922 727 911 754 922 761 924 762 924 763 925 783 925 783 924 784 924 786 924 788 921 801 911 829 911 839 921 841 922 841 924 843 924 844 924 846 924 847 924 855 921 875 911 923 911 935 920 937 922 939 922 940 922 942 922 943 922 950 920 968 911 985 918 997 924 999 924 1000 924 1001 924 1014 918 1025 913 1033 918 1039 899 1038 861 932 845 930 845 898 852 887 842 886 842 884 842 829 842 827 842 826 842 825 842 825 843 807 860 777 849 776 849 775 849 773 849 744 860 743 860 731 850 731 849 730 849 729 849 727 849 726 849 724 849 724 850 719 856 688 842 687 842 686 842 684 842 683 842 683 843 666 860 665 860 649 860 649 897"/></Shape>
	    <String CONTENT="من طاير قدسم قفس جم نخويم"
                    HPOS="648"
                    VPOS="842"
                    WIDTH="391"
                    HEIGHT="83"
                    WC="0.8615697121620178"></String>
          </TextLine>

          
          
          <TextLine ID="eSc_line_485b0cd3"
                    TAGREFS="LT4837"
                    BASELINE="178 960 592 960" 
                    HPOS="178"
                    VPOS="906"
                    WIDTH="414"
                    HEIGHT="80">
            <Shape><Polygon POINTS="178 960 178 978 242 985 243 985 244 985 246 985 258 977 265 972 271 977 282 985 283 985 285 985 286 985 320 979 359 986 360 986 361 986 363 986 363 985 374 975 377 972 434 972 438 974 466 986 467 986 468 986 470 986 498 979 506 986 507 986 509 986 510 986 512 986 513 986 525 978 563 984 564 984 566 984 592 971 592 960 592 916 584 913 583 913 581 913 580 913 578 913 578 914 574 917 566 924 532 918 517 916 516 916 487 918 448 924 443 920 438 916 438 914 436 914 435 914 434 914 403 918 379 906 378 906 377 906 375 906 374 906 352 920 336 906 335 906 333 906 332 906 264 917 251 907 251 906 250 906 249 906 221 906 219 906 218 906 178 924 178 960"/></Shape>
	    <String CONTENT="من جانم و در چشم کسانيک نزا"
                    HPOS="178"
                    VPOS="906"
                    WIDTH="414"
                    HEIGHT="80"
                    WC="0.9035900941601506"></String>
          </TextLine>

          
          
          <TextLine ID="eSc_line_f70e4c29"
                    TAGREFS="LT4837"
                    BASELINE="626 963 1038 966" 
                    HPOS="624"
                    VPOS="913"
                    WIDTH="414"
                    HEIGHT="85">
            <Shape><Polygon POINTS="626 963 624 982 652 996 654 996 655 998 702 998 702 996 729 993 730 993 731 993 731 992 744 981 747 978 751 981 763 989 765 989 766 989 768 989 769 989 788 981 798 977 830 977 841 981 869 991 871 991 872 991 873 991 875 991 890 979 891 979 894 979 915 985 916 985 918 985 919 985 930 979 935 978 937 979 962 998 964 998 965 998 967 998 968 998 1000 979 1001 978 1004 979 1015 988 1017 988 1018 988 1019 988 1021 988 1036 979 1038 966 1038 927 1011 914 1010 914 942 914 940 914 939 914 937 914 918 927 914 929 910 927 884 914 883 914 882 914 880 914 855 921 848 916 848 914 847 914 846 914 844 914 843 914 818 925 763 913 762 913 761 913 726 928 726 929 626 929 626 963"/></Shape>
	    <String CONTENT="چشمى که کسان راست به جز چند"
                    HPOS="624"
                    VPOS="913"
                    WIDTH="414"
                    HEIGHT="85"
                    WC="0.8553995721869998"></String>
          </TextLine>

          
          
          <TextLine ID="eSc_line_96152a0d"
                    TAGREFS="LT4837"
                    BASELINE="178 1029 587 1029" 
                    HPOS="178"
                    VPOS="982"
                    WIDTH="409"
                    HEIGHT="78">
            <Shape><Polygon POINTS="178 1029 178 1046 246 1046 265 1057 267 1057 268 1057 269 1057 271 1057 272 1057 292 1045 293 1045 294 1045 333 1056 335 1056 336 1056 338 1056 363 1045 364 1045 392 1059 393 1059 395 1060 429 1060 429 1059 431 1059 432 1059 432 1057 439 1052 446 1059 448 1059 449 1059 450 1060 500 1060 500 1059 502 1059 503 1059 514 1050 541 1055 542 1055 587 1043 587 1029 585 985 491 995 473 984 471 982 470 982 468 982 417 982 416 982 414 982 413 982 413 984 402 992 372 984 371 984 370 984 368 984 367 984 357 993 304 995 290 984 289 984 288 984 286 984 285 984 262 995 236 995 225 984 225 982 224 982 222 982 178 982 178 1029"/></Shape>
	    <String CONTENT="من جوهر اصلم که از آن روی معارم"
                    HPOS="178"
                    VPOS="982"
                    WIDTH="409"
                    HEIGHT="78"
                    WC="0.8822535816580057"></String>
          </TextLine>

          
          
          <TextLine ID="eSc_line_1bfa2c6f"
                    TAGREFS="LT4837"
                    BASELINE="626 1029 1035 1032" 
                    HPOS="624"
                    VPOS="982"
                    WIDTH="411"
                    HEIGHT="75">
            <Shape><Polygon POINTS="626 1029 624 1043 640 1050 641 1050 642 1050 676 1045 688 1055 688 1056 690 1056 691 1056 692 1056 694 1056 722 1045 765 1045 782 1056 783 1056 784 1056 786 1056 827 1050 843 1057 844 1057 846 1057 1033 1045 1035 1032 1035 1003 996 991 994 991 993 991 992 991 990 991 990 992 979 1002 979 1003 962 1003 962 1002 937 984 936 984 935 984 933 984 848 991 832 982 830 982 829 982 751 999 709 982 708 982 706 982 705 982 704 982 704 984 687 1000 686 1000 626 1000 626 1029"/></Shape>
	    <String CONTENT="مطلت جواهر نه بزرگی و رسانيست"
                    HPOS="624"
                    VPOS="982"
                    WIDTH="411"
                    HEIGHT="75"
                    WC="0.8995994493879121"></String>
          </TextLine>

          
          
          <TextLine ID="eSc_line_bfe009b9"
                    TAGREFS="LT4837"
                    BASELINE="179 1105 587 1105" 
                    HPOS="179"
                    VPOS="1052"
                    WIDTH="408"
                    HEIGHT="82">
            <Shape><Polygon POINTS="179 1105 179 1125 242 1118 254 1124 268 1131 269 1131 271 1131 272 1131 274 1131 283 1124 290 1120 301 1124 322 1131 324 1131 325 1131 372 1123 382 1131 382 1132 384 1132 385 1132 386 1134 443 1134 443 1132 445 1132 446 1132 466 1120 477 1128 478 1128 480 1128 481 1130 481 1128 482 1128 484 1128 493 1121 505 1130 505 1131 506 1131 507 1131 537 1132 538 1132 539 1132 541 1132 541 1131 555 1118 587 1117 587 1105 587 1063 577 1055 577 1053 576 1053 574 1053 573 1053 571 1053 541 1066 530 1071 499 1071 495 1066 484 1057 484 1056 482 1056 481 1056 480 1056 478 1056 477 1056 468 1063 460 1056 459 1056 457 1056 456 1056 455 1056 453 1056 453 1057 442 1067 439 1071 396 1071 393 1068 377 1053 377 1052 375 1052 374 1052 320 1052 318 1052 317 1052 315 1052 288 1070 286 1070 285 1070 230 1052 229 1052 228 1052 226 1052 179 1070 179 1105"/></Shape>
	    <String CONTENT="خواهى به نمايم ز به زرمى که چه دارم"
                    HPOS="179"
                    VPOS="1052"
                    WIDTH="408"
                    HEIGHT="82"
                    WC="0.8707290070397513"></String>
          </TextLine>

          
          
          <TextLine ID="eSc_line_c91b2482"
                    TAGREFS="LT4837"
                    BASELINE="627 1109 1032 1116" 
                    HPOS="626"
                    VPOS="1057"
                    WIDTH="406"
                    HEIGHT="81">
            <Shape><Polygon POINTS="627 1109 626 1123 633 1130 633 1131 634 1131 635 1131 637 1132 677 1132 677 1131 679 1131 704 1121 708 1120 787 1121 791 1125 800 1132 800 1134 801 1134 802 1134 804 1134 836 1128 865 1123 914 1131 929 1134 930 1134 932 1134 933 1134 935 1132 940 1128 946 1134 950 1137 951 1137 953 1137 954 1138 1031 1138 1032 1116 1031 1071 979 1078 969 1071 958 1061 957 1061 955 1061 923 1060 922 1060 921 1060 919 1060 919 1061 908 1071 907 1073 903 1071 889 1066 887 1066 886 1066 857 1071 847 1073 843 1071 818 1059 816 1059 815 1059 755 1068 722 1057 720 1057 719 1057 718 1057 716 1057 697 1071 694 1073 627 1073 627 1109"/></Shape>
	    <String CONTENT="ار بزرگى نه بود يشت چمى"
                    HPOS="626"
                    VPOS="1057"
                    WIDTH="406"
                    HEIGHT="81"
                    WC="0.9072907307873601"></String>
          </TextLine>

          
          
          <TextLine ID="eSc_line_1db139e1"
                    TAGREFS="LT4837"
                    BASELINE="173 1170 588 1173" 
                    HPOS="172"
                    VPOS="1130"
                    WIDTH="416"
                    HEIGHT="68">
            <Shape><Polygon POINTS="173 1170 172 1195 196 1196 197 1196 198 1196 201 1195 224 1184 289 1184 304 1195 306 1196 307 1196 308 1196 310 1196 311 1196 317 1194 342 1184 364 1184 378 1194 382 1198 384 1198 385 1198 386 1198 411 1194 431 1189 439 1194 450 1198 452 1198 453 1198 587 1191 588 1173 588 1141 503 1131 502 1131 500 1131 481 1141 480 1141 470 1141 411 1134 410 1134 409 1134 384 1141 382 1141 381 1141 371 1132 371 1131 370 1131 368 1131 367 1131 289 1139 279 1131 278 1131 276 1131 275 1131 274 1131 243 1139 210 1130 208 1130 207 1130 205 1130 173 1139 173 1170"/></Shape>
	    <String CONTENT="من آدمم امانه چنارو نه منارم"
                    HPOS="172"
                    VPOS="1130"
                    WIDTH="416"
                    HEIGHT="68"
                    WC="0.9160069083345348"></String>
          </TextLine>

          
          
          <TextLine ID="eSc_line_f9799d22"
                    TAGREFS="LT4837"
                    BASELINE="624 1177 1026 1181" 
                    HPOS="623"
                    VPOS="1124"
                    WIDTH="403"
                    HEIGHT="79">
            <Shape><Polygon POINTS="624 1177 623 1194 635 1200 637 1200 638 1202 638 1200 640 1200 654 1194 656 1194 754 1200 755 1200 756 1200 758 1200 758 1199 762 1196 770 1189 818 1189 830 1198 832 1199 833 1199 834 1199 836 1199 837 1199 840 1198 855 1189 879 1198 880 1198 882 1198 929 1191 957 1200 964 1203 965 1203 967 1203 1025 1202 1026 1181 1026 1142 955 1142 954 1141 936 1128 935 1128 933 1128 891 1128 890 1128 889 1128 887 1128 887 1130 876 1138 862 1125 861 1125 859 1125 858 1125 812 1132 798 1125 797 1125 795 1125 794 1125 793 1125 793 1127 779 1139 777 1142 759 1142 755 1139 716 1124 715 1124 672 1124 670 1124 669 1124 667 1124 649 1139 648 1139 624 1139 624 1177"/></Shape>
	    <String CONTENT="آدم وسط القد و سبگروخ نکوتر"
                    HPOS="623"
                    VPOS="1124"
                    WIDTH="403"
                    HEIGHT="79"
                    WC="0.8764836468866893"></String>
          </TextLine>

          
          
          <TextLine ID="eSc_line_82e68fac"
                    TAGREFS="LT4837"
                    BASELINE="176 1246 577 1252" 
                    HPOS="175"
                    VPOS="1195"
                    WIDTH="402"
                    HEIGHT="83">
            <Shape><Polygon POINTS="176 1246 175 1271 193 1273 194 1273 196 1273 197 1273 197 1271 214 1256 246 1256 257 1266 257 1267 258 1267 260 1267 261 1267 262 1267 281 1257 313 1264 314 1264 315 1264 317 1264 324 1259 336 1269 338 1269 339 1269 340 1269 342 1269 365 1257 397 1267 399 1267 400 1267 445 1260 459 1267 480 1277 481 1277 482 1278 564 1278 564 1277 566 1277 567 1277 567 1276 576 1266 577 1252 577 1199 538 1199 537 1199 535 1199 534 1199 534 1200 532 1200 509 1224 481 1224 473 1216 473 1214 471 1214 470 1214 468 1214 434 1221 409 1207 403 1203 402 1203 400 1203 399 1203 397 1203 396 1203 391 1207 385 1212 379 1209 364 1200 363 1200 361 1200 360 1200 359 1200 346 1210 331 1221 317 1221 301 1212 271 1195 269 1195 268 1195 207 1202 205 1202 176 1216 176 1246"/></Shape>
	    <String CONTENT="خم سخن بهده در سينه نگارم"
                    HPOS="175"
                    VPOS="1195"
                    WIDTH="402"
                    HEIGHT="83"
                    WC="0.9558101725578309"></String>
          </TextLine>

          
          
          <TextLine ID="eSc_line_39924ed0"
                    TAGREFS="LT4837"
                    BASELINE="635 1256 1029 1259" 
                    HPOS="634"
                    VPOS="1207"
                    WIDTH="395"
                    HEIGHT="74">
            <Shape><Polygon POINTS="635 1256 634 1276 663 1280 665 1280 666 1280 676 1276 688 1270 711 1276 731 1280 733 1280 734 1280 736 1280 743 1276 752 1270 758 1274 761 1277 761 1278 762 1278 763 1278 800 1280 801 1280 802 1280 815 1274 832 1267 882 1274 943 1281 944 1281 946 1281 964 1273 972 1269 981 1273 994 1278 996 1278 997 1278 1028 1271 1029 1259 1029 1209 967 1209 965 1209 964 1209 960 1210 940 1221 912 1214 911 1214 910 1214 908 1214 876 1225 855 1225 843 1214 834 1207 833 1207 832 1207 830 1207 829 1207 827 1207 818 1216 807 1223 773 1217 747 1213 745 1213 715 1219 697 1223 694 1220 683 1212 681 1212 680 1212 679 1212 677 1212 676 1212 676 1213 667 1221 635 1221 635 1256"/></Shape>
	    <String CONTENT="از گفتن بی فايده بسيار نغورم"
                    HPOS="634"
                    VPOS="1207"
                    WIDTH="395"
                    HEIGHT="74"
                    WC="0.956076272896358"></String>
          </TextLine>

          
          
          <TextLine ID="eSc_line_76288d21"
                    TAGREFS="LT4837"
                    BASELINE="622 1327 1036 1327" 
                    HPOS="622"
                    VPOS="1274"
                    WIDTH="414"
                    HEIGHT="81">
            <Shape><Polygon POINTS="622 1327 622 1339 654 1353 655 1353 656 1355 765 1355 765 1353 766 1353 812 1341 915 1341 928 1352 928 1353 929 1353 930 1353 932 1355 1007 1355 1007 1353 1008 1353 1036 1339 1036 1327 1035 1287 946 1287 944 1287 932 1277 930 1277 929 1277 928 1277 862 1287 858 1287 857 1287 829 1274 827 1274 758 1274 756 1274 755 1274 754 1274 747 1280 741 1276 741 1274 740 1274 738 1274 692 1274 691 1274 690 1274 665 1287 665 1288 622 1288 622 1327"/></Shape>
	    <String CONTENT="ر قطره صفت در نظر ايم به حقيقت"
                    HPOS="622"
                    VPOS="1274"
                    WIDTH="414"
                    HEIGHT="81"
                    WC="0.9417520930369695"></String>
          </TextLine>

          
          
          <TextLine ID="eSc_line_820289e1"
                    TAGREFS="LT4837"
                    BASELINE="180 1320 592 1327" 
                    HPOS="179"
                    VPOS="1270"
                    WIDTH="413"
                    HEIGHT="88">
            <Shape><Polygon POINTS="180 1320 179 1346 186 1351 187 1351 189 1351 190 1351 230 1344 261 1338 293 1344 317 1348 318 1348 320 1348 321 1348 321 1346 325 1344 327 1341 333 1344 360 1355 361 1355 363 1356 363 1355 364 1355 391 1344 397 1341 403 1344 425 1356 427 1356 428 1356 480 1349 495 1356 496 1356 498 1356 534 1351 541 1356 541 1358 542 1358 544 1358 545 1358 546 1358 548 1358 563 1344 564 1344 589 1344 592 1327 591 1278 538 1284 528 1278 525 1276 524 1276 523 1276 475 1274 474 1274 473 1274 457 1280 436 1287 425 1280 417 1274 416 1274 414 1274 375 1273 374 1273 372 1273 371 1273 360 1280 352 1285 343 1280 332 1273 331 1273 329 1273 328 1273 327 1273 325 1273 317 1281 311 1285 278 1285 240 1281 230 1281 219 1271 219 1270 218 1270 217 1270 215 1270 214 1270 180 1281 180 1320"/></Shape>
	    <String CONTENT="هم بجر محيطم من دهم عين عيارم"
                    HPOS="179"
                    VPOS="1270"
                    WIDTH="413"
                    HEIGHT="88"
                    WC="0.893001100112652"></String>
          </TextLine>

          
          
          <TextLine ID="eSc_line_2b44107c"
                    TAGREFS="LT4837"
                    BASELINE="183 1388 581 1392" 
                    HPOS="182"
                    VPOS="1341"
                    WIDTH="399"
                    HEIGHT="83">
            <Shape><Polygon POINTS="183 1388 182 1410 251 1403 285 1415 314 1423 315 1423 317 1424 345 1424 345 1423 346 1423 347 1423 359 1415 364 1410 386 1416 423 1423 424 1423 425 1423 427 1423 435 1416 449 1405 467 1405 478 1416 485 1423 485 1424 487 1424 488 1424 489 1424 491 1424 492 1424 500 1417 509 1410 517 1417 527 1424 528 1424 530 1424 531 1424 580 1417 581 1392 577 1349 556 1356 542 1349 531 1344 530 1344 528 1344 527 1344 525 1344 517 1349 506 1356 491 1349 475 1344 474 1344 473 1344 471 1344 459 1351 448 1356 432 1351 417 1345 416 1345 414 1345 413 1345 396 1351 385 1355 381 1351 370 1342 368 1342 367 1342 365 1342 364 1342 340 1352 332 1355 264 1355 261 1352 243 1341 242 1341 240 1341 205 1341 204 1341 203 1341 183 1351 183 1388"/></Shape>
	    <String CONTENT="بيم مرکن اصکم من وهم عين مدارم"
                    HPOS="182"
                    VPOS="1341"
                    WIDTH="399"
                    HEIGHT="83"
                    WC="0.8707504530747732"></String>
          </TextLine>

          
          
          <TextLine ID="eSc_line_82fca0ad"
                    TAGREFS="LT4837"
                    BASELINE="631 1396 1017 1403" 
                    HPOS="630"
                    VPOS="1344"
                    WIDTH="387"
                    HEIGHT="83">
            <Shape><Polygon POINTS="631 1396 630 1420 658 1421 659 1421 660 1421 662 1421 662 1420 677 1405 704 1405 743 1405 758 1420 758 1421 759 1421 761 1421 762 1421 763 1421 765 1421 786 1406 840 1408 864 1420 865 1420 866 1421 866 1420 868 1420 889 1409 912 1426 914 1426 915 1426 1014 1427 1017 1403 1017 1363 982 1358 981 1358 979 1358 978 1358 972 1362 969 1364 965 1362 936 1348 935 1348 933 1348 932 1348 912 1358 901 1348 900 1348 898 1348 871 1348 869 1348 868 1348 829 1359 786 1345 784 1345 783 1345 782 1345 743 1359 740 1360 737 1359 705 1344 704 1344 702 1344 631 1358 631 1396"/></Shape>
	    <String CONTENT=" ارض و سموات جلاليست به کامم"
                    HPOS="630"
                    VPOS="1344"
                    WIDTH="387"
                    HEIGHT="83"
                    WC="0.8896718450954982"></String>
          </TextLine>

          
          
          <TextLine ID="eSc_line_9ecb1723"
                    TAGREFS="LT4837"
                    BASELINE="175 1463 578 1467" 
                    HPOS="173"
                    VPOS="1416"
                    WIDTH="405"
                    HEIGHT="81">
            <Shape><Polygon POINTS="175 1463 173 1483 185 1490 186 1490 187 1490 189 1490 190 1490 192 1490 192 1488 203 1480 240 1488 242 1488 243 1488 274 1480 275 1480 276 1480 307 1494 308 1494 310 1494 311 1494 345 1485 418 1494 420 1494 421 1494 423 1494 443 1481 523 1495 524 1497 556 1497 556 1495 557 1495 559 1495 577 1481 578 1467 577 1427 505 1428 492 1426 466 1419 464 1419 463 1419 461 1419 460 1419 460 1420 453 1426 450 1428 409 1428 395 1426 350 1417 349 1417 347 1417 346 1417 346 1419 339 1424 336 1428 310 1428 296 1424 258 1416 257 1416 256 1416 235 1424 230 1426 228 1424 217 1416 215 1416 214 1416 212 1416 175 1423 175 1463"/></Shape>
	    <String CONTENT="هم عين عيونم من وهيم نورم"
                    HPOS="173"
                    VPOS="1416"
                    WIDTH="405"
                    HEIGHT="81"
                    WC="0.8970488691329956"></String>
          </TextLine>

          
          
          <TextLine ID="eSc_line_c2512008"
                    TAGREFS="LT4837"
                    BASELINE="624 1470 1022 1473" 
                    HPOS="623"
                    VPOS="1421"
                    WIDTH="399"
                    HEIGHT="69">
            <Shape><Polygon POINTS="624 1470 623 1487 660 1488 662 1488 663 1488 665 1488 666 1487 680 1478 719 1478 727 1485 730 1487 730 1488 731 1488 733 1488 734 1488 832 1483 887 1480 891 1481 911 1490 912 1490 914 1490 915 1490 937 1480 940 1480 944 1480 1001 1490 1003 1490 1004 1490 1006 1490 1021 1478 1022 1473 1019 1426 990 1435 947 1427 918 1421 916 1421 915 1421 914 1421 904 1427 891 1435 879 1428 869 1421 868 1421 866 1421 865 1421 761 1430 738 1421 737 1421 736 1421 734 1421 706 1431 699 1434 692 1433 673 1424 672 1424 670 1424 624 1433 624 1470"/></Shape>
	    <String CONTENT="نوری نه بود در فظر از من نديم نور"
                    HPOS="623"
                    VPOS="1421"
                    WIDTH="399"
                    HEIGHT="69"
                    WC="0.928245024247603"></String>
          </TextLine>

          
          
          <TextLine ID="eSc_line_1f904944"
                    TAGREFS="LT4837"
                    BASELINE="179 1537 598 1537" 
                    HPOS="179"
                    VPOS="1488"
                    WIDTH="419"
                    HEIGHT="84">
            <Shape><Polygon POINTS="179 1537 180 1572 219 1554 260 1554 271 1562 271 1563 272 1563 274 1563 275 1563 276 1563 307 1554 333 1567 343 1572 345 1572 346 1572 347 1572 371 1566 403 1558 439 1560 441 1563 449 1570 449 1572 450 1572 452 1572 453 1572 524 1565 530 1569 530 1570 531 1570 532 1570 534 1570 535 1570 537 1570 553 1559 563 1554 596 1558 598 1537 598 1503 555 1488 553 1488 552 1488 551 1488 549 1488 549 1490 539 1498 530 1490 530 1488 528 1488 527 1488 487 1488 485 1488 484 1488 453 1503 377 1491 375 1491 374 1491 338 1505 289 1505 274 1490 274 1488 272 1488 271 1488 243 1488 242 1488 240 1488 239 1488 239 1490 229 1498 204 1492 203 1492 201 1492 179 1503 179 1537"/></Shape>
	    <String CONTENT="اجوه صنعم من وهم صاقع کارمم"
                    HPOS="179"
                    VPOS="1488"
                    WIDTH="419"
                    HEIGHT="84"
                    WC="0.8737494338441778"></String>
          </TextLine>

          
          
          <TextLine ID="eSc_line_4372f75c"
                    TAGREFS="LT4837"
                    BASELINE="616 1538 1013 1541" 
                    HPOS="615"
                    VPOS="1487"
                    WIDTH="398"
                    HEIGHT="87">
            <Shape><Polygon POINTS="616 1538 615 1556 656 1560 667 1572 667 1573 669 1573 670 1573 672 1574 705 1574 705 1573 706 1573 708 1573 708 1572 718 1563 761 1570 762 1570 763 1570 765 1570 775 1563 780 1559 794 1563 814 1570 815 1570 816 1570 818 1570 819 1570 819 1569 825 1565 830 1560 852 1560 859 1566 868 1573 868 1574 869 1574 871 1574 872 1574 907 1569 915 1567 928 1569 965 1574 967 1574 968 1574 969 1574 974 1570 982 1565 1008 1572 1013 1541 1011 1501 962 1488 961 1488 960 1488 958 1488 944 1501 943 1502 940 1501 926 1488 925 1488 923 1488 897 1488 896 1488 894 1488 857 1501 850 1503 844 1501 812 1487 811 1487 809 1487 808 1487 807 1487 784 1502 783 1502 780 1502 731 1491 730 1491 729 1491 706 1501 677 1488 676 1488 674 1488 673 1488 672 1488 652 1502 651 1503 616 1503 616 1538"/></Shape>
	    <String CONTENT="صلم ز مطاع دست که فرعش"
                    HPOS="615"
                    VPOS="1487"
                    WIDTH="398"
                    HEIGHT="87"
                    WC="0.941116148775274"></String>
          </TextLine>

          
        </TextBlock>
        
        <TextBlock HPOS="534"
                   VPOS="216"
                   WIDTH="120"
                   HEIGHT="16"
                   ID="eSc_textblock_c65a5b15"
                   TAGREFS="BT16094">
          <Shape><Polygon POINTS="539 216 637 216 654 232 534 232 539 216"/></Shape>
          
          
          <TextLine ID="eSc_line_56188025"
                    TAGREFS="LT4837"
                    BASELINE="537 233 609 230" 
                    HPOS="534"
                    VPOS="184"
                    WIDTH="75"
                    HEIGHT="78">
            <Shape><Polygon POINTS="537 233 537 252 560 262 562 262 563 262 609 251 609 230 605 184 534 191 537 233"/></Shape>
	    <String CONTENT="و"
                    HPOS="534"
                    VPOS="184"
                    WIDTH="75"
                    HEIGHT="78"
                    WC="0.8703746199607849"></String>
          </TextLine>

          
        </TextBlock>
        
        <TextBlock HPOS="534"
                   VPOS="139"
                   WIDTH="10"
                   HEIGHT="4"
                   ID="eSc_textblock_6e0705c4"
                   TAGREFS="BT16093">
          <Shape><Polygon POINTS="537 139 544 139 544 143 534 143 537 139"/></Shape>
          
        </TextBlock>
        
        <TextBlock HPOS="633"
                   VPOS="211"
                   WIDTH="4"
                   HEIGHT="4"
                   ID="eSc_textblock_50dcf443"
                   TAGREFS="BT16093">
          <Shape><Polygon POINTS="635 211 637 215 633 215 633 211 635 211"/></Shape>
          
        </TextBlock>
        
        <TextBlock HPOS="44"
                   VPOS="61"
                   WIDTH="132"
                   HEIGHT="21"
                   ID="eSc_textblock_ef0e1bee"
                   TAGREFS="BT16085">
          <Shape><Polygon POINTS="44 61 176 66 176 70 77 82 44 61"/></Shape>
          
        </TextBlock>
        
        <TextBlock HPOS="744"
                   VPOS="205"
                   WIDTH="10"
                   HEIGHT="4"
                   ID="eSc_textblock_9067f746"
                   TAGREFS="BT16093">
          <Shape><Polygon POINTS="748 205 754 205 754 209 744 209 748 205"/></Shape>
          
        </TextBlock>
        
        <TextBlock HPOS="489"
                   VPOS="88"
                   WIDTH="10"
                   HEIGHT="5"
                   ID="eSc_textblock_0b7bb971"
                   TAGREFS="BT16086">
          <Shape><Polygon POINTS="491 88 499 88 499 93 489 93 491 88"/></Shape>
          
        </TextBlock>
        
        <TextBlock HPOS="617"
                   VPOS="250"
                   WIDTH="92"
                   HEIGHT="26"
                   ID="eSc_textblock_9d3a93f0"
                   TAGREFS="BT16093">
          <Shape><Polygon POINTS="698 250 709 265 692 276 617 265 698 250"/></Shape>
          
        </TextBlock>
        
        <TextBlock HPOS="528"
                   VPOS="227"
                   WIDTH="4"
                   HEIGHT="5"
                   ID="eSc_textblock_4c16a70e"
                   TAGREFS="BT16093">
          <Shape><Polygon POINTS="531 227 532 232 528 232 528 227 531 227"/></Shape>
          
        </TextBlock>
        
        <TextBlock HPOS="523"
                   VPOS="233"
                   WIDTH="4"
                   HEIGHT="4"
                   ID="eSc_textblock_230477a1"
                   TAGREFS="BT16093">
          <Shape><Polygon POINTS="527 236 523 237 523 233 527 233 527 236"/></Shape>
          
        </TextBlock>
        

        
        <TextBlock ID="eSc_dummyblock_">
          
          
          <TextLine ID="eSc_line_5f2fda12"
                    TAGREFS="LT4837"
                    BASELINE="624 230 691 230" 
                    HPOS="624"
                    VPOS="173"
                    WIDTH="67"
                    HEIGHT="109">
            <Shape><Polygon POINTS="624 230 624 282 691 266 691 230 690 173 624 177 624 230"/></Shape>
	    <String CONTENT="الليم"
                    HPOS="624"
                    VPOS="173"
                    WIDTH="67"
                    HEIGHT="109"
                    WC="0.8336312592029571"></String>
          </TextLine>

          
        </TextBlock>
        
      </PrintSpace>
    </Page>
  </Layout>
</alto>
