<?xml version="1.0" encoding="UTF-8"?>
<alto xmlns:xsi="http://www.w3.org/2001/XMLSchema-instance"
      xmlns="http://www.loc.gov/standards/alto/ns-v4#"
      xsi:schemaLocation="http://www.loc.gov/standards/alto/ns-v4# http://www.loc.gov/standards/alto/v4/alto-4-2.xsd">
  <Description>
    <MeasurementUnit>pixel</MeasurementUnit>
    <sourceImageInformation>
      <fileName>Rasail052.jpg</fileName>
      
    </sourceImageInformation>
  </Description>
  
  <Tags>
    <OtherTag ID="BT16094" LABEL="default" DESCRIPTION="block type default"/><OtherTag ID="BT16093" LABEL="NumberingZone:page" DESCRIPTION="block type NumberingZone:page"/><OtherTag ID="BT16092" LABEL="MarginTextZone:note" DESCRIPTION="block type MarginTextZone:note"/><OtherTag ID="BT16091" LABEL="TitlePageZone" DESCRIPTION="block type TitlePageZone"/><OtherTag ID="BT16090" LABEL="QuireMarksZone:catchwords" DESCRIPTION="block type QuireMarksZone:catchwords"/><OtherTag ID="BT16089" LABEL="NumberingZone:other" DESCRIPTION="block type NumberingZone:other"/><OtherTag ID="BT16088" LABEL="NumberingZone" DESCRIPTION="block type NumberingZone"/><OtherTag ID="BT16087" LABEL="MarginTextZone" DESCRIPTION="block type MarginTextZone"/><OtherTag ID="BT16086" LABEL="MainZone" DESCRIPTION="block type MainZone"/><OtherTag ID="BT16085" LABEL="DigitizationArtefactZone" DESCRIPTION="block type DigitizationArtefactZone"/><OtherTag ID="BT2" LABEL="Main" DESCRIPTION="block type Main"/><OtherTag ID="BT1" LABEL="Title" DESCRIPTION="block type Title"/>
    <OtherTag ID="LT4837" LABEL="DefaultLine" DESCRIPTION="line type DefaultLine"/><OtherTag ID="LT4838" LABEL="default" DESCRIPTION="line type default"/><OtherTag ID="LT4839" LABEL="HeadingLine:title" DESCRIPTION="line type HeadingLine:title"/>
  </Tags>
  
  <Layout>
    <Page WIDTH="1144"
          HEIGHT="1686"
          PHYSICAL_IMG_NR="80"
          ID="eSc_dummypage_">
      <PrintSpace HPOS="0"
                  VPOS="0"
                  WIDTH="1144"
                  HEIGHT="1686">
        
        <TextBlock HPOS="106"
                   VPOS="157"
                   WIDTH="1015"
                   HEIGHT="1471"
                   ID="eSc_textblock_a5e3fe30"
                   TAGREFS="BT16086">
          <Shape><Polygon POINTS="224 157 1025 157 1121 185 1115 1538 1087 1622 140 1628 106 1589 123 1572 123 1326 157 987 163 292 185 191 224 157"/></Shape>
          
          
          <TextLine ID="eSc_line_aad8ee3e"
                    TAGREFS="LT4837"
                    BASELINE="208 220 688 234 1037 233 1087 226" 
                    HPOS="206"
                    VPOS="168"
                    WIDTH="881"
                    HEIGHT="104">
            <Shape><Polygon POINTS="208 170 208 220 206 238 240 238 241 238 274 252 275 252 276 252 278 252 297 243 333 244 373 257 375 257 376 257 378 257 379 257 394 244 448 254 449 254 451 254 476 247 494 261 496 261 497 261 498 261 500 261 542 245 559 261 559 262 560 262 562 262 593 264 594 265 625 265 625 264 626 264 628 264 628 262 643 248 661 264 661 265 663 265 664 265 666 265 708 255 718 264 718 265 719 265 720 265 761 266 763 266 764 266 765 266 788 250 792 248 827 248 834 251 865 268 867 268 868 269 889 269 889 268 891 268 892 268 910 252 914 250 985 250 989 254 1004 269 1004 271 1006 271 1007 271 1009 272 1066 272 1066 271 1068 271 1069 271 1086 258 1087 226 1080 185 1065 198 1048 185 1047 184 1045 184 1044 184 1042 184 1041 184 1040 184 1040 185 1024 198 1006 184 1003 181 1002 181 1000 181 950 181 948 181 947 181 945 181 945 182 944 182 921 203 850 203 789 179 785 178 784 178 782 178 781 178 780 178 778 179 746 199 709 192 708 192 670 199 643 177 642 177 640 177 639 177 638 177 636 177 600 199 583 199 573 188 573 186 572 186 570 186 569 186 567 186 566 186 553 196 508 189 507 189 505 189 504 189 496 196 425 184 424 184 397 188 379 174 378 174 376 174 375 174 373 174 342 186 321 170 320 170 319 170 317 170 316 170 314 170 302 179 289 170 288 170 286 170 209 168 208 170"/></Shape>
	    <String CONTENT="بسح و تقدکس تو میگويم يعنی علم قيامت و امامت رابيان"
                    HPOS="206"
                    VPOS="168"
                    WIDTH="881"
                    HEIGHT="104"
                    WC="0.9052487635145"></String>
          </TextLine>

          
          
          <TextLine ID="eSc_line_d3666350"
                    TAGREFS="LT4837"
                    BASELINE="202 302 271 300 486 314 1092 318" 
                    HPOS="200"
                    VPOS="251"
                    WIDTH="892"
                    HEIGHT="97">
            <Shape><Polygon POINTS="202 302 200 317 342 324 359 340 359 341 361 341 362 341 364 342 394 342 394 341 396 341 397 341 397 340 410 328 428 341 430 341 431 341 465 342 466 342 468 342 514 328 518 327 524 328 563 344 564 344 566 344 567 344 594 331 605 324 661 324 692 334 694 334 695 334 698 334 764 327 798 337 799 337 801 337 802 337 836 328 869 340 892 348 893 348 895 348 1090 347 1092 318 1092 272 1082 264 1082 262 1080 262 1079 262 1077 262 1076 262 1047 273 1040 276 1030 273 989 262 988 262 986 262 985 262 959 273 945 281 928 273 905 262 903 262 902 262 900 262 876 273 875 273 872 273 843 259 841 259 787 259 785 259 784 259 782 259 782 261 772 269 764 262 764 261 763 261 761 261 760 261 758 261 735 268 708 258 706 258 705 258 677 262 676 262 674 262 663 272 657 276 629 272 611 269 609 269 591 272 557 276 548 271 536 265 535 265 534 265 484 271 448 275 427 275 421 271 399 254 397 254 396 254 394 254 362 259 295 252 293 252 292 252 276 261 262 254 261 254 260 254 258 254 257 254 248 261 237 251 236 251 234 251 233 251 231 251 202 266 202 302"/></Shape>
	    <String CONTENT="ميكنم قال إني أعله ها لا تعلمون يعني إمام گفت كه من"
                    HPOS="200"
                    VPOS="251"
                    WIDTH="892"
                    HEIGHT="97"
                    WC="0.8932570086585151"></String>
          </TextLine>

          
          
          <TextLine ID="eSc_line_49c44142"
                    TAGREFS="LT4837"
                    BASELINE="366 379 1083 399" 
                    HPOS="365"
                    VPOS="330"
                    WIDTH="718"
                    HEIGHT="95">
            <Shape><Polygon POINTS="365 407 420 410 421 410 423 410 424 410 424 408 434 400 459 410 460 410 462 410 463 410 465 410 466 410 484 397 517 397 534 407 535 407 536 407 538 407 663 401 705 415 711 417 712 417 713 417 715 417 719 415 749 404 823 404 841 418 843 420 844 420 846 420 847 420 848 420 850 420 851 418 862 411 903 420 928 424 930 424 947 420 973 414 1000 414 1007 421 1010 424 1010 425 1011 425 1013 425 1014 425 1082 422 1083 399 1080 352 1032 365 999 365 983 349 982 349 982 348 980 348 979 348 978 348 976 348 972 349 959 356 944 349 931 344 930 344 928 344 927 344 926 344 920 348 909 356 888 348 872 342 871 342 869 342 868 342 855 348 829 359 817 351 816 351 815 351 813 351 812 351 782 358 765 345 758 340 757 340 756 340 754 340 753 340 733 345 708 352 688 344 670 337 668 337 624 335 622 335 621 335 600 342 573 351 482 351 473 340 470 338 470 337 469 337 468 337 466 337 465 337 453 340 442 342 437 340 418 330 417 330 416 330 393 331 392 331 390 331 390 332 383 338 379 344 368 338 366 379 365 407"/></Shape>
	    <String CONTENT="يزی دانم که شماز دانيد وعلمدص"
                    HPOS="365"
                    VPOS="330"
                    WIDTH="718"
                    HEIGHT="95"
                    WC="0.9035029051632717"></String>
          </TextLine>

          
          
          <TextLine ID="eSc_line_9a98ed3a"
                    TAGREFS="LT4837"
                    BASELINE="358 465 1083 472" 
                    HPOS="356"
                    VPOS="410"
                    WIDTH="727"
                    HEIGHT="87">
            <Shape><Polygon POINTS="358 465 356 481 407 479 425 484 445 490 446 490 448 490 449 490 451 490 459 484 463 481 470 484 484 490 486 490 487 490 489 490 510 484 527 480 542 484 560 490 562 490 563 490 564 490 566 490 573 484 583 480 619 480 631 486 646 493 647 493 649 493 650 493 678 486 683 484 687 486 706 493 708 493 709 493 711 493 728 486 737 481 744 486 754 493 756 493 757 493 758 493 760 493 774 486 782 481 789 486 801 494 802 494 803 494 805 495 830 495 830 494 832 494 833 494 844 486 848 483 854 486 867 493 868 493 869 493 900 487 917 483 923 487 937 495 938 495 940 495 941 497 1000 497 1000 495 1002 495 1003 495 1016 487 1017 487 1059 495 1061 495 1062 495 1082 487 1083 472 1082 429 881 432 862 422 851 417 850 417 848 417 847 417 833 422 830 422 823 421 771 414 770 414 768 414 757 420 749 424 736 420 720 414 719 414 718 414 716 414 715 414 715 415 711 418 699 431 678 420 677 420 676 420 674 420 653 431 633 417 628 413 626 413 625 413 587 413 586 413 584 413 583 413 580 415 556 428 542 414 541 414 541 413 539 413 538 413 536 413 527 414 463 424 439 414 438 414 437 414 435 414 400 424 386 413 386 411 385 411 383 411 358 410 358 465"/></Shape>
	    <String CONTENT="عنیآدم را موافق گردانيدم به تآنکه ممثولات عقا"
                    HPOS="356"
                    VPOS="410"
                    WIDTH="727"
                    HEIGHT="87"
                    WC="0.8920485922630798"></String>
          </TextLine>

          
          
          <TextLine ID="eSc_line_cd7a22a4"
                    TAGREFS="LT4837"
                    BASELINE="342 542 1084 540" 
                    HPOS="341"
                    VPOS="490"
                    WIDTH="743"
                    HEIGHT="80">
            <Shape><Polygon POINTS="342 542 344 570 373 556 394 569 396 569 397 569 399 569 400 569 401 569 420 557 451 569 453 569 455 569 456 569 458 569 459 569 459 567 470 556 486 563 487 563 489 563 529 556 545 566 548 569 549 569 550 569 552 569 553 569 562 566 584 556 597 564 601 569 602 569 604 569 605 570 624 570 624 569 625 569 626 569 626 567 631 564 638 556 653 564 654 564 656 564 657 564 666 563 704 556 712 563 718 567 718 569 719 569 720 569 722 570 742 570 742 569 743 569 744 569 751 562 758 556 775 562 798 569 799 569 801 569 802 569 824 560 836 556 853 560 892 569 893 569 943 557 947 557 952 557 1051 569 1052 569 1054 569 1084 554 1084 540 1077 500 1062 511 975 511 966 501 959 495 959 494 958 494 957 494 955 494 917 502 886 510 875 502 854 490 853 490 851 490 799 490 798 490 796 490 795 490 774 505 772 505 764 498 763 498 761 498 760 498 758 498 730 505 713 490 712 490 711 490 659 490 657 490 656 490 654 490 654 491 638 507 635 511 615 511 609 508 583 494 581 494 580 494 579 494 577 494 562 505 542 497 541 497 539 497 518 501 508 493 508 491 507 491 505 491 504 491 503 491 501 491 489 501 477 491 477 490 476 490 475 490 431 490 430 490 341 511 342 542"/></Shape>
	    <String CONTENT="سی درآورد عرجنهم علی التملئکة يعنی"
                    HPOS="341"
                    VPOS="490"
                    WIDTH="743"
                    HEIGHT="80"
                    WC="0.8598307851288054"></String>
          </TextLine>

          
          
          <TextLine ID="eSc_line_b8794b25"
                    TAGREFS="LT4837"
                    BASELINE="185 517 224 517" 
                    HPOS="185"
                    VPOS="448"
                    WIDTH="39"
                    HEIGHT="90">
            <Shape><Polygon POINTS="185 517 185 538 224 532 224 517 224 451 185 448 185 517"/></Shape>
	    <String CONTENT=""
                    HPOS="185"
                    VPOS="448"
                    WIDTH="39"
                    HEIGHT="90"></String>
          </TextLine>

          
          
          <TextLine ID="eSc_line_0b74c61f"
                    TAGREFS="LT4837"
                    BASELINE="185 604 985 625 1080 616" 
                    HPOS="184"
                    VPOS="554"
                    WIDTH="896"
                    HEIGHT="99">
            <Shape><Polygon POINTS="185 604 184 616 216 628 217 628 219 628 220 628 254 619 276 633 278 633 279 633 281 633 282 633 319 623 417 637 418 637 420 637 439 628 486 636 487 636 489 636 490 636 507 625 555 639 556 639 557 639 559 639 587 629 624 643 625 643 626 643 628 643 671 629 737 646 739 646 740 646 823 633 851 649 853 649 854 649 855 649 886 635 936 642 937 642 965 636 1021 653 1023 653 1024 653 1025 653 1079 637 1080 616 1079 576 1034 574 1032 574 1031 574 1030 574 1013 588 995 574 993 573 992 573 990 573 964 571 962 571 923 574 921 574 920 574 920 576 905 588 843 587 827 574 822 569 820 569 819 569 817 569 816 569 802 573 794 576 787 573 767 567 765 567 764 567 763 567 751 573 735 583 695 583 678 573 666 564 664 564 663 564 661 564 660 564 633 573 631 573 626 573 594 566 593 566 591 566 590 566 580 573 564 580 525 580 515 571 507 564 505 564 504 564 503 564 501 564 500 564 489 571 479 578 453 578 424 577 414 571 387 557 386 557 385 557 306 570 290 573 286 570 260 554 258 554 257 554 255 554 254 554 252 554 233 569 200 562 199 562 198 562 185 567 185 604"/></Shape>
	    <String CONTENT="سی را که به حسب شرامع وضع کرده بود بر معلمان حرض"
                    HPOS="184"
                    VPOS="554"
                    WIDTH="896"
                    HEIGHT="99"
                    WC="0.8878805575271448"></String>
          </TextLine>

          
          
          <TextLine ID="eSc_line_44e8bca9"
                    TAGREFS="LT4837"
                    BASELINE="452 688 763 696 1090 694" 
                    HPOS="451"
                    VPOS="637"
                    WIDTH="639"
                    HEIGHT="87">
            <Shape><Polygon POINTS="452 688 451 709 463 719 465 719 466 719 468 719 469 719 503 706 511 702 518 706 532 715 534 715 535 715 536 715 538 715 570 706 583 702 591 706 622 720 624 720 625 720 626 720 628 720 642 709 663 720 664 720 666 720 667 720 695 709 716 722 718 722 719 722 830 723 832 723 833 723 892 705 895 705 899 705 959 724 961 724 962 724 964 724 1014 706 1034 706 1048 719 1048 720 1049 720 1051 720 1052 720 1054 720 1089 705 1090 694 1086 651 1065 663 1041 651 1016 642 1014 642 1013 642 930 653 906 644 905 644 903 644 902 644 885 654 872 661 865 654 850 642 850 640 848 640 847 640 830 640 829 640 827 640 826 640 826 642 810 654 805 661 794 656 788 653 787 653 785 653 784 653 775 656 756 661 743 656 737 653 736 653 735 653 733 653 732 653 728 656 720 660 685 656 647 653 646 653 645 653 633 657 625 660 621 657 588 637 587 637 586 637 508 637 507 637 505 637 504 637 475 658 475 660 452 660 452 688"/></Shape>
	    <String CONTENT="الرد فقال أنبعوني بأسماء هوءلائ"
                    HPOS="451"
                    VPOS="637"
                    WIDTH="639"
                    HEIGHT="87"
                    WC="0.915634860010708"></String>
          </TextLine>

          
          
          <TextLine ID="eSc_line_09139954"
                    TAGREFS="LT4837"
                    BASELINE="182 671 237 670" 
                    HPOS="179"
                    VPOS="611"
                    WIDTH="58"
                    HEIGHT="81">
            <Shape><Polygon POINTS="182 671 182 682 234 692 237 670 233 611 179 611 182 671"/></Shape>
	    <String CONTENT="بين"
                    HPOS="179"
                    VPOS="611"
                    WIDTH="58"
                    HEIGHT="81"
                    WC="0.6986667116483053"></String>
          </TextLine>

          
          
          <TextLine ID="eSc_line_db2c3453"
                    TAGREFS="LT4837"
                    BASELINE="475 767 1086 774" 
                    HPOS="473"
                    VPOS="717"
                    WIDTH="613"
                    HEIGHT="83">
            <Shape><Polygon POINTS="475 767 473 788 512 785 525 789 541 795 542 795 543 795 545 795 556 789 573 781 581 789 583 789 583 791 584 791 586 791 621 792 622 792 624 792 625 792 625 791 628 789 636 782 683 782 698 788 719 798 720 798 722 799 787 799 787 798 788 798 819 788 826 785 830 788 847 799 848 799 850 799 851 800 881 800 881 799 882 799 907 786 912 785 937 785 941 786 964 800 965 800 966 800 968 800 969 800 1014 786 1037 800 1038 800 1040 800 1041 800 1042 800 1044 800 1065 786 1084 786 1086 774 1082 724 1072 732 1035 726 1017 723 1016 723 1014 723 1003 726 959 739 907 732 906 732 865 739 822 729 802 724 801 724 799 724 785 729 761 739 720 739 692 730 646 719 645 719 581 717 580 717 579 717 556 727 543 717 542 717 541 717 539 717 538 717 536 717 521 730 475 733 475 767"/></Shape>
	    <String CONTENT="يعنی گفت امام معلمان را بيان کنيد"
                    HPOS="473"
                    VPOS="717"
                    WIDTH="613"
                    HEIGHT="83"
                    WC="0.8876771692073706"></String>
          </TextLine>

          
          
          <TextLine ID="eSc_line_ec3cd143"
                    TAGREFS="LT4837"
                    BASELINE="181 750 316 753" 
                    HPOS="179"
                    VPOS="699"
                    WIDTH="137"
                    HEIGHT="61">
            <Shape><Polygon POINTS="181 750 179 760 314 760 316 753 316 722 282 713 281 713 279 713 269 719 250 701 250 699 248 699 247 699 245 699 208 701 206 701 205 701 181 715 181 750"/></Shape>
	    <String CONTENT="اه آدم"
                    HPOS="179"
                    VPOS="699"
                    WIDTH="137"
                    HEIGHT="61"
                    WC="0.8456937500408718"></String>
          </TextLine>

          
          
          <TextLine ID="eSc_line_2dad453b"
                    TAGREFS="LT4837"
                    BASELINE="324 847 1086 844" 
                    HPOS="323"
                    VPOS="792"
                    WIDTH="763"
                    HEIGHT="77">
            <Shape><Polygon POINTS="324 847 324 858 366 866 368 866 369 866 396 858 397 858 400 858 434 869 435 869 437 869 438 869 462 858 507 858 518 868 518 869 520 869 521 869 522 869 524 869 555 858 607 858 625 869 626 869 628 869 629 869 631 869 653 858 716 868 718 868 819 866 820 866 837 858 885 858 893 866 893 868 895 868 896 868 898 869 1063 869 1063 868 1065 868 1066 868 1086 855 1086 844 1083 792 1061 792 1059 792 1058 792 1056 792 1056 793 1031 817 1004 817 982 798 982 796 980 796 979 796 978 796 976 796 975 796 947 814 921 795 920 795 919 795 917 795 916 795 914 795 884 817 782 810 781 810 780 810 758 817 747 807 747 806 746 806 744 806 743 806 742 806 701 820 629 820 602 795 602 793 601 793 600 793 598 793 595 793 549 799 548 799 546 799 546 800 536 810 514 798 512 798 511 798 510 798 479 812 435 793 434 793 432 793 431 793 430 793 428 793 416 800 401 793 400 793 399 793 397 793 323 793 324 847"/></Shape>
	    <String CONTENT="می گويد اگر شمادانانان ستيد قالموا سنجانك"
                    HPOS="323"
                    VPOS="792"
                    WIDTH="763"
                    HEIGHT="77"
                    WC="0.8989245898839904"></String>
          </TextLine>

          
          
          <TextLine ID="eSc_line_21a2b72a"
                    TAGREFS="LT4837"
                    BASELINE="458 917 1090 925" 
                    HPOS="456"
                    VPOS="872"
                    WIDTH="634"
                    HEIGHT="77">
            <Shape><Polygon POINTS="456 930 486 944 487 944 489 944 490 944 524 934 556 944 557 944 559 944 560 944 593 932 709 945 711 945 712 945 749 934 771 948 772 948 774 948 775 948 850 939 858 946 858 948 860 948 861 948 921 949 923 949 924 949 968 937 993 948 995 948 996 948 997 948 1031 938 1054 946 1055 946 1056 946 1058 946 1089 937 1090 925 1090 882 996 878 995 878 993 878 986 880 958 894 943 882 941 882 940 882 938 882 937 882 936 882 936 883 921 896 886 896 867 885 865 885 864 885 744 892 701 880 668 872 667 872 616 872 615 872 614 872 598 880 579 890 546 880 542 879 541 879 539 879 524 880 468 886 460 880 458 917 456 930"/></Shape>
	    <String CONTENT="الاما علهتنا يعن معلمان گفتندای"
                    HPOS="456"
                    VPOS="872"
                    WIDTH="634"
                    HEIGHT="77"
                    WC="0.9281352719952983"></String>
          </TextLine>

          
          
          <TextLine ID="eSc_line_7953c40a"
                    TAGREFS="LT4837"
                    BASELINE="372 986 1093 997" 
                    HPOS="371"
                    VPOS="941"
                    WIDTH="722"
                    HEIGHT="73">
            <Shape><Polygon POINTS="371 1003 1090 1014 1093 997 1092 958 930 962 923 955 917 949 917 948 916 948 914 948 833 948 832 948 830 948 829 948 822 953 815 958 795 952 771 946 770 946 768 946 767 946 765 946 765 948 760 952 753 959 712 959 705 951 699 946 699 945 698 945 697 945 695 945 694 945 678 951 677 951 676 951 633 944 632 944 597 949 559 956 536 949 517 942 515 942 458 941 456 941 455 941 453 941 453 942 448 948 441 953 380 953 376 946 372 986 371 1003"/></Shape>
	    <String CONTENT="الاأنجه تونارا لأموخ وبعد ازان إمام به معلم"
                    HPOS="371"
                    VPOS="941"
                    WIDTH="722"
                    HEIGHT="73"
                    WC="0.8667447903881902"></String>
          </TextLine>

          
          
          <TextLine ID="eSc_line_d0283570"
                    TAGREFS="LT4837"
                    BASELINE="387 1059 917 1072 1089 1067" 
                    HPOS="386"
                    VPOS="1015"
                    WIDTH="703"
                    HEIGHT="82">
            <Shape><Polygon POINTS="387 1059 386 1069 430 1084 431 1084 432 1084 434 1084 435 1084 452 1070 548 1070 570 1086 572 1086 573 1086 574 1086 576 1086 577 1086 593 1073 632 1073 649 1086 650 1086 652 1086 653 1086 691 1079 722 1091 723 1091 725 1091 726 1091 728 1091 735 1086 740 1091 742 1091 743 1091 810 1093 812 1093 813 1093 815 1093 815 1091 829 1077 865 1077 876 1087 876 1088 878 1088 879 1088 881 1088 882 1088 903 1079 919 1093 920 1093 921 1093 923 1093 966 1087 1070 1097 1072 1097 1073 1097 1075 1097 1075 1095 1087 1081 1089 1067 1087 1028 1018 1025 1017 1025 1016 1025 1010 1028 986 1041 944 1041 900 1028 885 1024 884 1024 882 1024 854 1028 798 1036 777 1028 764 1022 763 1022 761 1022 730 1027 709 1018 708 1018 706 1018 671 1020 670 1020 668 1020 657 1028 653 1032 647 1028 633 1017 632 1017 631 1017 629 1017 534 1028 522 1029 520 1028 508 1018 507 1018 505 1018 473 1015 472 1015 470 1015 469 1015 469 1017 455 1028 453 1029 387 1029 387 1059"/></Shape>
	    <String CONTENT="علم قيامت را امر فرمود که متابعت آمرو"
                    HPOS="386"
                    VPOS="1015"
                    WIDTH="703"
                    HEIGHT="82"
                    WC="0.9190591212950254"></String>
          </TextLine>

          
          
          <TextLine ID="eSc_line_c8d6dac7"
                    TAGREFS="LT4837"
                    BASELINE="680 1152 1086 1154" 
                    HPOS="678"
                    VPOS="1098"
                    WIDTH="408"
                    HEIGHT="80">
            <Shape><Polygon POINTS="680 1152 678 1163 722 1163 735 1174 735 1175 736 1175 737 1175 739 1175 740 1175 774 1163 777 1163 850 1163 854 1164 881 1177 882 1177 884 1177 885 1177 886 1177 895 1170 903 1177 905 1177 906 1177 907 1178 952 1178 952 1177 954 1177 955 1177 968 1166 971 1164 973 1166 995 1177 996 1177 997 1177 1084 1167 1086 1154 1082 1100 1035 1118 1011 1111 1010 1111 1009 1111 1007 1111 1006 1111 1006 1112 999 1119 919 1119 902 1104 898 1100 896 1100 895 1100 893 1100 892 1100 891 1100 885 1104 874 1114 858 1105 847 1098 846 1098 795 1098 794 1098 792 1098 791 1098 778 1107 765 1114 746 1108 716 1098 715 1098 713 1098 712 1098 680 1108 680 1152"/></Shape>
	    <String CONTENT="جورع معلمان متابعتشر"
                    HPOS="678"
                    VPOS="1098"
                    WIDTH="408"
                    HEIGHT="80"
                    WC="0.8913792341947555"></String>
          </TextLine>

          
          
          <TextLine ID="eSc_line_850ec1a5"
                    TAGREFS="LT4837"
                    BASELINE="171 1111 237 1112" 
                    HPOS="170"
                    VPOS="1046"
                    WIDTH="67"
                    HEIGHT="85">
            <Shape><Polygon POINTS="170 1122 198 1121 233 1131 237 1112 237 1057 210 1046 209 1046 208 1046 206 1046 191 1052 184 1055 172 1050 171 1111 170 1122"/></Shape>
	    <String CONTENT="هکه"
                    HPOS="170"
                    VPOS="1046"
                    WIDTH="67"
                    HEIGHT="85"
                    WC="0.8645632266998291"></String>
          </TextLine>

          
          
          <TextLine ID="eSc_line_36092d3e"
                    TAGREFS="LT4837"
                    BASELINE="351 1211 787 1223 1086 1220" 
                    HPOS="351"
                    VPOS="1160"
                    WIDTH="735"
                    HEIGHT="89">
            <Shape><Polygon POINTS="351 1211 351 1230 379 1222 414 1229 416 1229 472 1222 489 1230 508 1242 510 1242 511 1242 512 1242 514 1242 531 1230 543 1223 560 1230 580 1239 581 1239 583 1239 584 1239 615 1230 628 1227 633 1230 640 1236 642 1236 643 1236 645 1236 646 1236 660 1230 666 1229 667 1230 683 1244 684 1244 685 1244 687 1246 729 1246 729 1244 730 1244 732 1244 751 1232 803 1246 805 1246 806 1246 858 1239 917 1249 919 1249 920 1249 971 1230 973 1230 976 1230 1002 1239 1003 1239 1004 1239 1084 1230 1086 1220 1082 1187 1004 1195 986 1183 976 1174 975 1174 973 1174 972 1174 971 1174 944 1181 931 1184 912 1180 907 1180 906 1180 905 1180 903 1180 879 1194 747 1194 719 1181 718 1181 716 1181 681 1181 671 1171 666 1166 666 1164 664 1164 663 1164 647 1164 646 1164 645 1164 631 1170 579 1190 535 1183 517 1166 514 1163 512 1163 511 1163 453 1161 452 1161 451 1161 449 1161 449 1163 448 1163 435 1175 411 1161 408 1160 407 1160 351 1160 351 1211"/></Shape>
	    <String CONTENT="الفتاد شرايع آدم نه نمود و گفت آنچه مقصود کلی"
                    HPOS="351"
                    VPOS="1160"
                    WIDTH="735"
                    HEIGHT="89"
                    WC="0.9042697326934084"></String>
          </TextLine>

          
          
          <TextLine ID="eSc_line_ed7fafbe"
                    TAGREFS="LT4837"
                    BASELINE="165 1177 200 1175" 
                    HPOS="164"
                    VPOS="1139"
                    WIDTH="36"
                    HEIGHT="56">
            <Shape><Polygon POINTS="165 1177 165 1191 199 1195 200 1175 195 1139 164 1147 165 1177"/></Shape>
	    <String CONTENT=""
                    HPOS="164"
                    VPOS="1139"
                    WIDTH="36"
                    HEIGHT="56"></String>
          </TextLine>

          
          
          <TextLine ID="eSc_line_d4a44f5a"
                    TAGREFS="LT4837"
                    BASELINE="428 1286 740 1296 1089 1294" 
                    HPOS="427"
                    VPOS="1243"
                    WIDTH="662"
                    HEIGHT="79">
            <Shape><Polygon POINTS="428 1286 427 1302 522 1299 549 1303 621 1317 622 1317 624 1317 625 1317 642 1303 647 1299 654 1303 681 1319 683 1319 684 1320 718 1320 718 1319 719 1319 720 1319 720 1317 728 1312 737 1319 739 1319 740 1319 742 1320 785 1320 785 1319 787 1319 806 1309 824 1320 826 1320 827 1320 829 1322 884 1322 884 1320 885 1320 931 1303 934 1302 936 1303 951 1315 952 1315 954 1315 955 1315 1006 1303 1035 1313 1037 1313 1038 1313 1087 1302 1089 1294 1083 1249 1055 1267 983 1249 982 1249 958 1249 957 1249 955 1249 954 1249 927 1267 823 1267 774 1253 772 1253 771 1253 770 1253 735 1264 705 1251 704 1251 702 1251 701 1251 687 1257 677 1247 677 1246 676 1246 674 1246 657 1246 656 1246 654 1246 653 1246 653 1247 636 1261 625 1254 624 1254 622 1254 621 1254 619 1254 595 1263 587 1256 586 1256 584 1256 583 1256 555 1260 536 1246 535 1246 534 1246 532 1246 531 1246 498 1257 472 1243 470 1243 428 1243 428 1286"/></Shape>
	    <String CONTENT="مندان رسيده ام چنانچه شريعت درقر"
                    HPOS="427"
                    VPOS="1243"
                    WIDTH="662"
                    HEIGHT="79"
                    WC="0.8887619972229004"></String>
          </TextLine>

          
          
          <TextLine ID="eSc_line_b6812a1b"
                    TAGREFS="LT4837"
                    BASELINE="161 1257 229 1256" 
                    HPOS="160"
                    VPOS="1233"
                    WIDTH="69"
                    HEIGHT="42">
            <Shape><Polygon POINTS="161 1257 161 1265 226 1275 229 1256 224 1233 160 1234 161 1257"/></Shape>
	    <String CONTENT=""
                    HPOS="160"
                    VPOS="1233"
                    WIDTH="69"
                    HEIGHT="42"></String>
          </TextLine>

          
          
          <TextLine ID="eSc_line_c3e68251"
                    TAGREFS="LT4837"
                    BASELINE="396 1357 609 1367 1089 1364" 
                    HPOS="394"
                    VPOS="1322"
                    WIDTH="695"
                    HEIGHT="67">
            <Shape><Polygon POINTS="396 1357 394 1374 448 1374 469 1386 470 1386 472 1386 473 1386 475 1386 500 1375 534 1386 535 1386 536 1386 612 1375 636 1388 638 1388 639 1388 640 1388 678 1375 758 1388 760 1389 895 1389 895 1388 896 1388 898 1388 898 1386 909 1375 926 1385 927 1385 928 1385 1004 1375 1024 1388 1025 1388 1027 1388 1028 1388 1030 1388 1054 1378 1063 1386 1065 1386 1066 1386 1068 1386 1069 1386 1070 1386 1087 1374 1089 1364 1083 1327 1059 1333 1051 1327 1047 1323 1045 1323 1044 1323 1042 1323 1041 1323 1027 1327 999 1334 982 1326 975 1323 973 1323 972 1323 948 1326 898 1334 867 1326 854 1323 853 1323 851 1323 850 1323 843 1326 823 1334 795 1326 784 1323 782 1323 728 1323 726 1323 725 1323 718 1326 695 1336 587 1336 579 1326 576 1323 576 1322 574 1322 573 1322 572 1322 549 1326 510 1334 482 1334 473 1326 470 1323 470 1322 469 1322 468 1322 466 1322 396 1324 396 1357"/></Shape>
	    <String CONTENT="وأذ قلنا للملائکة أسجد ولا دم"
                    HPOS="394"
                    VPOS="1322"
                    WIDTH="695"
                    HEIGHT="67"
                    WC="0.946471331641078"></String>
          </TextLine>

          
          
          <TextLine ID="eSc_line_5603c94a"
                    TAGREFS="LT4837"
                    BASELINE="144 1340 278 1347" 
                    HPOS="143"
                    VPOS="1281"
                    WIDTH="136"
                    HEIGHT="81">
            <Shape><Polygon POINTS="144 1340 143 1353 224 1361 226 1361 227 1361 247 1355 257 1362 258 1362 260 1362 261 1362 262 1362 276 1355 278 1347 279 1282 252 1281 251 1281 250 1281 248 1281 238 1288 229 1295 224 1291 220 1288 219 1288 217 1288 216 1288 215 1288 213 1288 206 1294 188 1306 146 1305 144 1340"/></Shape>
	    <String CONTENT="لا أبليس"
                    HPOS="143"
                    VPOS="1281"
                    WIDTH="136"
                    HEIGHT="81"
                    WC="0.8830598062939115"></String>
          </TextLine>

          
          
          <TextLine ID="eSc_line_b55d99c7"
                    TAGREFS="LT4837"
                    BASELINE="453 1437 1084 1448" 
                    HPOS="452"
                    VPOS="1396"
                    WIDTH="632"
                    HEIGHT="75">
            <Shape><Polygon POINTS="453 1437 452 1449 479 1449 490 1459 490 1461 491 1461 493 1461 494 1461 496 1461 515 1451 521 1448 529 1451 563 1462 564 1462 566 1462 567 1462 595 1455 629 1464 631 1464 632 1464 633 1464 659 1454 667 1451 673 1455 687 1465 688 1465 690 1465 691 1466 722 1466 722 1465 723 1465 725 1465 725 1464 733 1456 737 1452 757 1456 799 1466 801 1466 836 1461 871 1468 872 1468 874 1468 892 1461 906 1455 923 1455 931 1462 941 1469 943 1469 944 1469 945 1469 947 1469 961 1462 973 1456 1002 1456 1009 1464 1016 1469 1016 1471 1017 1471 1018 1471 1020 1471 1021 1471 1040 1465 1058 1458 1080 1465 1084 1448 1084 1399 983 1397 982 1397 980 1397 976 1399 943 1419 917 1419 893 1400 889 1396 888 1396 886 1396 853 1396 851 1396 850 1396 848 1396 848 1397 844 1400 827 1416 772 1400 758 1397 757 1397 726 1397 725 1397 723 1397 722 1397 718 1402 702 1414 688 1405 687 1405 685 1405 684 1405 683 1405 657 1412 647 1403 647 1402 646 1402 645 1402 643 1402 602 1403 601 1403 600 1403 600 1405 591 1413 548 1413 531 1403 527 1402 525 1402 524 1402 522 1402 518 1403 504 1410 453 1405 453 1437"/></Shape>
	    <String CONTENT="عنی گفت ملائکه را يعنی معلمان دوره"
                    HPOS="452"
                    VPOS="1396"
                    WIDTH="632"
                    HEIGHT="75"
                    WC="0.9438350830759321"></String>
          </TextLine>

          
          
          <TextLine ID="eSc_line_271bc15b"
                    TAGREFS="LT4837"
                    BASELINE="154 1414 313 1419" 
                    HPOS="153"
                    VPOS="1362"
                    WIDTH="160"
                    HEIGHT="71">
            <Shape><Polygon POINTS="154 1414 153 1427 257 1423 310 1433 313 1419 312 1365 240 1375 195 1375 191 1371 181 1362 179 1362 178 1362 177 1362 175 1362 154 1371 154 1414"/></Shape>
	    <String CONTENT="کنيد آدمم"
                    HPOS="153"
                    VPOS="1362"
                    WIDTH="160"
                    HEIGHT="71"
                    WC="0.9222731769084931"></String>
          </TextLine>

          
          
          <TextLine ID="eSc_line_87600700"
                    TAGREFS="LT4837"
                    BASELINE="416 1515 1086 1515" 
                    HPOS="416"
                    VPOS="1469"
                    WIDTH="670"
                    HEIGHT="70">
            <Shape><Polygon POINTS="416 1515 416 1527 460 1524 466 1527 483 1538 484 1538 486 1538 487 1539 518 1539 518 1538 520 1538 521 1538 535 1527 539 1524 546 1527 572 1535 573 1535 574 1535 576 1535 600 1527 608 1524 657 1524 664 1525 699 1538 701 1538 702 1538 751 1531 774 1538 775 1538 777 1538 778 1538 808 1525 809 1524 812 1525 837 1538 839 1538 840 1538 841 1538 885 1527 893 1534 893 1535 895 1535 896 1535 898 1535 947 1527 968 1538 969 1538 971 1539 1024 1539 1024 1538 1025 1538 1027 1538 1047 1524 1048 1524 1086 1524 1086 1515 1086 1479 1072 1471 1070 1471 1069 1471 1068 1471 1018 1480 907 1471 906 1471 823 1480 805 1469 803 1469 802 1469 801 1469 799 1469 798 1469 798 1471 787 1479 775 1472 774 1472 772 1472 771 1472 702 1480 680 1469 678 1469 677 1469 676 1469 640 1480 626 1469 625 1469 624 1469 525 1469 524 1469 522 1469 483 1480 442 1469 441 1469 439 1469 438 1469 416 1480 416 1515"/></Shape>
	    <String CONTENT="را يعنی ممتابعت شراع اد نما پس"
                    HPOS="416"
                    VPOS="1469"
                    WIDTH="670"
                    HEIGHT="70"
                    WC="0.8599456568559011"></String>
          </TextLine>

          
          
          <TextLine ID="eSc_line_3d8491a4"
                    TAGREFS="LT4837"
                    BASELINE="160 1490 312 1494" 
                    HPOS="158"
                    VPOS="1444"
                    WIDTH="154"
                    HEIGHT="67">
            <Shape><Polygon POINTS="160 1490 158 1499 261 1511 262 1511 264 1511 310 1499 312 1494 309 1449 262 1466 247 1455 234 1445 233 1445 231 1445 205 1444 203 1444 202 1444 200 1444 200 1445 184 1461 181 1464 160 1464 160 1490"/></Shape>
	    <String CONTENT="امت نمود"
                    HPOS="158"
                    VPOS="1444"
                    WIDTH="154"
                    HEIGHT="67"
                    WC="0.8731336519122124"></String>
          </TextLine>

          
          
          <TextLine ID="eSc_line_6abfc1da"
                    TAGREFS="LT4837"
                    BASELINE="158 1563 642 1584 1092 1582" 
                    HPOS="157"
                    VPOS="1517"
                    WIDTH="935"
                    HEIGHT="100">
            <Shape><Polygon POINTS="158 1563 157 1584 203 1596 205 1596 245 1587 251 1586 252 1587 268 1601 268 1603 269 1603 271 1603 272 1603 274 1603 275 1603 295 1589 297 1587 319 1587 324 1589 351 1601 352 1601 354 1601 355 1601 396 1591 404 1589 414 1591 452 1604 453 1604 455 1604 456 1604 458 1604 470 1594 494 1593 529 1591 534 1594 549 1608 550 1608 552 1608 553 1608 756 1605 792 1612 794 1612 795 1612 822 1601 829 1598 947 1598 957 1604 980 1617 982 1617 983 1617 1090 1607 1092 1582 1087 1537 1038 1541 1027 1535 1027 1534 1025 1534 1024 1534 1023 1534 1021 1534 1018 1534 951 1555 900 1555 851 1553 826 1531 824 1531 823 1531 822 1531 718 1542 688 1528 687 1528 685 1528 684 1528 683 1528 657 1549 625 1549 594 1548 569 1525 567 1525 566 1525 564 1525 563 1525 532 1541 483 1524 482 1524 480 1524 479 1524 420 1544 397 1535 396 1535 394 1535 393 1535 392 1535 383 1542 344 1542 323 1523 321 1523 320 1523 319 1523 317 1523 269 1539 245 1518 244 1518 243 1518 158 1517 158 1563"/></Shape>
	    <String CONTENT="الأحارث مر قال يا أبليس بما مذك عن تسجد الله"
                    HPOS="157"
                    VPOS="1517"
                    WIDTH="935"
                    HEIGHT="100"
                    WC="0.89071726086347"></String>
          </TextLine>

          
        </TextBlock>
        
        <TextBlock HPOS="577"
                   VPOS="50"
                   WIDTH="100"
                   HEIGHT="77"
                   ID="eSc_textblock_156a9d62"
                   TAGREFS="BT16093">
          <Shape><Polygon POINTS="605 50 660 50 677 73 654 127 605 127 577 99 605 50"/></Shape>
          
          
          <TextLine ID="eSc_line_98171b91"
                    TAGREFS="LT4837"
                    BASELINE="604 91 656 88" 
                    HPOS="601"
                    VPOS="50"
                    WIDTH="55"
                    HEIGHT="63">
            <Shape><Polygon POINTS="643 50 640 50 601 63 604 91 604 106 618 113 619 113 621 113 622 113 633 108 640 105 654 109 656 88 649 50 643 50"/></Shape>
	    <String CONTENT=""
                    HPOS="601"
                    VPOS="50"
                    WIDTH="55"
                    HEIGHT="63"></String>
          </TextLine>

          
        </TextBlock>
        

        
      </PrintSpace>
    </Page>
  </Layout>
</alto>
