<?xml version="1.0" encoding="UTF-8"?>
<alto xmlns:xsi="http://www.w3.org/2001/XMLSchema-instance"
      xmlns="http://www.loc.gov/standards/alto/ns-v4#"
      xsi:schemaLocation="http://www.loc.gov/standards/alto/ns-v4# http://www.loc.gov/standards/alto/v4/alto-4-2.xsd">
  <Description>
    <MeasurementUnit>pixel</MeasurementUnit>
    <sourceImageInformation>
      <fileName>Rasail152.jpg</fileName>
      
    </sourceImageInformation>
  </Description>
  
  <Tags>
    <OtherTag ID="BT16094" LABEL="default" DESCRIPTION="block type default"/><OtherTag ID="BT16093" LABEL="NumberingZone:page" DESCRIPTION="block type NumberingZone:page"/><OtherTag ID="BT16092" LABEL="MarginTextZone:note" DESCRIPTION="block type MarginTextZone:note"/><OtherTag ID="BT16091" LABEL="TitlePageZone" DESCRIPTION="block type TitlePageZone"/><OtherTag ID="BT16090" LABEL="QuireMarksZone:catchwords" DESCRIPTION="block type QuireMarksZone:catchwords"/><OtherTag ID="BT16089" LABEL="NumberingZone:other" DESCRIPTION="block type NumberingZone:other"/><OtherTag ID="BT16088" LABEL="NumberingZone" DESCRIPTION="block type NumberingZone"/><OtherTag ID="BT16087" LABEL="MarginTextZone" DESCRIPTION="block type MarginTextZone"/><OtherTag ID="BT16086" LABEL="MainZone" DESCRIPTION="block type MainZone"/><OtherTag ID="BT16085" LABEL="DigitizationArtefactZone" DESCRIPTION="block type DigitizationArtefactZone"/><OtherTag ID="BT2" LABEL="Main" DESCRIPTION="block type Main"/><OtherTag ID="BT1" LABEL="Title" DESCRIPTION="block type Title"/>
    <OtherTag ID="LT4837" LABEL="DefaultLine" DESCRIPTION="line type DefaultLine"/><OtherTag ID="LT4838" LABEL="default" DESCRIPTION="line type default"/><OtherTag ID="LT4839" LABEL="HeadingLine:title" DESCRIPTION="line type HeadingLine:title"/>
  </Tags>
  
  <Layout>
    <Page WIDTH="1246"
          HEIGHT="1668"
          PHYSICAL_IMG_NR="15"
          ID="eSc_dummypage_">
      <PrintSpace HPOS="0"
                  VPOS="0"
                  WIDTH="1246"
                  HEIGHT="1668">
        
        <TextBlock HPOS="50"
                   VPOS="172"
                   WIDTH="1044"
                   HEIGHT="1439"
                   ID="eSc_textblock_1ad42147"
                   TAGREFS="BT16086">
          <Shape><Polygon POINTS="105 172 543 177 567 200 611 177 1072 189 1088 355 1072 444 1088 582 1072 599 1094 661 1077 1132 1094 1166 1077 1189 1083 1466 1061 1594 1022 1611 584 1605 571 1583 538 1599 83 1594 50 1560 66 1477 66 678 50 671 72 599 66 205 105 172"/></Shape>
          
          
          <TextLine ID="eSc_line_6b01e31c"
                    TAGREFS="LT4837"
                    BASELINE="617 236 1051 234" 
                    HPOS="616"
                    VPOS="187"
                    WIDTH="435"
                    HEIGHT="79">
            <Shape><Polygon POINTS="617 236 617 248 673 248 678 250 718 266 720 266 721 266 792 259 831 266 832 266 834 266 866 254 880 248 915 255 921 255 923 255 924 255 926 255 937 248 973 250 983 255 999 266 1001 266 1002 266 1004 266 1049 257 1051 234 1047 200 941 205 933 201 919 195 917 195 916 195 915 195 887 202 876 205 871 202 842 187 841 187 839 187 838 187 794 200 745 187 743 187 645 187 643 187 642 187 641 187 616 204 617 236"/></Shape>
	    <String CONTENT="هم جبة أحسانم وهم منيع خلقم"
                    HPOS="616"
                    VPOS="187"
                    WIDTH="435"
                    HEIGHT="79"
                    WC="0.9092885042939868"></String>
          </TextLine>

          
          
          <TextLine ID="eSc_line_6debdc7e"
                    TAGREFS="LT4837"
                    BASELINE="98 232 552 229" 
                    HPOS="97"
                    VPOS="180"
                    WIDTH="455"
                    HEIGHT="89">
            <Shape><Polygon POINTS="98 232 98 257 111 265 112 265 114 265 115 265 116 265 137 254 147 250 171 250 178 254 186 261 187 261 189 261 190 261 191 261 218 254 223 252 225 254 241 268 243 268 244 268 246 269 314 269 314 268 315 268 317 268 317 266 324 261 358 266 360 266 361 266 362 266 376 254 385 248 419 248 432 254 447 261 449 261 450 261 451 261 470 254 485 248 492 254 503 265 503 266 504 266 506 266 507 266 508 266 552 254 552 229 550 191 531 186 529 186 528 186 527 186 511 191 502 195 495 191 490 189 489 189 488 189 486 189 485 189 476 193 470 195 465 193 454 183 453 183 451 183 379 180 378 180 376 180 375 180 375 182 362 193 340 180 339 180 337 180 336 180 335 180 310 195 305 198 236 198 235 197 211 182 209 182 208 182 164 182 162 182 161 182 159 182 144 193 130 189 129 189 127 189 126 189 97 198 98 232"/></Shape>
	    <String CONTENT="هم ناصيه مهرم و هم مير نيارم"
                    HPOS="97"
                    VPOS="180"
                    WIDTH="455"
                    HEIGHT="89"
                    WC="0.9244572264807565"></String>
          </TextLine>

          
          
          <TextLine ID="eSc_line_35174513"
                    TAGREFS="LT4837"
                    BASELINE="603 308 1045 314" 
                    HPOS="602"
                    VPOS="271"
                    WIDTH="443"
                    HEIGHT="77">
            <Shape><Polygon POINTS="603 308 602 328 646 344 648 344 649 344 650 344 652 344 674 329 718 333 730 344 730 346 731 346 732 346 734 347 781 347 781 346 782 346 784 346 784 344 798 332 799 330 802 332 845 347 846 347 848 347 896 346 898 346 899 346 899 344 910 334 913 332 962 332 967 336 984 348 985 348 987 348 988 348 990 348 1015 337 1016 336 1017 337 1023 343 1024 343 1026 343 1027 343 1029 343 1044 337 1045 314 1044 278 983 286 973 278 972 278 972 276 970 276 969 276 967 276 956 278 921 284 910 278 908 276 906 276 905 276 903 276 902 276 896 279 890 282 885 279 880 273 878 273 877 273 839 273 838 273 837 273 835 273 835 275 830 279 824 284 814 279 799 272 798 272 796 272 795 272 778 279 769 283 760 279 742 272 741 272 688 271 686 271 685 271 657 280 652 282 603 282 603 308"/></Shape>
	    <String CONTENT="در مشفرم همراه و هم در حضرم دو"
                    HPOS="602"
                    VPOS="271"
                    WIDTH="443"
                    HEIGHT="77"
                    WC="0.8964100857575734"></String>
          </TextLine>

          
          
          <TextLine ID="eSc_line_6cbc3f28"
                    TAGREFS="LT4837"
                    BASELINE="93 311 552 305" 
                    HPOS="91"
                    VPOS="262"
                    WIDTH="461"
                    HEIGHT="79">
            <Shape><Polygon POINTS="93 311 93 329 105 337 107 337 108 337 109 337 175 329 194 341 196 341 197 341 198 341 200 341 232 326 233 326 268 326 269 326 318 341 319 341 321 341 385 340 386 340 387 340 413 325 433 333 435 333 436 333 438 333 439 333 439 332 449 325 450 323 454 325 524 339 525 339 527 339 528 339 552 325 552 305 549 269 489 266 488 266 486 266 478 271 472 273 465 271 457 266 456 266 454 266 453 266 440 271 429 275 421 272 396 262 394 262 393 262 392 262 390 262 390 264 381 272 376 276 364 273 328 265 326 265 325 265 324 265 324 266 315 275 312 279 279 279 273 275 257 264 255 264 254 264 253 264 189 265 187 265 186 265 186 266 179 272 140 265 139 265 137 265 91 278 93 311"/></Shape>
	    <String CONTENT="هم دورم و هيم با همه در قبربب جور"
                    HPOS="91"
                    VPOS="262"
                    WIDTH="461"
                    HEIGHT="79"
                    WC="0.9010380091089191"></String>
          </TextLine>

          
          
          <TextLine ID="eSc_line_5f4ba4d8"
                    TAGREFS="LT4837"
                    BASELINE="604 382 1059 382" 
                    HPOS="604"
                    VPOS="339"
                    WIDTH="455"
                    HEIGHT="76">
            <Shape><Polygon POINTS="604 382 604 403 627 403 639 412 639 414 641 414 642 414 643 414 721 403 741 403 755 414 756 414 757 414 759 414 760 414 780 404 805 414 806 414 807 414 853 412 855 412 856 412 856 411 864 404 934 414 935 414 937 414 938 414 938 412 948 403 967 414 969 414 970 415 1013 415 1013 414 1015 414 1059 401 1059 382 1059 339 1013 339 1012 339 1010 339 1009 339 1008 340 991 353 977 341 976 341 974 341 973 341 972 341 970 341 958 353 924 343 923 343 921 343 920 343 919 343 906 353 852 354 826 354 816 347 810 341 809 341 807 341 806 341 805 341 803 341 795 347 784 354 759 348 749 347 748 347 731 350 703 354 699 351 682 339 681 339 680 339 631 339 629 339 628 339 627 339 604 351 604 382"/></Shape>
	    <String CONTENT="گوگرد احمر نه بود اين هم چيزی"
                    HPOS="604"
                    VPOS="339"
                    WIDTH="455"
                    HEIGHT="76"
                    WC="0.890929134755299"></String>
          </TextLine>

          
          
          <TextLine ID="eSc_line_6145680f"
                    TAGREFS="LT4837"
                    BASELINE="90 383 549 378" 
                    HPOS="89"
                    VPOS="330"
                    WIDTH="460"
                    HEIGHT="84">
            <Shape><Polygon POINTS="90 383 90 408 112 414 114 414 115 414 127 408 134 405 141 408 154 414 155 414 157 414 158 414 172 408 189 401 212 408 229 412 230 412 232 412 233 412 247 408 258 404 278 407 305 412 307 412 308 412 310 412 318 407 332 398 346 407 351 411 353 411 354 411 356 411 378 407 415 398 424 407 428 410 428 411 429 411 431 411 432 411 433 411 443 407 461 397 492 397 502 405 506 408 506 410 507 410 508 410 510 410 511 410 513 410 517 405 528 397 546 405 549 378 542 334 525 346 511 336 503 330 502 330 500 330 431 330 429 330 428 330 426 330 413 340 401 348 386 341 379 339 378 339 376 339 375 339 362 343 349 347 339 344 325 339 324 339 322 339 321 339 305 346 287 353 276 347 267 341 265 341 264 341 262 341 250 347 239 353 215 348 193 346 191 346 190 346 172 351 161 354 154 351 126 340 125 340 123 340 122 340 120 340 105 354 104 355 89 355 90 383"/></Shape>
	    <String CONTENT="هاعظم اکسيرم و هم عين عيارم"
                    HPOS="89"
                    VPOS="330"
                    WIDTH="460"
                    HEIGHT="84"
                    WC="0.906382538654186"></String>
          </TextLine>

          
          
          <TextLine ID="eSc_line_b1baad89"
                    TAGREFS="LT4837"
                    BASELINE="610 453 1048 458" 
                    HPOS="609"
                    VPOS="405"
                    WIDTH="439"
                    HEIGHT="82">
            <Shape><Polygon POINTS="610 453 609 482 628 483 629 483 631 483 632 483 632 482 634 482 645 471 678 480 688 483 689 483 691 483 692 483 698 480 718 469 773 479 809 485 810 485 812 485 834 478 883 486 884 486 885 486 887 486 901 478 937 487 938 487 940 487 941 487 987 473 988 473 1015 487 1016 487 1017 487 1019 487 1047 472 1048 458 1048 426 1022 416 1020 416 1019 416 1017 416 999 426 998 426 937 426 915 426 898 411 896 411 895 411 894 411 862 418 851 410 849 410 848 410 846 410 845 410 828 418 799 407 798 407 796 407 695 415 649 405 648 405 646 405 610 421 610 453"/></Shape>
	    <String CONTENT="ديشرب ايل ههر آرايش بزنم"
                    HPOS="609"
                    VPOS="405"
                    WIDTH="439"
                    HEIGHT="82"
                    WC="0.8924149191379547"></String>
          </TextLine>

          
          
          <TextLine ID="eSc_line_61af94ad"
                    TAGREFS="LT4837"
                    BASELINE="89 448 549 448" 
                    HPOS="89"
                    VPOS="398"
                    WIDTH="460"
                    HEIGHT="82">
            <Shape><Polygon POINTS="89 448 89 478 118 479 119 479 120 479 122 479 122 478 123 478 133 467 157 465 180 476 189 479 190 479 191 480 230 480 230 479 232 479 243 473 261 465 367 465 386 471 418 479 419 479 421 479 422 479 442 468 449 465 461 468 507 479 508 479 510 479 549 465 549 448 546 404 517 414 499 405 486 398 485 398 483 398 482 398 463 405 446 412 440 407 433 400 433 398 432 398 431 398 396 398 394 398 393 398 392 398 379 408 375 411 371 408 362 404 361 404 360 404 358 404 357 404 351 408 343 416 292 416 283 411 278 407 276 407 275 407 273 407 248 411 244 412 243 412 230 400 230 398 229 398 228 398 226 398 225 398 182 411 166 400 165 400 164 400 162 400 89 415 89 448"/></Shape>
	    <String CONTENT="فايض کيفيت و سر شار عقارم"
                    HPOS="89"
                    VPOS="398"
                    WIDTH="460"
                    HEIGHT="82"
                    WC="0.9167843961715698"></String>
          </TextLine>

          
          
          <TextLine ID="eSc_line_5d2e3b93"
                    TAGREFS="LT4837"
                    BASELINE="606 530 1051 536" 
                    HPOS="604"
                    VPOS="479"
                    WIDTH="447"
                    HEIGHT="83">
            <Shape><Polygon POINTS="606 530 604 558 628 560 629 560 631 560 634 558 663 546 756 546 788 556 792 557 794 557 795 557 805 556 834 551 849 556 876 562 877 562 878 562 1049 551 1051 536 1051 500 1030 483 1029 483 1027 483 1026 483 1024 483 963 500 944 490 942 490 941 490 869 499 853 486 852 486 851 486 849 486 848 486 830 496 812 480 810 480 809 480 807 480 806 480 778 496 766 487 764 487 763 487 762 487 760 487 737 497 718 480 718 479 717 479 716 479 649 479 648 479 646 479 645 479 645 480 628 496 627 496 606 496 606 530"/></Shape>
	    <String CONTENT="در شمه مال خيردان تشده فيضم"
                    HPOS="604"
                    VPOS="479"
                    WIDTH="447"
                    HEIGHT="83"
                    WC="0.8901156650649177"></String>
          </TextLine>

          
          
          <TextLine ID="eSc_line_870612bd"
                    TAGREFS="LT4837"
                    BASELINE="87 530 367 521 556 524" 
                    HPOS="86"
                    VPOS="472"
                    WIDTH="470"
                    HEIGHT="85">
            <Shape><Polygon POINTS="87 530 87 557 158 549 184 553 205 556 207 556 208 556 218 551 236 543 253 549 255 550 257 550 258 550 260 550 267 549 303 539 315 546 318 549 319 549 321 549 322 549 368 543 386 542 387 543 400 551 401 551 403 551 404 553 446 553 446 551 447 551 449 551 470 539 474 536 482 537 504 542 506 542 556 533 556 524 553 489 495 489 472 472 471 472 470 472 442 472 440 472 439 472 394 486 383 480 382 480 381 480 379 480 378 480 378 482 365 492 365 493 343 493 342 492 311 475 310 475 308 475 307 475 305 475 280 492 246 486 244 486 243 486 241 486 233 493 215 478 214 478 212 478 173 478 172 478 171 478 169 478 147 494 125 480 123 480 122 480 120 480 119 480 86 494 87 530"/></Shape>
	    <String CONTENT="اندر سر غفلت زدگان رنج خمارم"
                    HPOS="86"
                    VPOS="472"
                    WIDTH="470"
                    HEIGHT="85"
                    WC="0.9309936910867691"></String>
          </TextLine>

          
          
          <TextLine ID="eSc_line_d94baab0"
                    TAGREFS="LT4837"
                    BASELINE="87 600 554 596" 
                    HPOS="86"
                    VPOS="549"
                    WIDTH="468"
                    HEIGHT="77">
            <Shape><Polygon POINTS="87 600 87 615 97 625 97 626 98 626 100 626 101 626 102 626 132 612 219 626 221 626 222 626 223 626 244 611 390 625 392 625 393 625 425 615 435 624 436 624 438 624 439 624 440 624 442 624 458 611 554 607 554 596 552 562 492 549 490 549 432 550 431 550 410 561 381 550 379 550 378 550 376 550 375 550 361 560 339 550 337 550 336 550 290 558 255 550 254 550 253 550 251 550 223 565 182 565 157 551 155 551 154 551 86 565 87 600"/></Shape>
	    <String CONTENT="در قافله ايل سخاپيش قطارم"
                    HPOS="86"
                    VPOS="549"
                    WIDTH="468"
                    HEIGHT="77"
                    WC="0.8873659503459931"></String>
          </TextLine>

          
          
          <TextLine ID="eSc_line_8a5898d4"
                    TAGREFS="LT4837"
                    BASELINE="604 679 1051 683" 
                    HPOS="603"
                    VPOS="629"
                    WIDTH="448"
                    HEIGHT="79">
            <Shape><Polygon POINTS="604 679 603 703 617 704 618 704 620 704 621 704 621 703 632 693 713 701 757 706 759 706 814 700 860 695 864 699 867 700 867 701 869 701 870 701 871 701 873 701 884 699 892 696 903 697 951 707 952 707 953 707 979 700 985 706 985 707 987 707 988 707 990 708 990 707 991 707 992 707 992 706 1001 697 1049 695 1051 683 1051 651 995 638 994 638 992 638 991 638 990 638 990 639 977 651 976 653 931 653 930 650 915 636 915 635 913 635 912 635 910 635 909 635 908 635 890 650 871 650 859 650 859 649 842 633 842 632 841 632 839 632 838 632 837 632 789 649 781 651 757 651 755 647 739 633 739 632 738 632 737 632 735 632 695 638 686 631 686 629 685 629 684 629 625 629 624 629 623 629 621 629 604 640 604 679"/></Shape>
	    <String CONTENT="از دار و مدارد و جهان يهيچ نهخويم"
                    HPOS="603"
                    VPOS="629"
                    WIDTH="448"
                    HEIGHT="79"
                    WC="0.9075090343301947"></String>
          </TextLine>

          
          
          <TextLine ID="eSc_line_42179ff8"
                    TAGREFS="LT4837"
                    BASELINE="86 669 549 663" 
                    HPOS="84"
                    VPOS="614"
                    WIDTH="465"
                    HEIGHT="75">
            <Shape><Polygon POINTS="86 669 86 689 176 689 178 689 183 688 200 681 235 685 264 689 265 689 321 682 364 676 389 679 446 686 447 686 549 672 549 663 546 621 463 614 461 614 460 614 458 614 445 624 436 629 368 629 361 626 346 615 344 615 343 615 314 615 312 615 311 615 287 628 280 632 258 632 255 629 247 622 247 621 246 621 244 621 243 621 241 621 240 621 230 629 228 632 223 631 193 618 191 618 190 618 189 618 159 629 144 618 143 618 141 618 140 618 139 618 84 632 86 669"/></Shape>
	    <String CONTENT="از خوان عنابت گذر آتاست مدارم"
                    HPOS="84"
                    VPOS="614"
                    WIDTH="465"
                    HEIGHT="75"
                    WC="0.9279799342155457"></String>
          </TextLine>

          
          
          <TextLine ID="eSc_line_568f519f"
                    TAGREFS="LT4837"
                    BASELINE="928 763 1030 764" 
                    HPOS="927"
                    VPOS="707"
                    WIDTH="103"
                    HEIGHT="85">
            <Shape><Polygon POINTS="927 785 934 790 935 790 937 790 938 792 1001 792 1001 790 1002 790 1004 790 1004 789 1005 788 1010 783 1026 789 1030 764 1029 711 958 714 930 707 928 763 927 785"/></Shape>
	    <String CONTENT="ا"
                    HPOS="927"
                    VPOS="707"
                    WIDTH="103"
                    HEIGHT="85"
                    WC="0.7132291197776794"></String>
          </TextLine>

          
          
          <TextLine ID="eSc_line_dd9cd2ee"
                    TAGREFS="LT4837"
                    BASELINE="599 747 806 754" 
                    HPOS="597"
                    VPOS="696"
                    WIDTH="209"
                    HEIGHT="87">
            <Shape><Polygon POINTS="599 747 597 758 649 768 650 768 668 767 696 764 706 771 716 779 717 779 718 779 746 783 748 783 805 781 806 754 805 717 706 720 700 717 675 697 674 697 673 697 627 696 625 696 624 696 623 696 599 713 599 747"/></Shape>
	    <String CONTENT="هم صاحبافرر"
                    HPOS="597"
                    VPOS="696"
                    WIDTH="209"
                    HEIGHT="87"
                    WC="0.8771991296248003"></String>
          </TextLine>

          
          
          <TextLine ID="eSc_line_b49bb3b8"
                    TAGREFS="LT4837"
                    BASELINE="89 742 547 738" 
                    HPOS="87"
                    VPOS="685"
                    WIDTH="460"
                    HEIGHT="80">
            <Shape><Polygon POINTS="89 742 89 763 198 765 200 765 201 765 219 760 241 753 264 758 275 761 276 761 278 761 279 761 293 757 312 753 335 757 378 764 379 764 381 764 413 754 424 751 472 751 476 753 502 763 503 763 504 763 506 763 507 763 507 761 518 751 520 751 546 751 547 738 546 695 534 685 532 685 531 685 475 685 474 685 472 685 471 685 458 695 436 692 435 692 433 692 432 692 432 693 424 700 419 706 364 708 351 703 311 686 310 686 308 686 307 686 305 686 305 688 285 706 282 708 278 706 260 695 258 695 257 695 255 695 254 695 253 695 236 707 230 711 212 711 209 708 196 696 196 695 194 695 193 695 154 688 152 688 151 688 150 688 150 689 136 700 132 696 130 696 129 696 127 696 126 696 87 710 89 742"/></Shape>
	    <String CONTENT="اقرار کرا نيست شود من به قرارم"
                    HPOS="87"
                    VPOS="685"
                    WIDTH="460"
                    HEIGHT="80"
                    WC="0.9268462916215261"></String>
          </TextLine>

          
          
          <TextLine ID="eSc_line_6e7dc742"
                    TAGREFS="LT4837"
                    BASELINE="596 825 1047 833" 
                    HPOS="595"
                    VPOS="778"
                    WIDTH="452"
                    HEIGHT="82">
            <Shape><Polygon POINTS="596 825 595 852 624 853 625 853 627 853 628 853 628 852 638 843 703 854 707 854 709 854 714 854 820 846 848 856 849 856 851 856 884 849 894 857 894 859 895 859 896 859 898 860 949 860 949 859 951 859 972 849 1044 860 1047 833 1045 803 1001 804 988 802 962 795 960 795 959 795 930 802 920 803 917 802 892 782 891 782 890 782 888 782 887 782 885 782 885 783 869 800 853 795 852 795 851 795 849 795 828 800 823 802 817 800 787 789 785 789 784 789 755 795 739 781 739 779 738 779 737 779 667 779 666 779 664 779 663 779 653 786 645 779 645 778 643 778 642 778 624 778 623 778 621 778 620 778 596 793 596 825"/></Shape>
	    <String CONTENT="بارنده يدياران ز دل تيرق ابرم"
                    HPOS="595"
                    VPOS="778"
                    WIDTH="452"
                    HEIGHT="82"
                    WC="0.8732502039136558"></String>
          </TextLine>

          
          
          <TextLine ID="eSc_line_cb024388"
                    TAGREFS="LT4837"
                    BASELINE="87 814 549 817" 
                    HPOS="86"
                    VPOS="761"
                    WIDTH="463"
                    HEIGHT="85">
            <Shape><Polygon POINTS="87 814 86 839 108 843 109 843 111 843 112 843 112 842 115 839 122 833 141 839 152 843 154 843 155 843 157 843 168 839 191 832 230 839 251 843 253 843 254 843 265 839 289 832 314 832 321 839 326 843 326 845 328 845 329 845 330 846 374 846 374 845 375 845 386 839 400 833 413 839 422 845 424 845 425 845 426 845 439 839 454 833 481 839 504 845 506 845 507 845 508 845 508 843 513 839 515 838 546 839 549 817 549 771 500 763 499 763 497 763 474 772 450 781 440 772 429 763 428 763 426 763 399 763 397 763 396 763 394 763 394 764 385 774 376 781 360 774 358 774 357 774 356 774 351 774 319 781 312 775 303 767 301 767 300 767 298 767 297 767 278 775 269 779 265 775 254 765 254 764 253 764 251 764 211 761 209 761 208 761 207 761 186 774 152 768 151 768 150 768 129 778 127 779 87 779 87 814"/></Shape>
	    <String CONTENT="بشکفته چو گل از دمن نشتر خارم"
                    HPOS="86"
                    VPOS="761"
                    WIDTH="463"
                    HEIGHT="85"
                    WC="0.9368277068795829"></String>
          </TextLine>

          
          
          <TextLine ID="eSc_line_e7234b7c"
                    TAGREFS="LT4837"
                    BASELINE="602 890 1048 902" 
                    HPOS="600"
                    VPOS="849"
                    WIDTH="448"
                    HEIGHT="86">
            <Shape><Polygon POINTS="602 890 600 903 648 904 649 906 660 916 661 916 663 916 664 916 666 916 693 909 714 924 716 924 717 924 718 924 720 924 750 911 757 909 809 909 816 914 831 928 832 928 834 928 880 932 881 932 938 927 1001 935 1002 935 1004 935 1005 935 1005 934 1015 924 1016 924 1045 925 1048 902 1047 857 990 868 955 857 945 854 944 854 942 854 941 854 933 857 909 865 817 865 812 859 806 853 806 852 805 852 803 852 778 850 777 850 775 850 745 859 730 863 724 859 716 852 716 850 714 850 713 850 712 850 710 850 696 857 681 849 680 849 678 849 677 849 654 859 654 860 602 860 602 890"/></Shape>
	    <String CONTENT="گهر اورج کتم از ره تحقيق ارادت"
                    HPOS="600"
                    VPOS="849"
                    WIDTH="448"
                    HEIGHT="86"
                    WC="0.9112003048261007"></String>
          </TextLine>

          
          
          <TextLine ID="eSc_line_98e5212c"
                    TAGREFS="LT4837"
                    BASELINE="84 888 549 888" 
                    HPOS="84"
                    VPOS="838"
                    WIDTH="465"
                    HEIGHT="82">
            <Shape><Polygon POINTS="84 888 84 920 108 920 108 918 109 918 111 918 111 917 120 909 144 913 146 913 147 913 148 913 148 911 157 904 189 904 203 916 205 918 207 918 208 918 209 918 230 914 250 910 254 913 260 918 261 918 262 918 264 918 265 918 289 913 293 911 294 913 303 918 304 918 305 918 307 918 308 918 321 911 326 909 342 910 394 918 396 918 397 918 399 918 414 909 421 904 432 907 446 911 447 911 449 911 549 903 549 888 549 857 522 857 511 846 511 845 510 845 508 845 507 845 506 845 486 850 474 840 474 839 472 839 471 839 470 839 468 839 428 857 394 857 349 838 347 838 346 838 235 850 222 839 222 838 221 838 219 838 182 838 180 838 179 838 140 856 120 849 119 849 118 849 84 856 84 888"/></Shape>
	    <String CONTENT="در هر نفس از بحر قدم صد گهرآرم"
                    HPOS="84"
                    VPOS="838"
                    WIDTH="465"
                    HEIGHT="82"
                    WC="0.9329886417235097"></String>
          </TextLine>

          
          
          <TextLine ID="eSc_line_41e25362"
                    TAGREFS="LT4837"
                    BASELINE="595 968 1042 972" 
                    HPOS="593"
                    VPOS="922"
                    WIDTH="449"
                    HEIGHT="80">
            <Shape><Polygon POINTS="595 968 593 985 652 985 657 986 684 998 685 998 686 998 688 998 689 998 705 986 707 985 710 986 717 992 718 992 720 992 721 992 745 986 749 986 750 986 777 1000 778 1000 780 1002 888 1002 888 1000 890 1000 891 1000 905 989 923 1002 924 1002 926 1002 927 1002 928 1002 952 991 1041 986 1042 972 1042 943 1002 943 1001 941 992 934 992 932 991 932 990 932 988 932 987 932 985 932 976 941 973 942 884 939 883 938 874 929 873 929 871 929 870 929 869 929 856 936 846 942 814 942 807 935 798 925 798 924 796 924 795 924 794 924 792 924 771 934 756 941 738 932 716 922 714 922 713 922 595 927 595 968"/></Shape>
	    <String CONTENT="صد مر حله طی کردم مصد عرش نودم"
                    HPOS="593"
                    VPOS="922"
                    WIDTH="449"
                    HEIGHT="80"
                    WC="0.8986302117506663"></String>
          </TextLine>

          
          
          <TextLine ID="eSc_line_4146771b"
                    TAGREFS="LT4837"
                    BASELINE="83 956 547 960" 
                    HPOS="82"
                    VPOS="903"
                    WIDTH="465"
                    HEIGHT="85">
            <Shape><Polygon POINTS="83 956 82 984 118 985 119 985 120 985 122 985 122 984 123 984 136 971 203 981 237 986 239 986 240 986 254 979 261 977 264 979 271 985 271 986 272 986 273 986 275 988 304 988 304 986 374 977 403 974 479 974 482 975 493 982 495 982 496 982 497 982 546 972 547 960 545 907 470 913 446 910 419 906 418 906 417 906 415 906 408 910 393 920 351 922 335 913 326 907 325 907 324 907 322 907 292 914 257 922 248 916 247 916 246 916 244 916 241 916 216 921 211 917 198 904 198 903 197 903 196 903 169 903 168 903 166 903 165 903 165 904 152 917 83 920 83 956"/></Shape>
	    <String CONTENT="آن لحظه که بر عالم علويست گذارم"
                    HPOS="82"
                    VPOS="903"
                    WIDTH="465"
                    HEIGHT="85"
                    WC="0.9412732999771833"></String>
          </TextLine>

          
          
          <TextLine ID="eSc_line_3bb11d1f"
                    TAGREFS="LT4837"
                    BASELINE="813 1055 1031 1055" 
                    HPOS="813"
                    VPOS="999"
                    WIDTH="218"
                    HEIGHT="83">
            <Shape><Polygon POINTS="813 1055 813 1074 846 1082 848 1082 888 1078 909 1075 1030 1082 1031 1055 1031 999 972 999 970 999 969 999 958 1004 913 1027 874 1027 859 1013 858 1013 856 1013 855 1013 853 1013 852 1013 842 1020 813 1016 813 1055"/></Shape>
	    <String CONTENT="ر کس که به من"
                    HPOS="813"
                    VPOS="999"
                    WIDTH="218"
                    HEIGHT="83"
                    WC="0.7520043024649987"></String>
          </TextLine>

          
          
          <TextLine ID="eSc_line_9fc2e2c7"
                    TAGREFS="LT4837"
                    BASELINE="90 1038 540 1027" 
                    HPOS="89"
                    VPOS="979"
                    WIDTH="451"
                    HEIGHT="87">
            <Shape><Polygon POINTS="90 1038 90 1063 112 1066 114 1066 115 1066 116 1066 120 1061 133 1050 151 1060 159 1064 161 1064 162 1064 164 1064 178 1059 187 1055 191 1059 196 1063 197 1063 198 1063 200 1064 251 1064 251 1063 253 1063 254 1063 254 1061 255 1061 261 1055 262 1055 312 1061 314 1061 315 1061 317 1061 317 1060 318 1060 325 1052 330 1043 374 1043 386 1048 413 1059 414 1059 415 1059 417 1059 418 1059 418 1057 419 1057 429 1046 432 1042 443 1045 465 1050 467 1050 468 1050 470 1050 471 1050 471 1049 472 1049 476 1043 478 1042 479 1043 495 1048 496 1048 497 1048 539 1039 540 1027 536 992 495 998 489 993 474 979 472 979 471 979 470 979 368 981 367 981 314 999 311 1000 310 1000 298 992 297 992 296 992 294 992 293 992 292 992 292 993 282 1000 279 1003 268 1002 223 993 222 993 221 993 219 993 219 995 209 1003 208 1006 176 1006 175 1004 162 993 162 992 161 992 159 992 158 992 157 992 129 1006 89 1007 90 1038"/></Shape>
	    <String CONTENT="من با همگی مشفقم و با همه يارم"
                    HPOS="89"
                    VPOS="979"
                    WIDTH="451"
                    HEIGHT="87"
                    WC="0.8755610505739848"></String>
          </TextLine>

          
          
          <TextLine ID="eSc_line_f6f99c11"
                    TAGREFS="LT4837"
                    BASELINE="588 1112 1045 1123" 
                    HPOS="586"
                    VPOS="1056"
                    WIDTH="459"
                    HEIGHT="93">
            <Shape><Polygon POINTS="588 1112 586 1127 660 1141 661 1141 663 1141 680 1132 682 1131 688 1132 721 1142 723 1142 724 1142 725 1142 746 1135 748 1135 749 1135 764 1143 766 1143 905 1146 906 1146 908 1146 915 1143 930 1137 958 1145 965 1148 966 1148 967 1148 969 1148 972 1146 987 1138 1042 1149 1045 1123 1045 1089 1008 1068 1006 1068 1005 1068 1004 1068 1002 1068 977 1085 966 1092 940 1084 938 1084 937 1084 834 1091 817 1077 816 1077 814 1077 813 1077 812 1077 785 1089 739 1089 717 1070 717 1068 716 1068 714 1068 713 1068 712 1068 710 1068 699 1075 686 1063 682 1060 682 1059 681 1059 680 1059 588 1056 588 1112"/></Shape>
	    <String CONTENT="با تانکه برهی جانب من باشدشا"
                    HPOS="586"
                    VPOS="1056"
                    WIDTH="459"
                    HEIGHT="93"
                    WC="0.8544928740177836"></String>
          </TextLine>

          
          
          <TextLine ID="eSc_line_a99dc320"
                    TAGREFS="LT4837"
                    BASELINE="89 1106 545 1106" 
                    HPOS="89"
                    VPOS="1052"
                    WIDTH="456"
                    HEIGHT="82">
            <Shape><Polygon POINTS="89 1106 90 1132 144 1118 201 1128 203 1128 248 1118 260 1127 262 1130 264 1130 265 1130 267 1131 333 1131 333 1130 335 1130 350 1124 365 1118 369 1124 379 1131 379 1132 381 1132 382 1132 383 1134 440 1134 440 1132 442 1132 443 1132 451 1125 497 1132 499 1132 500 1132 502 1132 518 1118 520 1118 545 1118 545 1106 545 1070 503 1052 502 1052 461 1052 460 1052 458 1052 418 1071 415 1074 392 1074 389 1071 358 1052 357 1052 356 1052 324 1052 322 1052 321 1052 279 1073 278 1074 239 1074 237 1073 190 1052 189 1052 187 1052 186 1052 184 1052 184 1053 175 1061 157 1055 155 1055 154 1055 152 1055 89 1073 89 1106"/></Shape>
	    <String CONTENT="لطف و کرم و مهر نگوغيت شعارم"
                    HPOS="89"
                    VPOS="1052"
                    WIDTH="456"
                    HEIGHT="82"
                    WC="0.940508029290608"></String>
          </TextLine>

          
          
          <TextLine ID="eSc_line_581637e9"
                    TAGREFS="LT4837"
                    BASELINE="648 1203 1038 1199" 
                    HPOS="646"
                    VPOS="1152"
                    WIDTH="392"
                    HEIGHT="82">
            <Shape><Polygon POINTS="648 1203 648 1213 698 1227 699 1227 700 1227 702 1227 703 1227 723 1213 725 1213 769 1221 770 1221 771 1221 791 1213 792 1212 792 1213 812 1231 812 1232 813 1232 814 1232 816 1234 837 1234 837 1232 838 1232 878 1213 881 1212 890 1212 906 1214 921 1230 921 1231 923 1231 924 1231 926 1232 1005 1232 1005 1231 1006 1231 1008 1231 1038 1213 1038 1199 1037 1167 1013 1156 1012 1156 1010 1156 884 1168 864 1156 863 1156 862 1156 860 1156 807 1168 781 1152 780 1152 778 1152 777 1152 775 1152 774 1152 774 1153 773 1153 769 1159 682 1153 681 1153 680 1153 646 1170 648 1203"/></Shape>
	    <String CONTENT="در سيج ره و هچ روش"
                    HPOS="646"
                    VPOS="1152"
                    WIDTH="392"
                    HEIGHT="82"
                    WC="0.9197053247027926"></String>
          </TextLine>

          
          
          <TextLine ID="eSc_line_01531603"
                    TAGREFS="LT4837"
                    BASELINE="80 1177 538 1173" 
                    HPOS="79"
                    VPOS="1123"
                    WIDTH="459"
                    HEIGHT="76">
            <Shape><Polygon POINTS="80 1177 80 1199 123 1199 123 1198 125 1198 126 1198 126 1196 134 1189 165 1195 182 1198 183 1198 184 1198 186 1198 186 1196 189 1195 197 1185 237 1185 276 1191 310 1196 311 1196 312 1196 325 1189 330 1187 339 1189 350 1192 351 1192 353 1192 390 1187 415 1184 428 1185 474 1195 475 1195 538 1181 538 1173 534 1139 467 1139 464 1139 429 1130 428 1130 426 1130 425 1130 424 1130 414 1138 382 1123 381 1123 379 1123 378 1123 351 1137 339 1125 337 1125 336 1125 335 1125 333 1125 332 1125 308 1141 307 1142 271 1142 271 1141 228 1124 226 1124 225 1124 223 1124 201 1132 196 1127 196 1125 194 1125 193 1125 143 1125 141 1125 140 1125 102 1142 102 1143 79 1143 80 1177"/></Shape>
	    <String CONTENT="منت نه بود از طرف خويش و تبارم"
                    HPOS="79"
                    VPOS="1123"
                    WIDTH="459"
                    HEIGHT="76"
                    WC="0.9423434992631277"></String>
          </TextLine>

          
          
          <TextLine ID="eSc_line_c30a0b94"
                    TAGREFS="LT4837"
                    BASELINE="757 1273 1042 1273" 
                    HPOS="757"
                    VPOS="1231"
                    WIDTH="285"
                    HEIGHT="67">
            <Shape><Polygon POINTS="757 1298 839 1298 839 1296 841 1296 848 1294 862 1285 878 1292 891 1296 892 1296 894 1296 895 1296 916 1289 933 1285 942 1289 956 1295 958 1295 959 1295 960 1295 980 1287 987 1285 1042 1285 1042 1273 1042 1235 1030 1231 1029 1231 1027 1231 1026 1231 1016 1235 1008 1239 998 1235 985 1231 984 1231 983 1231 981 1231 972 1235 959 1239 931 1234 913 1231 912 1231 910 1231 909 1231 906 1234 892 1246 796 1246 759 1231 757 1273 757 1298"/></Shape>
	    <String CONTENT="نهدل به خراسان وو"
                    HPOS="757"
                    VPOS="1231"
                    WIDTH="285"
                    HEIGHT="67"
                    WC="0.9151065980686861"></String>
          </TextLine>

          
          
          <TextLine ID="eSc_line_25518684"
                    TAGREFS="LT4837"
                    BASELINE="591 1259 643 1262" 
                    HPOS="589"
                    VPOS="1185"
                    WIDTH="54"
                    HEIGHT="99">
            <Shape><Polygon POINTS="591 1259 589 1277 623 1284 624 1284 625 1284 627 1284 642 1273 643 1262 643 1185 593 1199 591 1259"/></Shape>
	    <String CONTENT=""
                    HPOS="589"
                    VPOS="1185"
                    WIDTH="54"
                    HEIGHT="99"></String>
          </TextLine>

          
          
          <TextLine ID="eSc_line_6fd378c4"
                    TAGREFS="LT4837"
                    BASELINE="80 1253 538 1253" 
                    HPOS="80"
                    VPOS="1203"
                    WIDTH="458"
                    HEIGHT="75">
            <Shape><Polygon POINTS="80 1253 80 1270 127 1277 129 1277 130 1277 155 1270 165 1267 171 1270 187 1277 189 1277 190 1277 191 1277 193 1277 193 1276 201 1270 204 1267 211 1270 230 1274 232 1274 233 1274 260 1269 268 1267 271 1269 280 1277 282 1277 283 1277 285 1277 286 1277 310 1269 324 1277 325 1277 326 1277 328 1277 329 1277 346 1269 347 1267 353 1267 400 1277 401 1277 403 1277 404 1277 413 1269 436 1277 438 1277 439 1278 513 1278 513 1277 514 1277 538 1266 538 1253 538 1219 508 1203 507 1203 506 1203 433 1219 393 1203 392 1203 390 1203 389 1203 387 1203 387 1205 375 1217 351 1219 326 1203 325 1203 324 1203 229 1203 228 1203 226 1203 182 1220 154 1220 143 1209 143 1207 141 1207 140 1207 139 1207 80 1219 80 1253"/></Shape>
	    <String CONTENT="جايم همه جايست چه ملک و چه ديارم"
                    HPOS="80"
                    VPOS="1203"
                    WIDTH="458"
                    HEIGHT="75"
                    WC="0.8697058130055666"></String>
          </TextLine>

          
          
          <TextLine ID="eSc_line_9931b834"
                    TAGREFS="LT4837"
                    BASELINE="586 1334 1040 1341" 
                    HPOS="585"
                    VPOS="1288"
                    WIDTH="455"
                    HEIGHT="81">
            <Shape><Polygon POINTS="586 1334 585 1348 609 1359 610 1359 611 1359 613 1359 634 1349 650 1356 652 1356 653 1356 688 1351 699 1359 700 1359 702 1359 703 1359 742 1355 766 1366 767 1366 769 1367 814 1367 814 1366 816 1366 856 1352 873 1367 874 1367 876 1367 877 1367 878 1367 931 1353 941 1362 941 1363 942 1363 944 1363 945 1363 947 1363 948 1363 962 1355 1013 1369 1015 1369 1016 1369 1017 1369 1019 1369 1038 1353 1040 1341 1036 1306 1027 1309 1023 1305 1012 1295 1012 1294 1010 1294 1009 1294 966 1294 965 1294 963 1294 962 1294 962 1295 951 1303 951 1305 948 1303 920 1292 919 1292 917 1292 916 1292 915 1292 899 1302 891 1307 853 1301 831 1298 830 1298 828 1298 827 1298 824 1301 817 1307 771 1307 763 1299 757 1295 757 1294 756 1294 755 1294 753 1294 752 1294 734 1298 709 1305 700 1298 693 1291 693 1289 692 1289 691 1289 689 1289 659 1296 646 1299 641 1296 628 1288 627 1288 625 1288 624 1288 586 1294 586 1334"/></Shape>
	    <String CONTENT="ر جا که و طن سازم باشد و طن آنجا"
                    HPOS="585"
                    VPOS="1288"
                    WIDTH="455"
                    HEIGHT="81"
                    WC="0.8765085538228353"></String>
          </TextLine>

          
          
          <TextLine ID="eSc_line_c71a989a"
                    TAGREFS="LT4837"
                    BASELINE="77 1327 534 1330" 
                    HPOS="76"
                    VPOS="1271"
                    WIDTH="458"
                    HEIGHT="80">
            <Shape><Polygon POINTS="77 1327 76 1346 130 1348 132 1348 133 1348 134 1348 137 1346 150 1337 166 1345 169 1346 171 1346 172 1346 173 1346 178 1345 200 1337 279 1337 292 1342 304 1349 305 1349 307 1349 308 1349 335 1342 347 1338 358 1341 382 1349 383 1349 385 1351 419 1351 419 1349 421 1349 422 1349 438 1339 439 1339 489 1349 490 1349 492 1349 493 1349 506 1338 507 1338 532 1338 534 1330 534 1292 514 1274 514 1273 513 1273 511 1273 510 1273 419 1276 418 1276 417 1276 399 1288 335 1277 333 1277 332 1277 303 1292 268 1285 267 1285 265 1285 248 1291 241 1285 241 1284 240 1284 239 1284 237 1284 201 1291 173 1271 172 1271 171 1271 169 1271 77 1291 77 1327"/></Shape>
	    <String CONTENT="هر جا که قرار از دل آنجاست قزارم"
                    HPOS="76"
                    VPOS="1271"
                    WIDTH="458"
                    HEIGHT="80"
                    WC="0.8725776013099786"></String>
          </TextLine>

          
          
          <TextLine ID="eSc_line_2b75e179"
                    TAGREFS="LT4837"
                    BASELINE="571 1409 803 1416 1048 1409" 
                    HPOS="570"
                    VPOS="1359"
                    WIDTH="478"
                    HEIGHT="82">
            <Shape><Polygon POINTS="571 1409 571 1427 623 1438 624 1438 625 1438 627 1438 627 1437 638 1427 639 1427 661 1434 663 1434 664 1434 693 1427 696 1427 698 1427 725 1438 727 1438 728 1438 781 1430 884 1440 885 1440 887 1440 917 1427 931 1440 933 1440 934 1440 935 1441 998 1441 998 1440 999 1440 1001 1440 1019 1427 1047 1427 1048 1409 1042 1369 1023 1378 969 1371 967 1371 895 1378 870 1369 852 1362 851 1362 830 1362 828 1362 827 1362 826 1362 826 1363 819 1369 812 1376 787 1369 760 1363 759 1363 757 1363 756 1363 749 1369 739 1378 712 1369 681 1359 680 1359 609 1359 607 1359 606 1359 604 1359 604 1360 593 1369 592 1370 570 1370 571 1409"/></Shape>
	    <String CONTENT="کز پير چه ز خلق آمد و رفت است بکويم"
                    HPOS="570"
                    VPOS="1359"
                    WIDTH="478"
                    HEIGHT="82"
                    WC="0.8743057168192334"></String>
          </TextLine>

          
          
          <TextLine ID="eSc_line_dfec0c46"
                    TAGREFS="LT4837"
                    BASELINE="76 1405 540 1408" 
                    HPOS="75"
                    VPOS="1352"
                    WIDTH="465"
                    HEIGHT="81">
            <Shape><Polygon POINTS="76 1405 75 1428 104 1430 105 1430 107 1430 111 1428 140 1416 175 1424 176 1424 178 1424 294 1416 308 1423 325 1431 326 1431 328 1433 375 1433 375 1431 376 1431 396 1420 410 1431 411 1431 413 1431 414 1433 478 1433 478 1431 539 1416 540 1408 540 1374 504 1360 503 1360 502 1360 500 1360 488 1366 471 1353 470 1353 468 1353 426 1353 425 1353 424 1353 422 1353 397 1373 396 1374 324 1374 322 1373 278 1352 276 1352 244 1352 243 1352 241 1352 240 1352 222 1366 204 1352 203 1352 201 1352 161 1352 159 1352 158 1352 157 1352 136 1369 114 1363 112 1363 111 1363 76 1370 76 1405"/></Shape>
	    <String CONTENT="و ز آنچه زمن آيد و شايد به شمارم"
                    HPOS="75"
                    VPOS="1352"
                    WIDTH="465"
                    HEIGHT="81"
                    WC="0.9404349134248846"></String>
          </TextLine>

          
          
          <TextLine ID="eSc_line_7b58a009"
                    TAGREFS="LT4837"
                    BASELINE="574 1487 1044 1487" 
                    HPOS="574"
                    VPOS="1444"
                    WIDTH="470"
                    HEIGHT="72">
            <Shape><Polygon POINTS="574 1487 575 1513 603 1506 624 1512 625 1512 627 1512 628 1512 629 1512 629 1510 639 1502 664 1510 677 1515 678 1515 680 1516 752 1516 752 1515 753 1515 755 1515 755 1513 762 1508 766 1503 780 1508 812 1515 813 1515 814 1515 816 1515 830 1505 839 1499 848 1505 855 1510 856 1510 858 1510 859 1510 860 1510 862 1510 871 1503 881 1499 923 1499 926 1502 931 1508 931 1509 933 1509 934 1509 935 1509 937 1509 958 1501 965 1499 1044 1499 1044 1487 1040 1444 1022 1456 1004 1456 994 1445 992 1445 992 1444 991 1444 990 1444 988 1444 987 1444 983 1445 963 1456 928 1456 920 1446 917 1445 917 1444 916 1444 915 1444 913 1444 912 1444 903 1446 884 1455 867 1448 858 1444 856 1444 855 1444 853 1444 835 1448 810 1456 750 1456 745 1451 738 1445 738 1444 737 1444 735 1444 734 1444 732 1444 731 1444 723 1451 689 1444 688 1444 686 1444 685 1444 685 1445 677 1452 674 1455 666 1452 634 1444 632 1444 631 1444 574 1453 574 1487"/></Shape>
	    <String CONTENT="ک صرف به حز شرح غم خويش يا"
                    HPOS="574"
                    VPOS="1444"
                    WIDTH="470"
                    HEIGHT="72"
                    WC="0.8856978187194238"></String>
          </TextLine>

          
          
          <TextLine ID="eSc_line_e7f9452e"
                    TAGREFS="LT4837"
                    BASELINE="77 1485 529 1485" 
                    HPOS="77"
                    VPOS="1431"
                    WIDTH="452"
                    HEIGHT="78">
            <Shape><Polygon POINTS="77 1485 77 1509 134 1501 166 1508 175 1509 176 1509 178 1509 179 1509 179 1508 180 1508 193 1497 255 1497 264 1505 267 1508 267 1509 268 1509 269 1509 271 1509 272 1509 282 1505 301 1497 332 1503 354 1509 356 1509 357 1509 358 1509 364 1503 367 1502 385 1503 445 1506 446 1506 447 1506 458 1501 470 1497 481 1501 504 1509 506 1509 507 1509 508 1509 529 1499 529 1485 525 1431 493 1451 465 1444 464 1444 463 1444 461 1444 433 1451 418 1438 417 1438 415 1438 393 1438 392 1438 390 1438 389 1438 389 1440 375 1452 357 1452 330 1440 308 1431 307 1431 305 1431 304 1431 275 1442 254 1451 239 1444 209 1431 208 1431 207 1431 147 1438 133 1431 132 1431 130 1431 129 1431 127 1431 101 1451 100 1452 77 1452 77 1485"/></Shape>
	    <String CONTENT="يک فرد بياض از همه دفتر بگذارم"
                    HPOS="77"
                    VPOS="1431"
                    WIDTH="452"
                    HEIGHT="78"
                    WC="0.9317941168944041"></String>
          </TextLine>

          
          
          <TextLine ID="eSc_line_56e4201b"
                    TAGREFS="LT4837"
                    BASELINE="571 1556 1040 1559" 
                    HPOS="570"
                    VPOS="1515"
                    WIDTH="470"
                    HEIGHT="75">
            <Shape><Polygon POINTS="571 1556 570 1577 589 1588 591 1588 592 1588 593 1590 666 1590 666 1588 667 1588 707 1577 709 1577 712 1577 743 1588 745 1588 746 1588 748 1588 774 1579 780 1577 791 1580 837 1590 838 1590 839 1590 841 1590 841 1588 849 1581 902 1590 903 1590 905 1590 927 1583 941 1579 1037 1584 1040 1559 1040 1522 934 1515 933 1515 931 1515 930 1515 920 1523 910 1531 876 1524 856 1520 855 1520 853 1520 852 1520 846 1524 835 1533 806 1533 778 1526 739 1517 738 1517 691 1527 675 1530 668 1527 638 1516 636 1516 635 1516 634 1516 632 1516 632 1517 620 1529 618 1530 571 1530 571 1556"/></Shape>
	    <String CONTENT="ياران همه در صورت اخلاص نمايند"
                    HPOS="570"
                    VPOS="1515"
                    WIDTH="470"
                    HEIGHT="75"
                    WC="0.9558553119500478"></String>
          </TextLine>

          
          
          <TextLine ID="eSc_line_0ba2821f"
                    TAGREFS="LT4837"
                    BASELINE="80 1549 527 1554" 
                    HPOS="79"
                    VPOS="1502"
                    WIDTH="448"
                    HEIGHT="81">
            <Shape><Polygon POINTS="80 1549 79 1579 155 1580 157 1580 158 1580 159 1580 159 1579 168 1573 176 1579 176 1580 178 1580 179 1580 232 1581 233 1581 235 1581 236 1581 239 1579 257 1565 293 1574 294 1574 296 1574 297 1574 298 1574 298 1573 308 1565 376 1565 447 1565 479 1579 493 1583 495 1583 496 1583 525 1577 527 1554 525 1510 438 1503 436 1503 435 1503 433 1503 422 1510 411 1517 382 1517 364 1510 335 1502 333 1502 332 1502 330 1502 297 1512 296 1512 294 1512 285 1503 285 1502 283 1502 282 1502 248 1502 247 1502 246 1502 244 1502 232 1512 229 1513 223 1512 207 1506 205 1506 204 1506 80 1512 80 1549"/></Shape>
	    <String CONTENT="هرگاه شموند از ره تزوپردو چارم"
                    HPOS="79"
                    VPOS="1502"
                    WIDTH="448"
                    HEIGHT="81"
                    WC="0.9154175460338593"></String>
          </TextLine>

          
        </TextBlock>
        
        <TextBlock HPOS="572"
                   VPOS="83"
                   WIDTH="99"
                   HEIGHT="49"
                   ID="eSc_textblock_a93520d9"
                   TAGREFS="BT16093">
          <Shape><Polygon POINTS="591 83 649 94 671 115 621 132 572 115 591 83"/></Shape>
          
          
          <TextLine ID="eSc_line_fcd8af7c"
                    TAGREFS="LT4837"
                    BASELINE="557 107 638 100" 
                    HPOS="554"
                    VPOS="77"
                    WIDTH="85"
                    HEIGHT="57">
            <Shape><Polygon POINTS="625 88 610 87 596 84 584 93 579 77 554 77 557 107 559 126 639 134 638 100 631 90 625 88"/></Shape>
	    <String CONTENT=""
                    HPOS="554"
                    VPOS="77"
                    WIDTH="85"
                    HEIGHT="57"></String>
          </TextLine>

          
        </TextBlock>
        
        <TextBlock HPOS="556"
                   VPOS="27"
                   WIDTH="54"
                   HEIGHT="10"
                   ID="eSc_textblock_96e73cd1"
                   TAGREFS="BT16085">
          <Shape><Polygon POINTS="563 27 610 27 610 37 556 37 563 27"/></Shape>
          
        </TextBlock>
        
        <TextBlock HPOS="990"
                   VPOS="5"
                   WIDTH="254"
                   HEIGHT="132"
                   ID="eSc_textblock_d1e7fc0c"
                   TAGREFS="BT16085">
          <Shape><Polygon POINTS="1225 5 1244 5 1239 137 1172 82 990 59 1194 50 1225 5"/></Shape>
          
        </TextBlock>
        
        <TextBlock HPOS="522"
                   VPOS="66"
                   WIDTH="49"
                   HEIGHT="27"
                   ID="eSc_textblock_e574fa99"
                   TAGREFS="BT16093">
          <Shape><Polygon POINTS="535 66 571 66 571 70 539 93 522 82 535 66"/></Shape>
          
        </TextBlock>
        

        
      </PrintSpace>
    </Page>
  </Layout>
</alto>
