<?xml version="1.0" encoding="UTF-8"?>
<alto xmlns:xsi="http://www.w3.org/2001/XMLSchema-instance"
      xmlns="http://www.loc.gov/standards/alto/ns-v4#"
      xsi:schemaLocation="http://www.loc.gov/standards/alto/ns-v4# http://www.loc.gov/standards/alto/v4/alto-4-2.xsd">
  <Description>
    <MeasurementUnit>pixel</MeasurementUnit>
    <sourceImageInformation>
      <fileName>Rasail055.jpg</fileName>
      
    </sourceImageInformation>
  </Description>
  
  <Tags>
    <OtherTag ID="BT16094" LABEL="default" DESCRIPTION="block type default"/><OtherTag ID="BT16093" LABEL="NumberingZone:page" DESCRIPTION="block type NumberingZone:page"/><OtherTag ID="BT16092" LABEL="MarginTextZone:note" DESCRIPTION="block type MarginTextZone:note"/><OtherTag ID="BT16091" LABEL="TitlePageZone" DESCRIPTION="block type TitlePageZone"/><OtherTag ID="BT16090" LABEL="QuireMarksZone:catchwords" DESCRIPTION="block type QuireMarksZone:catchwords"/><OtherTag ID="BT16089" LABEL="NumberingZone:other" DESCRIPTION="block type NumberingZone:other"/><OtherTag ID="BT16088" LABEL="NumberingZone" DESCRIPTION="block type NumberingZone"/><OtherTag ID="BT16087" LABEL="MarginTextZone" DESCRIPTION="block type MarginTextZone"/><OtherTag ID="BT16086" LABEL="MainZone" DESCRIPTION="block type MainZone"/><OtherTag ID="BT16085" LABEL="DigitizationArtefactZone" DESCRIPTION="block type DigitizationArtefactZone"/><OtherTag ID="BT2" LABEL="Main" DESCRIPTION="block type Main"/><OtherTag ID="BT1" LABEL="Title" DESCRIPTION="block type Title"/>
    <OtherTag ID="LT4837" LABEL="DefaultLine" DESCRIPTION="line type DefaultLine"/><OtherTag ID="LT4838" LABEL="default" DESCRIPTION="line type default"/><OtherTag ID="LT4839" LABEL="HeadingLine:title" DESCRIPTION="line type HeadingLine:title"/>
  </Tags>
  
  <Layout>
    <Page WIDTH="1114"
          HEIGHT="1666"
          PHYSICAL_IMG_NR="83"
          ID="eSc_dummypage_">
      <PrintSpace HPOS="0"
                  VPOS="0"
                  WIDTH="1114"
                  HEIGHT="1666">
        
        <TextBlock HPOS="44"
                   VPOS="166"
                   WIDTH="931"
                   HEIGHT="1459"
                   ID="eSc_textblock_138fe54a"
                   TAGREFS="BT16086">
          <Shape><Polygon POINTS="544 166 869 177 975 233 952 1209 919 1603 886 1625 77 1620 44 1597 50 211 83 172 544 166"/></Shape>
          
          
          <TextLine ID="eSc_line_9ceedf08"
                    TAGREFS="LT4837"
                    BASELINE="277 263 934 274" 
                    HPOS="276"
                    VPOS="209"
                    WIDTH="658"
                    HEIGHT="92">
            <Shape><Polygon POINTS="277 263 276 290 300 291 301 291 302 291 304 291 304 290 315 279 340 290 343 291 344 291 345 291 347 291 348 291 348 290 356 283 375 290 379 291 380 291 381 291 383 291 387 290 415 280 436 290 443 292 444 292 445 292 447 292 455 290 477 281 502 290 522 295 523 295 525 295 526 295 541 290 558 283 575 290 588 294 590 294 591 294 593 294 594 294 594 292 598 288 601 287 602 288 609 294 609 295 611 295 612 295 613 295 615 295 627 288 637 284 686 284 697 288 720 298 722 298 723 298 847 294 859 301 861 301 862 301 863 301 933 287 934 274 934 227 912 222 911 222 909 222 900 226 883 233 865 224 861 223 859 223 858 223 857 223 851 224 825 231 798 223 794 222 793 222 791 222 782 223 723 230 705 220 700 217 698 217 697 217 695 217 694 217 694 219 691 220 682 230 607 230 572 216 566 215 565 215 563 215 562 215 558 216 527 227 469 215 468 215 466 215 441 226 406 226 393 213 393 212 391 212 390 212 388 212 387 212 365 220 358 212 356 212 356 211 355 211 354 211 277 209 277 263"/></Shape>
	    <String CONTENT="شتا ايشان را دلالت نمايد براى حق چنانى"
                    HPOS="276"
                    VPOS="209"
                    WIDTH="658"
                    HEIGHT="92"
                    WC="0.9021079477510954"></String>
          </TextLine>

          
          
          <TextLine ID="eSc_line_577e0c03"
                    TAGREFS="LT4837"
                    BASELINE="97 326 936 351" 
                    HPOS="95"
                    VPOS="281"
                    WIDTH="841"
                    HEIGHT="98">
            <Shape><Polygon POINTS="97 326 95 340 233 345 243 354 244 354 245 354 247 354 248 354 263 348 290 362 291 362 293 363 330 363 330 362 331 362 333 362 347 352 375 365 376 365 377 365 379 365 404 355 434 366 436 366 437 366 438 366 440 366 456 355 468 363 469 363 470 363 472 363 500 358 525 366 526 366 527 366 529 366 530 366 541 358 545 355 550 358 559 366 561 366 562 366 563 366 591 360 605 356 609 360 611 363 612 363 612 365 613 365 615 365 616 365 618 365 629 362 636 359 644 362 673 373 675 373 705 374 707 374 708 374 709 374 723 365 729 360 737 366 751 376 752 376 754 376 755 377 811 377 811 376 812 376 813 376 820 369 822 369 823 369 869 379 870 379 872 379 893 372 911 366 932 373 936 351 936 315 923 306 922 306 920 306 919 306 918 306 916 306 904 316 901 317 900 316 893 309 893 308 891 308 890 308 888 308 887 308 868 315 863 316 862 315 845 301 844 301 843 301 825 301 823 301 822 301 820 301 820 302 808 313 805 316 780 316 775 312 752 298 751 298 750 298 748 298 747 298 705 310 690 297 688 297 687 297 657 295 655 295 654 295 611 309 602 310 591 308 563 301 562 301 561 301 559 301 558 301 550 306 544 309 494 309 490 305 470 291 469 291 468 291 444 290 443 290 441 290 406 304 401 305 391 304 347 294 345 294 297 301 286 302 277 301 252 292 251 292 250 292 248 292 247 292 247 294 240 299 218 283 216 283 215 283 191 281 170 281 169 281 168 281 166 281 166 283 150 297 148 298 97 297 97 326"/></Shape>
	    <String CONTENT="العزم شخصی را گويند که صاحب تاييد باشد در اول"
                    HPOS="95"
                    VPOS="281"
                    WIDTH="841"
                    HEIGHT="98"
                    WC="0.9060588558514913"></String>
          </TextLine>

          
          
          <TextLine ID="eSc_line_0e4231d0"
                    TAGREFS="LT4837"
                    BASELINE="297 417 929 426" 
                    HPOS="295"
                    VPOS="370"
                    WIDTH="634"
                    HEIGHT="78">
            <Shape><Polygon POINTS="297 417 295 426 340 440 341 440 343 440 344 440 369 430 386 438 387 438 388 438 488 430 493 430 494 430 527 444 529 444 530 444 637 433 640 433 658 433 670 444 670 445 672 445 673 445 675 445 676 445 707 434 711 433 734 433 736 434 751 447 752 447 754 447 755 447 757 447 800 435 805 434 808 435 833 448 834 448 836 448 927 437 929 426 926 383 907 392 780 392 763 380 759 376 758 376 757 376 755 376 754 376 752 376 748 380 741 385 666 390 641 377 634 374 633 374 591 373 590 373 588 373 576 376 534 388 526 380 525 380 523 380 522 380 490 384 479 376 479 374 477 374 476 374 475 374 473 374 451 384 415 373 404 370 402 370 401 370 400 370 391 373 375 379 368 372 366 372 366 370 365 370 363 370 362 370 297 370 297 417"/></Shape>
	    <String CONTENT="شريعت و در ملت او کتابی بود در ميان جما"
                    HPOS="295"
                    VPOS="370"
                    WIDTH="634"
                    HEIGHT="78"
                    WC="0.9243099017020984"></String>
          </TextLine>

          
          
          <TextLine ID="eSc_line_7690ebfe"
                    TAGREFS="LT4837"
                    BASELINE="129 474 343 483" 
                    HPOS="127"
                    VPOS="437"
                    WIDTH="216"
                    HEIGHT="66">
            <Shape><Polygon POINTS="129 474 127 483 186 487 188 488 208 499 209 499 211 499 241 494 269 502 270 502 272 502 273 502 286 497 288 495 293 498 305 503 306 503 308 503 341 501 343 483 343 447 266 438 265 438 263 438 262 438 252 444 247 440 247 438 245 438 244 438 243 438 241 438 225 444 223 445 222 444 211 437 209 437 208 437 206 437 129 442 129 474"/></Shape>
	    <String CONTENT="كه خوابد"
                    HPOS="127"
                    VPOS="437"
                    WIDTH="216"
                    HEIGHT="66"
                    WC="0.9759430214762688"></String>
          </TextLine>

          
          
          <TextLine ID="eSc_line_9429680c"
                    TAGREFS="LT4837"
                    BASELINE="736 501 932 505" 
                    HPOS="734"
                    VPOS="453"
                    WIDTH="198"
                    HEIGHT="80">
            <Shape><Polygon POINTS="734 528 762 530 763 530 765 530 768 528 790 519 858 519 887 528 902 533 904 533 905 533 930 527 932 505 932 469 798 453 797 453 795 453 783 458 763 465 737 455 736 501 734 528"/></Shape>
	    <String CONTENT="اين ناطقان با"
                    HPOS="734"
                    VPOS="453"
                    WIDTH="198"
                    HEIGHT="80"
                    WC="0.9128720989594092"></String>
          </TextLine>

          
          
          <TextLine ID="eSc_line_8bd44fec"
                    TAGREFS="LT4837"
                    BASELINE="311 562 929 571" 
                    HPOS="309"
                    VPOS="516"
                    WIDTH="620"
                    HEIGHT="80">
            <Shape><Polygon POINTS="311 562 309 581 350 574 386 584 398 587 400 587 401 587 402 587 404 587 408 584 423 576 476 576 484 584 488 588 488 590 490 590 491 590 493 591 555 591 555 590 557 590 558 590 565 584 570 581 572 584 573 584 573 585 575 585 576 585 577 585 579 585 584 584 607 578 630 584 654 591 655 591 657 591 658 591 673 584 684 580 688 584 695 590 695 591 697 591 698 591 727 592 729 592 773 585 795 581 808 585 838 595 840 595 841 596 908 596 908 595 909 595 927 585 929 571 927 534 841 542 822 534 807 526 805 526 804 526 802 526 801 526 801 527 793 534 791 535 787 534 773 527 772 527 770 527 769 527 768 527 761 534 750 541 713 541 698 534 675 522 673 522 672 522 670 522 669 522 657 534 650 540 583 540 572 534 540 519 538 519 537 519 473 528 456 517 455 517 454 517 419 517 418 517 416 517 415 517 405 526 393 516 391 516 390 516 355 516 354 516 352 516 351 516 351 517 334 534 311 534 311 562"/></Shape>
	    <String CONTENT="نصيب داشته باشد و هرسل نه دو قسم نبوت"
                    HPOS="309"
                    VPOS="516"
                    WIDTH="620"
                    HEIGHT="80"
                    WC="0.9283287227153778"></String>
          </TextLine>

          
          
          <TextLine ID="eSc_line_7af073f3"
                    TAGREFS="LT4837"
                    BASELINE="265 631 933 640" 
                    HPOS="263"
                    VPOS="584"
                    WIDTH="670"
                    HEIGHT="82">
            <Shape><Polygon POINTS="265 631 263 646 280 656 281 656 283 656 284 656 318 649 333 659 334 659 336 659 337 660 368 660 368 659 369 659 370 659 370 658 383 648 487 662 488 663 548 663 548 662 550 662 570 651 573 649 577 651 611 660 612 660 613 660 615 660 634 652 645 662 645 663 647 663 648 663 650 663 651 663 688 653 694 652 744 652 747 655 757 663 757 665 758 665 759 665 761 666 794 666 794 665 795 665 797 665 808 656 812 652 819 656 838 665 840 665 841 665 843 665 869 656 876 655 879 658 884 662 886 662 887 662 888 662 890 662 891 662 895 658 902 653 930 658 933 640 933 608 876 599 875 599 873 599 857 606 854 608 851 606 825 590 823 590 822 590 820 590 819 590 818 590 797 606 793 609 755 609 750 605 720 591 719 591 718 591 716 591 715 591 694 605 691 606 640 605 632 605 600 590 598 590 597 590 595 590 541 603 518 587 516 587 515 587 513 587 452 596 434 585 433 585 431 585 365 584 323 584 322 584 320 584 319 584 297 602 295 602 265 602 265 631"/></Shape>
	    <String CONTENT="اسفه بالصيب بأشد وأولد العزم جاء مع مرسه قسم فبوت"
                    HPOS="263"
                    VPOS="584"
                    WIDTH="670"
                    HEIGHT="82"
                    WC="0.9124473047022726"></String>
          </TextLine>

          
          
          <TextLine ID="eSc_line_5b2bc5ed"
                    TAGREFS="LT4837"
                    BASELINE="77 688 125 687" 
                    HPOS="75"
                    VPOS="623"
                    WIDTH="50"
                    HEIGHT="79">
            <Shape><Polygon POINTS="77 688 77 701 123 702 125 687 119 623 75 623 77 688"/></Shape>
	    <String CONTENT=""
                    HPOS="75"
                    VPOS="623"
                    WIDTH="50"
                    HEIGHT="79"></String>
          </TextLine>

          
          
          <TextLine ID="eSc_line_698c41cc"
                    TAGREFS="LT4837"
                    BASELINE="383 709 923 721" 
                    HPOS="381"
                    VPOS="662"
                    WIDTH="542"
                    HEIGHT="80">
            <Shape><Polygon POINTS="381 721 400 728 401 728 402 728 404 728 423 721 427 720 430 723 441 734 441 735 443 735 444 735 445 735 504 726 547 737 548 737 550 737 551 737 552 737 566 727 573 724 620 724 658 731 680 734 682 734 695 733 722 727 738 734 759 742 761 742 762 742 922 739 923 721 920 670 894 683 876 674 875 674 873 674 872 674 857 681 776 681 750 667 745 666 744 666 695 666 694 666 693 666 691 667 673 677 655 666 654 665 652 665 651 665 622 663 620 663 619 663 618 663 615 666 609 670 604 666 602 665 602 663 601 663 600 663 554 662 552 662 537 665 512 670 505 665 504 663 504 662 502 662 501 662 500 662 487 663 444 673 398 673 386 662 383 709 381 721"/></Shape>
	    <String CONTENT="جموع ين هرسه صفف را أنبن لونذ تنبيه"
                    HPOS="381"
                    VPOS="662"
                    WIDTH="542"
                    HEIGHT="80"
                    WC="0.739720918238163"></String>
          </TextLine>

          
          
          <TextLine ID="eSc_line_bb871a16"
                    TAGREFS="LT4837"
                    BASELINE="69 763 166 763" 
                    HPOS="69"
                    VPOS="710"
                    WIDTH="97"
                    HEIGHT="71">
            <Shape><Polygon POINTS="69 763 69 774 81 781 83 781 84 781 86 781 87 781 95 776 101 773 165 781 166 763 166 730 144 730 143 728 119 710 118 710 116 710 115 710 113 710 69 724 69 763"/></Shape>
	    <String CONTENT="ج حال"
                    HPOS="69"
                    VPOS="710"
                    WIDTH="97"
                    HEIGHT="71"
                    WC="0.889237129688263"></String>
          </TextLine>

          
          
          <TextLine ID="eSc_line_3b552e07"
                    TAGREFS="LT4837"
                    BASELINE="383 785 923 792" 
                    HPOS="381"
                    VPOS="733"
                    WIDTH="542"
                    HEIGHT="83">
            <Shape><Polygon POINTS="383 785 381 796 426 809 427 809 429 809 430 809 447 799 456 809 456 810 458 810 459 810 490 812 491 812 493 812 537 801 611 813 612 813 659 805 683 813 684 813 686 813 687 813 688 813 700 803 713 814 715 814 716 814 718 814 762 808 770 814 772 814 773 814 775 814 776 814 811 803 854 810 855 810 887 805 902 816 904 816 905 816 907 816 908 816 909 816 922 803 923 792 923 753 887 739 886 739 843 739 841 739 840 739 838 739 838 741 827 751 823 753 775 748 705 741 704 741 702 741 694 745 682 752 633 752 619 742 616 739 615 739 613 739 612 739 611 739 609 739 609 741 608 741 597 751 573 751 563 739 559 737 559 735 558 735 557 735 505 735 504 735 502 735 500 737 477 748 450 735 447 734 445 734 444 734 443 734 441 734 429 744 416 734 415 734 413 734 383 733 383 785"/></Shape>
	    <String CONTENT="بعد از خود برل فرندان خود حاكم گمرداغه"
                    HPOS="381"
                    VPOS="733"
                    WIDTH="542"
                    HEIGHT="83"
                    WC="0.8536553900492819"></String>
          </TextLine>

          
          
          <TextLine ID="eSc_line_f0517601"
                    TAGREFS="LT4837"
                    BASELINE="69 831 104 830" 
                    HPOS="66"
                    VPOS="791"
                    WIDTH="38"
                    HEIGHT="58">
            <Shape><Polygon POINTS="69 831 69 849 104 845 104 830 101 796 66 791 69 831"/></Shape>
	    <String CONTENT="ف"
                    HPOS="66"
                    VPOS="791"
                    WIDTH="38"
                    HEIGHT="58"
                    WC="0.9542004466056824"></String>
          </TextLine>

          
          
          <TextLine ID="eSc_line_ed74c4bb"
                    TAGREFS="LT4837"
                    BASELINE="309 853 915 866" 
                    HPOS="308"
                    VPOS="808"
                    WIDTH="607"
                    HEIGHT="79">
            <Shape><Polygon POINTS="308 864 330 873 331 873 333 873 401 866 411 866 415 866 451 878 452 878 454 878 541 869 544 869 565 880 566 880 568 880 626 876 645 882 647 882 648 882 766 873 797 884 798 884 800 884 801 884 832 877 891 887 893 887 894 887 895 887 913 874 915 866 912 820 879 830 866 819 865 819 863 819 825 816 823 816 822 816 820 816 819 817 804 830 782 830 720 816 712 814 711 814 709 814 707 816 687 826 655 814 647 812 645 812 644 812 643 812 641 812 638 814 620 824 573 813 561 810 559 810 558 810 557 810 557 812 555 812 543 824 513 824 501 812 500 810 500 809 498 809 497 809 495 809 494 809 487 812 469 816 445 810 431 808 430 808 429 808 419 810 377 820 334 820 311 808 309 853 308 864"/></Shape>
	    <String CONTENT="فرزندين وصعاش ايشهن بانند چنان کندد"
                    HPOS="308"
                    VPOS="808"
                    WIDTH="607"
                    HEIGHT="79"
                    WC="0.8421152438436236"></String>
          </TextLine>

          
          
          <TextLine ID="eSc_line_a36e53bf"
                    TAGREFS="LT4837"
                    BASELINE="81 992 162 992" 
                    HPOS="81"
                    VPOS="939"
                    WIDTH="81"
                    HEIGHT="77">
            <Shape><Polygon POINTS="81 992 81 1014 161 1016 162 992 161 939 81 946 81 992"/></Shape>
	    <String CONTENT="ندان"
                    HPOS="81"
                    VPOS="939"
                    WIDTH="81"
                    HEIGHT="77"
                    WC="0.8767267912626266"></String>
          </TextLine>

          
          
          <TextLine ID="eSc_line_7842dab0"
                    TAGREFS="LT4837"
                    BASELINE="286 1002 562 1010 908 1009" 
                    HPOS="284"
                    VPOS="959"
                    WIDTH="624"
                    HEIGHT="73">
            <Shape><Polygon POINTS="286 1002 284 1019 340 1017 351 1020 365 1025 366 1025 368 1025 406 1020 434 1017 438 1020 444 1025 444 1027 445 1027 447 1027 491 1028 493 1028 494 1028 495 1028 502 1023 512 1030 513 1030 515 1030 516 1031 566 1031 566 1030 568 1030 588 1020 594 1019 598 1020 625 1031 626 1031 627 1031 629 1031 630 1031 644 1020 645 1020 647 1020 672 1031 673 1031 675 1031 795 1021 825 1032 826 1032 827 1032 907 1020 908 1009 902 962 872 978 823 978 797 963 793 962 791 962 790 962 788 962 787 962 787 963 786 963 772 978 761 978 747 964 743 962 743 960 741 960 740 960 738 960 701 964 683 967 675 966 652 960 651 960 650 960 648 960 636 966 626 971 620 967 612 959 611 959 609 959 608 959 607 959 573 967 562 970 559 967 552 962 551 962 550 962 548 962 547 962 531 969 529 969 526 969 494 959 493 959 491 959 490 959 456 970 444 974 375 974 370 971 351 962 350 962 348 962 347 962 345 962 331 971 330 973 329 971 312 963 311 963 309 963 308 963 286 971 286 1002"/></Shape>
	    <String CONTENT="شخص را بر مال خود که شرايع و کتاب اوسعت"
                    HPOS="284"
                    VPOS="959"
                    WIDTH="624"
                    HEIGHT="73"
                    WC="0.9109238661252536"></String>
          </TextLine>

          
          
          <TextLine ID="eSc_line_fcb04bb4"
                    TAGREFS="LT4837"
                    BASELINE="97 1067 158 1067" 
                    HPOS="97"
                    VPOS="1031"
                    WIDTH="61"
                    HEIGHT="47">
            <Shape><Polygon POINTS="97 1067 97 1071 156 1078 158 1067 156 1031 97 1037 97 1067"/></Shape>
	    <String CONTENT=""
                    HPOS="97"
                    VPOS="1031"
                    WIDTH="61"
                    HEIGHT="47"></String>
          </TextLine>

          
          
          <TextLine ID="eSc_line_ef546ef2"
                    TAGREFS="LT4837"
                    BASELINE="294 1080 915 1084" 
                    HPOS="293"
                    VPOS="1028"
                    WIDTH="622"
                    HEIGHT="78">
            <Shape><Polygon POINTS="294 1080 293 1094 337 1088 351 1096 365 1103 366 1103 368 1105 409 1105 409 1103 411 1103 423 1096 438 1088 490 1096 541 1105 543 1106 612 1106 612 1105 613 1105 629 1096 644 1089 687 1098 693 1098 694 1098 701 1098 745 1091 755 1098 763 1105 765 1105 766 1105 768 1105 769 1105 790 1098 812 1091 869 1094 875 1098 884 1106 886 1106 887 1106 888 1106 890 1106 913 1098 915 1084 915 1038 894 1032 893 1032 891 1032 890 1032 877 1038 868 1045 862 1038 854 1032 854 1031 852 1031 851 1031 825 1031 823 1031 822 1031 804 1038 788 1044 769 1038 745 1031 744 1031 743 1031 741 1031 740 1031 732 1038 720 1045 666 1045 659 1037 652 1031 652 1030 651 1030 650 1030 601 1030 600 1030 598 1030 575 1037 552 1044 527 1037 502 1028 501 1028 500 1028 498 1028 497 1028 487 1037 479 1042 423 1042 416 1035 411 1031 411 1030 409 1030 408 1030 406 1030 405 1030 388 1035 369 1042 347 1035 326 1028 325 1028 323 1028 294 1034 294 1080"/></Shape>
	    <String CONTENT="او که آمتان اويند حاکم گرداند که تنزيل و تاو"
                    HPOS="293"
                    VPOS="1028"
                    WIDTH="622"
                    HEIGHT="78"
                    WC="0.8869455582565732"></String>
          </TextLine>

          
          
          <TextLine ID="eSc_line_28a9a454"
                    TAGREFS="LT4837"
                    BASELINE="97 1135 136 1134" 
                    HPOS="95"
                    VPOS="1096"
                    WIDTH="41"
                    HEIGHT="52">
            <Shape><Polygon POINTS="97 1135 97 1148 136 1148 136 1134 131 1096 95 1105 97 1135"/></Shape>
	    <String CONTENT=""
                    HPOS="95"
                    VPOS="1096"
                    WIDTH="41"
                    HEIGHT="52"></String>
          </TextLine>

          
          
          <TextLine ID="eSc_line_ff8bc63f"
                    TAGREFS="LT4837"
                    BASELINE="298 1146 913 1159" 
                    HPOS="297"
                    VPOS="1099"
                    WIDTH="616"
                    HEIGHT="76">
            <Shape><Polygon POINTS="298 1146 297 1160 347 1157 379 1163 397 1166 398 1166 400 1166 408 1163 426 1156 434 1163 437 1166 437 1167 438 1167 440 1167 502 1168 504 1168 505 1168 506 1168 511 1164 518 1159 534 1164 544 1167 545 1167 547 1167 570 1164 607 1160 613 1166 619 1170 620 1170 622 1170 623 1170 625 1170 626 1170 633 1166 641 1162 700 1162 713 1166 734 1173 736 1173 737 1173 738 1173 761 1166 772 1163 775 1167 782 1173 782 1174 783 1174 784 1174 786 1174 826 1167 843 1164 847 1167 857 1175 858 1175 859 1175 861 1175 912 1167 913 1159 913 1125 870 1124 848 1109 847 1109 845 1109 844 1109 843 1109 818 1116 734 1107 733 1107 732 1107 715 1116 700 1106 698 1106 697 1106 641 1105 640 1105 598 1107 597 1107 595 1107 580 1118 579 1118 569 1118 488 1109 487 1109 387 1114 377 1114 376 1114 355 1099 354 1099 352 1099 351 1099 298 1112 298 1146"/></Shape>
	    <String CONTENT="مستالعان به تقادت مراتب ايشان برسانده"
                    HPOS="297"
                    VPOS="1099"
                    WIDTH="616"
                    HEIGHT="76"
                    WC="0.963806422981056"></String>
          </TextLine>

          
          
          <TextLine ID="eSc_line_5e3681ee"
                    TAGREFS="LT4837"
                    BASELINE="97 1209 113 1209" 
                    HPOS="97"
                    VPOS="1157"
                    WIDTH="16"
                    HEIGHT="66">
            <Shape><Polygon POINTS="97 1209 97 1220 112 1223 113 1209 112 1157 97 1160 97 1209"/></Shape>
	    <String CONTENT=""
                    HPOS="97"
                    VPOS="1157"
                    WIDTH="16"
                    HEIGHT="66"></String>
          </TextLine>

          
          
          <TextLine ID="eSc_line_0eb60d25"
                    TAGREFS="LT4837"
                    BASELINE="144 1210 280 1218 907 1228" 
                    HPOS="144"
                    VPOS="1163"
                    WIDTH="763"
                    HEIGHT="86">
            <Shape><Polygon POINTS="144 1210 144 1237 165 1227 191 1237 194 1238 195 1238 197 1238 218 1238 300 1234 341 1239 358 1241 359 1241 361 1241 365 1239 395 1228 425 1239 430 1242 431 1242 433 1242 434 1242 440 1241 456 1234 479 1241 480 1241 481 1241 483 1241 484 1241 486 1241 498 1231 505 1237 506 1237 508 1237 509 1237 565 1231 580 1242 582 1243 583 1243 584 1243 586 1243 597 1242 650 1232 662 1242 663 1242 665 1242 666 1242 730 1234 768 1241 769 1241 819 1235 833 1245 838 1249 840 1249 841 1249 843 1249 905 1245 907 1228 907 1195 876 1193 854 1180 852 1180 851 1180 850 1180 848 1180 834 1187 818 1178 816 1178 815 1178 813 1178 797 1188 775 1174 773 1174 772 1174 770 1174 769 1174 768 1174 754 1184 726 1173 725 1173 723 1173 722 1173 679 1185 672 1187 668 1184 659 1178 658 1178 657 1178 655 1178 654 1178 652 1178 647 1184 640 1189 591 1189 580 1181 580 1180 579 1180 577 1180 576 1180 570 1180 538 1187 522 1178 502 1168 501 1168 500 1168 498 1168 473 1174 426 1167 387 1167 386 1167 384 1167 383 1167 383 1168 379 1173 368 1182 352 1171 345 1166 344 1166 343 1166 312 1166 311 1166 309 1166 308 1166 305 1168 287 1182 197 1182 173 1163 172 1163 170 1163 144 1163 144 1210"/></Shape>
	    <String CONTENT="در ميرات فرزندان است و از آمتان کسی را که تاويل راق"
                    HPOS="144"
                    VPOS="1163"
                    WIDTH="763"
                    HEIGHT="86"
                    WC="0.9035508655584775"></String>
          </TextLine>

          
          
          <TextLine ID="eSc_line_c42f3613"
                    TAGREFS="LT4837"
                    BASELINE="273 1293 912 1300" 
                    HPOS="272"
                    VPOS="1242"
                    WIDTH="640"
                    HEIGHT="78">
            <Shape><Polygon POINTS="273 1293 272 1310 347 1314 348 1314 350 1314 356 1311 376 1305 388 1313 390 1314 391 1314 393 1314 394 1314 402 1313 422 1309 455 1314 472 1316 473 1316 475 1316 476 1316 477 1314 484 1309 519 1314 537 1317 538 1317 540 1317 541 1317 541 1316 543 1314 552 1307 612 1314 613 1314 647 1307 666 1317 670 1318 672 1318 673 1318 675 1318 676 1318 677 1317 688 1309 745 1309 777 1318 783 1320 784 1320 786 1320 787 1320 793 1318 825 1310 836 1320 837 1320 838 1320 840 1320 841 1320 843 1320 854 1311 862 1318 863 1318 865 1318 909 1320 912 1300 912 1264 862 1250 861 1250 859 1250 858 1250 825 1263 820 1264 816 1263 787 1246 786 1246 732 1246 730 1246 729 1246 700 1259 690 1263 675 1259 657 1253 655 1253 654 1253 652 1253 651 1253 647 1257 641 1263 591 1263 584 1256 572 1245 570 1245 569 1245 568 1245 519 1255 506 1256 498 1253 473 1243 472 1243 470 1243 469 1243 451 1252 434 1261 411 1261 394 1250 381 1242 380 1242 379 1242 377 1242 376 1242 356 1249 343 1255 338 1249 331 1243 331 1242 330 1242 329 1242 327 1242 273 1246 273 1293"/></Shape>
	    <String CONTENT="میکند به منزله پسردانند و کسا نيکه بر ظاهر ت"
                    HPOS="272"
                    VPOS="1242"
                    WIDTH="640"
                    HEIGHT="78"
                    WC="0.8990323794159022"></String>
          </TextLine>

          
          
          <TextLine ID="eSc_line_102748cf"
                    TAGREFS="LT4837"
                    BASELINE="236 1364 902 1377" 
                    HPOS="236"
                    VPOS="1316"
                    WIDTH="666"
                    HEIGHT="84">
            <Shape><Polygon POINTS="236 1364 236 1389 256 1378 276 1389 277 1389 279 1389 280 1389 281 1389 283 1389 298 1378 325 1388 334 1392 336 1392 337 1392 338 1392 340 1392 345 1388 363 1377 395 1375 420 1388 433 1393 434 1393 487 1395 488 1395 490 1395 491 1395 504 1386 508 1384 512 1386 530 1396 531 1396 533 1398 577 1398 577 1396 579 1396 601 1385 605 1384 620 1385 651 1389 652 1389 654 1389 665 1385 679 1380 725 1384 773 1389 775 1389 816 1384 826 1382 829 1384 859 1400 861 1400 862 1400 863 1400 901 1382 902 1377 901 1338 879 1338 876 1336 859 1327 858 1327 857 1327 855 1327 854 1327 834 1336 830 1338 823 1336 790 1327 788 1327 787 1327 697 1334 682 1335 679 1334 657 1323 655 1323 615 1323 613 1323 612 1323 611 1323 598 1332 598 1334 557 1334 555 1332 547 1324 545 1324 544 1324 543 1324 541 1324 540 1324 531 1332 502 1332 458 1332 456 1331 429 1318 427 1318 383 1317 381 1317 323 1324 266 1316 265 1316 263 1316 236 1327 236 1364"/></Shape>
	    <String CONTENT="منزله دختران انکه چهرا که ابل تاويل از ظاهر و باطن"
                    HPOS="236"
                    VPOS="1316"
                    WIDTH="666"
                    HEIGHT="84"
                    WC="0.8441783076524735"></String>
          </TextLine>

          
          
          <TextLine ID="eSc_line_f89cb677"
                    TAGREFS="LT4837"
                    BASELINE="70 1429 907 1446" 
                    HPOS="69"
                    VPOS="1381"
                    WIDTH="838"
                    HEIGHT="86">
            <Shape><Polygon POINTS="70 1429 69 1438 87 1452 88 1452 90 1452 91 1452 93 1452 112 1443 136 1452 137 1452 138 1452 140 1452 141 1452 141 1450 155 1439 179 1439 191 1449 193 1449 194 1449 195 1449 234 1441 254 1453 255 1453 256 1453 258 1453 259 1453 261 1453 261 1452 273 1441 287 1448 288 1448 290 1448 348 1442 412 1443 444 1459 445 1459 505 1460 506 1460 508 1460 530 1448 541 1457 541 1459 543 1459 544 1459 627 1463 629 1463 630 1463 632 1463 652 1449 682 1463 683 1463 718 1464 719 1464 720 1464 722 1464 722 1463 734 1450 752 1457 754 1457 755 1457 757 1457 758 1457 766 1450 837 1467 838 1467 884 1466 886 1466 887 1466 905 1452 907 1446 907 1414 829 1409 816 1398 815 1398 813 1398 812 1398 811 1398 779 1410 743 1393 741 1393 740 1393 738 1393 725 1400 651 1392 650 1392 648 1392 611 1406 541 1391 540 1391 538 1391 511 1403 494 1391 493 1391 491 1391 490 1391 488 1391 438 1403 391 1403 381 1393 381 1392 380 1392 379 1392 377 1392 376 1392 338 1402 281 1393 280 1393 279 1393 277 1393 272 1398 259 1385 259 1384 258 1384 256 1384 227 1384 226 1384 225 1384 223 1384 223 1385 213 1393 194 1382 193 1382 191 1382 190 1382 188 1382 179 1389 129 1381 127 1381 126 1381 125 1381 125 1382 109 1396 70 1396 70 1429"/></Shape>
	    <String CONTENT="يا دوايل نزيلی از ظار كتاب نصيب میگيرند پس"
                    HPOS="69"
                    VPOS="1381"
                    WIDTH="838"
                    HEIGHT="86"
                    WC="0.8484290909199488"></String>
          </TextLine>

          
          
          <TextLine ID="eSc_line_6a1a9820"
                    TAGREFS="LT4837"
                    BASELINE="76 1504 902 1520" 
                    HPOS="75"
                    VPOS="1453"
                    WIDTH="827"
                    HEIGHT="89">
            <Shape><Polygon POINTS="76 1504 75 1511 105 1527 106 1527 108 1527 156 1521 163 1527 163 1528 165 1528 166 1528 168 1529 218 1529 218 1528 268 1517 279 1516 287 1518 320 1531 322 1531 323 1531 325 1531 326 1531 338 1520 348 1527 350 1527 351 1527 352 1527 401 1523 450 1518 483 1525 526 1535 527 1535 618 1531 748 1524 768 1531 769 1531 770 1531 823 1528 836 1539 837 1539 837 1541 838 1541 840 1541 841 1542 901 1542 902 1520 902 1478 888 1471 887 1471 886 1471 843 1477 822 1463 820 1463 819 1463 818 1463 816 1463 786 1473 751 1461 750 1461 748 1461 747 1461 745 1461 726 1477 726 1478 722 1477 668 1460 666 1460 665 1460 663 1460 634 1477 629 1479 622 1475 591 1459 590 1459 588 1459 570 1460 569 1460 568 1460 568 1461 554 1475 550 1478 484 1478 477 1474 434 1456 433 1456 431 1456 368 1467 352 1454 351 1454 350 1454 301 1453 300 1453 259 1454 258 1454 256 1454 238 1471 237 1473 231 1471 176 1453 175 1453 173 1453 172 1453 170 1453 170 1454 152 1470 151 1471 76 1470 76 1504"/></Shape>
	    <String CONTENT="چنانچه پسران دو بخش می یگرند و دختران يک بخش قلبير"
                    HPOS="75"
                    VPOS="1453"
                    WIDTH="827"
                    HEIGHT="89"
                    WC="0.916439961194992"></String>
          </TextLine>

          
          
          <TextLine ID="eSc_line_1ee74490"
                    TAGREFS="LT4837"
                    BASELINE="80 1570 891 1591" 
                    HPOS="79"
                    VPOS="1518"
                    WIDTH="812"
                    HEIGHT="99">
            <Shape><Polygon POINTS="80 1570 79 1582 176 1584 188 1588 240 1602 241 1602 243 1602 315 1593 350 1589 376 1589 386 1596 397 1604 398 1604 400 1604 401 1604 402 1604 404 1604 412 1597 420 1592 441 1592 459 1599 477 1607 479 1607 480 1607 548 1603 557 1603 558 1603 573 1610 575 1610 576 1610 577 1610 593 1604 598 1603 605 1606 619 1611 620 1611 622 1611 652 1607 715 1599 726 1610 726 1611 727 1611 729 1611 751 1614 752 1614 754 1614 758 1611 783 1600 822 1614 823 1614 888 1617 891 1591 891 1552 852 1539 851 1539 850 1539 848 1539 804 1550 798 1552 795 1550 763 1534 762 1534 761 1534 759 1534 734 1542 726 1535 726 1534 725 1534 723 1534 676 1531 675 1531 673 1531 644 1543 615 1536 613 1536 612 1536 611 1536 609 1536 609 1538 601 1546 600 1546 594 1545 551 1539 550 1539 527 1543 522 1545 520 1543 498 1527 497 1527 495 1527 459 1525 434 1525 433 1525 431 1525 430 1525 411 1541 408 1542 356 1542 354 1539 326 1528 325 1528 323 1528 322 1528 294 1538 294 1539 245 1539 244 1536 229 1524 227 1524 226 1524 225 1524 223 1524 222 1524 208 1534 168 1518 166 1518 123 1518 122 1518 120 1518 119 1518 101 1534 100 1534 80 1534 80 1570"/></Shape>
	    <String CONTENT="بدانکه مسيرات فلکی و مناظرات کواکب و مطارح شفاعت بر"
                    HPOS="79"
                    VPOS="1518"
                    WIDTH="812"
                    HEIGHT="99"
                    WC="0.9131708928183013"></String>
          </TextLine>

          
        </TextBlock>
        
        <TextBlock HPOS="472"
                   VPOS="99"
                   WIDTH="119"
                   HEIGHT="71"
                   ID="eSc_textblock_c7c0738d"
                   TAGREFS="BT16093">
          <Shape><Polygon POINTS="494 99 569 99 591 142 505 170 472 142 494 99"/></Shape>
          
          
          <TextLine ID="eSc_line_f1dce6b0"
                    TAGREFS="LT4837"
                    BASELINE="497 133 552 130" 
                    HPOS="494"
                    VPOS="99"
                    WIDTH="58"
                    HEIGHT="56">
            <Shape><Polygon POINTS="536 99 494 111 497 133 497 148 551 155 552 130 547 99 536 99"/></Shape>
	    <String CONTENT=""
                    HPOS="494"
                    VPOS="99"
                    WIDTH="58"
                    HEIGHT="56"></String>
          </TextLine>

          
        </TextBlock>
        

        
      </PrintSpace>
    </Page>
  </Layout>
</alto>
