<?xml version="1.0" encoding="UTF-8"?>
<alto xmlns:xsi="http://www.w3.org/2001/XMLSchema-instance"
      xmlns="http://www.loc.gov/standards/alto/ns-v4#"
      xsi:schemaLocation="http://www.loc.gov/standards/alto/ns-v4# http://www.loc.gov/standards/alto/v4/alto-4-2.xsd">
  <Description>
    <MeasurementUnit>pixel</MeasurementUnit>
    <sourceImageInformation>
      <fileName>Rasail011.jpg</fileName>
      
    </sourceImageInformation>
  </Description>
  
  <Tags>
    <OtherTag ID="BT16094" LABEL="default" DESCRIPTION="block type default"/><OtherTag ID="BT16093" LABEL="NumberingZone:page" DESCRIPTION="block type NumberingZone:page"/><OtherTag ID="BT16092" LABEL="MarginTextZone:note" DESCRIPTION="block type MarginTextZone:note"/><OtherTag ID="BT16091" LABEL="TitlePageZone" DESCRIPTION="block type TitlePageZone"/><OtherTag ID="BT16090" LABEL="QuireMarksZone:catchwords" DESCRIPTION="block type QuireMarksZone:catchwords"/><OtherTag ID="BT16089" LABEL="NumberingZone:other" DESCRIPTION="block type NumberingZone:other"/><OtherTag ID="BT16088" LABEL="NumberingZone" DESCRIPTION="block type NumberingZone"/><OtherTag ID="BT16087" LABEL="MarginTextZone" DESCRIPTION="block type MarginTextZone"/><OtherTag ID="BT16086" LABEL="MainZone" DESCRIPTION="block type MainZone"/><OtherTag ID="BT16085" LABEL="DigitizationArtefactZone" DESCRIPTION="block type DigitizationArtefactZone"/><OtherTag ID="BT2" LABEL="Main" DESCRIPTION="block type Main"/><OtherTag ID="BT1" LABEL="Title" DESCRIPTION="block type Title"/>
    <OtherTag ID="LT4837" LABEL="DefaultLine" DESCRIPTION="line type DefaultLine"/><OtherTag ID="LT4838" LABEL="default" DESCRIPTION="line type default"/><OtherTag ID="LT4839" LABEL="HeadingLine:title" DESCRIPTION="line type HeadingLine:title"/>
  </Tags>
  
  <Layout>
    <Page WIDTH="2076"
          HEIGHT="3500"
          PHYSICAL_IMG_NR="39"
          ID="eSc_dummypage_">
      <PrintSpace HPOS="0"
                  VPOS="0"
                  WIDTH="2076"
                  HEIGHT="3500">
        
        <TextBlock HPOS="58"
                   VPOS="268"
                   WIDTH="1784"
                   HEIGHT="3159"
                   ID="eSc_textblock_8691ded6"
                   TAGREFS="BT16086">
          <Shape><Polygon POINTS="1284 268 1655 291 1842 350 1842 3368 1702 3427 140 3380 105 3345 116 2940 58 2633 58 466 93 326 175 280 1284 268"/></Shape>
          
          
          <TextLine ID="eSc_line_cff23130"
                    TAGREFS="LT4837"
                    BASELINE="99 428 1786 440" 
                    HPOS="96"
                    VPOS="326"
                    WIDTH="1690"
                    HEIGHT="169">
            <Shape><Polygon POINTS="99 428 96 455 157 475 160 475 163 475 166 475 169 475 198 457 356 457 385 481 385 484 388 484 391 484 519 490 522 490 525 490 607 463 665 490 668 490 671 492 747 492 747 490 750 490 817 460 855 490 858 490 861 490 864 490 867 490 966 463 1013 487 1016 487 1019 487 1021 487 1024 487 1054 466 1083 490 1086 490 1089 490 1092 490 1094 490 1135 469 1197 492 1200 492 1202 492 1331 472 1419 495 1421 495 1424 495 1556 492 1559 492 1562 492 1562 490 1576 478 1623 495 1626 495 1629 495 1632 495 1705 472 1751 484 1754 484 1757 484 1760 484 1763 484 1784 463 1786 440 1786 367 1746 344 1743 344 1740 344 1737 344 1734 344 1658 370 1646 373 1632 370 1594 355 1591 355 1588 355 1585 355 1582 355 1582 358 1570 370 1565 376 1459 376 1454 367 1439 355 1439 352 1436 352 1433 352 1430 352 1427 352 1395 367 1384 373 1369 367 1340 358 1337 358 1334 358 1273 367 1252 370 1249 367 1235 355 1235 352 1232 352 1229 352 1153 350 1150 350 1071 367 1051 370 1039 367 969 332 966 332 846 329 843 329 654 344 557 329 554 329 551 329 484 355 452 326 449 326 446 326 397 326 394 326 391 326 388 326 388 329 356 358 224 326 221 326 218 326 99 358 99 428"/></Shape>
	    <String CONTENT="است منسوب است بوساطت عقل و نفس اتا در حقيقت"
                    HPOS="96"
                    VPOS="326"
                    WIDTH="1690"
                    HEIGHT="169"
                    WC="0.9373431954272958"></String>
          </TextLine>

          
          
          <TextLine ID="eSc_line_9546a427"
                    TAGREFS="LT4837"
                    BASELINE="119 627 1004 609 1795 615" 
                    HPOS="116"
                    VPOS="501"
                    WIDTH="1679"
                    HEIGHT="184">
            <Shape><Polygon POINTS="119 627 119 659 166 682 169 682 172 685 277 685 277 682 280 682 335 653 350 647 446 647 455 653 510 679 513 679 516 679 519 679 578 665 636 679 639 679 642 679 645 679 648 679 686 647 692 644 715 647 843 673 846 673 849 673 899 644 910 641 983 641 992 644 1039 676 1042 676 1045 676 1048 676 1051 676 1132 647 1220 667 1223 667 1226 667 1229 667 1229 665 1258 641 1337 659 1340 659 1343 659 1395 641 1427 670 1427 673 1430 673 1433 673 1436 676 1629 676 1629 673 1795 632 1795 615 1786 516 1713 542 1474 542 1381 525 1264 501 1261 501 1258 501 1255 501 1255 504 1232 527 1229 533 1097 545 1062 530 1030 519 1027 519 1024 519 1021 519 989 533 983 536 978 533 928 507 925 507 922 507 919 507 849 536 817 548 732 539 729 539 689 507 686 507 683 507 680 507 677 507 639 525 557 507 554 507 551 507 548 507 502 545 452 510 449 510 446 510 242 510 239 510 236 510 233 510 186 551 183 554 116 554 119 627"/></Shape>
	    <String CONTENT="طهور همه از همان اثريست چه مغايرت عقل گل و نفس گل به"
                    HPOS="116"
                    VPOS="501"
                    WIDTH="1679"
                    HEIGHT="184"
                    WC="0.8948249152073493"></String>
          </TextLine>

          
          
          <TextLine ID="eSc_line_7b126082"
                    TAGREFS="LT4837"
                    BASELINE="102 767 1792 790" 
                    HPOS="99"
                    VPOS="670"
                    WIDTH="1693"
                    HEIGHT="172">
            <Shape><Polygon POINTS="99 796 309 790 335 802 388 825 391 825 394 825 397 825 400 825 429 802 481 825 484 825 639 828 642 828 645 828 648 828 689 805 700 796 747 805 823 816 826 816 899 805 934 799 940 805 951 813 954 813 957 813 960 813 963 813 989 805 998 802 1004 805 1042 834 1045 834 1048 834 1051 834 1054 834 1132 810 1156 834 1156 837 1159 837 1162 837 1165 837 1410 807 1416 807 1421 807 1605 842 1608 842 1708 840 1711 840 1713 840 1748 810 1789 810 1792 790 1792 711 1711 691 1708 691 1705 691 1702 691 1702 694 1684 708 1673 720 1658 708 1655 708 1652 708 1649 708 1646 708 1643 708 1643 711 1623 729 1515 729 1492 708 1492 705 1489 705 1486 705 1483 705 1480 705 1424 723 1395 702 1392 700 1389 700 1386 700 1384 700 1381 700 1372 702 1337 720 1322 702 1316 700 1316 697 1313 697 1311 697 1308 697 1275 702 1202 714 1170 700 1132 682 1129 682 1127 682 1124 682 1121 682 1094 700 1056 720 1016 697 1001 691 998 691 995 691 992 691 989 691 989 694 983 697 966 714 858 702 855 702 788 717 759 694 753 688 750 688 747 688 744 688 741 688 738 688 732 694 718 702 706 691 689 679 689 676 686 676 683 676 680 676 677 676 630 688 437 673 435 673 432 673 429 673 405 688 367 711 329 685 309 670 306 670 303 670 300 670 297 670 294 670 294 673 280 685 262 705 154 708 105 682 102 767 99 796"/></Shape>
	    <String CONTENT="امر کن نيست الاباسم چنايچه تسبت با عقل گل گفته شد و"
                    HPOS="99"
                    VPOS="670"
                    WIDTH="1693"
                    HEIGHT="172"
                    WC="0.8987599961897906"></String>
          </TextLine>

          
          
          <TextLine ID="eSc_line_2ed2bced"
                    TAGREFS="LT4837"
                    BASELINE="110 918 1795 939" 
                    HPOS="108"
                    VPOS="831"
                    WIDTH="1687"
                    HEIGHT="178">
            <Shape><Polygon POINTS="110 918 108 950 286 953 347 988 350 988 353 988 356 988 359 988 394 959 473 991 475 991 613 994 616 994 619 994 621 994 662 962 697 985 700 985 703 985 706 985 709 985 750 965 954 965 1019 985 1021 985 1024 985 1106 974 1129 994 1129 997 1132 997 1135 997 1138 997 1141 997 1205 974 1232 997 1232 1000 1235 1000 1238 1000 1319 1003 1322 1006 1421 1006 1421 1003 1424 1003 1477 977 1506 1003 1509 1003 1512 1003 1515 1003 1518 1003 1579 982 1602 1003 1602 1006 1605 1006 1608 1006 1611 1009 1655 1009 1655 1006 1658 1006 1731 974 1792 974 1795 939 1786 854 1740 880 1559 880 1503 860 1500 860 1497 860 1407 875 1381 848 1378 848 1378 845 1375 845 1372 845 1252 842 1249 842 1246 842 1243 842 1243 845 1240 848 1220 869 1156 872 1124 845 1121 842 1118 842 1115 842 1112 842 1109 842 1097 845 1021 869 969 842 960 840 957 840 759 837 756 837 753 837 750 837 747 840 718 866 692 848 689 848 686 848 683 848 592 866 516 851 513 851 510 851 464 863 437 837 435 837 435 834 432 834 429 834 426 834 423 834 411 837 324 860 251 834 248 834 245 834 242 834 239 834 236 834 181 857 154 834 154 831 151 831 148 831 145 831 110 831 110 918"/></Shape>
	    <String CONTENT="نبت با نفس گل گفته شود كاف كه مبانيت دانى دارد"
                    HPOS="108"
                    VPOS="831"
                    WIDTH="1687"
                    HEIGHT="178"
                    WC="0.9380613215591597"></String>
          </TextLine>

          
          
          <TextLine ID="eSc_line_233174d5"
                    TAGREFS="LT4837"
                    BASELINE="93 1093 1798 1099" 
                    HPOS="90"
                    VPOS="994"
                    WIDTH="1708"
                    HEIGHT="158">
            <Shape><Polygon POINTS="93 1093 90 1111 239 1114 283 1134 286 1134 289 1134 443 1125 464 1143 464 1146 467 1146 470 1146 473 1146 475 1146 513 1125 595 1134 598 1134 601 1134 659 1120 689 1143 689 1146 692 1146 694 1146 697 1149 776 1149 776 1146 779 1146 846 1117 922 1146 925 1146 928 1146 931 1146 934 1146 966 1120 1007 1140 1010 1140 1013 1140 1016 1140 1092 1120 1121 1146 1121 1149 1124 1149 1127 1149 1129 1152 1194 1152 1194 1149 1197 1149 1261 1120 1322 1149 1325 1149 1328 1149 1331 1149 1334 1149 1363 1128 1433 1149 1436 1149 1439 1149 1442 1149 1509 1122 1541 1149 1544 1149 1547 1149 1550 1152 1635 1152 1635 1149 1638 1149 1640 1149 1640 1146 1658 1131 1711 1146 1713 1146 1716 1146 1719 1146 1722 1146 1722 1143 1748 1120 1795 1120 1798 1099 1792 1026 1751 1047 1632 1029 1629 1029 1626 1029 1623 1029 1597 1047 1451 1032 1448 1032 1445 1032 1407 1047 1386 1029 1386 1026 1384 1026 1381 1026 1378 1026 1375 1026 1328 1047 1296 1020 1293 1020 1290 1020 1287 1020 1284 1020 1281 1020 1281 1023 1258 1044 1162 1047 1106 1012 1089 1000 1086 1000 1083 1000 1080 1000 1077 1000 1054 1012 992 1047 951 1009 940 1000 940 997 937 997 934 997 931 997 928 997 925 997 913 1009 887 1029 864 1009 855 1000 852 1000 849 1000 846 1000 843 1000 840 1000 832 1006 811 1020 797 1009 797 1006 794 1006 791 1006 788 1006 785 1006 782 1006 782 1009 744 1044 694 1026 692 1026 689 1026 686 1026 639 1044 598 1015 595 1015 592 1015 589 1015 586 1015 583 1015 583 1017 554 1047 464 1047 417 1000 417 997 414 997 411 997 408 997 388 1000 297 1012 283 1000 283 997 280 997 277 997 93 994 93 1093"/></Shape>
	    <String CONTENT="متفصل است از مافوق خود و هصل است به ناخت اشار"
                    HPOS="90"
                    VPOS="994"
                    WIDTH="1708"
                    HEIGHT="158"
                    WC="0.8928493473264906"></String>
          </TextLine>

          
          
          <TextLine ID="eSc_line_858a09f5"
                    TAGREFS="LT4837"
                    BASELINE="113 1260 1801 1265" 
                    HPOS="110"
                    VPOS="1163"
                    WIDTH="1691"
                    HEIGHT="152">
            <Shape><Polygon POINTS="110 1286 113 1289 116 1289 116 1292 119 1292 122 1292 125 1292 245 1280 289 1306 291 1306 294 1306 297 1306 300 1306 344 1286 405 1309 408 1309 411 1309 414 1309 417 1309 446 1286 551 1309 554 1309 557 1309 560 1309 560 1306 589 1280 668 1300 671 1300 674 1300 677 1300 735 1280 797 1309 800 1309 802 1309 1194 1283 1255 1300 1258 1300 1261 1300 1369 1292 1398 1312 1401 1312 1404 1312 1407 1315 1565 1315 1565 1312 1567 1312 1570 1312 1591 1297 1608 1312 1611 1312 1614 1312 1617 1312 1620 1312 1693 1283 1798 1283 1801 1265 1801 1172 1757 1166 1754 1166 1751 1166 1748 1166 1748 1169 1746 1172 1711 1201 1632 1201 1602 1172 1597 1169 1597 1166 1594 1166 1591 1166 1471 1166 1468 1166 1436 1172 1308 1201 1188 1181 1185 1181 1182 1181 1179 1181 1150 1207 1033 1207 1004 1178 1004 1175 1001 1175 998 1175 995 1175 983 1175 913 1178 908 1175 893 1163 890 1163 887 1163 846 1163 843 1163 840 1163 837 1163 823 1175 785 1201 692 1187 689 1187 686 1187 683 1187 665 1198 630 1175 621 1169 619 1169 616 1169 613 1169 610 1169 607 1169 598 1175 563 1204 487 1204 470 1187 470 1184 467 1184 464 1184 461 1184 458 1184 455 1184 440 1195 423 1178 411 1166 411 1163 408 1163 405 1163 402 1163 400 1163 370 1178 332 1195 291 1178 259 1163 256 1163 189 1163 186 1163 183 1163 181 1163 181 1166 166 1178 145 1195 119 1178 113 1260 110 1286"/></Shape>
	    <String CONTENT="دارد به فتح که عبارت است از تانيد در بعضی اوقات که"
                    HPOS="110"
                    VPOS="1163"
                    WIDTH="1691"
                    HEIGHT="152"
                    WC="0.920982084274292"></String>
          </TextLine>

          
          
          <TextLine ID="eSc_line_85744164"
                    TAGREFS="LT4837"
                    BASELINE="131 1426 1807 1435" 
                    HPOS="128"
                    VPOS="1341"
                    WIDTH="1679"
                    HEIGHT="131">
            <Shape><Polygon POINTS="131 1426 128 1437 248 1467 251 1467 254 1467 321 1443 373 1467 376 1467 379 1467 382 1467 411 1452 440 1467 443 1467 446 1467 449 1467 452 1467 452 1464 473 1446 499 1467 502 1467 505 1467 508 1470 607 1470 607 1467 610 1467 613 1467 613 1464 639 1443 846 1464 849 1464 852 1464 855 1464 884 1446 910 1464 913 1464 916 1464 919 1464 922 1464 978 1446 1001 1467 1001 1470 1004 1470 1007 1470 1010 1470 1141 1446 1223 1461 1226 1461 1366 1449 1404 1472 1407 1472 1410 1472 1413 1472 1804 1446 1807 1435 1801 1359 1769 1370 1731 1359 1693 1347 1690 1347 1687 1347 1684 1347 1681 1347 1681 1350 1670 1359 1655 1376 1547 1376 1506 1359 1471 1347 1468 1347 1465 1347 1462 1347 1433 1359 1404 1373 1378 1359 1351 1347 1348 1347 1346 1347 1343 1347 1340 1347 1325 1362 1308 1373 1284 1362 1252 1344 1249 1344 1077 1344 1074 1344 1071 1344 1068 1344 1042 1362 1027 1370 1013 1362 981 1344 978 1344 975 1344 908 1350 905 1350 902 1350 902 1353 890 1362 881 1370 864 1362 843 1356 840 1356 837 1356 835 1356 817 1362 802 1370 794 1362 776 1350 773 1350 770 1350 767 1350 764 1350 762 1350 744 1365 735 1370 724 1365 680 1341 677 1341 674 1341 671 1341 610 1365 595 1367 548 1365 420 1353 417 1353 414 1353 411 1353 411 1356 400 1365 400 1367 394 1365 341 1341 338 1341 335 1341 332 1341 329 1341 329 1344 306 1365 303 1367 131 1367 131 1426"/></Shape>
	    <String CONTENT="ميانت دانی دارد منفصل می شود از ما فوق خود بهجت"
                    HPOS="128"
                    VPOS="1341"
                    WIDTH="1679"
                    HEIGHT="131"
                    WC="0.9074881736268389"></String>
          </TextLine>

          
          
          <TextLine ID="eSc_line_3bbd4c30"
                    TAGREFS="LT4837"
                    BASELINE="90 1589 1813 1610" 
                    HPOS="87"
                    VPOS="1490"
                    WIDTH="1726"
                    HEIGHT="166">
            <Shape><Polygon POINTS="90 1589 87 1610 125 1624 128 1624 131 1624 183 1615 210 1636 210 1639 213 1639 216 1639 218 1642 300 1642 300 1639 303 1639 306 1639 306 1636 332 1612 402 1636 405 1636 408 1636 411 1636 414 1636 446 1615 510 1615 534 1636 534 1639 537 1639 540 1639 543 1639 546 1639 592 1618 619 1642 619 1645 621 1645 624 1645 627 1645 630 1645 697 1627 779 1645 782 1645 785 1645 826 1627 875 1647 878 1647 881 1647 884 1647 887 1647 887 1645 910 1624 978 1624 1001 1645 1001 1647 1004 1647 1007 1647 1077 1650 1080 1650 1083 1650 1086 1650 1086 1647 1112 1624 1182 1624 1243 1624 1246 1624 1351 1653 1354 1653 1357 1653 1489 1627 1492 1627 1535 1653 1538 1653 1541 1653 1640 1656 1643 1656 1646 1656 1690 1633 1810 1630 1813 1610 1813 1519 1690 1507 1687 1507 1684 1507 1681 1507 1670 1516 1632 1542 1576 1542 1503 1522 1500 1522 1497 1522 1340 1537 1305 1516 1305 1513 1302 1513 1299 1513 1296 1513 1275 1516 1156 1534 1132 1513 1121 1505 1118 1505 1115 1505 1112 1505 1109 1505 1083 1513 1045 1528 1030 1513 1013 1499 1010 1499 1007 1499 1004 1499 1001 1499 946 1513 940 1513 934 1513 849 1499 846 1499 843 1499 840 1499 826 1513 808 1528 753 1513 724 1505 721 1505 718 1505 656 1513 554 1525 528 1510 490 1493 487 1493 484 1493 481 1493 423 1510 373 1525 262 1513 259 1510 239 1493 239 1490 236 1490 233 1490 230 1490 90 1507 90 1589"/></Shape>
	    <String CONTENT="اتصال به ماخت خود ولام آهر که همان اوصاف لام اول"
                    HPOS="87"
                    VPOS="1490"
                    WIDTH="1726"
                    HEIGHT="166"
                    WC="0.9313621484503454"></String>
          </TextLine>

          
          
          <TextLine ID="eSc_line_d6db60ec"
                    TAGREFS="LT4837"
                    BASELINE="105 1755 1810 1755" 
                    HPOS="105"
                    VPOS="1662"
                    WIDTH="1705"
                    HEIGHT="143">
            <Shape><Polygon POINTS="105 1755 105 1793 145 1802 148 1802 151 1802 166 1796 213 1773 356 1796 402 1802 405 1802 408 1802 411 1802 411 1799 417 1796 440 1773 604 1773 677 1796 680 1796 683 1796 686 1796 727 1773 750 1796 753 1799 753 1802 756 1802 759 1802 762 1805 975 1805 975 1802 978 1802 981 1802 983 1796 998 1787 1086 1799 1127 1802 1129 1802 1132 1802 1135 1802 1138 1799 1176 1773 1211 1793 1214 1793 1217 1793 1220 1793 1223 1793 1249 1773 1389 1773 1448 1793 1451 1793 1454 1793 1638 1773 1664 1790 1667 1790 1670 1790 1807 1799 1810 1755 1810 1691 1769 1665 1766 1665 1763 1665 1760 1665 1757 1665 1754 1665 1754 1668 1722 1697 1646 1680 1643 1680 1582 1688 1562 1671 1559 1671 1556 1671 1553 1671 1550 1671 1547 1671 1547 1674 1521 1697 1521 1700 1421 1700 1421 1697 1351 1662 1348 1662 1346 1662 1343 1662 1340 1662 1340 1665 1311 1694 1270 1697 1264 1697 1243 1680 1240 1680 1238 1680 1235 1680 1232 1680 1197 1697 1118 1662 1115 1662 1007 1662 1004 1662 1001 1662 875 1697 873 1697 776 1671 773 1671 770 1671 767 1671 764 1671 764 1674 738 1697 738 1700 624 1700 621 1697 572 1665 569 1665 566 1665 563 1665 560 1665 557 1665 528 1691 510 1677 508 1677 505 1677 172 1662 169 1662 166 1662 105 1691 105 1755"/></Shape>
	    <String CONTENT="دارد اشارت دارد به خيال که هم مبات دارد و هم اتصال"
                    HPOS="105"
                    VPOS="1662"
                    WIDTH="1705"
                    HEIGHT="143"
                    WC="0.9012752401828766"></String>
          </TextLine>

          
          
          <TextLine ID="eSc_line_879267cf"
                    TAGREFS="LT4837"
                    BASELINE="110 1910 1816 1919" 
                    HPOS="108"
                    VPOS="1811"
                    WIDTH="1708"
                    HEIGHT="154">
            <Shape><Polygon POINTS="110 1910 108 1945 116 1954 119 1954 119 1957 122 1957 125 1957 128 1957 236 1936 256 1954 256 1957 259 1957 262 1957 265 1960 338 1960 338 1957 341 1957 344 1957 379 1933 426 1933 487 1930 499 1933 589 1957 592 1957 686 1960 689 1960 692 1960 694 1960 694 1957 718 1936 741 1957 741 1960 744 1960 747 1960 750 1962 837 1962 837 1960 840 1960 843 1960 843 1957 867 1939 972 1960 975 1960 978 1960 981 1960 981 1957 1004 1933 1007 1933 1013 1933 1071 1948 1074 1948 1197 1936 1220 1933 1223 1936 1246 1960 1246 1962 1249 1962 1252 1962 1255 1965 1313 1965 1313 1962 1316 1962 1319 1962 1319 1960 1346 1936 1480 1960 1483 1960 1486 1960 1538 1936 1573 1962 1576 1962 1579 1962 1582 1962 1585 1962 1646 1939 1813 1939 1816 1919 1816 1852 1675 1828 1673 1828 1670 1828 1608 1849 1602 1852 1413 1852 1407 1846 1363 1817 1360 1817 1357 1817 1249 1814 1246 1814 1243 1814 1240 1814 1205 1846 1202 1846 1197 1846 1138 1831 1135 1831 1132 1831 1129 1831 1112 1843 1109 1846 1103 1843 1071 1822 1068 1822 1065 1822 1062 1822 1059 1822 1036 1834 1021 1820 1021 1817 1019 1817 1016 1817 1013 1817 928 1822 925 1822 922 1822 899 1843 893 1840 832 1822 829 1822 826 1822 823 1822 820 1822 797 1840 788 1846 767 1840 724 1828 721 1828 718 1828 659 1840 639 1843 633 1840 619 1825 619 1822 616 1822 613 1822 610 1822 607 1822 604 1822 581 1837 572 1846 432 1846 414 1837 353 1811 350 1811 160 1811 157 1811 154 1811 110 1831 110 1910"/></Shape>
	    <String CONTENT="و آخرين خدود واقع شده اين هچ حروف در عالم سفلى"
                    HPOS="108"
                    VPOS="1811"
                    WIDTH="1708"
                    HEIGHT="154"
                    WC="0.938542866960485"></String>
          </TextLine>

          
          
          <TextLine ID="eSc_line_d6a1a6f4"
                    TAGREFS="LT4837"
                    BASELINE="140 2062 1816 2076" 
                    HPOS="137"
                    VPOS="1965"
                    WIDTH="1679"
                    HEIGHT="149">
            <Shape><Polygon POINTS="140 2062 137 2079 183 2097 186 2097 189 2097 192 2097 195 2097 213 2082 280 2097 283 2097 467 2085 493 2108 493 2111 496 2111 499 2111 502 2114 598 2114 598 2111 601 2111 604 2111 604 2108 619 2097 756 2111 759 2111 762 2111 802 2091 934 2114 937 2114 940 2114 943 2114 943 2111 972 2088 1112 2105 1115 2105 1118 2105 1156 2091 1343 2091 1360 2105 1363 2105 1366 2105 1369 2105 1535 2094 1588 2114 1591 2114 1594 2114 1597 2114 1661 2100 1786 2111 1789 2111 1792 2111 1795 2111 1813 2094 1816 2076 1813 2018 1699 1989 1696 1989 1693 1989 1690 1989 1690 1992 1667 2012 1626 2000 1623 2000 1620 2000 1617 2000 1591 2009 1576 2015 1570 2009 1538 1980 1535 1980 1532 1980 1492 1980 1489 1980 1486 1980 1483 1980 1483 1983 1456 2006 1401 1977 1398 1977 1395 1977 1392 1977 1340 2000 1325 2009 1316 2000 1305 1992 1305 1989 1302 1989 1299 1989 1296 1989 1293 1989 1273 2000 1264 2003 1252 2000 1194 1977 1191 1977 1188 1977 1185 1977 1182 1977 1162 1997 1141 2012 992 2012 969 1992 966 1992 963 1992 960 1992 957 1992 954 1992 943 2003 925 1989 910 1977 910 1974 908 1974 905 1974 902 1974 899 1974 864 1986 837 1997 829 1986 814 1974 814 1971 811 1971 808 1971 764 1971 762 1971 759 1971 756 1971 756 1974 744 1983 721 2006 648 1992 645 1992 642 1992 639 1992 619 2003 601 1989 601 1986 598 1986 595 1986 592 1986 589 1986 537 2006 435 2006 405 1980 405 1977 402 1977 400 1977 397 1977 394 1977 294 2003 221 1968 218 1968 140 1965 140 2062"/></Shape>
	    <String CONTENT="اشارت دارد بخدود خمردنی که آن ناطقاست واسا"
                    HPOS="137"
                    VPOS="1965"
                    WIDTH="1679"
                    HEIGHT="149"
                    WC="0.8730494865151339"></String>
          </TextLine>

          
          
          <TextLine ID="eSc_line_48e4b105"
                    TAGREFS="LT4837"
                    BASELINE="163 2228 286 2240 1810 2248" 
                    HPOS="160"
                    VPOS="2135"
                    WIDTH="1650"
                    HEIGHT="151">
            <Shape><Polygon POINTS="163 2228 160 2257 186 2277 189 2277 192 2277 195 2280 362 2280 362 2277 364 2277 414 2260 470 2280 473 2280 475 2283 522 2283 522 2280 525 2280 528 2280 528 2277 554 2254 601 2254 621 2272 621 2275 624 2275 627 2275 630 2275 633 2275 674 2254 878 2254 908 2280 908 2283 910 2283 913 2283 916 2286 1074 2286 1074 2283 1077 2283 1080 2283 1121 2257 1211 2272 1214 2272 1313 2257 1348 2275 1351 2275 1354 2275 1483 2263 1506 2283 1506 2286 1509 2286 1512 2286 1515 2286 1518 2286 1556 2269 1608 2286 1611 2286 1614 2286 1719 2266 1781 2280 1784 2280 1786 2280 1789 2280 1792 2280 1792 2277 1807 2260 1810 2248 1807 2178 1673 2155 1670 2155 1667 2155 1617 2172 1605 2175 1588 2172 1515 2155 1512 2155 1509 2155 1506 2155 1489 2170 1480 2178 1360 2178 1340 2167 1308 2149 1305 2149 1302 2149 1299 2149 1267 2164 1258 2170 1255 2164 1229 2143 1229 2140 1226 2140 1223 2140 1220 2140 1217 2140 1214 2140 1191 2164 1176 2172 1112 2161 992 2140 989 2140 986 2140 937 2158 893 2172 878 2161 878 2158 875 2158 873 2158 870 2158 808 2170 776 2152 744 2137 741 2137 525 2137 522 2137 519 2137 516 2137 502 2146 475 2164 446 2146 429 2135 426 2135 423 2135 420 2135 417 2135 388 2143 335 2164 306 2143 297 2135 294 2135 291 2135 289 2135 163 2137 163 2228"/></Shape>
	    <String CONTENT="دانام و باب وحجت و هريی در مقابله يکی از آنج"
                    HPOS="160"
                    VPOS="2135"
                    WIDTH="1650"
                    HEIGHT="151"
                    WC="0.8899035917388068"></String>
          </TextLine>

          
          
          <TextLine ID="eSc_line_8f335d02"
                    TAGREFS="LT4837"
                    BASELINE="113 2382 1819 2403" 
                    HPOS="110"
                    VPOS="2292"
                    WIDTH="1709"
                    HEIGHT="160">
            <Shape><Polygon POINTS="113 2382 110 2406 210 2435 213 2435 216 2435 218 2435 221 2435 254 2412 353 2412 397 2426 400 2426 402 2426 493 2415 595 2441 598 2441 601 2441 604 2441 607 2441 633 2423 694 2441 697 2441 700 2441 703 2441 706 2441 706 2438 727 2417 776 2417 802 2438 802 2441 805 2441 808 2441 811 2441 916 2420 972 2444 975 2444 978 2444 981 2444 1051 2426 1103 2447 1106 2447 1109 2447 1112 2447 1197 2423 1278 2447 1281 2447 1506 2450 1509 2450 1512 2450 1573 2426 1711 2452 1713 2452 1816 2426 1819 2403 1810 2315 1740 2336 1547 2333 1532 2315 1529 2315 1529 2312 1527 2312 1524 2312 1521 2312 1503 2315 1433 2333 1401 2315 1384 2307 1381 2307 1378 2307 1375 2307 1348 2315 1302 2330 1197 2315 1103 2304 1100 2304 1097 2304 1065 2315 1039 2327 1030 2315 1019 2307 1019 2304 1016 2304 1013 2304 1010 2304 1007 2304 978 2315 960 2324 934 2315 881 2301 878 2301 840 2298 837 2298 835 2298 832 2298 832 2301 814 2315 794 2298 791 2298 788 2298 721 2298 718 2298 715 2298 662 2318 642 2324 636 2318 627 2310 624 2310 621 2310 619 2310 554 2318 519 2321 510 2318 484 2295 481 2295 478 2295 364 2292 362 2292 245 2318 239 2318 236 2318 166 2292 163 2292 160 2292 157 2292 113 2312 113 2382"/></Shape>
	    <String CONTENT="علوم اند اين نج حدشفاياست و معرفت اين نمط سخنان"
                    HPOS="110"
                    VPOS="2292"
                    WIDTH="1709"
                    HEIGHT="160"
                    WC="0.88030477153494"></String>
          </TextLine>

          
          
          <TextLine ID="eSc_line_2febe4aa"
                    TAGREFS="LT4837"
                    BASELINE="624 2543 1635 2543 1816 2555" 
                    HPOS="621"
                    VPOS="2452"
                    WIDTH="1195"
                    HEIGHT="164">
            <Shape><Polygon POINTS="624 2543 621 2578 875 2581 887 2587 937 2607 940 2607 943 2607 946 2607 948 2607 948 2604 966 2590 981 2578 1024 2578 1048 2592 1077 2613 1080 2613 1083 2613 1086 2613 1165 2595 1191 2590 1220 2598 1273 2613 1275 2613 1278 2613 1281 2613 1284 2613 1302 2598 1319 2587 1419 2578 1445 2604 1454 2610 1454 2613 1456 2613 1459 2613 1462 2616 1562 2616 1562 2613 1565 2613 1588 2607 1705 2578 1746 2613 1748 2613 1751 2613 1754 2616 1813 2616 1816 2555 1816 2482 1751 2464 1748 2464 1746 2464 1658 2479 1646 2479 1643 2476 1594 2452 1591 2452 1588 2452 1585 2452 1541 2476 1532 2479 1494 2473 1398 2461 1395 2461 1392 2461 1389 2461 1378 2473 1372 2476 1366 2473 1343 2452 1340 2452 1337 2452 1334 2452 1331 2452 1296 2470 1278 2482 1226 2482 1214 2470 1200 2455 1200 2452 1197 2452 1194 2452 1191 2452 1188 2452 1153 2467 1129 2479 1103 2467 1074 2452 1071 2452 972 2452 969 2452 966 2452 963 2452 951 2464 946 2470 928 2464 899 2452 896 2452 893 2452 890 2452 887 2452 887 2455 878 2461 864 2479 835 2461 817 2452 814 2452 811 2452 808 2452 794 2461 759 2479 715 2458 700 2452 697 2452 694 2452 624 2455 624 2543"/></Shape>
	    <String CONTENT="جز به تعليم معتمان زنان حاصل نمی شود"
                    HPOS="621"
                    VPOS="2452"
                    WIDTH="1195"
                    HEIGHT="164"
                    WC="0.8862700433366828"></String>
          </TextLine>

          
          
          <TextLine ID="eSc_line_025dac57"
                    TAGREFS="LT4837"
                    BASELINE="899 2738 1118 2727" 
                    HPOS="890"
                    VPOS="2633"
                    WIDTH="228"
                    HEIGHT="149">
            <Shape><Polygon POINTS="899 2738 899 2782 1024 2762 1036 2767 1056 2776 1059 2776 1062 2776 1065 2776 1118 2753 1118 2727 1106 2633 890 2633 899 2738"/></Shape>
	    <String CONTENT="حيف سوم"
                    HPOS="890"
                    VPOS="2633"
                    WIDTH="228"
                    HEIGHT="149"
                    WC="0.8782843947410583"></String>
          </TextLine>

          
          
          <TextLine ID="eSc_line_389b7319"
                    TAGREFS="LT4837"
                    BASELINE="1156 2875 1235 2870" 
                    HPOS="1144"
                    VPOS="2750"
                    WIDTH="91"
                    HEIGHT="146">
            <Shape><Polygon POINTS="1156 2875 1156 2896 1235 2896 1235 2870 1226 2767 1144 2750 1156 2875"/></Shape>
	    <String CONTENT=""
                    HPOS="1144"
                    VPOS="2750"
                    WIDTH="91"
                    HEIGHT="146"></String>
          </TextLine>

          
          
          <TextLine ID="eSc_line_cc615f56"
                    TAGREFS="LT4837"
                    BASELINE="160 3045 1681 3033" 
                    HPOS="157"
                    VPOS="2910"
                    WIDTH="1524"
                    HEIGHT="175">
            <Shape><Polygon POINTS="160 3045 163 3085 216 3059 280 3059 303 3080 303 3082 306 3082 309 3082 312 3085 329 3085 367 3085 367 3082 370 3082 373 3082 405 3056 718 3080 724 3080 727 3080 729 3080 732 3080 773 3053 826 3053 849 3071 849 3074 852 3074 855 3074 858 3074 861 3074 919 3050 1065 3050 1097 3077 1100 3077 1103 3077 1106 3080 1153 3080 1153 3077 1156 3077 1159 3077 1159 3074 1179 3056 1200 3074 1200 3077 1202 3077 1205 3077 1208 3077 1366 3074 1369 3074 1372 3074 1372 3071 1398 3047 1675 3071 1681 3033 1678 2937 1643 2922 1640 2922 1638 2922 1635 2922 1632 2922 1614 2937 1585 2957 1430 2957 1354 2934 1351 2934 1348 2934 1346 2934 1267 2957 1205 2931 1202 2931 1200 2931 1197 2931 1121 2957 1077 2942 1074 2942 1071 2942 989 2957 946 2925 925 2910 922 2910 919 2910 916 2910 913 2910 873 2925 779 2960 724 2922 712 2913 709 2913 706 2913 651 2913 648 2913 645 2913 642 2913 642 2916 636 2922 610 2945 548 2928 546 2928 543 2928 540 2928 537 2928 537 2931 513 2954 446 2919 440 2916 437 2916 157 2916 160 3045"/></Shape>
	    <String CONTENT="بدنکه مشهور چناناست که نفس گل از عقل گل پي"
                    HPOS="157"
                    VPOS="2910"
                    WIDTH="1524"
                    HEIGHT="175"
                    WC="0.9154638860906873"></String>
          </TextLine>

          
          
          <TextLine ID="eSc_line_ca249cbc"
                    TAGREFS="LT4837"
                    BASELINE="143 3158 1054 3179 1813 3170" 
                    HPOS="140"
                    VPOS="3068"
                    WIDTH="1673"
                    HEIGHT="152">
            <Shape><Polygon POINTS="143 3158 140 3187 195 3187 198 3187 233 3211 236 3211 239 3211 242 3211 359 3187 362 3187 364 3187 437 3214 440 3214 443 3214 446 3214 525 3193 560 3211 563 3211 566 3211 659 3193 738 3214 741 3214 744 3214 747 3214 750 3214 750 3211 770 3190 832 3217 835 3217 837 3220 1176 3220 1176 3217 1179 3217 1232 3196 1273 3217 1275 3217 1442 3220 1445 3220 1448 3220 1451 3220 1483 3199 1681 3214 1684 3214 1810 3196 1813 3170 1807 3080 1751 3080 1748 3080 1746 3080 1743 3080 1743 3082 1722 3097 1702 3080 1699 3080 1696 3080 1632 3080 1629 3080 1626 3080 1623 3080 1556 3109 1448 3109 1419 3082 1419 3080 1416 3080 1413 3080 1410 3080 1407 3080 1404 3080 1401 3082 1366 3106 1267 3088 1264 3088 1261 3088 1208 3106 1100 3088 1097 3088 1094 3088 1059 3103 1045 3085 1033 3077 1033 3074 1030 3074 1027 3074 1024 3074 1021 3074 998 3085 972 3100 940 3085 922 3080 919 3080 916 3080 875 3088 829 3097 814 3088 788 3071 785 3071 782 3071 779 3071 645 3077 642 3077 639 3077 624 3091 610 3103 446 3103 432 3091 405 3074 402 3074 400 3074 277 3068 181 3068 178 3068 175 3068 172 3068 143 3085 143 3158"/></Shape>
	    <String CONTENT="شده آيانه برآن وچه ملاخظه بايد نمود که زمانی بوده باشد"
                    HPOS="140"
                    VPOS="3068"
                    WIDTH="1673"
                    HEIGHT="152"
                    WC="0.9322508190359388"></String>
          </TextLine>

          
          
          <TextLine ID="eSc_line_39fdc040"
                    TAGREFS="LT4837"
                    BASELINE="157 3354 1813 3354" 
                    HPOS="157"
                    VPOS="3234"
                    WIDTH="1656"
                    HEIGHT="178">
            <Shape><Polygon POINTS="157 3354 160 3395 195 3383 213 3395 230 3409 233 3409 236 3409 239 3412 318 3412 318 3409 321 3409 324 3409 338 3397 367 3377 400 3389 402 3389 405 3389 528 3374 575 3400 589 3406 592 3406 595 3406 645 3400 767 3380 785 3395 788 3395 791 3395 794 3395 852 3386 873 3400 873 3403 875 3403 878 3403 1027 3409 1030 3409 1033 3409 1036 3409 1042 3403 1077 3374 1211 3374 1246 3403 1249 3403 1252 3403 1255 3403 1258 3403 1299 3380 1430 3374 1480 3406 1483 3409 1486 3409 1489 3409 1492 3412 1722 3412 1722 3409 1725 3409 1760 3392 1807 3409 1813 3354 1810 3263 1757 3263 1754 3260 1725 3237 1725 3234 1722 3234 1719 3234 1716 3234 1713 3234 1678 3255 1640 3234 1638 3234 1635 3234 1632 3234 1629 3234 1594 3260 1588 3266 1509 3272 1150 3272 1129 3255 1121 3249 1118 3249 1115 3249 1112 3249 1109 3249 1089 3255 1051 3269 1033 3255 1007 3234 1004 3234 1001 3234 943 3234 940 3234 937 3234 902 3255 870 3272 823 3272 805 3252 802 3252 802 3249 800 3249 797 3249 794 3249 767 3252 727 3260 715 3252 692 3234 689 3234 686 3234 548 3234 546 3234 543 3234 540 3234 540 3237 525 3252 508 3266 481 3249 458 3234 455 3234 452 3234 449 3234 446 3234 405 3249 379 3260 367 3249 350 3234 347 3234 344 3234 341 3234 157 3246 157 3354"/></Shape>
	    <String CONTENT="که عقل گل هست بوده و نفس گل نبوده بلکه ظهور نفس گل"
                    HPOS="157"
                    VPOS="3234"
                    WIDTH="1656"
                    HEIGHT="178"
                    WC="0.9376882946491242"></String>
          </TextLine>

          
        </TextBlock>
        
        <TextBlock HPOS="817"
                   VPOS="70"
                   WIDTH="231"
                   HEIGHT="160"
                   ID="eSc_textblock_2887e2c7"
                   TAGREFS="BT16093">
          <Shape><Polygon POINTS="875 70 1013 81 1048 195 875 230 817 148 875 70"/></Shape>
          
          
          <TextLine ID="eSc_line_83775c2b"
                    TAGREFS="LT4837"
                    BASELINE="887 148 951 148" 
                    HPOS="887"
                    VPOS="72"
                    WIDTH="64"
                    HEIGHT="108">
            <Shape><Polygon POINTS="946 75 937 72 887 84 887 148 887 177 948 180 951 148 948 75 946 75"/></Shape>
	    <String CONTENT=""
                    HPOS="887"
                    VPOS="72"
                    WIDTH="64"
                    HEIGHT="108"></String>
          </TextLine>

          
        </TextBlock>
        

        
      </PrintSpace>
    </Page>
  </Layout>
</alto>
