<?xml version="1.0" encoding="UTF-8"?>
<alto xmlns:xsi="http://www.w3.org/2001/XMLSchema-instance"
      xmlns="http://www.loc.gov/standards/alto/ns-v4#"
      xsi:schemaLocation="http://www.loc.gov/standards/alto/ns-v4# http://www.loc.gov/standards/alto/v4/alto-4-2.xsd">
  <Description>
    <MeasurementUnit>pixel</MeasurementUnit>
    <sourceImageInformation>
      <fileName>Rasail022.jpg</fileName>
      
    </sourceImageInformation>
  </Description>
  
  <Tags>
    <OtherTag ID="BT16094" LABEL="default" DESCRIPTION="block type default"/><OtherTag ID="BT16093" LABEL="NumberingZone:page" DESCRIPTION="block type NumberingZone:page"/><OtherTag ID="BT16092" LABEL="MarginTextZone:note" DESCRIPTION="block type MarginTextZone:note"/><OtherTag ID="BT16091" LABEL="TitlePageZone" DESCRIPTION="block type TitlePageZone"/><OtherTag ID="BT16090" LABEL="QuireMarksZone:catchwords" DESCRIPTION="block type QuireMarksZone:catchwords"/><OtherTag ID="BT16089" LABEL="NumberingZone:other" DESCRIPTION="block type NumberingZone:other"/><OtherTag ID="BT16088" LABEL="NumberingZone" DESCRIPTION="block type NumberingZone"/><OtherTag ID="BT16087" LABEL="MarginTextZone" DESCRIPTION="block type MarginTextZone"/><OtherTag ID="BT16086" LABEL="MainZone" DESCRIPTION="block type MainZone"/><OtherTag ID="BT16085" LABEL="DigitizationArtefactZone" DESCRIPTION="block type DigitizationArtefactZone"/><OtherTag ID="BT2" LABEL="Main" DESCRIPTION="block type Main"/><OtherTag ID="BT1" LABEL="Title" DESCRIPTION="block type Title"/>
    <OtherTag ID="LT4837" LABEL="DefaultLine" DESCRIPTION="line type DefaultLine"/><OtherTag ID="LT4838" LABEL="default" DESCRIPTION="line type default"/><OtherTag ID="LT4839" LABEL="HeadingLine:title" DESCRIPTION="line type HeadingLine:title"/>
  </Tags>
  
  <Layout>
    <Page WIDTH="951"
          HEIGHT="1556"
          PHYSICAL_IMG_NR="50"
          ID="eSc_dummypage_">
      <PrintSpace HPOS="0"
                  VPOS="0"
                  WIDTH="951"
                  HEIGHT="1556">
        
        <TextBlock HPOS="15"
                   VPOS="103"
                   WIDTH="910"
                   HEIGHT="1405"
                   ID="eSc_textblock_1e6d5397"
                   TAGREFS="BT16086">
          <Shape><Polygon POINTS="450 103 821 103 919 134 925 1342 919 1409 899 1430 779 1462 781 1483 873 1488 842 1508 764 1492 62 1497 20 1471 15 145 51 108 450 103"/></Shape>
          
          
          <TextLine ID="eSc_line_6a54c54e"
                    TAGREFS="LT4837"
                    BASELINE="18 188 544 185 901 175" 
                    HPOS="16"
                    VPOS="132"
                    WIDTH="885"
                    HEIGHT="81">
            <Shape><Polygon POINTS="18 188 18 200 36 213 37 213 38 213 40 213 41 213 88 200 138 211 140 211 141 211 142 211 158 199 199 199 230 211 232 211 233 211 234 211 236 211 252 198 284 200 294 210 294 211 295 211 297 211 298 211 367 204 426 210 428 210 429 210 457 200 476 208 477 208 478 210 534 210 534 208 535 208 561 194 581 207 582 207 583 207 585 208 638 208 638 207 639 207 666 193 727 199 729 199 730 199 757 191 758 191 827 197 829 197 901 189 901 175 897 140 795 150 784 142 775 133 774 133 773 133 751 132 749 132 748 132 727 141 682 138 681 138 679 138 678 138 669 145 665 147 662 145 647 134 646 134 644 134 643 134 642 134 640 134 624 146 612 154 543 154 533 149 524 143 522 143 521 143 486 145 476 137 476 136 474 136 473 136 430 136 429 136 428 136 426 136 411 149 352 137 351 137 336 138 334 138 333 138 333 140 317 154 313 158 250 158 247 155 236 146 234 146 233 146 232 146 230 146 229 146 215 156 214 158 211 156 168 141 167 141 166 141 164 141 121 154 106 141 105 141 103 141 54 141 53 141 51 141 16 159 18 188"/></Shape>
	    <String CONTENT="است وفلك السروح بعد ان فلك الإفلاك است وبعد فلك"
                    HPOS="16"
                    VPOS="132"
                    WIDTH="885"
                    HEIGHT="81"
                    WC="0.9511240894595782"></String>
          </TextLine>

          
          
          <TextLine ID="eSc_line_a51418a4"
                    TAGREFS="LT4837"
                    BASELINE="15 272 673 271 901 261" 
                    HPOS="14"
                    VPOS="224"
                    WIDTH="887"
                    HEIGHT="74">
            <Shape><Polygon POINTS="15 272 15 282 54 283 64 293 66 293 67 293 68 293 70 293 71 293 71 291 81 283 120 283 134 295 134 296 136 296 137 296 138 298 185 298 185 296 186 296 188 296 207 283 271 294 272 294 273 294 295 285 308 290 310 290 311 290 347 283 360 293 361 293 363 293 404 295 406 295 407 295 408 295 420 287 441 295 442 295 443 295 551 291 552 291 574 281 601 294 603 294 604 294 605 294 625 287 637 293 638 293 639 293 714 280 791 280 817 293 818 293 819 294 854 294 854 293 856 293 857 293 880 278 882 278 901 278 901 261 899 234 861 225 860 225 858 225 836 234 822 241 812 235 809 233 808 233 806 233 805 233 768 235 747 237 743 235 712 226 710 226 709 226 708 226 688 237 682 241 678 237 664 224 662 224 661 224 660 224 626 225 625 225 624 225 609 237 563 225 561 225 560 225 500 239 487 243 424 243 420 241 416 237 415 237 413 237 412 237 411 237 409 237 406 241 402 245 321 245 317 242 293 226 291 226 290 226 251 226 250 226 249 226 247 226 232 238 211 228 210 228 208 228 207 228 181 234 129 228 128 228 127 228 97 245 77 233 76 233 75 233 73 233 72 233 71 233 57 245 14 246 15 272"/></Shape>
	    <String CONTENT="رحل وبعد أزوفلك المشتري وبعد إزوفلك المرريح وبعد"
                    HPOS="14"
                    VPOS="224"
                    WIDTH="887"
                    HEIGHT="74"
                    WC="0.9159822177886963"></String>
          </TextLine>

          
          
          <TextLine ID="eSc_line_fe0994dc"
                    TAGREFS="LT4837"
                    BASELINE="19 347 905 339" 
                    HPOS="18"
                    VPOS="295"
                    WIDTH="887"
                    HEIGHT="77">
            <Shape><Polygon POINTS="19 347 19 359 154 372 155 372 156 372 190 357 192 357 204 366 206 366 207 366 208 366 252 359 289 368 290 368 291 368 293 368 313 356 315 356 317 356 355 369 356 369 358 369 359 369 387 359 398 368 398 369 399 369 400 369 402 370 455 370 455 369 456 369 494 357 518 366 520 366 521 366 522 366 560 355 574 364 576 364 577 364 578 364 634 353 637 353 638 353 652 366 653 366 655 366 656 368 700 368 700 366 701 366 730 353 787 365 788 365 790 365 813 352 904 351 905 339 904 303 887 295 886 295 884 295 883 295 865 304 854 309 845 304 832 295 831 295 830 295 829 295 730 296 729 296 727 296 727 298 716 307 710 313 677 317 661 308 642 298 640 298 639 298 638 298 608 309 587 318 557 312 556 312 555 312 531 318 513 312 478 299 477 299 476 299 474 299 473 299 473 300 457 313 451 321 385 321 378 316 376 313 374 313 373 313 372 313 351 316 329 320 323 317 315 313 313 313 312 313 311 313 299 317 289 321 277 318 259 313 258 313 256 313 255 313 238 318 233 321 229 320 194 300 193 300 169 300 168 300 167 300 166 300 141 321 86 302 85 302 84 302 83 302 18 324 19 347"/></Shape>
	    <String CONTENT="از وفلک شکس و بعد از و فلک زيره و بعد از وفلک رطارد"
                    HPOS="18"
                    VPOS="295"
                    WIDTH="887"
                    HEIGHT="77"
                    WC="0.8853361676721012"></String>
          </TextLine>

          
          
          <TextLine ID="eSc_line_e09594f0"
                    TAGREFS="LT4837"
                    BASELINE="22 426 902 412" 
                    HPOS="20"
                    VPOS="364"
                    WIDTH="882"
                    HEIGHT="88">
            <Shape><Polygon POINTS="22 426 22 438 33 438 35 438 49 451 50 451 51 451 53 452 86 452 86 451 88 451 118 436 119 436 166 436 189 448 190 448 192 448 193 448 220 436 241 446 242 446 243 446 245 446 269 439 320 447 321 447 358 446 359 446 360 446 360 444 373 433 374 433 408 433 424 444 425 444 426 444 428 444 429 444 454 431 455 431 459 431 550 443 551 443 552 443 574 431 594 442 595 442 596 443 635 443 635 442 637 442 638 442 650 434 705 440 707 440 708 440 740 427 743 426 746 426 782 436 783 436 784 436 831 425 835 425 902 425 902 412 899 382 874 382 873 382 842 368 840 368 839 368 838 368 836 368 817 383 799 369 797 369 796 369 795 369 794 369 775 374 740 364 739 364 738 364 716 365 714 365 713 365 696 379 661 365 660 365 659 365 657 365 656 365 630 385 600 386 577 389 538 389 537 387 524 376 522 376 521 376 500 376 499 376 498 376 496 376 478 389 477 389 473 389 409 381 408 381 407 381 393 389 377 381 376 381 374 381 373 381 372 381 360 389 342 372 341 372 339 372 294 372 293 372 291 372 258 387 240 373 238 373 237 373 236 373 105 374 103 374 102 374 102 376 81 395 80 396 20 396 22 426"/></Shape>
	    <String CONTENT="و بعد از و فلک قمر و بعد از ودر زيير فلک قمر کره الش"
                    HPOS="20"
                    VPOS="364"
                    WIDTH="882"
                    HEIGHT="88"
                    WC="0.8873289422346995"></String>
          </TextLine>

          
          
          <TextLine ID="eSc_line_44b6a70f"
                    TAGREFS="LT4837"
                    BASELINE="16 496 900 490" 
                    HPOS="15"
                    VPOS="443"
                    WIDTH="885"
                    HEIGHT="80">
            <Shape><Polygon POINTS="16 496 16 510 73 521 75 521 76 521 77 521 89 512 119 519 120 519 121 519 123 519 144 513 176 523 177 523 179 523 180 523 202 513 210 509 223 513 242 518 243 518 245 518 246 518 259 513 263 512 267 513 290 522 291 522 293 522 334 514 367 522 368 522 369 522 404 521 406 521 407 521 417 514 428 508 438 514 448 521 450 521 451 521 452 522 482 522 482 521 483 521 485 521 485 519 491 516 496 510 521 516 533 517 534 517 535 517 537 517 537 516 538 516 547 506 563 516 570 519 572 519 573 519 574 519 582 516 601 506 617 516 620 518 621 518 622 518 687 519 688 519 690 519 691 519 695 517 704 510 714 517 720 519 721 519 722 519 723 519 730 517 762 505 864 505 896 518 900 490 896 453 849 459 839 453 821 444 819 444 764 443 762 443 761 443 738 451 727 443 726 443 725 443 723 443 722 443 690 456 683 459 560 460 553 457 530 446 529 446 528 446 460 452 421 446 420 446 419 446 417 446 400 460 398 462 355 462 351 460 345 455 343 455 342 455 341 455 289 461 282 461 280 461 232 447 230 447 229 447 166 456 97 448 96 448 94 448 93 448 71 464 70 465 15 465 16 496"/></Shape>
	    <String CONTENT="بعد از و کره هواو بعد از و گره آب و بعد از وکره خاک و"
                    HPOS="15"
                    VPOS="443"
                    WIDTH="885"
                    HEIGHT="80"
                    WC="0.8602343643153155"></String>
          </TextLine>

          
          
          <TextLine ID="eSc_line_239535c7"
                    TAGREFS="LT4837"
                    BASELINE="831 571 893 567" 
                    HPOS="827"
                    VPOS="514"
                    WIDTH="66"
                    HEIGHT="64">
            <Shape><Polygon POINTS="831 571 831 578 893 575 893 567 890 523 827 514 831 571"/></Shape>
	    <String CONTENT="ر تخ"
                    HPOS="827"
                    VPOS="514"
                    WIDTH="66"
                    HEIGHT="64"
                    WC="0.7621108442544937"></String>
          </TextLine>

          
          
          <TextLine ID="eSc_line_3de27524"
                    TAGREFS="LT4837"
                    BASELINE="22 577 553 583 781 578" 
                    HPOS="20"
                    VPOS="526"
                    WIDTH="761"
                    HEIGHT="80">
            <Shape><Polygon POINTS="22 577 20 588 44 600 45 600 46 600 48 600 83 588 97 601 97 602 98 602 99 602 101 602 102 602 140 589 150 586 184 586 192 589 214 604 215 604 216 604 217 604 219 604 265 591 282 587 365 587 377 593 399 605 400 605 402 606 426 606 426 605 428 605 429 605 429 604 439 593 441 593 442 593 459 605 460 605 461 605 463 606 520 606 520 605 521 605 522 605 535 595 544 588 564 596 574 600 576 600 577 600 578 600 591 596 605 592 617 597 640 606 642 606 643 606 717 602 718 602 720 602 720 601 723 599 733 589 764 589 775 599 781 578 778 534 731 530 730 530 729 530 717 534 679 547 647 545 638 535 633 531 633 530 631 530 630 530 608 530 607 530 605 530 604 530 604 531 598 535 592 540 563 536 551 535 550 535 548 535 544 536 524 547 478 547 463 538 460 536 459 536 457 536 456 536 455 536 455 538 454 538 445 547 399 547 376 539 354 532 352 532 351 532 350 532 349 532 349 534 342 539 342 540 341 539 334 534 334 532 333 532 332 532 330 532 329 532 311 539 299 529 299 527 298 527 297 527 295 527 294 527 264 540 259 543 252 540 234 532 233 532 140 526 138 526 137 526 136 526 118 543 84 526 83 526 81 526 80 526 79 526 62 539 53 534 51 534 50 534 49 534 22 543 22 577"/></Shape>
	    <String CONTENT="ففصيل پر يک سخن بسيار است که اين مختصر از ان"
                    HPOS="20"
                    VPOS="526"
                    WIDTH="761"
                    HEIGHT="80"
                    WC="0.8919254168868065"></String>
          </TextLine>

          
          
          <TextLine ID="eSc_line_88e73b21"
                    TAGREFS="LT4837"
                    BASELINE="33 656 509 656 900 647" 
                    HPOS="32"
                    VPOS="600"
                    WIDTH="868"
                    HEIGHT="80">
            <Shape><Polygon POINTS="33 656 33 666 114 675 115 675 116 675 118 675 128 667 160 667 179 676 180 676 181 676 182 676 215 666 242 676 243 676 245 676 246 676 264 667 291 675 293 675 294 675 295 675 319 666 352 679 354 679 355 680 448 680 448 679 525 670 563 678 564 678 565 678 590 667 659 665 673 676 674 676 675 676 677 678 696 678 696 676 698 676 699 676 717 662 748 672 749 672 751 672 752 672 753 672 769 661 809 675 810 675 812 675 900 658 900 647 895 606 880 610 875 606 869 601 869 600 867 600 866 600 865 600 831 601 830 601 816 608 808 610 797 608 771 601 770 601 769 601 768 601 749 609 743 612 740 609 733 602 733 601 731 601 730 601 729 601 727 601 707 608 687 602 686 602 685 602 683 602 682 602 673 610 662 618 616 618 609 612 600 604 600 602 599 602 598 602 596 602 595 602 577 612 566 618 485 618 470 614 457 610 456 610 455 610 415 615 380 619 326 618 326 617 313 606 313 605 312 605 311 605 310 605 258 614 247 606 246 606 245 606 204 606 203 606 202 606 201 606 193 613 146 608 145 608 144 608 142 608 142 609 128 621 71 610 70 610 68 610 67 610 53 622 53 623 32 623 33 656"/></Shape>
	    <String CONTENT="باطناب مى انجاهد اما بر سبيل إجمال ملاحظه اليشأن را يروجه"
                    HPOS="32"
                    VPOS="600"
                    WIDTH="868"
                    HEIGHT="80"
                    WC="0.8925676527669875"></String>
          </TextLine>

          
          
          <TextLine ID="eSc_line_18b31e34"
                    TAGREFS="LT4837"
                    BASELINE="41 732 559 730 900 714" 
                    HPOS="40"
                    VPOS="669"
                    WIDTH="860"
                    HEIGHT="92">
            <Shape><Polygon POINTS="41 732 42 761 76 742 116 741 194 741 237 753 238 753 240 753 241 753 275 740 308 753 310 753 311 753 312 753 342 739 394 744 395 744 433 737 452 752 454 754 455 754 456 754 457 754 459 754 465 752 493 741 508 752 511 753 512 753 513 753 515 753 624 752 625 752 634 749 678 733 698 733 714 746 717 749 718 749 720 749 721 749 735 746 770 739 786 745 792 748 794 748 795 748 862 745 864 745 865 745 865 744 866 744 873 736 897 742 900 714 896 669 842 678 810 671 803 670 801 670 800 670 799 670 797 671 786 679 739 674 712 671 710 671 709 671 708 671 701 675 679 689 644 689 626 678 622 675 621 675 620 675 618 675 617 675 607 679 578 691 507 691 491 684 490 684 489 684 487 684 459 692 450 684 446 680 445 680 443 680 442 680 441 680 429 685 411 693 390 687 381 684 380 684 378 684 377 684 363 688 338 695 332 689 324 683 324 682 323 682 321 682 320 682 234 692 206 696 201 693 185 687 184 687 114 682 112 682 60 685 59 685 58 685 40 696 41 732"/></Shape>
	    <String CONTENT="تفصيل مراتب نفس گل بايد نمود در صورت محسوسر والندا علم"
                    HPOS="40"
                    VPOS="669"
                    WIDTH="860"
                    HEIGHT="92"
                    WC="0.9187653329637315"></String>
          </TextLine>

          
          
          <TextLine ID="eSc_line_43224359"
                    TAGREFS="LT4837"
                    BASELINE="29 807 587 805 899 796" 
                    HPOS="28"
                    VPOS="750"
                    WIDTH="871"
                    HEIGHT="83">
            <Shape><Polygon POINTS="29 807 29 822 75 818 84 823 103 833 105 833 106 833 107 833 108 833 125 822 132 818 162 822 179 823 180 823 203 820 234 816 240 820 242 823 243 823 245 823 246 823 271 819 295 815 308 819 342 829 343 829 345 829 346 829 373 818 378 815 380 818 395 831 397 831 398 831 399 831 400 831 439 816 441 816 474 829 476 829 477 829 547 823 612 828 613 828 614 828 616 828 627 818 666 827 668 827 669 827 670 827 692 811 694 811 714 811 716 811 758 827 760 827 761 827 762 827 764 827 764 825 775 816 821 825 822 825 823 825 825 825 848 809 899 807 899 796 897 759 873 753 871 753 870 753 839 759 829 762 826 761 813 750 812 750 810 750 771 750 770 750 664 763 655 763 653 763 639 753 638 753 637 753 587 753 586 753 585 753 560 762 539 755 538 755 537 755 535 755 517 765 511 768 481 766 443 762 442 762 412 767 393 770 386 767 367 759 365 759 364 759 363 759 341 768 337 770 333 768 315 757 313 757 312 757 311 757 310 757 280 768 278 770 277 768 259 759 258 759 256 759 208 768 195 758 195 757 194 757 193 757 153 757 151 757 124 758 123 758 121 758 103 772 101 774 28 774 29 807"/></Shape>
	    <String CONTENT="و شرح شمه ازان اگر توفيق صاهب زبان مساعدت نمايد از"
                    HPOS="28"
                    VPOS="750"
                    WIDTH="871"
                    HEIGHT="83"
                    WC="0.9021060502529145"></String>
          </TextLine>

          
          
          <TextLine ID="eSc_line_018015fc"
                    TAGREFS="LT4837"
                    BASELINE="32 885 899 880" 
                    HPOS="31"
                    VPOS="833"
                    WIDTH="868"
                    HEIGHT="78">
            <Shape><Polygon POINTS="32 885 32 895 46 902 48 902 49 902 89 895 93 895 94 895 112 907 114 907 115 907 116 907 118 907 119 907 138 895 150 903 151 903 153 903 154 903 155 903 177 895 193 910 194 910 195 910 197 911 233 911 233 910 282 898 315 908 316 908 317 908 319 908 352 895 356 894 399 894 402 895 416 908 417 908 419 908 420 910 457 910 457 908 459 908 483 895 487 893 490 895 504 906 505 906 507 906 508 906 563 897 577 907 578 907 579 907 581 908 674 908 674 907 675 907 677 907 677 906 690 895 692 892 710 892 722 895 742 902 743 902 744 902 818 895 835 905 836 905 838 905 839 905 840 905 854 895 860 893 896 894 899 880 897 845 871 833 870 833 825 833 823 833 822 833 786 846 778 849 774 846 766 840 765 840 764 840 762 840 761 840 748 844 712 833 710 833 709 833 708 833 681 848 672 853 652 853 646 848 640 844 639 844 638 844 637 844 635 844 621 849 617 849 613 849 541 835 539 835 538 835 537 835 537 836 521 850 518 851 512 850 473 841 472 841 470 841 450 850 445 853 441 850 408 837 407 837 406 837 312 850 281 836 280 836 278 836 277 836 246 850 227 837 225 837 224 837 167 837 166 837 164 837 163 837 133 854 133 855 31 855 32 885"/></Shape>
	    <String CONTENT="بير توفعف صاحب زمان لذكره السجود والسلام ولسبح وتقدس"
                    HPOS="31"
                    VPOS="833"
                    WIDTH="868"
                    HEIGHT="78"
                    WC="0.9103765831543849"></String>
          </TextLine>

          
          
          <TextLine ID="eSc_line_160025ab"
                    TAGREFS="LT4837"
                    BASELINE="90 960 614 953 900 941" 
                    HPOS="88"
                    VPOS="898"
                    WIDTH="812"
                    HEIGHT="88">
            <Shape><Polygon POINTS="90 960 92 986 123 969 151 969 211 982 214 982 215 982 219 982 256 973 269 981 273 982 275 982 276 982 321 980 323 980 324 980 325 978 342 966 385 971 386 971 430 964 461 975 472 977 473 977 474 978 518 978 518 977 666 973 668 973 669 973 678 967 691 959 718 959 727 966 735 971 736 971 738 971 739 971 740 971 756 964 777 956 806 963 835 968 836 968 838 968 839 968 848 962 858 955 899 959 900 941 895 905 874 911 867 905 861 899 861 898 860 898 858 898 857 898 856 898 838 905 809 899 808 899 806 899 787 907 773 912 760 907 746 902 744 902 743 902 742 902 740 902 731 908 721 914 707 908 687 902 686 902 685 902 683 902 653 910 638 914 627 911 608 903 607 903 605 903 604 903 603 903 592 911 583 919 522 920 476 920 470 914 465 910 465 908 464 908 463 908 438 907 437 907 435 907 404 916 387 920 377 916 368 912 367 912 365 912 364 912 352 918 337 923 323 918 302 910 300 910 299 910 298 910 282 919 281 919 280 919 251 911 250 911 249 911 247 911 246 911 246 912 237 920 233 924 220 920 197 912 195 912 194 912 156 920 99 914 98 914 97 914 96 914 88 918 90 960"/></Shape>
	    <String CONTENT="رسالة اسرار نقطه عذكور خواهدر شد وما توقيق إلا باالثد لظم"
                    HPOS="88"
                    VPOS="898"
                    WIDTH="812"
                    HEIGHT="88"
                    WC="0.8891800606045229"></String>
          </TextLine>

          
          
          <TextLine ID="eSc_line_d8e16078"
                    TAGREFS="LT4837"
                    BASELINE="576 1038 621 1034" 
                    HPOS="573"
                    VPOS="1004"
                    WIDTH="48"
                    HEIGHT="55">
            <Shape><Polygon POINTS="576 1038 577 1059 621 1039 621 1034 616 1004 573 1010 576 1038"/></Shape>
	    <String CONTENT=""
                    HPOS="573"
                    VPOS="1004"
                    WIDTH="48"
                    HEIGHT="55"></String>
          </TextLine>

          
          
          <TextLine ID="eSc_line_534253c0"
                    TAGREFS="LT4837"
                    BASELINE="210 1036 507 1036" 
                    HPOS="210"
                    VPOS="982"
                    WIDTH="297"
                    HEIGHT="72">
            <Shape><Polygon POINTS="210 1036 210 1045 223 1054 224 1054 225 1054 227 1054 265 1046 284 1042 380 1042 394 1050 399 1054 400 1054 402 1054 403 1054 425 1051 476 1045 504 1054 507 1036 507 997 463 985 461 985 460 985 459 985 457 985 457 986 447 995 432 989 430 989 429 989 428 989 426 989 413 998 412 999 384 999 382 998 363 985 361 985 360 985 359 985 303 989 252 982 251 982 250 982 249 982 249 984 233 998 233 999 210 999 210 1036"/></Shape>
	    <String CONTENT="الورس اربانه مدد فرمايد"
                    HPOS="210"
                    VPOS="982"
                    WIDTH="297"
                    HEIGHT="72"
                    WC="0.8429536340029343"></String>
          </TextLine>

          
          
          <TextLine ID="eSc_line_83889972"
                    TAGREFS="LT4837"
                    BASELINE="203 1103 625 1107" 
                    HPOS="202"
                    VPOS="1051"
                    WIDTH="423"
                    HEIGHT="83">
            <Shape><Polygon POINTS="203 1103 202 1116 241 1116 243 1117 276 1129 277 1129 278 1129 337 1117 341 1116 342 1117 358 1130 358 1131 359 1131 360 1131 361 1131 363 1131 420 1117 429 1124 430 1124 432 1124 433 1124 459 1120 481 1133 482 1133 483 1133 485 1134 526 1134 526 1133 528 1133 561 1119 594 1131 595 1131 596 1131 598 1131 624 1117 625 1107 625 1054 608 1054 607 1054 605 1054 604 1054 604 1055 591 1067 582 1059 582 1058 581 1058 579 1058 578 1058 577 1058 576 1058 560 1068 548 1061 547 1061 546 1061 515 1068 493 1056 486 1052 485 1052 483 1052 482 1052 474 1056 452 1068 391 1068 378 1058 373 1054 372 1054 371 1054 369 1054 368 1054 367 1054 361 1059 358 1063 300 1065 291 1060 281 1051 280 1051 278 1051 277 1051 236 1059 224 1051 223 1051 221 1051 220 1051 219 1051 203 1059 203 1103"/></Shape>
	    <String CONTENT="يارآن هم بكنند آنچه مسيحا مى رد"
                    HPOS="202"
                    VPOS="1051"
                    WIDTH="423"
                    HEIGHT="83"
                    WC="0.8738746516632311"></String>
          </TextLine>

          
          
          <TextLine ID="eSc_line_564eeb93"
                    TAGREFS="LT4837"
                    BASELINE="37 1192 531 1186 896 1168" 
                    HPOS="36"
                    VPOS="1117"
                    WIDTH="860"
                    HEIGHT="95">
            <Shape><Polygon POINTS="37 1192 37 1204 169 1202 181 1204 212 1212 214 1212 215 1212 216 1212 217 1212 227 1204 241 1209 242 1209 243 1209 245 1209 246 1209 254 1203 259 1198 293 1198 303 1202 317 1208 319 1208 320 1208 321 1208 342 1202 360 1196 378 1202 397 1205 398 1205 399 1205 400 1205 402 1205 408 1200 415 1195 430 1200 446 1205 447 1205 448 1205 585 1203 614 1198 647 1191 717 1196 751 1198 752 1198 753 1198 755 1198 757 1195 773 1186 818 1190 819 1190 821 1190 834 1183 849 1194 851 1195 852 1195 853 1195 854 1195 896 1192 896 1168 891 1117 853 1135 817 1125 816 1125 814 1125 813 1125 788 1135 740 1124 725 1121 723 1121 722 1121 710 1126 672 1142 624 1130 601 1125 600 1125 599 1125 598 1125 587 1131 565 1146 524 1146 511 1135 508 1133 507 1133 505 1133 504 1133 503 1133 496 1135 474 1147 411 1142 409 1142 365 1150 347 1143 339 1141 338 1141 337 1141 310 1144 302 1146 300 1146 278 1134 277 1134 233 1134 232 1134 230 1134 217 1141 150 1139 149 1139 147 1139 146 1139 136 1148 94 1138 93 1138 92 1138 90 1138 89 1138 64 1156 62 1159 36 1159 37 1192"/></Shape>
	    <String CONTENT="نبيه وأن فلك رآباي علوى وبسائط علوى كفته أن"
                    HPOS="36"
                    VPOS="1117"
                    WIDTH="860"
                    HEIGHT="95"
                    WC="0.9300015606778733"></String>
          </TextLine>

          
          
          <TextLine ID="eSc_line_6dd3d42b"
                    TAGREFS="LT4837"
                    BASELINE="36 1268 579 1262 900 1247" 
                    HPOS="35"
                    VPOS="1198"
                    WIDTH="865"
                    HEIGHT="92">
            <Shape><Polygon POINTS="36 1268 36 1281 50 1290 51 1290 53 1290 54 1290 94 1282 103 1288 105 1288 106 1288 107 1288 189 1287 190 1287 192 1287 192 1286 203 1275 232 1287 233 1287 234 1287 236 1287 275 1274 341 1284 342 1284 343 1284 345 1284 367 1272 369 1272 563 1281 564 1281 613 1279 614 1279 648 1266 690 1278 691 1278 692 1278 694 1278 718 1265 760 1270 761 1270 762 1270 777 1264 800 1264 819 1275 821 1275 822 1275 823 1275 825 1275 826 1275 826 1274 838 1262 867 1269 869 1269 870 1269 900 1260 900 1247 896 1198 853 1207 838 1203 836 1203 835 1203 834 1203 810 1214 795 1207 794 1207 792 1207 764 1212 743 1203 739 1202 738 1202 736 1202 735 1202 727 1203 682 1217 655 1207 647 1203 646 1203 644 1203 643 1203 635 1207 616 1217 568 1209 564 1209 563 1209 561 1209 560 1209 537 1221 455 1221 442 1214 429 1208 428 1208 426 1208 425 1208 424 1208 424 1209 417 1214 409 1224 333 1224 313 1218 281 1211 280 1211 278 1211 277 1211 250 1221 241 1225 225 1222 171 1212 169 1212 168 1212 167 1212 153 1225 150 1226 146 1225 94 1213 93 1213 92 1213 35 1229 36 1268"/></Shape>
	    <String CONTENT="حرکات ايشان را يعنی قوت چنديکه بد الز حرکت می کنند نفو"
                    HPOS="35"
                    VPOS="1198"
                    WIDTH="865"
                    HEIGHT="92"
                    WC="0.8596677068206999"></String>
          </TextLine>

          
          
          <TextLine ID="eSc_line_d387e156"
                    TAGREFS="LT4837"
                    BASELINE="59 1349 269 1336 627 1334 901 1323" 
                    HPOS="58"
                    VPOS="1273"
                    WIDTH="843"
                    HEIGHT="94">
            <Shape><Polygon POINTS="59 1349 59 1367 77 1367 77 1366 79 1366 80 1366 96 1353 125 1353 142 1364 144 1365 145 1365 146 1365 147 1365 149 1365 159 1362 207 1349 224 1360 228 1362 229 1362 230 1362 232 1364 256 1364 256 1362 258 1362 259 1362 264 1358 278 1347 306 1347 330 1355 345 1360 346 1360 347 1360 349 1360 350 1360 350 1358 355 1355 365 1344 404 1344 428 1351 450 1357 451 1357 452 1357 491 1348 499 1347 505 1348 550 1355 551 1355 601 1344 612 1352 613 1352 614 1352 616 1352 677 1351 678 1351 679 1351 698 1339 703 1336 714 1339 747 1344 748 1344 749 1344 777 1335 779 1335 790 1344 790 1345 791 1345 792 1345 794 1345 795 1345 812 1339 847 1347 848 1347 849 1347 901 1330 901 1323 896 1273 825 1275 823 1275 822 1275 795 1295 774 1290 773 1290 771 1290 713 1296 692 1286 691 1286 690 1286 688 1286 687 1286 666 1299 548 1301 520 1291 516 1290 515 1290 513 1290 512 1290 511 1290 511 1291 509 1291 498 1304 464 1304 454 1294 445 1286 443 1286 442 1286 403 1286 402 1286 360 1291 359 1291 342 1300 330 1307 324 1300 312 1291 311 1291 310 1291 290 1290 267 1290 265 1290 264 1290 263 1290 263 1291 250 1303 207 1292 206 1292 204 1292 203 1292 203 1294 189 1307 186 1309 184 1308 173 1299 172 1299 171 1299 125 1294 124 1294 123 1294 99 1304 77 1295 76 1295 75 1295 73 1295 72 1295 72 1296 58 1309 59 1349"/></Shape>
	    <String CONTENT="فلکی گفته اند واين چهار عناصر را اقهات سفلی و بسای سغملی"
                    HPOS="58"
                    VPOS="1273"
                    WIDTH="843"
                    HEIGHT="94"
                    WC="0.8933156467974186"></String>
          </TextLine>

          
          
          <TextLine ID="eSc_line_8368fd96"
                    TAGREFS="LT4837"
                    BASELINE="32 1435 376 1413 901 1395" 
                    HPOS="29"
                    VPOS="1340"
                    WIDTH="872"
                    HEIGHT="113">
            <Shape><Polygon POINTS="32 1435 32 1449 89 1453 90 1453 92 1453 93 1453 102 1447 114 1440 133 1445 134 1445 136 1445 137 1445 138 1445 140 1445 154 1436 212 1435 255 1440 289 1444 290 1444 291 1444 307 1438 324 1430 390 1427 416 1434 430 1436 432 1436 433 1436 434 1436 441 1432 450 1426 456 1431 469 1443 470 1443 472 1443 473 1443 690 1434 691 1434 731 1419 755 1412 839 1413 840 1414 852 1425 853 1425 854 1425 856 1425 857 1425 901 1412 901 1395 896 1340 856 1358 826 1348 825 1348 823 1348 761 1361 727 1351 723 1349 722 1349 721 1349 720 1349 718 1349 717 1351 698 1366 572 1370 529 1362 522 1362 521 1362 520 1362 515 1364 489 1371 469 1366 442 1360 441 1360 439 1360 438 1360 417 1370 400 1379 363 1379 356 1374 346 1365 345 1365 343 1365 342 1365 341 1365 323 1374 307 1366 306 1366 304 1366 269 1371 268 1371 267 1371 255 1380 251 1383 245 1380 221 1371 220 1371 219 1371 151 1379 112 1374 111 1374 64 1377 63 1377 62 1377 44 1393 42 1395 29 1395 32 1435"/></Shape>
	    <String CONTENT="گفته اند وعناصر اربعه داركان أربعه وطبائع بهاركانه نيزفته"
                    HPOS="29"
                    VPOS="1340"
                    WIDTH="872"
                    HEIGHT="113"
                    WC="0.8683832409018177"></String>
          </TextLine>

          
        </TextBlock>
        
        <TextBlock HPOS="413"
                   VPOS="31"
                   WIDTH="72"
                   HEIGHT="50"
                   ID="eSc_textblock_ce1851a1"
                   TAGREFS="BT16093">
          <Shape><Polygon POINTS="455 31 485 41 469 81 413 60 455 31"/></Shape>
          
          
          <TextLine ID="eSc_line_a9fd05ff"
                    TAGREFS="LT4837"
                    BASELINE="434 58 470 55" 
                    HPOS="433"
                    VPOS="32"
                    WIDTH="37"
                    HEIGHT="40">
            <Shape><Polygon POINTS="457 32 445 36 433 45 434 58 434 71 469 72 470 55 467 35 457 32"/></Shape>
	    <String CONTENT=""
                    HPOS="433"
                    VPOS="32"
                    WIDTH="37"
                    HEIGHT="40"></String>
          </TextLine>

          
        </TextBlock>
        
        <TextBlock HPOS="801"
                   VPOS="1431"
                   WIDTH="87"
                   HEIGHT="56"
                   ID="eSc_textblock_ed88e8ea"
                   TAGREFS="BT16090">
          <Shape><Polygon POINTS="838 1431 888 1441 878 1487 801 1461 838 1431"/></Shape>
          
          
          <TextLine ID="eSc_line_d3c5c1e2"
                    TAGREFS="LT4837"
                    BASELINE="819 1474 897 1469" 
                    HPOS="818"
                    VPOS="1440"
                    WIDTH="79"
                    HEIGHT="47">
            <Shape><Polygon POINTS="883 1460 873 1444 835 1452 831 1471 818 1467 819 1474 819 1484 896 1487 897 1469 893 1440 884 1441 883 1460"/></Shape>
	    <String CONTENT=""
                    HPOS="818"
                    VPOS="1440"
                    WIDTH="79"
                    HEIGHT="47"></String>
          </TextLine>

          
        </TextBlock>
        
        <TextBlock HPOS="832"
                   VPOS="1478"
                   WIDTH="10"
                   HEIGHT="9"
                   ID="eSc_textblock_4f4c4520"
                   TAGREFS="BT16092">
          <Shape><Polygon POINTS="832 1478 842 1478 842 1487 838 1487 832 1478"/></Shape>
          
        </TextBlock>
        

        
      </PrintSpace>
    </Page>
  </Layout>
</alto>
