<?xml version="1.0" encoding="UTF-8"?>
<alto xmlns:xsi="http://www.w3.org/2001/XMLSchema-instance"
      xmlns="http://www.loc.gov/standards/alto/ns-v4#"
      xsi:schemaLocation="http://www.loc.gov/standards/alto/ns-v4# http://www.loc.gov/standards/alto/v4/alto-4-2.xsd">
  <Description>
    <MeasurementUnit>pixel</MeasurementUnit>
    <sourceImageInformation>
      <fileName>Rasail005.jpg</fileName>
      
    </sourceImageInformation>
  </Description>
  
  <Tags>
    <OtherTag ID="BT16094" LABEL="default" DESCRIPTION="block type default"/><OtherTag ID="BT16093" LABEL="NumberingZone:page" DESCRIPTION="block type NumberingZone:page"/><OtherTag ID="BT16092" LABEL="MarginTextZone:note" DESCRIPTION="block type MarginTextZone:note"/><OtherTag ID="BT16091" LABEL="TitlePageZone" DESCRIPTION="block type TitlePageZone"/><OtherTag ID="BT16090" LABEL="QuireMarksZone:catchwords" DESCRIPTION="block type QuireMarksZone:catchwords"/><OtherTag ID="BT16089" LABEL="NumberingZone:other" DESCRIPTION="block type NumberingZone:other"/><OtherTag ID="BT16088" LABEL="NumberingZone" DESCRIPTION="block type NumberingZone"/><OtherTag ID="BT16087" LABEL="MarginTextZone" DESCRIPTION="block type MarginTextZone"/><OtherTag ID="BT16086" LABEL="MainZone" DESCRIPTION="block type MainZone"/><OtherTag ID="BT16085" LABEL="DigitizationArtefactZone" DESCRIPTION="block type DigitizationArtefactZone"/><OtherTag ID="BT2" LABEL="Main" DESCRIPTION="block type Main"/><OtherTag ID="BT1" LABEL="Title" DESCRIPTION="block type Title"/>
    <OtherTag ID="LT4837" LABEL="DefaultLine" DESCRIPTION="line type DefaultLine"/><OtherTag ID="LT4838" LABEL="default" DESCRIPTION="line type default"/><OtherTag ID="LT4839" LABEL="HeadingLine:title" DESCRIPTION="line type HeadingLine:title"/>
  </Tags>
  
  <Layout>
    <Page WIDTH="1156"
          HEIGHT="1833"
          PHYSICAL_IMG_NR="33"
          ID="eSc_dummypage_">
      <PrintSpace HPOS="0"
                  VPOS="0"
                  WIDTH="1156"
                  HEIGHT="1833">
        
        <TextBlock HPOS="30"
                   VPOS="195"
                   WIDTH="1087"
                   HEIGHT="1587"
                   ID="eSc_textblock_d7a53e09"
                   TAGREFS="BT16086">
          <Shape><Polygon POINTS="782 195 1056 201 1117 244 1105 1745 1074 1770 873 1782 103 1776 61 1745 73 1661 30 1043 48 250 134 226 782 195"/></Shape>
          
          
          <TextLine ID="eSc_line_6050e179"
                    TAGREFS="LT4837"
                    BASELINE="934 247 1050 239" 
                    HPOS="931"
                    VPOS="201"
                    WIDTH="119"
                    HEIGHT="83">
            <Shape><Polygon POINTS="934 247 935 284 975 278 977 278 978 278 978 276 983 271 1000 252 1050 250 1050 239 1047 207 1000 201 998 201 996 201 995 201 972 216 967 219 931 221 934 247"/></Shape>
	    <String CONTENT="ور تحقيق"
                    HPOS="931"
                    VPOS="201"
                    WIDTH="119"
                    HEIGHT="83"
                    WC="0.8639310225844383"></String>
          </TextLine>

          
          
          <TextLine ID="eSc_line_de147f86"
                    TAGREFS="LT4837"
                    BASELINE="807 259 851 256" 
                    HPOS="804"
                    VPOS="224"
                    WIDTH="47"
                    HEIGHT="61">
            <Shape><Polygon POINTS="807 259 807 274 851 285 851 256 845 224 804 235 807 259"/></Shape>
	    <String CONTENT=""
                    HPOS="804"
                    VPOS="224"
                    WIDTH="47"
                    HEIGHT="61"></String>
          </TextLine>

          
          
          <TextLine ID="eSc_line_eb454977"
                    TAGREFS="LT4837"
                    BASELINE="56 294 440 291 675 271" 
                    HPOS="55"
                    VPOS="232"
                    WIDTH="620"
                    HEIGHT="93">
            <Shape><Polygon POINTS="56 294 56 311 85 320 87 320 88 320 90 320 91 320 105 310 110 308 137 308 140 308 183 325 185 325 186 325 188 325 221 307 226 305 249 305 252 305 285 323 287 323 289 323 290 323 292 323 322 303 342 302 350 302 351 302 371 320 373 320 374 320 376 322 426 322 426 320 449 319 451 319 452 319 474 300 493 317 495 317 496 317 498 319 532 319 532 317 550 316 552 316 553 316 553 314 571 294 596 294 599 294 633 314 634 314 636 314 637 314 639 314 640 314 675 291 675 271 671 233 588 247 561 238 545 232 544 232 542 232 541 232 539 232 530 238 521 245 493 242 492 242 490 242 470 252 448 242 431 235 429 235 428 235 426 235 409 244 389 255 365 255 351 245 347 242 345 242 344 242 342 242 340 242 339 242 333 247 316 256 282 248 270 247 269 247 267 247 266 247 263 250 252 258 223 252 220 252 218 252 217 252 215 252 215 253 214 253 209 259 194 253 168 242 166 242 165 242 107 244 105 244 55 258 56 294"/></Shape>
	    <String CONTENT="دم در تحقيق عقل گل صحيفه سوم در تحقيق"
                    HPOS="55"
                    VPOS="232"
                    WIDTH="620"
                    HEIGHT="93"
                    WC="0.9309786139307795"></String>
          </TextLine>

          
          
          <TextLine ID="eSc_line_337b9282"
                    TAGREFS="LT4837"
                    BASELINE="741 349 990 337 1035 323" 
                    HPOS="738"
                    VPOS="282"
                    WIDTH="297"
                    HEIGHT="96">
            <Shape><Polygon POINTS="741 349 743 378 819 355 831 368 836 371 836 372 837 372 839 372 841 372 886 369 888 369 889 369 889 368 899 360 906 351 918 357 943 366 944 366 946 366 996 363 998 363 1000 363 1000 362 1001 362 1015 345 1015 343 1035 342 1035 323 1029 284 977 282 975 282 974 282 972 282 961 290 944 303 908 296 882 291 880 291 879 291 850 302 831 311 738 314 741 349"/></Shape>
	    <String CONTENT="س گل صحيفه چهارم"
                    HPOS="738"
                    VPOS="282"
                    WIDTH="297"
                    HEIGHT="96"
                    WC="0.8973932676017284"></String>
          </TextLine>

          
          
          <TextLine ID="eSc_line_a057dbd2"
                    TAGREFS="LT4837"
                    BASELINE="51 371 623 368" 
                    HPOS="50"
                    VPOS="323"
                    WIDTH="573"
                    HEIGHT="83">
            <Shape><Polygon POINTS="51 371 51 384 88 404 90 404 91 404 93 404 133 386 140 383 181 383 189 387 207 401 209 401 211 401 212 401 214 401 215 401 232 389 243 383 279 383 290 392 299 400 301 400 302 400 334 406 336 406 423 398 444 404 446 404 448 404 449 404 451 404 451 403 458 397 475 381 490 381 519 400 526 404 527 404 529 404 530 404 532 404 541 400 579 381 619 403 623 368 622 342 594 326 593 326 591 326 590 326 570 336 544 323 542 323 541 323 539 323 487 340 418 340 408 329 406 329 405 329 403 329 333 343 313 343 295 326 295 325 293 325 292 325 290 325 230 332 172 325 171 325 169 325 168 325 168 326 151 343 116 343 103 332 102 332 100 332 99 332 97 332 96 332 96 334 87 343 50 343 51 371"/></Shape>
	    <String CONTENT="هيولی صحيفه نجم در تحقيق طبيعت"
                    HPOS="50"
                    VPOS="323"
                    WIDTH="573"
                    HEIGHT="83"
                    WC="0.943638930718104"></String>
          </TextLine>

          
          
          <TextLine ID="eSc_line_f595fa0a"
                    TAGREFS="LT4837"
                    BASELINE="785 424 1050 413" 
                    HPOS="782"
                    VPOS="365"
                    WIDTH="268"
                    HEIGHT="91">
            <Shape><Polygon POINTS="785 424 785 456 815 456 816 456 818 456 867 427 896 427 920 447 920 449 922 449 923 449 925 449 954 447 955 447 957 447 957 446 958 446 977 424 992 424 1015 441 1015 442 1016 442 1018 442 1019 442 1050 438 1050 413 1044 372 1027 377 1015 374 980 365 978 365 977 365 975 365 949 378 944 380 941 378 915 368 914 368 912 368 911 368 889 375 865 369 863 369 862 369 860 369 859 369 859 371 845 384 825 375 824 375 822 375 821 375 819 375 819 377 808 386 808 387 782 387 785 424"/></Shape>
	    <String CONTENT="ل صحيفه ششم"
                    HPOS="782"
                    VPOS="365"
                    WIDTH="268"
                    HEIGHT="91"
                    WC="0.9176653840325095"></String>
          </TextLine>

          
          
          <TextLine ID="eSc_line_7092636f"
                    TAGREFS="LT4837"
                    BASELINE="45 453 646 441" 
                    HPOS="44"
                    VPOS="400"
                    WIDTH="602"
                    HEIGHT="91">
            <Shape><Polygon POINTS="45 453 45 484 59 491 61 491 62 491 107 482 137 490 139 490 140 490 142 490 143 490 143 488 154 478 163 468 198 468 211 476 227 488 229 488 230 488 232 490 270 490 270 488 272 488 273 488 273 487 289 473 296 467 344 467 354 471 370 479 371 479 373 479 374 479 389 471 405 482 406 482 408 482 409 482 411 482 412 482 422 473 434 482 435 482 437 482 438 482 440 482 441 482 463 468 469 464 486 467 564 482 565 482 567 482 568 482 568 481 587 464 590 461 643 461 646 441 640 400 594 417 579 403 578 401 578 400 576 400 574 400 573 400 571 400 561 403 516 418 469 409 467 409 466 409 417 423 397 423 383 412 374 404 373 404 371 404 370 404 368 404 348 413 340 418 269 424 252 420 235 413 233 413 232 413 230 413 229 413 223 418 212 409 212 407 211 407 209 407 207 407 148 409 146 409 145 409 145 410 137 417 123 409 122 409 120 409 119 409 96 410 94 410 93 410 93 412 76 427 76 429 44 429 45 453"/></Shape>
	    <String CONTENT="چم گل صحيفه هفتم در تحقق ذك"
                    HPOS="44"
                    VPOS="400"
                    WIDTH="602"
                    HEIGHT="91"
                    WC="0.9064140032838892"></String>
          </TextLine>

          
          
          <TextLine ID="eSc_line_d72a7e8d"
                    TAGREFS="LT4837"
                    BASELINE="67 531 568 522 1059 496" 
                    HPOS="65"
                    VPOS="455"
                    WIDTH="994"
                    HEIGHT="107">
            <Shape><Polygon POINTS="67 531 67 545 126 545 162 562 163 562 165 562 166 562 214 546 247 559 249 559 250 559 252 559 253 559 266 548 311 557 313 557 314 557 316 557 333 546 386 548 388 548 389 548 409 537 432 551 434 551 435 551 437 551 509 537 522 548 524 548 526 548 527 548 529 548 530 548 547 534 629 546 631 546 669 545 671 545 700 530 707 525 717 528 750 542 752 542 753 542 816 539 818 539 819 539 839 525 848 519 874 525 899 530 900 530 902 530 903 530 912 523 920 519 954 522 967 523 969 523 970 523 972 523 974 522 983 514 1058 519 1059 496 1055 455 990 465 980 458 978 458 977 458 975 458 856 461 854 461 839 465 801 478 755 470 741 468 740 468 738 468 737 468 733 471 711 491 579 494 559 481 548 473 547 473 545 473 544 473 542 473 541 473 526 482 500 497 449 493 448 493 359 502 321 493 314 493 313 493 304 494 258 505 244 497 217 484 215 484 214 484 212 484 160 502 139 510 117 505 97 501 96 501 65 507 67 531"/></Shape>
	    <String CONTENT="ترت افلاک صحيفه هشتم در اشارت به زبان و مکان"
                    HPOS="65"
                    VPOS="455"
                    WIDTH="994"
                    HEIGHT="107"
                    WC="0.9044451618736441"></String>
          </TextLine>

          
          
          <TextLine ID="eSc_line_f97c116c"
                    TAGREFS="LT4837"
                    BASELINE="70 609 626 601 1009 588 1055 578" 
                    HPOS="67"
                    VPOS="539"
                    WIDTH="988"
                    HEIGHT="101">
            <Shape><Polygon POINTS="70 609 70 629 139 640 140 640 142 640 143 640 159 627 166 623 203 623 211 626 232 636 233 636 235 636 237 636 258 626 264 623 276 624 321 633 322 633 324 633 325 633 339 624 345 621 371 623 448 629 449 629 451 629 474 621 484 617 490 620 504 630 506 630 507 630 509 632 556 632 556 630 558 630 559 630 576 618 581 615 584 618 599 629 600 629 602 629 603 629 721 626 723 626 756 615 775 609 795 614 842 624 844 624 845 624 847 624 863 612 870 607 880 612 911 623 912 623 914 623 915 623 941 611 952 604 989 604 1001 609 1021 617 1022 617 1024 617 1026 617 1055 607 1055 578 1048 539 938 540 937 540 935 540 918 556 896 545 894 545 892 545 891 545 889 545 871 560 847 543 845 542 844 542 842 542 841 542 789 543 787 543 785 543 784 545 763 559 738 546 735 545 733 545 732 545 730 545 729 545 727 546 698 568 672 549 671 549 669 549 668 549 559 571 541 563 539 563 538 563 484 572 463 556 461 556 460 556 458 556 457 556 417 574 336 566 334 566 278 577 240 569 238 569 237 569 235 569 227 577 195 560 188 557 186 557 185 557 183 557 181 557 177 562 155 575 122 563 111 559 110 559 108 559 67 563 70 609"/></Shape>
	    <String CONTENT="محيفههم در پيان مواليد ثلاثه و آنچه مناسب ادست صحيف"
                    HPOS="67"
                    VPOS="539"
                    WIDTH="988"
                    HEIGHT="101"
                    WC="0.8851656191624128"></String>
          </TextLine>

          
          
          <TextLine ID="eSc_line_56967130"
                    TAGREFS="LT4837"
                    BASELINE="71 696 584 688 1062 662" 
                    HPOS="70"
                    VPOS="626"
                    WIDTH="992"
                    HEIGHT="99">
            <Shape><Polygon POINTS="71 696 71 720 183 711 198 719 209 724 211 724 212 725 249 725 249 724 290 716 330 708 337 714 342 717 342 719 344 719 345 719 347 719 374 713 400 708 412 713 428 717 429 717 431 717 461 711 501 702 522 710 533 713 535 713 536 713 613 711 614 711 616 711 622 707 629 701 648 705 665 710 666 710 668 710 669 710 689 704 726 693 740 702 746 707 747 707 749 707 750 707 752 707 753 707 761 702 776 693 792 701 801 705 802 705 804 705 805 705 821 701 853 688 909 698 932 701 934 701 935 701 937 701 941 696 958 685 981 685 993 695 996 698 998 698 1000 698 1001 699 1035 699 1035 698 1036 698 1038 698 1042 693 1050 687 1058 693 1062 662 1059 626 996 626 995 626 993 626 992 626 989 629 967 641 940 630 926 626 925 626 923 626 922 626 902 632 894 635 889 633 882 627 880 627 879 627 877 627 808 629 807 629 805 629 805 630 798 636 787 647 752 640 715 632 714 632 712 632 689 643 666 653 619 653 611 646 602 638 602 636 600 636 599 636 576 636 574 636 573 636 571 636 552 649 539 656 438 659 428 655 412 646 411 646 409 646 408 646 406 646 396 656 388 662 325 662 316 659 263 647 261 647 259 647 215 664 206 667 200 665 168 653 166 653 165 653 163 653 162 653 140 667 139 669 70 670 71 696"/></Shape>
	    <String CONTENT="دهم در بيان قوت چنديکه در هريک از مواليد تلاثه میباشد"
                    HPOS="70"
                    VPOS="626"
                    WIDTH="992"
                    HEIGHT="99"
                    WC="0.9061099144647706"></String>
          </TextLine>

          
          
          <TextLine ID="eSc_line_2639b4c9"
                    TAGREFS="LT4837"
                    BASELINE="91 777 646 765 1064 740" 
                    HPOS="90"
                    VPOS="701"
                    WIDTH="974"
                    HEIGHT="108">
            <Shape><Polygon POINTS="91 777 91 792 137 803 139 803 140 803 142 803 151 795 175 809 177 809 178 809 180 809 181 809 181 808 201 789 204 789 226 789 244 806 246 806 247 806 249 806 307 804 308 804 357 783 359 783 363 783 432 791 434 791 435 791 474 780 493 797 495 797 496 797 498 798 526 798 526 797 625 780 639 791 639 792 640 792 642 792 643 792 675 791 677 791 718 771 755 785 756 785 758 785 759 785 795 771 804 780 805 780 807 780 808 780 810 780 825 772 841 785 842 785 844 785 845 786 873 786 873 785 899 783 900 783 902 783 925 763 925 762 974 762 975 762 990 772 992 772 993 772 995 772 996 772 998 772 1018 760 1018 759 1062 757 1064 740 1059 701 912 705 911 705 903 708 868 724 792 714 789 714 787 714 785 714 784 714 764 725 744 717 733 713 732 713 730 713 689 719 646 727 617 724 567 717 565 717 564 717 541 728 521 737 409 739 402 736 385 725 383 725 382 725 380 725 379 725 377 725 377 727 365 736 340 731 339 731 337 731 336 731 336 733 328 739 324 742 308 740 284 737 282 737 281 737 269 742 261 745 253 743 215 731 214 731 212 731 211 731 209 731 183 746 181 748 90 751 91 777"/></Shape>
	    <String CONTENT="صحيفه يازدهم در بيان شمه از تركيب چد انسانى صحيفه"
                    HPOS="90"
                    VPOS="701"
                    WIDTH="974"
                    HEIGHT="108"
                    WC="0.9229210493515949"></String>
          </TextLine>

          
          
          <TextLine ID="eSc_line_59c319fd"
                    TAGREFS="LT4837"
                    BASELINE="81 866 417 856 1067 821" 
                    HPOS="79"
                    VPOS="775"
                    WIDTH="988"
                    HEIGHT="121">
            <Shape><Polygon POINTS="81 866 81 892 108 896 110 896 111 896 113 896 122 890 145 876 226 882 227 882 229 882 230 882 249 870 292 870 314 879 331 887 333 887 334 887 336 887 363 876 366 876 368 876 392 884 394 884 396 884 397 884 399 884 414 875 431 864 464 863 507 869 553 876 555 876 584 875 585 875 587 875 599 864 602 861 607 864 623 872 625 872 626 872 677 869 678 869 697 859 711 852 729 856 756 866 758 866 759 866 761 866 763 866 781 855 787 850 799 853 830 861 831 861 833 861 834 861 857 850 876 841 897 847 929 858 931 858 932 858 974 855 975 855 977 855 995 843 1006 837 1065 838 1067 821 1064 789 1030 775 1029 775 1027 775 987 777 986 777 922 794 863 783 862 783 860 783 859 783 841 797 827 786 825 786 824 786 822 786 778 788 776 788 711 808 703 809 698 808 645 794 643 794 642 794 640 794 639 794 639 795 623 808 596 803 594 803 593 803 574 812 522 800 521 800 519 800 486 818 481 821 391 823 389 823 377 814 376 814 374 814 373 814 371 814 370 814 370 815 359 824 356 826 344 824 308 821 307 821 305 821 287 827 282 829 279 827 256 815 255 815 253 815 252 815 250 815 250 817 235 829 183 817 181 817 180 817 178 817 178 818 162 834 160 835 79 837 81 866"/></Shape>
	    <String CONTENT="دواز دهم در ذکر قوای انسانی صحيفه تردهم در بيان نفس"
                    HPOS="79"
                    VPOS="775"
                    WIDTH="988"
                    HEIGHT="121"
                    WC="0.892623080926783"></String>
          </TextLine>

          
          
          <TextLine ID="eSc_line_8b4d3c3f"
                    TAGREFS="LT4837"
                    BASELINE="77 947 617 936 1068 908" 
                    HPOS="76"
                    VPOS="866"
                    WIDTH="992"
                    HEIGHT="117">
            <Shape><Polygon POINTS="77 947 79 983 114 983 114 982 116 982 119 980 157 959 181 977 183 977 185 977 186 977 188 977 189 977 189 976 203 963 285 953 311 953 337 968 345 973 347 973 348 973 350 973 351 973 371 965 417 948 443 962 457 968 458 968 460 969 493 969 493 968 495 968 522 956 541 948 556 954 578 963 579 963 581 963 582 963 616 951 645 940 669 942 675 948 689 960 691 960 692 960 694 960 743 959 744 959 778 948 822 953 824 953 825 953 827 953 827 951 837 942 856 954 857 954 859 954 860 954 903 953 905 953 906 953 906 951 928 933 932 928 1068 924 1068 908 1059 866 1033 882 1004 869 996 866 995 866 993 866 929 870 928 870 926 870 922 873 894 890 813 890 796 879 785 873 784 873 782 873 781 873 779 873 778 873 767 881 749 895 659 896 645 889 636 881 634 881 633 881 631 881 629 881 607 890 584 901 484 904 477 898 469 892 469 890 467 890 466 890 464 890 417 899 389 890 388 890 386 890 385 890 383 890 363 904 356 908 340 904 293 892 292 892 290 892 180 896 178 896 177 896 163 908 128 898 126 898 125 898 123 898 76 916 77 947"/></Shape>
	    <String CONTENT="انسانى صحيفه جهادهم در بقاى نفس انسانى صحيفه يا نز دهم"
                    HPOS="76"
                    VPOS="866"
                    WIDTH="992"
                    HEIGHT="117"
                    WC="0.8935219479931725"></String>
          </TextLine>

          
          
          <TextLine ID="eSc_line_dd6dbc89"
                    TAGREFS="LT4837"
                    BASELINE="62 1020 619 1014 1070 991" 
                    HPOS="61"
                    VPOS="947"
                    WIDTH="1009"
                    HEIGHT="103">
            <Shape><Polygon POINTS="62 1020 64 1050 110 1032 154 1041 155 1041 157 1041 159 1041 178 1029 279 1035 281 1035 353 1024 368 1037 373 1041 374 1041 376 1041 402 1043 403 1043 507 1041 509 1041 510 1041 524 1031 527 1028 530 1029 545 1037 547 1037 548 1037 550 1037 581 1029 591 1038 593 1038 594 1038 596 1040 631 1040 631 1038 633 1038 685 1023 694 1020 698 1021 726 1035 727 1035 729 1035 730 1035 732 1035 749 1020 750 1018 790 1014 796 1018 811 1032 813 1032 815 1032 816 1034 845 1034 845 1032 847 1032 848 1032 877 1014 883 1011 915 1012 974 1015 975 1015 1068 1005 1070 991 1065 957 1024 960 1021 959 1009 948 1009 947 1007 947 1006 947 967 947 966 947 860 950 859 950 827 960 798 951 796 951 795 951 793 951 741 968 726 962 724 962 723 962 669 971 622 980 602 980 594 974 576 960 574 960 573 960 571 960 542 966 515 959 513 959 512 959 510 959 454 979 440 985 382 985 371 982 337 971 336 971 334 971 333 971 289 985 276 989 238 989 235 986 218 976 217 976 215 976 214 976 212 976 194 980 169 968 168 968 166 968 140 969 139 969 137 969 137 971 114 991 114 992 61 992 62 1020"/></Shape>
	    <String CONTENT="ود مراتب نفس آنسانى صحيفه شانزد هم در اشارت بهرشته"
                    HPOS="61"
                    VPOS="947"
                    WIDTH="1009"
                    HEIGHT="103"
                    WC="0.9375139416432848"></String>
          </TextLine>

          
          
          <TextLine ID="eSc_line_ab7ee4a9"
                    TAGREFS="LT4837"
                    BASELINE="122 1101 1067 1072" 
                    HPOS="119"
                    VPOS="1024"
                    WIDTH="948"
                    HEIGHT="103">
            <Shape><Polygon POINTS="122 1101 122 1112 157 1112 172 1122 174 1122 175 1122 177 1122 178 1122 223 1108 267 1127 269 1127 270 1127 272 1127 321 1105 324 1105 368 1105 382 1118 382 1119 383 1119 385 1119 417 1122 418 1122 467 1121 469 1121 470 1121 470 1119 483 1110 493 1119 495 1119 496 1119 498 1119 545 1108 556 1118 558 1118 559 1118 561 1118 617 1116 619 1116 620 1116 652 1096 689 1110 691 1110 753 1112 755 1112 756 1112 807 1093 813 1099 815 1099 816 1099 818 1099 877 1089 879 1089 900 1099 902 1099 903 1099 905 1099 906 1099 906 1098 918 1087 920 1086 966 1086 967 1086 980 1095 981 1095 983 1095 984 1095 986 1095 987 1095 996 1087 1032 1095 1033 1095 1035 1095 1067 1082 1067 1072 1064 1037 1012 1024 972 1024 970 1024 969 1024 967 1024 946 1038 938 1041 935 1038 923 1028 923 1026 922 1026 920 1026 918 1026 917 1026 880 1038 793 1031 792 1031 790 1031 763 1041 759 1041 758 1041 730 1034 729 1034 727 1034 726 1034 724 1034 714 1041 700 1052 680 1043 671 1038 669 1038 668 1038 666 1038 665 1038 660 1043 654 1047 645 1043 637 1040 636 1040 634 1040 633 1040 631 1040 628 1043 611 1055 561 1049 559 1049 415 1063 382 1063 363 1047 362 1046 360 1046 359 1046 357 1046 356 1046 351 1047 316 1066 275 1066 249 1049 247 1047 246 1047 244 1047 243 1047 241 1047 235 1049 194 1066 163 1050 162 1050 160 1050 159 1050 119 1050 122 1101"/></Shape>
	    <String CONTENT="و برق و ديو و شيطان صحيفه بيفد هم در تحقيقستى عالى"
                    HPOS="119"
                    VPOS="1024"
                    WIDTH="948"
                    HEIGHT="103"
                    WC="0.9168520122766495"></String>
          </TextLine>

          
          
          <TextLine ID="eSc_line_b3a625e5"
                    TAGREFS="LT4837"
                    BASELINE="77 1180 582 1173 889 1154 1074 1151" 
                    HPOS="76"
                    VPOS="1102"
                    WIDTH="998"
                    HEIGHT="106">
            <Shape><Polygon POINTS="77 1180 77 1192 116 1191 122 1194 146 1206 148 1206 149 1208 192 1208 192 1206 227 1205 229 1205 230 1205 249 1189 253 1186 285 1186 290 1188 305 1202 307 1202 308 1202 310 1203 366 1203 366 1202 368 1202 370 1202 370 1200 385 1186 388 1183 405 1185 475 1194 477 1194 478 1194 480 1194 480 1192 490 1183 510 1197 512 1197 513 1197 515 1197 574 1192 576 1192 578 1192 578 1191 587 1183 594 1189 594 1191 596 1191 597 1191 651 1194 652 1194 697 1185 737 1191 738 1191 740 1191 776 1174 778 1174 779 1174 825 1189 827 1189 828 1189 830 1189 831 1189 851 1173 854 1170 949 1168 954 1170 989 1185 990 1185 992 1185 993 1185 995 1185 1021 1168 1073 1165 1074 1151 1071 1107 1013 1102 1012 1102 1010 1102 1009 1102 1001 1108 996 1113 989 1110 975 1104 974 1104 972 1104 970 1104 957 1112 935 1124 922 1113 914 1105 912 1105 911 1105 909 1105 847 1107 845 1107 844 1107 830 1116 816 1125 798 1118 792 1116 790 1116 789 1116 772 1119 740 1125 720 1121 701 1118 700 1118 698 1118 685 1122 654 1136 616 1136 594 1127 565 1116 564 1116 562 1116 561 1116 559 1116 538 1128 533 1131 527 1130 484 1116 483 1116 481 1116 480 1116 425 1134 418 1136 412 1134 394 1128 392 1128 391 1128 389 1128 374 1136 362 1144 318 1144 313 1139 304 1131 302 1131 301 1131 299 1131 298 1131 264 1141 249 1145 240 1142 192 1124 191 1124 189 1124 188 1124 186 1124 165 1141 159 1136 157 1136 155 1136 154 1136 152 1136 123 1147 119 1150 76 1150 77 1180"/></Shape>
	    <String CONTENT="و ذکر اوواحکام آن مجملا بر قول حکما صحيفه تردهم در"
                    HPOS="76"
                    VPOS="1102"
                    WIDTH="998"
                    HEIGHT="106"
                    WC="0.8728987820008222"></String>
          </TextLine>

          
          
          <TextLine ID="eSc_line_ccb2c98d"
                    TAGREFS="LT4837"
                    BASELINE="87 1261 582 1255 801 1241 1027 1240 1059 1229" 
                    HPOS="85"
                    VPOS="1186"
                    WIDTH="974"
                    HEIGHT="101">
            <Shape><Polygon POINTS="87 1261 88 1287 166 1267 250 1275 252 1275 299 1266 310 1275 310 1276 311 1276 313 1276 356 1281 357 1281 435 1263 474 1280 475 1280 477 1280 478 1280 515 1269 541 1278 542 1278 544 1278 634 1276 636 1276 672 1264 729 1273 730 1273 732 1273 773 1257 830 1272 831 1272 833 1272 834 1272 836 1272 859 1257 912 1263 914 1263 915 1263 917 1263 928 1252 978 1252 993 1264 993 1266 995 1266 996 1266 1058 1267 1059 1229 1052 1186 944 1188 943 1188 941 1188 938 1191 918 1203 886 1192 885 1192 883 1192 882 1192 873 1194 798 1205 764 1199 738 1192 737 1192 735 1192 733 1192 733 1194 726 1200 715 1211 701 1205 700 1205 698 1205 697 1205 695 1205 678 1215 646 1203 636 1199 634 1199 633 1199 631 1199 629 1199 623 1203 608 1215 567 1206 558 1205 556 1205 555 1205 548 1208 532 1215 524 1208 518 1203 518 1202 516 1202 515 1202 493 1202 492 1202 490 1202 489 1202 477 1211 463 1220 449 1211 431 1202 429 1202 428 1202 426 1202 425 1202 408 1212 392 1223 351 1223 344 1215 339 1212 339 1211 337 1211 336 1211 334 1211 333 1211 331 1211 324 1217 314 1225 240 1225 232 1220 209 1212 207 1212 206 1212 204 1212 185 1223 178 1226 85 1226 87 1261"/></Shape>
	    <String CONTENT="عيق لهورآدم و خوا بقول مقدمان صحيفه نوزد بم"
                    HPOS="85"
                    VPOS="1186"
                    WIDTH="974"
                    HEIGHT="101"
                    WC="0.9377010945569385"></String>
          </TextLine>

          
          
          <TextLine ID="eSc_line_b8717687"
                    TAGREFS="LT4837"
                    BASELINE="90 1338 668 1331 1074 1313" 
                    HPOS="87"
                    VPOS="1266"
                    WIDTH="987"
                    HEIGHT="96">
            <Shape><Polygon POINTS="90 1338 91 1362 117 1350 155 1359 157 1359 159 1359 160 1359 162 1359 180 1347 302 1350 304 1350 305 1350 307 1350 316 1342 347 1353 348 1353 350 1353 351 1353 353 1353 356 1351 370 1347 376 1351 383 1357 385 1357 386 1357 388 1357 568 1354 620 1342 640 1338 657 1341 712 1351 714 1351 715 1351 753 1339 799 1347 801 1347 802 1347 836 1333 842 1331 844 1333 851 1341 853 1341 854 1341 856 1341 857 1341 892 1331 900 1330 906 1331 978 1345 980 1345 981 1345 983 1345 983 1344 1001 1327 1003 1325 1073 1324 1074 1313 1071 1270 859 1266 857 1266 856 1266 854 1266 842 1276 804 1267 802 1267 801 1267 799 1267 798 1267 782 1280 761 1295 582 1292 581 1292 579 1292 556 1299 541 1287 535 1283 533 1283 532 1283 530 1283 529 1283 527 1283 519 1289 501 1301 474 1290 463 1286 461 1286 460 1286 458 1286 457 1286 451 1290 432 1302 385 1296 383 1296 382 1296 363 1304 337 1295 305 1283 304 1283 302 1283 301 1283 299 1283 282 1296 272 1306 243 1298 185 1281 183 1281 181 1281 180 1281 178 1281 162 1292 107 1289 105 1289 103 1289 102 1289 87 1298 90 1338"/></Shape>
	    <String CONTENT="ور تحقيق قصد ابليس بروچه تا ديل طايينه از مقار برصحيفه"
                    HPOS="87"
                    VPOS="1266"
                    WIDTH="987"
                    HEIGHT="96"
                    WC="0.9195192312752759"></String>
          </TextLine>

          
          
          <TextLine ID="eSc_line_291967d5"
                    TAGREFS="LT4837"
                    BASELINE="103 1419 559 1415 1079 1394" 
                    HPOS="102"
                    VPOS="1351"
                    WIDTH="977"
                    HEIGHT="92">
            <Shape><Polygon POINTS="103 1419 103 1428 223 1426 224 1426 243 1443 244 1443 246 1443 247 1443 333 1441 334 1441 336 1441 345 1432 362 1440 363 1440 365 1440 366 1440 385 1431 408 1438 409 1438 411 1438 463 1429 568 1435 570 1435 617 1434 619 1434 675 1415 727 1426 729 1426 730 1426 761 1412 763 1412 860 1428 862 1428 863 1428 865 1428 894 1409 972 1425 974 1425 975 1425 977 1425 998 1406 1000 1406 1029 1406 1045 1419 1047 1419 1048 1419 1050 1419 1052 1419 1079 1403 1079 1394 1076 1351 1006 1351 1004 1351 1003 1351 1000 1353 972 1368 899 1356 886 1354 885 1354 883 1354 882 1354 880 1356 859 1374 811 1361 810 1361 808 1361 746 1376 732 1365 732 1364 730 1364 729 1364 717 1362 686 1359 685 1359 683 1359 681 1359 677 1362 649 1380 628 1380 610 1365 608 1364 608 1362 607 1362 605 1362 603 1362 544 1364 542 1364 541 1364 536 1367 507 1385 452 1385 441 1376 441 1374 440 1374 438 1374 437 1374 435 1374 414 1386 311 1388 292 1374 285 1370 284 1370 282 1370 281 1370 279 1370 266 1376 230 1390 200 1377 189 1373 188 1373 186 1373 185 1373 171 1377 148 1388 134 1379 133 1377 131 1377 129 1377 128 1377 126 1377 125 1377 122 1379 114 1385 102 1380 103 1419"/></Shape>
	    <String CONTENT="يشتم در حفيق قصد ابليس که نست بادم اين دوره"
                    HPOS="102"
                    VPOS="1351"
                    WIDTH="977"
                    HEIGHT="92"
                    WC="0.925028637398121"></String>
          </TextLine>

          
          
          <TextLine ID="eSc_line_c9b58628"
                    TAGREFS="LT4837"
                    BASELINE="94 1501 654 1496 1082 1481" 
                    HPOS="93"
                    VPOS="1426"
                    WIDTH="989"
                    HEIGHT="98">
            <Shape><Polygon POINTS="94 1501 94 1510 119 1522 120 1522 122 1522 123 1522 125 1522 139 1510 206 1510 233 1524 235 1524 237 1524 282 1513 295 1522 296 1522 298 1522 299 1522 426 1521 428 1521 429 1521 429 1519 440 1510 474 1519 475 1519 477 1519 539 1510 619 1516 620 1516 622 1516 654 1503 669 1513 671 1513 672 1513 674 1513 675 1513 677 1513 689 1503 691 1501 697 1503 744 1515 746 1515 747 1515 836 1513 837 1513 839 1513 839 1512 853 1500 856 1498 958 1498 961 1500 986 1510 987 1510 989 1510 990 1510 1021 1498 1030 1495 1081 1496 1082 1481 1081 1445 1058 1426 1056 1426 1055 1426 1053 1426 922 1428 888 1429 886 1429 885 1429 885 1431 860 1452 856 1457 837 1458 822 1458 816 1454 792 1434 790 1434 789 1434 787 1434 785 1434 747 1455 740 1458 709 1455 640 1449 639 1449 637 1449 636 1449 625 1458 622 1461 564 1461 561 1460 547 1448 545 1448 544 1448 542 1448 513 1452 500 1441 498 1441 496 1441 495 1441 493 1441 451 1458 429 1449 428 1449 426 1449 425 1449 376 1464 373 1464 354 1451 353 1451 351 1451 350 1451 348 1451 347 1451 322 1464 319 1467 272 1467 272 1466 217 1441 215 1441 174 1441 172 1441 133 1443 131 1443 129 1443 93 1466 94 1501"/></Shape>
	    <String CONTENT="دارد که به شش هزار و نهصد سال گسری از دور اوکرشته"
                    HPOS="93"
                    VPOS="1426"
                    WIDTH="989"
                    HEIGHT="98"
                    WC="0.8749382380320101"></String>
          </TextLine>

          
          
          <TextLine ID="eSc_line_31c063ea"
                    TAGREFS="LT4837"
                    BASELINE="94 1588 518 1582 1078 1561" 
                    HPOS="93"
                    VPOS="1507"
                    WIDTH="985"
                    HEIGHT="109">
            <Shape><Polygon POINTS="94 1588 96 1616 146 1597 279 1596 299 1606 305 1609 307 1609 308 1611 339 1611 339 1609 340 1609 342 1609 342 1608 347 1605 354 1594 383 1593 391 1599 391 1600 392 1600 394 1600 396 1600 397 1600 434 1591 472 1599 506 1605 507 1605 610 1602 611 1602 613 1602 613 1600 614 1600 619 1594 659 1600 660 1600 662 1600 695 1588 698 1588 701 1588 761 1597 763 1597 764 1597 792 1584 799 1580 810 1584 850 1594 851 1594 853 1594 854 1594 883 1580 891 1576 922 1576 928 1577 964 1591 966 1591 967 1591 1053 1588 1055 1588 1056 1588 1078 1571 1078 1561 1071 1507 1048 1519 1029 1510 1027 1510 1026 1510 1000 1515 998 1515 949 1536 931 1536 906 1515 905 1513 903 1513 902 1513 863 1513 862 1513 827 1518 815 1521 813 1521 811 1521 792 1539 747 1522 744 1521 743 1521 741 1521 740 1521 737 1522 694 1542 518 1541 516 1541 515 1541 490 1548 455 1538 454 1538 452 1538 451 1538 449 1538 449 1539 437 1548 402 1539 400 1539 399 1539 397 1539 370 1551 356 1541 354 1541 353 1541 351 1541 350 1541 318 1553 292 1542 263 1532 261 1532 259 1532 258 1532 256 1532 244 1539 111 1538 110 1538 108 1538 107 1538 93 1547 94 1588"/></Shape>
	    <String CONTENT="صحيفه بست و يکم در بيان نبوتد نبی و مرلولد الغنرم"
                    HPOS="93"
                    VPOS="1507"
                    WIDTH="985"
                    HEIGHT="109"
                    WC="0.888201253754752"></String>
          </TextLine>

          
          
          <TextLine ID="eSc_line_221b115b"
                    TAGREFS="LT4837"
                    BASELINE="102 1658 1085 1646" 
                    HPOS="100"
                    VPOS="1600"
                    WIDTH="985"
                    HEIGHT="83">
            <Shape><Polygon POINTS="102 1658 102 1678 177 1683 178 1683 180 1683 203 1677 235 1668 246 1675 249 1678 250 1678 252 1678 308 1681 310 1681 311 1681 334 1674 356 1666 373 1672 389 1680 391 1680 392 1681 444 1681 444 1680 446 1680 475 1671 490 1666 506 1669 536 1677 538 1677 539 1677 571 1668 591 1663 608 1668 640 1677 642 1677 643 1678 712 1678 712 1677 714 1677 740 1664 743 1663 810 1663 811 1663 834 1675 836 1675 837 1675 914 1660 918 1658 963 1658 964 1658 978 1669 980 1669 981 1669 983 1669 984 1669 1004 1658 1006 1657 1085 1655 1085 1646 1082 1619 1044 1619 1019 1600 1018 1600 1016 1600 1015 1600 1013 1600 986 1608 963 1600 961 1600 960 1600 862 1602 860 1602 859 1602 837 1619 836 1620 834 1619 799 1603 798 1603 733 1603 732 1603 616 1620 590 1625 477 1625 467 1620 435 1611 434 1611 432 1611 431 1611 429 1611 414 1622 406 1626 333 1626 324 1622 308 1611 307 1611 305 1611 304 1611 258 1622 237 1626 215 1622 191 1617 189 1617 188 1617 175 1622 169 1625 162 1622 149 1617 148 1617 146 1617 100 1622 102 1658"/></Shape>
	    <String CONTENT="ووهی و متيتى و ممر محيفه بيست و دوم در بيان دی"
                    HPOS="100"
                    VPOS="1600"
                    WIDTH="985"
                    HEIGHT="83"
                    WC="0.918673187494278"></String>
          </TextLine>

          
          
          <TextLine ID="eSc_line_e7952981"
                    TAGREFS="LT4837"
                    BASELINE="88 1752 692 1745 1087 1730" 
                    HPOS="87"
                    VPOS="1681"
                    WIDTH="1000"
                    HEIGHT="97">
            <Shape><Polygon POINTS="88 1752 90 1778 110 1768 126 1776 129 1778 131 1778 133 1778 134 1778 137 1776 163 1765 211 1774 217 1774 218 1774 220 1774 223 1773 252 1762 285 1771 302 1776 304 1776 305 1776 307 1776 319 1770 339 1761 365 1768 382 1774 383 1774 385 1774 386 1774 403 1768 425 1759 457 1767 484 1771 486 1771 487 1771 489 1771 498 1765 507 1758 527 1764 553 1771 555 1771 556 1771 655 1770 657 1770 659 1770 659 1768 669 1759 674 1755 692 1759 737 1768 738 1768 818 1767 819 1767 854 1753 860 1752 868 1753 905 1761 906 1761 908 1761 909 1761 923 1752 928 1750 981 1750 1010 1762 1012 1762 1013 1762 1015 1762 1016 1762 1039 1747 1087 1745 1087 1730 1084 1687 1048 1681 1047 1681 1045 1681 1030 1689 1016 1695 983 1690 934 1683 932 1683 931 1683 912 1692 888 1704 854 1693 822 1684 821 1684 819 1684 818 1684 816 1684 816 1686 804 1695 799 1700 785 1697 766 1692 764 1692 763 1692 761 1692 753 1697 741 1706 720 1698 714 1697 712 1697 711 1697 709 1697 707 1697 704 1700 691 1707 665 1700 655 1698 654 1698 652 1698 651 1698 646 1701 629 1710 475 1712 466 1706 460 1701 458 1701 457 1701 455 1701 411 1709 379 1713 371 1709 353 1700 351 1700 350 1700 348 1700 347 1700 337 1707 322 1695 321 1695 319 1695 318 1695 160 1697 159 1697 157 1697 129 1718 128 1719 87 1719 88 1752"/></Shape>
	    <String CONTENT="الهمام وخوابدتأويل وسب فرستادن أنبيا بخلائق"
                    HPOS="87"
                    VPOS="1681"
                    WIDTH="1000"
                    HEIGHT="97"
                    WC="0.8899052350417428"></String>
          </TextLine>

          
        </TextBlock>
        
        <TextBlock HPOS="581"
                   VPOS="109"
                   WIDTH="29"
                   HEIGHT="36"
                   ID="eSc_textblock_32bd83f9"
                   TAGREFS="BT16093">
          <Shape><Polygon POINTS="593 109 610 116 597 145 581 132 593 109"/></Shape>
          
        </TextBlock>
        

        
      </PrintSpace>
    </Page>
  </Layout>
</alto>
