<?xml version="1.0" encoding="UTF-8"?>
<alto xmlns:xsi="http://www.w3.org/2001/XMLSchema-instance"
      xmlns="http://www.loc.gov/standards/alto/ns-v4#"
      xsi:schemaLocation="http://www.loc.gov/standards/alto/ns-v4# http://www.loc.gov/standards/alto/v4/alto-4-2.xsd">
  <Description>
    <MeasurementUnit>pixel</MeasurementUnit>
    <sourceImageInformation>
      <fileName>Rasail050.jpg</fileName>
      
    </sourceImageInformation>
  </Description>
  
  <Tags>
    <OtherTag ID="BT16094" LABEL="default" DESCRIPTION="block type default"/><OtherTag ID="BT16093" LABEL="NumberingZone:page" DESCRIPTION="block type NumberingZone:page"/><OtherTag ID="BT16092" LABEL="MarginTextZone:note" DESCRIPTION="block type MarginTextZone:note"/><OtherTag ID="BT16091" LABEL="TitlePageZone" DESCRIPTION="block type TitlePageZone"/><OtherTag ID="BT16090" LABEL="QuireMarksZone:catchwords" DESCRIPTION="block type QuireMarksZone:catchwords"/><OtherTag ID="BT16089" LABEL="NumberingZone:other" DESCRIPTION="block type NumberingZone:other"/><OtherTag ID="BT16088" LABEL="NumberingZone" DESCRIPTION="block type NumberingZone"/><OtherTag ID="BT16087" LABEL="MarginTextZone" DESCRIPTION="block type MarginTextZone"/><OtherTag ID="BT16086" LABEL="MainZone" DESCRIPTION="block type MainZone"/><OtherTag ID="BT16085" LABEL="DigitizationArtefactZone" DESCRIPTION="block type DigitizationArtefactZone"/><OtherTag ID="BT2" LABEL="Main" DESCRIPTION="block type Main"/><OtherTag ID="BT1" LABEL="Title" DESCRIPTION="block type Title"/>
    <OtherTag ID="LT4837" LABEL="DefaultLine" DESCRIPTION="line type DefaultLine"/><OtherTag ID="LT4838" LABEL="default" DESCRIPTION="line type default"/><OtherTag ID="LT4839" LABEL="HeadingLine:title" DESCRIPTION="line type HeadingLine:title"/>
  </Tags>
  
  <Layout>
    <Page WIDTH="1142"
          HEIGHT="1694"
          PHYSICAL_IMG_NR="78"
          ID="eSc_dummypage_">
      <PrintSpace HPOS="0"
                  VPOS="0"
                  WIDTH="1142"
                  HEIGHT="1694">
        
        <TextBlock HPOS="163"
                   VPOS="146"
                   WIDTH="949"
                   HEIGHT="1478"
                   ID="eSc_textblock_5a7b2e0f"
                   TAGREFS="BT16086">
          <Shape><Polygon POINTS="712 146 970 146 1106 175 1112 1585 1050 1624 186 1619 163 1596 186 186 214 158 277 152 712 146"/></Shape>
          
          
          <TextLine ID="eSc_line_e20eb604"
                    TAGREFS="LT4837"
                    BASELINE="210 214 1074 220" 
                    HPOS="209"
                    VPOS="159"
                    WIDTH="865"
                    HEIGHT="83">
            <Shape><Polygon POINTS="210 159 210 214 209 228 233 238 234 238 236 238 237 238 265 231 303 238 305 238 306 238 325 230 366 238 367 238 405 230 431 239 432 239 433 239 435 239 464 231 484 239 486 239 487 239 627 231 630 231 637 239 638 239 638 241 640 241 641 241 643 241 686 234 736 241 737 241 739 241 764 232 811 232 819 239 819 241 821 241 822 241 823 241 825 241 849 234 857 242 859 242 860 242 862 242 863 242 887 234 904 242 905 242 907 242 1072 234 1074 220 1072 177 961 165 959 165 958 165 932 173 925 176 918 173 897 165 896 165 894 165 893 165 876 173 869 176 846 172 828 169 826 169 825 169 816 172 805 175 797 170 783 165 781 165 780 165 753 170 750 170 747 170 732 163 730 163 729 163 727 163 716 169 706 175 698 169 689 163 688 163 686 163 685 163 644 167 599 173 592 166 587 163 587 162 586 162 585 162 583 162 582 162 573 166 559 175 522 175 508 165 504 162 503 162 501 162 457 162 456 162 455 162 453 162 453 163 452 163 440 173 371 162 366 162 364 162 361 162 306 172 291 160 289 160 288 160 286 160 285 160 247 172 212 159 210 159"/></Shape>
	    <String CONTENT="به أنكه مجموع قوأي الساني ملائكه أندء تابع من شود قوت عاقله"
                    HPOS="209"
                    VPOS="159"
                    WIDTH="865"
                    HEIGHT="83"
                    WC="0.9089765785232423"></String>
          </TextLine>

          
          
          <TextLine ID="eSc_line_7dc04343"
                    TAGREFS="LT4837"
                    BASELINE="196 289 1079 293" 
                    HPOS="195"
                    VPOS="247"
                    WIDTH="884"
                    HEIGHT="76">
            <Shape><Polygon POINTS="196 289 195 306 275 303 281 307 292 317 292 319 293 319 295 319 296 320 354 320 354 319 356 319 357 319 368 310 391 319 392 319 394 319 448 313 555 320 556 320 558 320 589 307 614 317 616 317 617 317 619 317 620 317 636 306 641 304 732 304 734 306 749 319 749 320 750 320 751 320 753 320 790 311 799 320 799 321 801 321 802 321 804 323 828 323 828 321 829 321 831 321 856 306 857 306 887 314 889 314 890 314 955 306 956 306 983 320 985 320 986 320 987 320 989 320 1010 306 1078 304 1079 293 1076 255 963 263 949 255 941 249 939 249 938 249 869 249 867 249 866 249 864 249 864 251 857 256 850 262 823 256 811 254 809 254 808 254 802 256 785 263 757 263 751 256 747 254 747 252 746 252 744 252 743 252 723 256 699 262 692 256 684 249 682 249 681 249 575 248 573 248 572 248 571 248 571 249 561 258 555 263 521 263 514 258 504 249 503 249 501 249 500 249 498 249 473 255 418 247 416 247 415 247 414 247 397 259 394 261 388 259 370 252 368 252 367 252 296 259 281 261 278 259 260 247 258 247 257 247 255 247 254 247 252 247 233 259 230 261 196 261 196 289"/></Shape>
	    <String CONTENT="النساني راکه آدم معنى است إلا إبليس که قوت داهمه است"
                    HPOS="195"
                    VPOS="247"
                    WIDTH="884"
                    HEIGHT="76"
                    WC="0.87719797112725"></String>
          </TextLine>

          
          
          <TextLine ID="eSc_line_96c2b3f2"
                    TAGREFS="LT4837"
                    BASELINE="187 365 1076 365" 
                    HPOS="187"
                    VPOS="320"
                    WIDTH="889"
                    HEIGHT="73">
            <Shape><Polygon POINTS="187 365 187 378 261 379 303 392 305 392 306 392 308 392 332 385 340 392 342 392 343 392 344 393 460 393 460 392 462 392 500 381 534 392 535 392 537 392 538 392 539 392 539 391 552 379 573 389 575 389 576 389 578 389 600 379 677 379 699 392 701 392 702 392 703 392 742 383 760 391 761 391 763 391 764 391 766 391 766 389 778 379 959 392 961 392 962 392 999 379 1020 392 1021 392 1023 392 1024 392 1026 392 1076 378 1076 365 1076 335 1045 320 1044 320 969 320 968 320 966 320 965 320 965 321 946 337 946 338 879 338 879 337 860 321 860 320 859 320 857 320 856 320 758 327 723 320 722 320 720 320 719 320 702 331 691 321 691 320 689 320 688 320 626 320 624 320 623 320 590 337 549 320 548 320 546 320 545 320 544 320 524 338 464 338 439 324 438 324 436 324 435 324 397 338 309 338 288 320 286 320 285 320 284 320 282 320 281 320 262 337 240 327 238 327 237 327 236 327 234 327 234 328 227 335 209 328 207 328 206 328 204 328 187 337 187 365"/></Shape>
	    <String CONTENT="مثل شخصى در خانه تاريک بنها در آيد و دران جامرده نهاده"
                    HPOS="187"
                    VPOS="320"
                    WIDTH="889"
                    HEIGHT="73"
                    WC="0.9184943632646041"></String>
          </TextLine>

          
          
          <TextLine ID="eSc_line_11b77b61"
                    TAGREFS="LT4837"
                    BASELINE="187 439 1075 450" 
                    HPOS="186"
                    VPOS="389"
                    WIDTH="889"
                    HEIGHT="88">
            <Shape><Polygon POINTS="187 439 186 453 212 467 213 467 214 467 216 467 243 454 245 453 274 453 337 453 343 457 351 463 353 463 354 463 356 463 398 457 407 457 411 458 448 470 449 470 450 471 507 471 507 470 508 470 510 470 522 461 530 457 628 457 660 464 701 472 702 472 723 471 725 471 726 471 726 470 732 465 737 458 753 465 771 474 773 474 774 475 807 475 807 474 808 474 809 474 809 472 816 467 825 460 857 468 889 475 985 477 986 477 987 477 1004 471 1033 463 1071 472 1075 450 1075 403 1028 396 1027 396 1026 396 1024 396 1014 403 987 420 966 412 965 412 963 412 962 412 932 419 918 409 917 409 915 409 914 409 867 419 852 405 842 395 842 393 840 393 839 393 838 393 836 393 804 402 778 393 777 393 734 392 733 392 732 392 716 400 709 393 709 392 708 392 706 392 613 391 611 391 610 391 578 406 562 415 498 415 489 407 486 405 484 405 483 405 481 405 480 405 479 405 474 407 464 415 411 415 363 413 356 409 343 400 342 400 340 400 339 400 293 409 285 410 284 409 254 389 252 389 251 389 250 389 248 389 187 409 187 439"/></Shape>
	    <String CONTENT="باشند پر چند عقل حکم می کند که مرده جماداست از ونه بايد"
                    HPOS="186"
                    VPOS="389"
                    WIDTH="889"
                    HEIGHT="88"
                    WC="0.9089610750024969"></String>
          </TextLine>

          
          
          <TextLine ID="eSc_line_d913099f"
                    TAGREFS="LT4837"
                    BASELINE="189 518 1078 525" 
                    HPOS="187"
                    VPOS="474"
                    WIDTH="891"
                    HEIGHT="75">
            <Shape><Polygon POINTS="189 518 187 526 212 536 213 536 214 536 216 536 230 529 247 543 248 543 250 543 251 543 310 532 366 544 367 546 395 546 395 544 397 544 398 544 415 530 438 544 439 544 440 544 442 546 486 546 486 544 487 544 489 544 501 533 524 543 525 543 527 543 528 543 530 543 549 532 669 532 705 544 706 544 708 544 756 533 770 546 770 547 771 547 773 547 774 547 775 547 807 539 821 546 822 546 823 546 825 546 852 533 872 542 873 542 874 542 914 536 924 544 924 546 925 546 927 546 1041 549 1043 549 1044 549 1076 533 1078 525 1076 479 1055 479 1054 479 1052 479 1051 479 1034 495 976 495 963 484 963 482 962 482 961 482 934 479 900 478 898 478 887 479 860 487 853 481 852 479 852 478 850 478 849 478 808 478 807 478 805 478 804 478 799 481 778 494 747 494 734 481 732 479 732 478 730 478 729 478 727 478 726 478 713 481 692 487 684 481 678 477 677 477 675 477 674 477 672 477 655 481 624 491 604 482 596 478 595 478 593 478 592 478 590 478 586 482 576 491 551 482 538 478 537 478 535 478 534 478 524 482 510 491 455 491 446 482 438 475 436 475 435 475 433 475 432 475 402 484 377 489 293 489 286 484 274 475 272 475 271 475 269 475 268 475 250 484 244 488 241 484 231 475 231 474 230 474 228 474 227 474 226 474 189 484 189 518"/></Shape>
	    <String CONTENT="ترسيدن مثلاقوت واهمه و سوسه می ديد و ترسن ده دل راه"
                    HPOS="187"
                    VPOS="474"
                    WIDTH="891"
                    HEIGHT="75"
                    WC="0.9141038106937035"></String>
          </TextLine>

          
          
          <TextLine ID="eSc_line_80a5b2a6"
                    TAGREFS="LT4837"
                    BASELINE="192 591 1079 597" 
                    HPOS="190"
                    VPOS="549"
                    WIDTH="889"
                    HEIGHT="77">
            <Shape><Polygon POINTS="192 591 190 602 223 621 224 621 226 621 227 621 228 621 248 607 289 621 291 621 292 621 293 621 295 621 295 619 312 605 326 605 378 619 380 619 381 619 416 614 425 621 425 622 426 622 428 622 429 623 490 623 490 622 491 622 493 622 511 607 549 607 592 622 593 622 595 622 596 622 633 607 678 623 679 623 681 623 682 623 684 623 708 608 727 621 729 621 730 621 732 621 733 621 758 608 835 608 856 625 857 625 859 625 860 626 1009 626 1009 625 1010 625 1011 625 1033 609 1048 621 1050 621 1051 621 1052 621 1054 621 1078 608 1079 597 1078 559 1011 567 993 559 990 557 989 557 987 557 986 557 985 557 983 559 973 566 966 559 962 556 962 554 961 554 959 554 931 553 929 553 928 553 927 553 927 554 921 559 918 563 911 559 904 556 903 556 901 556 900 556 891 559 867 567 816 559 774 553 773 553 771 553 749 560 727 566 712 560 691 551 689 551 688 551 686 551 664 560 660 561 657 560 637 550 636 550 551 550 549 550 548 550 546 550 535 560 530 566 511 566 505 560 497 553 496 553 494 553 493 553 491 553 490 553 481 561 476 566 452 566 445 561 431 551 429 551 428 551 426 551 356 561 342 563 337 561 319 553 318 553 316 553 315 553 282 561 278 563 277 561 257 549 255 549 254 549 252 549 251 549 221 561 219 563 192 563 192 591"/></Shape>
	    <String CONTENT="ميسيابد ه چنين درآمورديتی عقل تصديق محالات نمى نمايد"
                    HPOS="190"
                    VPOS="549"
                    WIDTH="889"
                    HEIGHT="77"
                    WC="0.9449070422154553"></String>
          </TextLine>

          
          
          <TextLine ID="eSc_line_77234036"
                    TAGREFS="LT4837"
                    BASELINE="189 670 661 667 1086 673" 
                    HPOS="187"
                    VPOS="616"
                    WIDTH="899"
                    HEIGHT="79">
            <Shape><Polygon POINTS="189 670 187 679 206 691 207 691 209 691 210 691 212 691 247 679 248 679 306 679 309 679 332 693 333 693 334 693 336 694 384 694 384 693 385 693 387 693 397 684 415 693 416 693 418 693 419 693 421 693 439 681 442 679 445 681 460 691 462 691 463 691 464 691 504 681 518 679 527 681 552 694 554 694 555 694 619 683 643 680 685 680 692 684 703 694 705 694 706 694 708 694 709 694 740 686 754 681 760 686 771 694 773 694 774 694 775 695 816 695 816 694 818 694 833 687 848 680 897 680 914 688 927 694 928 694 929 694 955 688 968 686 983 688 1004 694 1006 694 1007 694 1085 690 1086 673 1085 618 1050 619 1048 619 1047 619 1024 636 978 636 966 625 966 623 965 623 963 623 962 623 961 623 932 636 910 636 893 623 891 623 890 623 889 623 887 623 886 623 874 632 860 622 856 618 855 618 853 618 852 618 850 618 840 622 808 636 780 636 767 623 763 619 763 618 761 618 760 618 722 618 720 618 719 618 717 618 709 625 699 632 689 625 679 618 678 618 677 618 626 618 624 618 623 618 592 626 566 633 551 628 524 616 522 616 521 616 486 618 484 618 483 618 470 629 464 635 411 635 402 631 392 625 391 625 390 625 388 625 370 631 361 633 357 631 330 616 329 616 262 616 261 616 260 616 258 616 233 633 231 635 189 635 189 670"/></Shape>
	    <String CONTENT="قوت واهمه احتمال به أن راميدهد وأكثر بخلافق به تخصيص"
                    HPOS="187"
                    VPOS="616"
                    WIDTH="899"
                    HEIGHT="79"
                    WC="0.9384056064817641"></String>
          </TextLine>

          
          
          <TextLine ID="eSc_line_fea49668"
                    TAGREFS="LT4837"
                    BASELINE="192 743 1086 752" 
                    HPOS="190"
                    VPOS="694"
                    WIDTH="896"
                    HEIGHT="89">
            <Shape><Polygon POINTS="192 743 190 752 247 758 267 775 268 775 269 775 271 775 272 775 274 775 284 767 308 775 309 775 310 775 312 775 313 775 332 760 378 776 380 776 381 777 449 777 449 776 450 776 452 776 472 760 496 773 497 773 549 777 551 777 580 775 582 775 583 775 597 762 603 758 633 758 640 762 655 776 657 776 658 776 660 776 661 776 662 776 682 763 689 759 715 763 737 767 739 767 740 767 747 765 758 759 819 759 829 766 842 776 843 776 845 776 846 776 848 776 849 776 862 766 870 760 908 767 917 769 918 769 920 769 922 767 938 762 968 769 1017 782 1019 782 1020 783 1069 783 1069 782 1071 782 1072 782 1085 772 1086 752 1086 722 1061 712 1060 712 1058 712 1057 712 1055 712 1043 721 1043 722 951 722 949 721 928 700 928 698 927 698 925 698 924 698 922 698 884 718 848 719 840 719 839 719 819 701 818 701 816 701 788 697 682 697 681 697 679 697 678 697 658 710 638 695 637 695 636 695 589 695 587 695 586 695 528 717 527 717 481 694 480 694 479 694 477 694 405 715 404 715 384 697 383 697 381 697 351 694 350 694 349 694 312 714 251 704 250 704 248 704 247 704 234 714 233 714 192 714 192 743"/></Shape>
	    <String CONTENT="جامدون مدارس و شيادان نالايق بی تعليم و تلقتن برت"
                    HPOS="190"
                    VPOS="694"
                    WIDTH="896"
                    HEIGHT="89"
                    WC="0.8858361469239605"></String>
          </TextLine>

          
          
          <TextLine ID="eSc_line_12d4bd81"
                    TAGREFS="LT4837"
                    BASELINE="189 823 740 823 1086 832" 
                    HPOS="189"
                    VPOS="772"
                    WIDTH="897"
                    HEIGHT="80">
            <Shape><Polygon POINTS="189 823 189 828 209 828 227 845 227 847 228 847 230 847 231 847 233 847 272 834 285 845 285 847 286 847 288 847 289 848 387 848 387 847 388 847 432 832 440 841 442 841 443 841 445 841 496 837 527 848 528 848 530 848 531 848 571 832 708 832 727 832 754 842 756 842 757 842 831 835 886 851 887 851 1061 852 1062 852 1064 852 1065 852 1085 835 1086 832 1086 784 1072 776 1071 776 1069 776 1068 776 1067 776 1065 776 1065 777 1054 787 1045 796 1026 789 1024 789 1023 789 1021 789 1020 789 1009 797 918 797 907 789 891 775 890 775 889 775 887 775 886 775 860 789 845 775 843 775 842 775 815 775 814 775 812 775 778 789 764 776 764 775 763 775 761 775 660 775 658 775 657 775 655 775 655 776 645 784 626 773 624 773 623 773 621 773 600 779 554 772 552 772 551 772 520 789 494 773 493 773 491 773 452 773 450 773 449 773 402 790 395 791 344 790 342 790 330 780 329 780 327 780 326 780 325 780 323 780 309 790 308 791 230 791 228 790 214 777 213 777 212 777 210 777 209 777 189 787 189 823"/></Shape>
	    <String CONTENT="ابليس و هم خود ثابت گشته اند آن رادانش و بينش"
                    HPOS="189"
                    VPOS="772"
                    WIDTH="897"
                    HEIGHT="80"
                    WC="0.9408599552900895"></String>
          </TextLine>

          
          
          <TextLine ID="eSc_line_b676411a"
                    TAGREFS="LT4837"
                    BASELINE="190 893 798 892 1086 899" 
                    HPOS="189"
                    VPOS="842"
                    WIDTH="897"
                    HEIGHT="76">
            <Shape><Polygon POINTS="190 893 189 903 204 913 206 913 207 913 209 913 210 913 243 903 282 916 284 916 285 916 330 907 364 911 366 911 367 911 368 911 378 904 383 902 387 904 398 916 399 916 401 916 402 917 433 917 433 916 435 916 436 916 448 906 464 916 466 916 467 916 469 916 470 916 481 907 489 902 494 907 500 911 501 911 503 911 504 911 505 911 521 907 542 902 561 909 583 917 585 917 586 918 637 918 637 917 638 917 640 917 648 910 657 903 734 904 749 911 761 917 763 917 764 918 790 918 790 917 791 917 799 913 819 903 913 903 968 916 976 917 978 918 1085 918 1086 899 1085 858 935 848 934 848 856 856 855 856 853 856 792 844 791 844 790 844 760 856 730 845 729 845 727 845 664 851 628 844 627 844 572 856 571 856 569 856 535 842 534 842 419 842 418 842 416 842 415 842 415 844 401 856 343 856 323 842 322 842 320 842 319 842 264 852 224 842 223 842 221 842 220 842 190 854 190 893"/></Shape>
	    <String CONTENT="طات خدا و رسول خدا نام كرده اند چنانچه در قرآن آمده"
                    HPOS="189"
                    VPOS="842"
                    WIDTH="897"
                    HEIGHT="76"
                    WC="0.9221240855612844"></String>
          </TextLine>

          
          
          <TextLine ID="eSc_line_b5a62277"
                    TAGREFS="LT4837"
                    BASELINE="190 962 760 965 1089 974" 
                    HPOS="190"
                    VPOS="903"
                    WIDTH="899"
                    HEIGHT="89">
            <Shape><Polygon POINTS="190 962 190 972 236 971 240 974 254 985 255 985 257 985 258 985 327 978 397 983 398 983 399 983 424 976 435 974 439 976 448 983 449 983 450 983 534 988 535 988 537 988 556 979 565 975 576 979 600 988 602 988 603 988 604 988 626 979 630 978 634 979 644 985 645 985 647 985 648 985 650 985 650 983 654 981 660 975 726 975 737 982 744 985 746 985 747 985 749 985 750 985 754 982 763 976 809 976 822 983 835 990 836 990 838 990 839 990 840 990 863 983 883 978 921 985 965 992 966 992 1088 986 1089 974 1089 933 962 933 959 931 905 909 904 909 869 909 867 909 866 909 864 909 843 926 818 907 816 907 815 907 814 907 725 909 723 909 722 909 708 920 661 906 660 906 658 906 657 906 655 906 638 917 627 909 626 909 624 909 623 909 621 909 595 923 561 906 559 906 558 906 476 926 455 911 453 911 452 911 450 911 419 916 409 909 408 909 407 909 405 909 404 909 402 909 394 914 298 903 296 903 295 903 241 924 190 924 190 962"/></Shape>
	    <String CONTENT="ست ان الذين كفروا سواء عليهم  أنذرتهم أم"
                    HPOS="190"
                    VPOS="903"
                    WIDTH="899"
                    HEIGHT="89"
                    WC="0.8909631981736138"></String>
          </TextLine>

          
          
          <TextLine ID="eSc_line_bd22f9d8"
                    TAGREFS="LT4837"
                    BASELINE="193 1043 1091 1047" 
                    HPOS="192"
                    VPOS="986"
                    WIDTH="899"
                    HEIGHT="81">
            <Shape><Polygon POINTS="193 1043 192 1061 286 1064 288 1064 289 1064 301 1061 332 1050 358 1060 370 1064 371 1064 373 1064 374 1064 384 1060 404 1050 474 1050 490 1058 491 1060 493 1060 494 1060 496 1060 522 1058 602 1051 610 1057 614 1061 616 1061 617 1061 619 1061 640 1057 645 1055 650 1057 671 1064 672 1064 674 1064 675 1064 677 1064 677 1062 685 1055 688 1053 727 1051 739 1055 750 1060 751 1060 753 1060 754 1060 764 1055 768 1053 770 1055 777 1061 778 1061 780 1061 781 1061 783 1061 797 1054 799 1053 804 1054 823 1065 825 1065 826 1067 863 1067 863 1065 864 1065 866 1065 880 1054 891 1062 893 1062 894 1062 896 1062 928 1058 937 1065 937 1067 938 1067 939 1067 941 1067 999 1060 1062 1067 1064 1067 1065 1067 1067 1067 1089 1051 1091 1047 1091 989 1071 989 1069 989 1068 989 1067 989 1067 990 1041 1014 864 1014 838 995 832 989 831 989 829 989 804 989 802 989 801 989 788 996 758 1012 717 1000 716 1000 715 1000 713 1000 685 1012 636 1003 634 1003 633 1003 604 1012 590 1000 586 996 585 996 583 996 582 996 580 996 563 1000 537 1009 520 1002 483 986 481 986 480 986 428 993 399 986 398 986 397 986 395 986 377 995 368 986 367 986 366 986 291 986 289 986 288 986 286 986 268 999 248 986 247 986 245 986 244 986 243 986 241 986 207 1009 204 1010 193 1010 193 1043"/></Shape>
	    <String CONTENT="لم تنذرهم لا يؤمنون ختم الله على قلورهم"
                    HPOS="192"
                    VPOS="986"
                    WIDTH="899"
                    HEIGHT="81"
                    WC="0.9398625165224075"></String>
          </TextLine>

          
          
          <TextLine ID="eSc_line_a4316d33"
                    TAGREFS="LT4837"
                    BASELINE="178 1116 783 1119 1086 1129" 
                    HPOS="176"
                    VPOS="1057"
                    WIDTH="910"
                    HEIGHT="93">
            <Shape><Polygon POINTS="178 1116 176 1126 196 1140 197 1140 199 1140 262 1142 264 1142 322 1140 323 1140 325 1140 342 1127 357 1139 358 1139 360 1139 361 1139 363 1139 397 1127 398 1126 399 1127 411 1139 411 1140 412 1140 414 1140 415 1140 416 1140 418 1140 433 1130 483 1129 496 1129 497 1129 515 1137 517 1137 518 1137 565 1134 578 1144 579 1144 580 1144 582 1144 583 1144 631 1132 644 1129 658 1132 688 1139 689 1139 691 1139 692 1139 701 1133 702 1132 703 1133 727 1144 729 1144 730 1144 732 1144 757 1134 767 1130 809 1130 816 1134 831 1147 832 1147 833 1147 835 1147 836 1147 838 1147 856 1136 864 1132 946 1132 959 1137 980 1149 982 1149 983 1150 1028 1150 1028 1149 1030 1149 1031 1149 1044 1140 1048 1137 1051 1140 1065 1147 1067 1147 1068 1147 1069 1147 1085 1140 1086 1129 1085 1091 1016 1082 1014 1082 910 1086 880 1067 879 1067 877 1067 876 1067 874 1067 873 1067 845 1086 808 1086 788 1072 787 1072 785 1072 784 1072 783 1072 781 1072 768 1081 720 1061 719 1061 668 1060 667 1060 665 1060 634 1068 610 1061 609 1061 607 1061 606 1061 604 1061 569 1082 549 1082 527 1060 527 1058 525 1058 524 1058 522 1058 521 1058 474 1078 431 1058 429 1058 395 1057 316 1057 315 1057 313 1057 312 1057 285 1075 224 1060 223 1060 221 1060 220 1060 178 1078 178 1116"/></Shape>
	    <String CONTENT="وعلى سبعهم وعلى أبصارهم غشاوة ولهم عذب"
                    HPOS="176"
                    VPOS="1057"
                    WIDTH="910"
                    HEIGHT="93"
                    WC="0.9561099608739217"></String>
          </TextLine>

          
          
          <TextLine ID="eSc_line_6a191ce9"
                    TAGREFS="LT4837"
                    BASELINE="185 1197 1088 1202" 
                    HPOS="183"
                    VPOS="1140"
                    WIDTH="905"
                    HEIGHT="86">
            <Shape><Polygon POINTS="185 1197 183 1202 204 1215 206 1215 207 1215 209 1215 210 1215 228 1206 247 1221 248 1221 250 1221 251 1221 252 1221 277 1211 286 1219 288 1219 289 1219 291 1219 292 1219 313 1212 322 1221 323 1221 325 1221 326 1222 375 1222 375 1221 377 1221 378 1221 395 1209 408 1221 409 1221 411 1221 412 1221 414 1221 415 1221 428 1212 450 1222 452 1222 453 1222 455 1222 484 1209 583 1205 614 1215 616 1215 617 1215 619 1215 643 1206 693 1206 703 1215 705 1215 706 1215 708 1215 809 1206 849 1223 850 1223 852 1223 853 1223 855 1223 867 1215 886 1223 887 1223 889 1223 890 1223 929 1208 972 1225 973 1225 975 1226 1040 1226 1040 1225 1041 1225 1086 1206 1088 1202 1085 1149 1051 1161 1043 1153 1041 1153 1040 1153 1038 1153 1037 1153 1016 1164 863 1164 816 1151 812 1150 811 1150 809 1150 808 1150 805 1151 781 1161 771 1151 763 1144 763 1143 761 1143 760 1143 758 1143 699 1144 698 1144 696 1144 686 1151 681 1157 674 1153 668 1149 667 1149 665 1149 664 1149 662 1149 661 1149 657 1153 652 1156 650 1153 640 1143 640 1142 638 1142 637 1142 636 1142 634 1142 614 1151 595 1142 593 1142 592 1142 537 1149 491 1142 490 1142 489 1142 464 1150 453 1142 452 1142 450 1142 449 1142 448 1142 446 1142 432 1153 411 1142 409 1142 408 1142 407 1142 405 1142 387 1154 380 1160 301 1160 293 1156 285 1151 284 1151 282 1151 281 1151 279 1151 272 1156 268 1158 264 1156 228 1140 227 1140 226 1140 224 1140 185 1156 185 1197"/></Shape>
	    <String CONTENT="عظيم ابا ديديد ای محمد کسانی راکه قرار گرفتن بهخدای خود"
                    HPOS="183"
                    VPOS="1140"
                    WIDTH="905"
                    HEIGHT="86"
                    WC="0.9084174795584246"></String>
          </TextLine>

          
          
          <TextLine ID="eSc_line_b570aaab"
                    TAGREFS="LT4837"
                    BASELINE="199 1269 576 1269 1009 1286 1076 1283" 
                    HPOS="197"
                    VPOS="1215"
                    WIDTH="879"
                    HEIGHT="87">
            <Shape><Polygon POINTS="199 1269 197 1273 284 1288 285 1290 325 1290 325 1288 326 1288 354 1278 361 1276 364 1278 374 1286 375 1286 377 1286 378 1286 380 1286 392 1278 398 1277 456 1277 464 1281 473 1287 474 1287 476 1287 477 1287 504 1283 525 1278 534 1283 545 1291 546 1291 548 1291 549 1291 582 1284 604 1280 610 1286 616 1290 616 1291 617 1291 619 1291 620 1291 621 1291 623 1291 630 1286 634 1284 672 1287 720 1291 722 1291 723 1291 729 1288 746 1283 771 1290 785 1294 787 1294 788 1294 790 1294 797 1291 812 1284 901 1288 913 1294 928 1301 929 1301 931 1301 932 1301 954 1295 963 1293 969 1295 982 1302 983 1302 985 1302 1075 1298 1076 1283 1076 1250 1048 1239 1047 1239 1045 1239 1044 1239 1026 1249 1023 1250 980 1250 978 1247 969 1240 968 1240 966 1240 965 1240 963 1240 962 1240 955 1247 952 1249 898 1249 897 1246 881 1230 881 1229 880 1229 879 1229 855 1223 747 1221 746 1221 744 1221 743 1221 729 1230 703 1222 702 1222 701 1222 699 1222 698 1222 672 1242 671 1243 641 1243 638 1242 604 1222 603 1222 534 1216 532 1216 531 1216 507 1229 484 1215 483 1215 481 1215 480 1215 479 1215 477 1215 477 1216 466 1225 416 1221 415 1221 414 1221 412 1221 399 1229 378 1219 377 1219 375 1219 374 1219 330 1233 308 1226 306 1226 305 1226 303 1226 302 1226 296 1232 277 1218 275 1218 274 1218 272 1218 271 1218 269 1218 252 1232 199 1232 199 1269"/></Shape>
	    <String CONTENT="هواى خود را و كمراه گردانيد هيشان را خدا بر علم ايشا"
                    HPOS="197"
                    VPOS="1215"
                    WIDTH="879"
                    HEIGHT="87"
                    WC="0.9275066416997176"></String>
          </TextLine>

          
          
          <TextLine ID="eSc_line_151e6c83"
                    TAGREFS="LT4837"
                    BASELINE="185 1342 1086 1350" 
                    HPOS="183"
                    VPOS="1288"
                    WIDTH="903"
                    HEIGHT="81">
            <Shape><Polygon POINTS="185 1342 183 1356 282 1350 291 1358 293 1360 293 1362 295 1362 296 1362 298 1362 334 1358 363 1355 370 1358 383 1363 384 1363 385 1363 387 1363 398 1358 407 1353 411 1358 416 1362 416 1363 418 1363 419 1363 421 1365 453 1365 453 1363 455 1363 470 1358 486 1352 507 1358 535 1365 537 1365 538 1365 539 1365 541 1365 549 1358 554 1355 569 1358 592 1360 593 1360 595 1360 606 1358 620 1353 633 1358 658 1366 660 1366 661 1366 662 1366 691 1358 699 1355 720 1356 775 1363 777 1363 860 1356 870 1356 880 1356 1020 1369 1021 1369 1023 1369 1024 1369 1035 1360 1069 1366 1071 1366 1072 1366 1074 1366 1085 1356 1086 1350 1086 1314 1031 1314 1030 1312 1021 1304 1021 1302 1020 1302 1019 1302 1017 1302 1016 1302 1000 1311 996 1312 866 1312 862 1308 852 1300 852 1298 850 1298 849 1298 848 1298 846 1298 815 1307 799 1311 794 1307 781 1294 781 1293 780 1293 778 1293 777 1293 742 1294 740 1294 739 1294 722 1304 719 1307 715 1304 696 1293 695 1293 693 1293 692 1293 691 1293 689 1293 689 1294 679 1304 677 1307 638 1310 627 1302 613 1291 611 1291 610 1291 561 1291 559 1291 558 1291 556 1291 544 1300 541 1302 528 1300 517 1298 515 1298 514 1298 513 1298 511 1300 500 1308 487 1300 473 1290 472 1290 470 1290 469 1290 433 1298 424 1300 366 1297 346 1295 344 1295 343 1295 342 1295 327 1305 310 1295 303 1290 302 1290 301 1290 299 1290 277 1294 257 1298 248 1294 241 1288 240 1288 238 1288 237 1288 185 1291 185 1342"/></Shape>
	    <String CONTENT="و مهر کرده ست بر گوش و چشم و دل اليشان ک سخ"
                    HPOS="183"
                    VPOS="1288"
                    WIDTH="903"
                    HEIGHT="81"
                    WC="0.9043397286603617"></String>
          </TextLine>

          
          
          <TextLine ID="eSc_line_b4660900"
                    TAGREFS="LT4837"
                    BASELINE="183 1413 559 1415 1082 1428" 
                    HPOS="183"
                    VPOS="1359"
                    WIDTH="899"
                    HEIGHT="87">
            <Shape><Polygon POINTS="183 1413 185 1432 217 1421 243 1434 244 1434 245 1434 247 1434 248 1434 250 1434 272 1425 296 1434 298 1434 299 1434 301 1434 320 1424 395 1424 414 1435 414 1437 415 1437 416 1437 418 1437 419 1437 422 1435 450 1425 462 1435 463 1435 464 1435 466 1435 551 1427 631 1428 641 1438 643 1439 643 1441 644 1441 645 1441 647 1441 658 1439 701 1430 720 1439 726 1442 727 1442 729 1442 740 1439 777 1431 791 1441 795 1444 797 1444 798 1444 799 1444 801 1444 808 1441 823 1434 845 1441 856 1445 857 1445 859 1446 897 1446 897 1445 898 1445 900 1445 903 1442 914 1434 944 1442 958 1446 959 1446 961 1446 1081 1444 1082 1428 1081 1377 1007 1387 944 1387 932 1373 931 1373 931 1372 929 1372 928 1372 927 1372 925 1372 918 1373 874 1384 856 1373 855 1373 853 1373 852 1373 850 1373 821 1380 792 1370 790 1370 788 1370 787 1370 785 1370 784 1370 753 1382 705 1372 703 1372 631 1380 621 1370 621 1369 620 1369 619 1369 617 1369 616 1369 599 1376 558 1366 549 1365 521 1365 520 1365 518 1365 517 1365 517 1366 504 1376 496 1369 494 1369 493 1369 491 1369 490 1369 489 1369 476 1377 460 1369 459 1369 457 1369 424 1376 354 1365 353 1365 351 1365 322 1374 281 1360 279 1360 183 1359 183 1413"/></Shape>
	    <String CONTENT="حجتان و داعيان و ايام زمان را نه شنموند و نه دانند و گرد"
                    HPOS="183"
                    VPOS="1359"
                    WIDTH="899"
                    HEIGHT="87"
                    WC="0.9037227726408413"></String>
          </TextLine>

          
          
          <TextLine ID="eSc_line_238185f7"
                    TAGREFS="LT4837"
                    BASELINE="193 1497 1093 1500" 
                    HPOS="193"
                    VPOS="1439"
                    WIDTH="900"
                    HEIGHT="84">
            <Shape><Polygon POINTS="193 1497 193 1510 303 1510 315 1518 315 1520 316 1520 318 1520 319 1520 320 1520 344 1509 347 1509 350 1509 387 1520 388 1520 390 1520 391 1520 426 1510 440 1520 442 1520 443 1520 445 1521 476 1521 476 1520 477 1520 498 1509 501 1509 566 1509 568 1509 582 1520 583 1520 585 1520 644 1521 645 1521 647 1521 648 1521 661 1511 684 1521 685 1521 686 1521 688 1521 710 1513 720 1521 722 1521 723 1521 725 1523 770 1523 770 1521 771 1521 773 1521 773 1520 784 1510 819 1521 821 1521 822 1523 903 1523 903 1521 904 1521 905 1521 913 1514 932 1521 934 1521 935 1521 983 1510 1023 1521 1024 1521 1026 1521 1092 1509 1093 1500 1093 1458 1071 1451 1069 1451 1068 1451 1067 1451 1050 1458 1037 1465 983 1465 975 1456 973 1455 972 1455 970 1455 969 1455 968 1455 965 1456 951 1463 932 1455 931 1455 929 1455 928 1455 927 1455 925 1455 910 1465 855 1465 818 1452 801 1448 799 1448 798 1448 797 1448 795 1448 790 1452 770 1463 750 1451 749 1451 747 1451 746 1451 744 1451 743 1451 722 1461 693 1454 692 1454 691 1454 689 1454 688 1454 677 1463 667 1455 665 1455 664 1455 616 1455 607 1448 599 1441 597 1441 596 1441 572 1441 571 1441 569 1441 568 1441 561 1446 554 1452 546 1446 545 1445 544 1445 542 1445 541 1445 532 1446 507 1452 500 1445 494 1441 493 1441 491 1441 490 1441 489 1441 487 1441 483 1445 462 1462 438 1462 399 1446 398 1446 397 1446 285 1451 274 1442 274 1441 272 1441 271 1441 193 1439 193 1497"/></Shape>
	    <String CONTENT="است خدا برديده ايشان حجابی که خدای حق را از خدای ب"
                    HPOS="193"
                    VPOS="1439"
                    WIDTH="900"
                    HEIGHT="84"
                    WC="0.8624090051651001"></String>
          </TextLine>

          
          
          <TextLine ID="eSc_line_a6d17d7c"
                    TAGREFS="LT4837"
                    BASELINE="196 1576 1082 1569" 
                    HPOS="195"
                    VPOS="1518"
                    WIDTH="887"
                    HEIGHT="88">
            <Shape><Polygon POINTS="196 1576 196 1593 295 1606 296 1606 354 1595 367 1605 367 1606 368 1606 370 1606 371 1606 373 1606 399 1599 455 1605 456 1605 457 1605 459 1605 477 1593 537 1605 538 1605 539 1605 541 1605 541 1603 554 1592 722 1603 723 1603 725 1603 726 1603 726 1602 739 1590 757 1590 790 1602 791 1602 792 1602 794 1602 795 1602 811 1590 852 1590 860 1598 860 1599 862 1599 863 1599 903 1602 904 1602 995 1592 1048 1600 1050 1600 1051 1600 1082 1586 1082 1569 1078 1518 1000 1526 999 1526 997 1526 976 1541 942 1541 915 1523 914 1523 913 1523 911 1523 910 1523 908 1523 908 1524 887 1541 848 1527 846 1527 845 1527 843 1527 842 1527 842 1528 826 1542 785 1542 753 1528 747 1527 746 1527 744 1527 743 1527 737 1530 706 1542 682 1531 665 1523 664 1523 662 1523 661 1523 624 1533 592 1542 576 1535 551 1521 549 1521 548 1521 546 1521 545 1521 521 1537 507 1545 472 1545 464 1538 445 1523 443 1523 442 1523 440 1523 439 1523 404 1531 392 1523 391 1523 390 1523 388 1523 278 1524 277 1524 275 1524 251 1545 228 1537 227 1537 226 1537 224 1537 195 1547 196 1576"/></Shape>
	    <String CONTENT="هتوانند دانست و تابع شدن ابليس دهم آدم عقل"
                    HPOS="195"
                    VPOS="1518"
                    WIDTH="887"
                    HEIGHT="88"
                    WC="0.8984592127245526"></String>
          </TextLine>

          
        </TextBlock>
        
        <TextBlock HPOS="576"
                   VPOS="56"
                   WIDTH="78"
                   HEIGHT="66"
                   ID="eSc_textblock_d3028732"
                   TAGREFS="BT16093">
          <Shape><Polygon POINTS="616 56 654 62 654 117 610 122 576 94 616 56"/></Shape>
          
          
          <TextLine ID="eSc_line_eb4f7f95"
                    TAGREFS="LT4837"
                    BASELINE="597 90 641 86" 
                    HPOS="595"
                    VPOS="57"
                    WIDTH="46"
                    HEIGHT="48">
            <Shape><Polygon POINTS="631 57 602 66 595 74 597 90 599 105 641 101 641 86 634 57 631 57"/></Shape>
	    <String CONTENT=""
                    HPOS="595"
                    VPOS="57"
                    WIDTH="46"
                    HEIGHT="48"></String>
          </TextLine>

          
        </TextBlock>
        

        
      </PrintSpace>
    </Page>
  </Layout>
</alto>
