<?xml version="1.0" encoding="UTF-8"?>
<alto xmlns:xsi="http://www.w3.org/2001/XMLSchema-instance"
      xmlns="http://www.loc.gov/standards/alto/ns-v4#"
      xsi:schemaLocation="http://www.loc.gov/standards/alto/ns-v4# http://www.loc.gov/standards/alto/v4/alto-4-2.xsd">
  <Description>
    <MeasurementUnit>pixel</MeasurementUnit>
    <sourceImageInformation>
      <fileName>Rasail088.jpg</fileName>
      
    </sourceImageInformation>
  </Description>
  
  <Tags>
    <OtherTag ID="BT16094" LABEL="default" DESCRIPTION="block type default"/><OtherTag ID="BT16093" LABEL="NumberingZone:page" DESCRIPTION="block type NumberingZone:page"/><OtherTag ID="BT16092" LABEL="MarginTextZone:note" DESCRIPTION="block type MarginTextZone:note"/><OtherTag ID="BT16091" LABEL="TitlePageZone" DESCRIPTION="block type TitlePageZone"/><OtherTag ID="BT16090" LABEL="QuireMarksZone:catchwords" DESCRIPTION="block type QuireMarksZone:catchwords"/><OtherTag ID="BT16089" LABEL="NumberingZone:other" DESCRIPTION="block type NumberingZone:other"/><OtherTag ID="BT16088" LABEL="NumberingZone" DESCRIPTION="block type NumberingZone"/><OtherTag ID="BT16087" LABEL="MarginTextZone" DESCRIPTION="block type MarginTextZone"/><OtherTag ID="BT16086" LABEL="MainZone" DESCRIPTION="block type MainZone"/><OtherTag ID="BT16085" LABEL="DigitizationArtefactZone" DESCRIPTION="block type DigitizationArtefactZone"/><OtherTag ID="BT2" LABEL="Main" DESCRIPTION="block type Main"/><OtherTag ID="BT1" LABEL="Title" DESCRIPTION="block type Title"/>
    <OtherTag ID="LT4837" LABEL="DefaultLine" DESCRIPTION="line type DefaultLine"/><OtherTag ID="LT4838" LABEL="default" DESCRIPTION="line type default"/><OtherTag ID="LT4839" LABEL="HeadingLine:title" DESCRIPTION="line type HeadingLine:title"/>
  </Tags>
  
  <Layout>
    <Page WIDTH="1151"
          HEIGHT="1713"
          PHYSICAL_IMG_NR="116"
          ID="eSc_dummypage_">
      <PrintSpace HPOS="0"
                  VPOS="0"
                  WIDTH="1151"
                  HEIGHT="1713">
        
        <TextBlock HPOS="102"
                   VPOS="91"
                   WIDTH="997"
                   HEIGHT="1574"
                   ID="eSc_textblock_22d2e278"
                   TAGREFS="BT16086">
          <Shape><Polygon POINTS="609 91 1093 114 1099 929 1076 1374 991 1563 901 1597 905 1620 849 1625 859 1643 773 1665 491 1665 472 1643 268 1637 238 1603 188 1597 164 1540 119 1528 108 1448 102 668 142 119 177 102 609 91"/></Shape>
          
          
          <TextLine ID="eSc_line_28bf0418"
                    TAGREFS="LT4837"
                    BASELINE="155 159 646 148 1039 162" 
                    HPOS="154"
                    VPOS="107"
                    WIDTH="885"
                    HEIGHT="72">
            <Shape><Polygon POINTS="155 159 155 178 225 172 227 172 228 172 228 171 238 161 271 178 272 178 274 178 275 178 299 169 311 177 312 177 314 177 315 177 317 177 318 177 344 161 398 169 399 169 401 169 426 161 441 174 441 175 442 175 444 175 445 175 446 175 478 161 502 161 521 174 522 174 524 174 525 174 526 174 528 174 544 161 562 161 586 178 588 178 589 178 591 179 624 179 624 178 625 178 626 178 648 161 679 169 681 169 682 169 684 169 699 161 823 161 881 178 882 178 883 178 885 178 906 168 928 178 929 178 931 179 1038 179 1039 162 1038 127 992 115 991 115 989 115 988 115 988 117 978 127 976 128 839 128 839 127 818 108 818 107 816 107 815 107 813 107 812 107 734 127 679 107 678 107 638 107 636 107 635 107 589 125 538 114 536 114 535 114 499 124 455 107 454 107 452 107 389 117 379 108 379 107 378 107 377 107 315 107 314 107 312 107 279 124 262 109 261 109 259 109 235 108 234 108 232 108 231 108 231 109 211 128 154 128 155 159"/></Shape>
	    <String CONTENT="اناست مناسب وقرب ديدد با خود مترر داشت"
                    HPOS="154"
                    VPOS="107"
                    WIDTH="885"
                    HEIGHT="72"
                    WC="0.895024665092167"></String>
          </TextLine>

          
          
          <TextLine ID="eSc_line_00a7c6c4"
                    TAGREFS="LT4837"
                    BASELINE="145 245 441 232 1043 242" 
                    HPOS="144"
                    VPOS="182"
                    WIDTH="899"
                    HEIGHT="86">
            <Shape><Polygon POINTS="145 245 144 262 254 264 255 264 257 264 261 262 281 251 297 261 298 262 299 262 301 262 302 262 335 261 337 261 338 261 338 259 351 248 372 261 377 262 378 262 379 262 381 262 385 261 416 245 492 245 508 255 509 255 511 255 512 255 514 255 515 255 528 246 584 246 604 255 605 255 606 255 659 246 671 256 675 261 675 262 676 262 678 262 679 262 681 262 694 256 698 255 714 256 754 261 755 261 756 261 758 261 758 259 762 256 769 248 788 255 789 255 791 255 792 255 816 248 853 255 913 266 915 268 1029 268 1029 266 1031 266 1032 266 1032 265 1042 254 1043 242 1041 204 1022 206 1016 204 992 187 991 187 989 187 988 187 986 187 985 187 975 194 968 188 966 188 965 188 963 188 962 188 961 188 942 202 929 196 928 196 926 196 876 204 849 206 843 204 833 194 832 194 831 194 829 194 828 194 826 194 818 202 795 189 793 189 792 189 735 196 698 184 696 184 695 184 694 184 692 184 662 204 658 205 654 204 616 185 615 185 614 185 612 185 584 192 542 184 541 184 539 184 538 184 519 198 484 184 482 184 406 182 405 182 404 182 402 182 402 184 379 204 377 204 345 192 344 192 342 192 341 192 301 204 297 204 295 204 279 191 278 191 277 191 275 191 274 191 249 204 248 204 145 204 145 245"/></Shape>
	    <String CONTENT="که تحقيقات را از تابعان آن حضرت مفخص بايد نمود و الامو"
                    HPOS="144"
                    VPOS="182"
                    WIDTH="899"
                    HEIGHT="86"
                    WC="0.9185236410661177"></String>
          </TextLine>

          
          
          <TextLine ID="eSc_line_d50fcee2"
                    TAGREFS="LT4837"
                    BASELINE="137 309 664 306 839 312" 
                    HPOS="135"
                    VPOS="258"
                    WIDTH="704"
                    HEIGHT="77">
            <Shape><Polygon POINTS="137 309 137 331 204 334 205 334 207 334 212 331 222 325 228 331 229 332 229 334 231 334 232 334 234 335 267 335 267 334 268 334 269 334 269 332 272 331 282 321 292 326 294 326 295 326 297 326 399 319 411 331 414 332 414 334 415 334 416 334 418 334 435 331 481 319 496 319 508 329 511 332 511 334 512 334 514 334 515 335 551 335 551 334 552 334 561 329 584 319 635 319 649 329 654 334 655 334 656 334 658 334 659 334 668 329 688 319 715 329 728 334 729 334 731 334 759 329 789 324 802 328 813 334 815 334 816 334 818 334 839 328 839 312 838 276 779 276 751 262 749 262 748 262 746 262 724 275 708 261 708 259 706 259 705 259 704 259 702 259 701 259 685 271 674 262 672 262 671 262 599 258 598 258 596 258 569 271 556 259 556 258 555 258 554 258 552 258 551 258 529 268 522 261 522 259 521 259 519 259 518 259 516 259 498 266 404 258 402 258 401 258 399 258 399 259 382 275 331 264 329 264 328 264 327 264 308 275 291 268 289 268 288 268 287 268 285 268 285 269 278 276 205 276 172 258 171 258 169 258 168 258 135 275 137 309"/></Shape>
	    <String CONTENT="سلة داعيةه تحصيل علومی که مدارسی متدال"
                    HPOS="135"
                    VPOS="258"
                    WIDTH="704"
                    HEIGHT="77"
                    WC="0.9187109438996566"></String>
          </TextLine>

          
          
          <TextLine ID="eSc_line_6d359bd1"
                    TAGREFS="LT4837"
                    BASELINE="1005 405 1035 406" 
                    HPOS="1003"
                    VPOS="378"
                    WIDTH="32"
                    HEIGHT="48">
            <Shape><Polygon POINTS="1005 405 1003 422 1032 426 1035 406 1033 378 1005 379 1005 405"/></Shape>
	    <String CONTENT=""
                    HPOS="1003"
                    VPOS="378"
                    WIDTH="32"
                    HEIGHT="48"></String>
          </TextLine>

          
          
          <TextLine ID="eSc_line_53dd877c"
                    TAGREFS="LT4837"
                    BASELINE="145 395 344 385 808 389" 
                    HPOS="144"
                    VPOS="335"
                    WIDTH="664"
                    HEIGHT="73">
            <Shape><Polygon POINTS="145 395 144 406 245 408 247 408 248 408 249 408 249 406 271 393 337 393 362 406 362 408 364 408 365 408 367 408 368 408 369 406 396 393 462 393 476 406 476 408 478 408 479 408 481 408 542 406 544 406 545 406 545 405 558 393 581 401 582 401 584 401 661 395 674 405 675 405 676 405 678 405 679 405 681 405 681 403 692 395 719 401 721 401 722 401 741 393 754 406 754 408 755 408 756 408 758 408 806 406 808 389 806 356 748 356 718 344 716 344 715 344 639 355 586 335 585 335 521 335 519 335 518 335 516 335 486 355 456 335 455 335 454 335 382 335 381 335 379 335 378 335 358 352 285 335 284 335 282 335 281 335 281 336 269 348 247 338 245 338 244 338 242 338 241 338 241 339 224 356 145 356 145 395"/></Shape>
	    <String CONTENT="و در مدت قليل و معقول و متعولن"
                    HPOS="144"
                    VPOS="335"
                    WIDTH="664"
                    HEIGHT="73"
                    WC="0.9304448167483012"></String>
          </TextLine>

          
          
          <TextLine ID="eSc_line_55d4fb83"
                    TAGREFS="LT4837"
                    BASELINE="155 465 434 458 745 463" 
                    HPOS="154"
                    VPOS="406"
                    WIDTH="591"
                    HEIGHT="77">
            <Shape><Polygon POINTS="155 465 155 483 239 481 241 481 242 481 261 468 338 472 347 481 347 482 348 482 349 482 351 482 357 482 438 468 548 468 582 479 592 482 594 482 595 482 612 479 654 469 665 476 666 476 668 476 669 476 671 476 672 476 681 471 688 478 692 481 692 482 694 482 695 482 696 482 744 476 745 463 744 429 694 429 675 412 675 411 674 411 672 411 671 411 669 411 668 411 649 426 624 415 622 415 621 415 581 421 549 406 548 406 456 406 455 406 454 406 424 415 412 406 411 406 409 406 408 406 406 406 405 406 396 413 358 406 357 406 355 406 314 428 289 408 288 408 287 408 258 406 257 406 255 406 254 406 254 408 232 428 154 429 155 465"/></Shape>
	    <String CONTENT="ده شده و غلبه تعطش که داشت "
                    HPOS="154"
                    VPOS="406"
                    WIDTH="591"
                    HEIGHT="77"
                    WC="0.9127359588940939"></String>
          </TextLine>

          
          
          <TextLine ID="eSc_line_42dbc2ab"
                    TAGREFS="LT4837"
                    BASELINE="959 492 1039 493" 
                    HPOS="958"
                    VPOS="451"
                    WIDTH="81"
                    HEIGHT="71">
            <Shape><Polygon POINTS="959 492 958 521 972 522 973 522 975 522 976 522 976 521 978 521 988 511 1036 516 1039 493 1039 463 959 451 959 492"/></Shape>
	    <String CONTENT=""
                    HPOS="958"
                    VPOS="451"
                    WIDTH="81"
                    HEIGHT="71"></String>
          </TextLine>

          
          
          <TextLine ID="eSc_line_742400db"
                    TAGREFS="LT4837"
                    BASELINE="142 546 586 543 789 549" 
                    HPOS="141"
                    VPOS="489"
                    WIDTH="648"
                    HEIGHT="80">
            <Shape><Polygon POINTS="142 546 144 566 181 556 212 566 215 568 217 568 218 568 219 568 221 568 221 566 235 552 255 552 298 559 299 559 338 552 368 565 369 565 371 565 372 565 374 565 395 552 446 566 448 566 449 566 451 566 452 566 472 552 491 552 534 568 535 568 536 568 538 568 539 568 558 552 618 552 636 568 638 568 639 568 641 568 642 568 685 555 705 568 706 568 708 568 709 569 788 569 789 549 788 502 768 496 766 496 765 496 764 496 749 503 732 512 712 505 711 505 709 505 708 505 674 512 662 505 654 499 652 499 651 499 649 499 648 499 634 506 621 512 614 506 594 489 592 489 591 489 459 489 458 489 456 489 455 489 429 509 426 512 409 512 405 509 368 489 367 489 365 489 267 512 264 513 229 513 229 512 192 496 191 496 189 496 188 496 187 496 165 513 141 513 142 546"/></Shape>
	    <String CONTENT="نيافت بلكه تحريير زياده ميبا"
                    HPOS="141"
                    VPOS="489"
                    WIDTH="648"
                    HEIGHT="80"
                    WC="0.9488044402429036"></String>
          </TextLine>

          
          
          <TextLine ID="eSc_line_3feeb0b3"
                    TAGREFS="LT4837"
                    BASELINE="1001 585 1036 583" 
                    HPOS="999"
                    VPOS="553"
                    WIDTH="37"
                    HEIGHT="43">
            <Shape><Polygon POINTS="1001 585 1001 596 1036 593 1036 583 1032 553 999 561 1001 585"/></Shape>
	    <String CONTENT=""
                    HPOS="999"
                    VPOS="553"
                    WIDTH="37"
                    HEIGHT="43"></String>
          </TextLine>

          
          
          <TextLine ID="eSc_line_74add315"
                    TAGREFS="LT4837"
                    BASELINE="1016 645 1051 643" 
                    HPOS="1015"
                    VPOS="612"
                    WIDTH="36"
                    HEIGHT="63">
            <Shape><Polygon POINTS="1016 645 1018 675 1051 665 1051 643 1046 612 1015 619 1016 645"/></Shape>
	    <String CONTENT="ه"
                    HPOS="1015"
                    VPOS="612"
                    WIDTH="36"
                    HEIGHT="63"
                    WC="0.9516012668609619"></String>
          </TextLine>

          
          
          <TextLine ID="eSc_line_6ec05a7f"
                    TAGREFS="LT4837"
                    BASELINE="154 618 722 616" 
                    HPOS="152"
                    VPOS="569"
                    WIDTH="570"
                    HEIGHT="71">
            <Shape><Polygon POINTS="154 618 154 626 179 639 181 639 182 640 209 640 209 639 211 639 212 639 225 628 258 635 259 635 261 635 262 635 262 633 272 626 272 625 275 626 305 639 307 639 308 640 345 640 345 639 347 639 348 639 348 638 359 626 362 625 464 625 469 628 485 639 486 639 488 639 489 640 489 639 491 639 492 639 508 628 512 625 525 628 568 639 569 639 571 640 628 640 628 639 629 639 631 639 631 638 641 629 644 625 654 629 679 639 681 639 682 639 684 639 722 629 722 616 719 583 628 572 626 572 625 572 605 582 594 571 594 569 592 569 591 569 549 569 548 569 546 569 518 582 506 572 506 571 505 571 504 571 502 571 501 571 484 578 444 569 442 569 441 569 439 569 424 580 412 572 411 572 409 572 408 572 406 572 372 582 359 571 359 569 358 569 357 569 318 569 317 569 315 569 272 582 152 583 154 618"/></Shape>
	    <String CONTENT="بچه سلب و چون در دين ابيی ما"
                    HPOS="152"
                    VPOS="569"
                    WIDTH="570"
                    HEIGHT="71"
                    WC="0.9205836291824069"></String>
          </TextLine>

          
          
          <TextLine ID="eSc_line_273c3239"
                    TAGREFS="LT4837"
                    BASELINE="1002 723 1051 725" 
                    HPOS="1001"
                    VPOS="663"
                    WIDTH="50"
                    HEIGHT="80">
            <Shape><Polygon POINTS="1002 723 1001 743 1049 740 1051 725 1051 668 1002 663 1002 723"/></Shape>
	    <String CONTENT=""
                    HPOS="1001"
                    VPOS="663"
                    WIDTH="50"
                    HEIGHT="80"></String>
          </TextLine>

          
          
          <TextLine ID="eSc_line_bb915f63"
                    TAGREFS="LT4837"
                    BASELINE="138 692 755 698" 
                    HPOS="137"
                    VPOS="640"
                    WIDTH="618"
                    HEIGHT="80">
            <Shape><Polygon POINTS="138 692 137 716 258 718 259 718 261 718 262 718 267 715 279 705 292 713 298 719 299 719 301 719 302 720 322 720 322 719 324 719 325 719 325 718 331 713 338 706 347 713 349 716 351 716 352 716 354 716 355 716 357 716 361 712 384 699 431 699 458 710 475 718 476 718 478 718 479 718 481 718 494 710 511 700 576 700 586 708 586 709 588 709 589 709 591 709 598 708 625 702 632 708 638 712 639 712 641 712 642 712 644 712 665 706 684 702 699 706 731 715 732 715 734 715 735 715 754 705 755 698 754 665 725 658 724 658 722 658 721 658 721 659 715 663 714 666 602 666 595 660 582 652 581 652 579 652 578 652 549 656 522 643 521 643 481 643 479 643 478 643 476 643 476 645 462 659 458 663 448 658 434 652 432 652 384 646 382 646 381 646 379 646 368 653 337 642 335 642 334 642 332 642 331 642 314 656 304 662 264 660 259 655 247 643 247 642 245 642 244 642 242 642 241 642 239 642 239 643 229 652 204 640 202 640 155 640 154 640 152 640 151 640 138 648 138 692"/></Shape>
	    <String CONTENT="بوده و مدت ديگر در ميان ز ياد"
                    HPOS="137"
                    VPOS="640"
                    WIDTH="618"
                    HEIGHT="80"
                    WC="0.9272104049551075"></String>
          </TextLine>

          
          
          <TextLine ID="eSc_line_6fffb7f4"
                    TAGREFS="LT4837"
                    BASELINE="151 776 339 770 714 776" 
                    HPOS="149"
                    VPOS="709"
                    WIDTH="565"
                    HEIGHT="87">
            <Shape><Polygon POINTS="151 776 149 790 218 789 219 789 238 779 274 790 275 790 277 790 278 790 308 779 347 790 348 790 349 790 351 790 374 779 405 779 422 792 424 792 425 792 426 792 428 792 429 792 429 790 442 779 475 779 531 792 542 795 544 796 614 796 614 795 615 795 616 795 616 793 618 792 631 780 659 780 672 792 674 793 674 795 675 795 676 795 678 795 712 792 714 776 712 736 678 736 678 735 655 713 655 712 654 712 652 712 651 712 619 718 611 710 609 710 608 710 606 710 605 710 604 710 576 732 539 710 538 710 536 710 429 722 416 710 416 709 415 709 414 709 412 709 411 709 367 723 337 719 335 719 334 719 332 719 332 720 317 733 307 733 288 733 265 710 265 709 264 709 262 709 261 709 259 709 258 709 227 732 194 725 192 725 151 732 151 776"/></Shape>
	    <String CONTENT=" مشغول تا کشف گرامات کری"
                    HPOS="149"
                    VPOS="709"
                    WIDTH="565"
                    HEIGHT="87"
                    WC="0.956648608048757"></String>
          </TextLine>

          
          
          <TextLine ID="eSc_line_e61b5eae"
                    TAGREFS="LT4837"
                    BASELINE="1029 807 1048 806" 
                    HPOS="1026"
                    VPOS="770"
                    WIDTH="22"
                    HEIGHT="59">
            <Shape><Polygon POINTS="1029 807 1032 829 1048 822 1048 806 1041 770 1026 776 1029 807"/></Shape>
	    <String CONTENT=""
                    HPOS="1026"
                    VPOS="770"
                    WIDTH="22"
                    HEIGHT="59"></String>
          </TextLine>

          
          
          <TextLine ID="eSc_line_b25e9296"
                    TAGREFS="LT4837"
                    BASELINE="148 853 342 847 689 853" 
                    HPOS="147"
                    VPOS="797"
                    WIDTH="542"
                    HEIGHT="76">
            <Shape><Polygon POINTS="148 853 147 867 259 859 291 870 292 870 294 870 295 870 297 870 298 870 298 869 314 856 384 856 402 870 404 870 405 870 406 870 408 870 439 857 486 857 545 872 549 872 551 873 649 873 649 872 651 872 652 872 652 870 661 862 685 872 689 853 689 816 616 803 615 803 614 803 612 803 599 813 576 813 542 815 539 813 525 800 525 799 524 799 522 799 435 799 434 799 432 799 431 799 415 812 412 813 408 810 384 800 382 800 381 800 354 806 344 799 342 799 341 799 339 799 338 799 337 799 325 810 319 815 284 815 277 809 267 800 265 800 264 800 262 800 261 800 259 800 247 809 241 813 235 809 224 797 222 797 221 797 219 797 148 806 148 853"/></Shape>
	    <String CONTENT="ايشان را از آنچه مقصود بود غال"
                    HPOS="147"
                    VPOS="797"
                    WIDTH="542"
                    HEIGHT="76"
                    WC="0.9247102795108673"></String>
          </TextLine>

          
          
          <TextLine ID="eSc_line_7b3364fc"
                    TAGREFS="LT4837"
                    BASELINE="956 883 1059 882" 
                    HPOS="955"
                    VPOS="850"
                    WIDTH="104"
                    HEIGHT="65">
            <Shape><Polygon POINTS="956 883 956 907 1026 915 1028 915 1029 915 1059 902 1059 882 1055 850 993 862 955 852 956 883"/></Shape>
	    <String CONTENT="مومي"
                    HPOS="955"
                    VPOS="850"
                    WIDTH="104"
                    HEIGHT="65"
                    WC="0.8058493137359619"></String>
          </TextLine>

          
          
          <TextLine ID="eSc_line_ba468b95"
                    TAGREFS="LT4837"
                    BASELINE="155 930 659 933" 
                    HPOS="154"
                    VPOS="876"
                    WIDTH="505"
                    HEIGHT="71">
            <Shape><Polygon POINTS="155 930 154 939 191 946 192 946 242 940 285 936 291 942 295 945 295 946 297 946 298 946 299 947 348 947 348 946 349 946 351 946 351 945 354 942 361 936 399 936 408 943 409 945 411 945 412 945 414 945 415 945 419 943 439 937 466 945 475 946 476 946 478 946 498 945 564 937 576 946 578 947 579 947 581 947 582 947 658 946 659 933 655 877 622 895 596 895 579 879 578 877 576 877 575 877 574 877 572 877 571 877 568 880 548 892 532 880 531 880 529 880 528 880 526 880 525 880 509 890 495 882 488 877 486 877 485 877 484 877 459 883 439 887 428 883 408 876 406 876 405 876 404 876 382 885 372 889 364 886 348 879 347 879 345 879 344 879 342 879 331 886 319 893 289 893 279 887 254 876 252 876 251 876 249 876 248 876 239 883 228 879 227 879 225 879 224 879 222 879 222 880 211 889 208 892 155 892 155 930"/></Shape>
	    <String CONTENT="وکمعقدات ارباب اطلاق"
                    HPOS="154"
                    VPOS="876"
                    WIDTH="505"
                    HEIGHT="71"
                    WC="0.963527375459671"></String>
          </TextLine>

          
          
          <TextLine ID="eSc_line_3f5724f2"
                    TAGREFS="LT4837"
                    BASELINE="135 1014 499 1012 689 1017" 
                    HPOS="134"
                    VPOS="950"
                    WIDTH="555"
                    HEIGHT="80">
            <Shape><Polygon POINTS="135 1014 134 1019 151 1029 152 1029 154 1029 155 1029 185 1020 194 1029 195 1029 197 1029 198 1030 301 1030 301 1029 302 1029 304 1029 304 1027 311 1022 314 1019 322 1022 347 1029 348 1029 349 1029 351 1029 367 1023 377 1019 404 1019 411 1023 418 1029 419 1029 421 1029 422 1029 424 1029 434 1024 445 1019 556 1019 598 1027 606 1029 608 1030 638 1030 638 1029 639 1029 641 1029 641 1027 649 1020 686 1029 689 1017 685 954 645 973 554 973 534 954 529 952 529 950 528 950 526 950 525 950 524 950 515 954 488 969 479 960 478 960 476 960 475 960 474 960 446 972 414 954 404 950 402 950 401 950 399 950 389 954 365 967 354 959 352 959 351 959 349 959 348 959 329 966 312 954 311 954 309 954 308 954 307 954 305 954 264 973 232 973 214 954 209 952 209 950 208 950 207 950 205 950 135 954 135 1014"/></Shape>
	    <String CONTENT="کلیات قواعد عقايد ايشان مطا"
                    HPOS="134"
                    VPOS="950"
                    WIDTH="555"
                    HEIGHT="80"
                    WC="0.9697104515852751"></String>
          </TextLine>

          
          
          <TextLine ID="eSc_line_dec00a5d"
                    TAGREFS="LT4837"
                    BASELINE="1018 1123 1043 1123" 
                    HPOS="1018"
                    VPOS="1093"
                    WIDTH="25"
                    HEIGHT="49">
            <Shape><Polygon POINTS="1018 1123 1018 1134 1041 1142 1043 1123 1043 1096 1018 1093 1018 1123"/></Shape>
	    <String CONTENT=""
                    HPOS="1018"
                    VPOS="1093"
                    WIDTH="25"
                    HEIGHT="49"></String>
          </TextLine>

          
          
          <TextLine ID="eSc_line_c27768e3"
                    TAGREFS="LT4837"
                    BASELINE="137 1102 322 1096 748 1100" 
                    HPOS="135"
                    VPOS="1030"
                    WIDTH="613"
                    HEIGHT="87">
            <Shape><Polygon POINTS="137 1102 135 1117 165 1117 165 1116 167 1116 168 1116 185 1103 229 1103 259 1114 261 1114 262 1114 342 1103 404 1116 405 1116 406 1116 408 1116 422 1104 435 1113 436 1113 438 1113 439 1113 488 1104 504 1116 505 1116 506 1116 508 1116 509 1116 511 1116 511 1114 522 1106 536 1117 538 1117 539 1117 541 1117 542 1117 575 1107 612 1117 614 1117 615 1117 616 1117 646 1110 745 1117 748 1100 746 1052 714 1052 712 1052 692 1034 691 1034 689 1034 688 1034 686 1034 685 1034 659 1052 649 1059 564 1059 554 1053 535 1043 534 1043 532 1043 501 1043 488 1033 488 1032 486 1032 485 1032 484 1032 426 1040 342 1030 341 1030 298 1040 279 1030 278 1030 277 1030 275 1030 274 1030 274 1032 252 1049 237 1036 235 1036 234 1036 232 1036 231 1036 229 1036 229 1037 215 1049 177 1046 175 1046 174 1046 172 1046 172 1047 161 1056 161 1057 137 1057 137 1102"/></Shape>
	    <String CONTENT="عد با ز يادتی اين نکته که کامل"
                    HPOS="135"
                    VPOS="1030"
                    WIDTH="613"
                    HEIGHT="87"
                    WC="0.9420764843622843"></String>
          </TextLine>

          
          
          <TextLine ID="eSc_line_722b5967"
                    TAGREFS="LT4837"
                    BASELINE="1006 1211 1053 1209" 
                    HPOS="1003"
                    VPOS="1160"
                    WIDTH="50"
                    HEIGHT="64">
            <Shape><Polygon POINTS="1006 1211 1006 1224 1053 1219 1053 1209 1045 1160 1023 1173 1003 1173 1006 1211"/></Shape>
	    <String CONTENT=""
                    HPOS="1003"
                    VPOS="1160"
                    WIDTH="50"
                    HEIGHT="64"></String>
          </TextLine>

          
          
          <TextLine ID="eSc_line_765fb7f8"
                    TAGREFS="LT4837"
                    BASELINE="125 1170 799 1184" 
                    HPOS="124"
                    VPOS="1109"
                    WIDTH="675"
                    HEIGHT="97">
            <Shape><Polygon POINTS="125 1170 124 1187 191 1187 197 1190 205 1194 207 1194 208 1194 209 1194 211 1194 215 1190 228 1180 272 1187 274 1187 325 1181 351 1194 358 1197 359 1197 406 1199 408 1199 409 1199 411 1199 414 1196 428 1184 442 1184 454 1194 454 1196 455 1196 456 1196 491 1200 492 1200 494 1200 501 1197 528 1186 546 1199 549 1201 551 1201 552 1201 596 1203 598 1204 638 1204 638 1203 639 1203 641 1203 641 1201 642 1201 655 1189 718 1189 731 1203 732 1204 732 1206 734 1206 735 1206 736 1206 738 1206 739 1206 742 1203 751 1197 796 1204 799 1184 798 1142 781 1142 779 1140 759 1123 759 1122 758 1122 756 1122 739 1120 724 1120 722 1120 721 1120 719 1120 719 1122 701 1139 699 1140 651 1140 649 1139 638 1127 638 1126 636 1126 635 1126 634 1126 632 1126 631 1126 631 1127 619 1137 619 1139 616 1137 596 1130 595 1130 594 1130 556 1136 551 1137 548 1136 524 1116 522 1116 521 1116 519 1116 471 1126 461 1116 461 1114 459 1114 458 1114 431 1114 429 1114 428 1114 426 1114 426 1116 406 1134 375 1119 374 1119 372 1119 371 1119 359 1124 342 1117 341 1117 339 1117 338 1117 337 1117 318 1132 318 1133 288 1133 288 1132 265 1112 265 1110 264 1110 262 1110 261 1110 219 1119 198 1109 197 1109 195 1109 194 1109 175 1117 154 1113 152 1113 151 1113 125 1126 125 1170"/></Shape>
	    <String CONTENT="پندكه از نسل على هاشمى باشد آنكه مى گويند"
                    HPOS="124"
                    VPOS="1109"
                    WIDTH="675"
                    HEIGHT="97"
                    WC="0.9018277575572332"></String>
          </TextLine>

          
          
          <TextLine ID="eSc_line_faea8892"
                    TAGREFS="LT4837"
                    BASELINE="121 1266 235 1260 715 1264" 
                    HPOS="119"
                    VPOS="1200"
                    WIDTH="596"
                    HEIGHT="79">
            <Shape><Polygon POINTS="121 1266 119 1274 169 1267 217 1276 218 1276 219 1276 221 1276 235 1266 349 1266 368 1277 369 1277 371 1277 372 1277 379 1277 496 1267 531 1277 535 1279 536 1279 538 1279 546 1277 602 1267 699 1270 709 1279 715 1264 715 1226 695 1224 679 1209 679 1207 678 1207 676 1207 675 1207 674 1207 672 1207 672 1209 656 1224 635 1224 592 1203 591 1203 561 1203 559 1203 558 1203 556 1203 556 1204 536 1223 484 1214 482 1214 481 1214 479 1214 479 1216 471 1223 466 1223 449 1223 432 1206 432 1204 431 1204 429 1204 428 1204 426 1204 425 1204 398 1221 371 1211 369 1211 368 1211 335 1219 314 1201 312 1201 311 1201 262 1201 261 1201 259 1201 258 1201 258 1203 242 1217 219 1200 218 1200 217 1200 159 1200 158 1200 157 1200 155 1200 155 1201 135 1221 121 1221 121 1266"/></Shape>
	    <String CONTENT="دارد و اين نيز هم روی شرب عقل"
                    HPOS="119"
                    VPOS="1200"
                    WIDTH="596"
                    HEIGHT="79"
                    WC="0.9007086466098654"></String>
          </TextLine>

          
          
          <TextLine ID="eSc_line_07c51ed1"
                    TAGREFS="LT4837"
                    BASELINE="1031 1363 1046 1363" 
                    HPOS="1031"
                    VPOS="1326"
                    WIDTH="15"
                    HEIGHT="75">
            <Shape><Polygon POINTS="1046 1363 1046 1329 1032 1326 1031 1363 1032 1401 1046 1396 1046 1363"/></Shape>
	    <String CONTENT=""
                    HPOS="1031"
                    VPOS="1326"
                    WIDTH="15"
                    HEIGHT="75"></String>
          </TextLine>

          
          
          <TextLine ID="eSc_line_e46d2131"
                    TAGREFS="LT4837"
                    BASELINE="122 1336 761 1343" 
                    HPOS="121"
                    VPOS="1280"
                    WIDTH="640"
                    HEIGHT="87">
            <Shape><Polygon POINTS="121 1350 129 1358 129 1360 131 1360 132 1360 134 1361 178 1361 178 1360 179 1360 202 1350 249 1357 251 1357 252 1357 279 1348 285 1347 288 1348 304 1361 305 1361 307 1361 308 1363 341 1363 341 1361 342 1361 364 1350 369 1347 381 1350 425 1363 426 1363 428 1363 429 1363 431 1363 446 1351 451 1348 471 1351 496 1356 498 1356 499 1356 512 1353 522 1350 534 1353 562 1361 564 1361 565 1361 566 1361 589 1354 599 1350 609 1354 638 1366 639 1366 641 1367 681 1367 681 1366 682 1366 684 1366 684 1364 694 1356 699 1351 758 1356 761 1343 761 1306 691 1306 686 1303 678 1296 676 1296 675 1296 674 1296 634 1300 609 1303 604 1299 582 1284 581 1284 579 1284 578 1284 576 1284 532 1296 508 1303 495 1296 475 1283 474 1283 472 1283 428 1283 426 1283 425 1283 424 1283 412 1291 404 1299 395 1291 382 1281 381 1281 379 1281 349 1281 348 1281 347 1281 345 1281 337 1289 325 1299 269 1299 257 1289 255 1289 254 1289 252 1289 251 1289 219 1299 205 1286 205 1284 204 1284 202 1284 161 1280 159 1280 158 1280 157 1280 154 1283 145 1289 124 1281 122 1336 121 1350"/></Shape>
	    <String CONTENT="باين طايفه ديگر طريق عرض نه نمود"
                    HPOS="121"
                    VPOS="1280"
                    WIDTH="640"
                    HEIGHT="87"
                    WC="0.9713316764682531"></String>
          </TextLine>

          
          
          <TextLine ID="eSc_line_bc19453b"
                    TAGREFS="LT4837"
                    BASELINE="198 1427 571 1427 982 1443" 
                    HPOS="198"
                    VPOS="1361"
                    WIDTH="784"
                    HEIGHT="105">
            <Shape><Polygon POINTS="198 1427 198 1448 231 1436 248 1443 249 1443 251 1443 281 1437 298 1451 299 1451 301 1451 302 1453 349 1453 349 1451 351 1451 375 1438 398 1450 399 1450 401 1450 402 1450 404 1450 404 1448 415 1438 435 1438 518 1440 569 1457 572 1457 574 1457 575 1457 576 1457 578 1457 578 1456 594 1443 632 1443 645 1457 645 1458 646 1458 648 1458 649 1458 651 1458 652 1458 698 1444 739 1460 741 1460 742 1460 744 1460 771 1450 792 1461 793 1461 795 1461 796 1461 801 1461 845 1453 856 1461 856 1463 858 1463 859 1463 861 1463 862 1463 863 1463 893 1454 911 1463 912 1464 913 1464 915 1466 981 1466 982 1443 982 1393 929 1393 928 1391 911 1374 911 1373 909 1373 908 1373 851 1371 849 1371 848 1371 816 1388 815 1390 792 1390 755 1388 754 1387 725 1368 724 1368 722 1368 698 1368 696 1368 695 1368 694 1368 675 1386 654 1374 652 1374 651 1374 599 1384 596 1384 568 1384 562 1384 545 1367 545 1366 544 1366 542 1366 541 1366 539 1366 521 1373 508 1364 506 1364 505 1364 446 1363 445 1363 444 1363 421 1376 409 1364 409 1363 408 1363 406 1363 405 1363 404 1363 375 1377 349 1361 348 1361 347 1361 345 1361 344 1361 342 1361 342 1363 324 1378 268 1363 267 1363 265 1363 264 1363 237 1377 198 1377 198 1427"/></Shape>
	    <String CONTENT="الحمد لله الذي يدانا لهذا أعيد أزكرم عميم بندكان"
                    HPOS="198"
                    VPOS="1361"
                    WIDTH="784"
                    HEIGHT="105"
                    WC="0.9271089220046997"></String>
          </TextLine>

          
          
          <TextLine ID="eSc_line_06d95bf7"
                    TAGREFS="LT4837"
                    BASELINE="275 1508 711 1507 905 1513" 
                    HPOS="274"
                    VPOS="1450"
                    WIDTH="631"
                    HEIGHT="81">
            <Shape><Polygon POINTS="275 1508 274 1520 288 1530 289 1530 291 1530 292 1530 294 1530 317 1520 328 1525 329 1525 331 1525 332 1525 334 1525 334 1524 344 1517 344 1516 347 1517 378 1530 379 1530 381 1531 429 1531 429 1530 431 1530 432 1530 442 1521 482 1530 484 1530 485 1530 486 1530 504 1517 506 1516 664 1516 666 1517 675 1524 675 1525 676 1525 678 1525 679 1525 716 1517 724 1516 726 1517 752 1530 754 1530 755 1530 756 1530 758 1530 779 1517 781 1516 783 1517 802 1530 803 1530 805 1530 806 1531 878 1531 878 1530 879 1530 903 1517 905 1513 905 1458 893 1450 892 1450 891 1450 889 1450 888 1450 886 1450 871 1461 851 1474 788 1474 765 1463 744 1454 742 1454 741 1454 739 1454 738 1454 722 1464 706 1474 664 1474 652 1466 636 1454 635 1454 634 1454 632 1454 631 1454 606 1467 594 1474 552 1474 545 1468 525 1450 524 1450 522 1450 521 1450 519 1450 518 1450 502 1461 488 1450 486 1450 485 1450 325 1450 324 1450 322 1450 321 1450 292 1473 292 1474 275 1474 275 1508"/></Shape>
	    <String CONTENT="خاص مولانا وخدا وتدرتان وهو الأول"
                    HPOS="274"
                    VPOS="1450"
                    WIDTH="631"
                    HEIGHT="81"
                    WC="0.8941242633497014"></String>
          </TextLine>

          
          
          <TextLine ID="eSc_line_6922cdca"
                    TAGREFS="LT4837"
                    BASELINE="395 1583 838 1585" 
                    HPOS="394"
                    VPOS="1523"
                    WIDTH="444"
                    HEIGHT="85">
            <Shape><Polygon POINTS="394 1588 422 1598 424 1598 425 1598 426 1598 454 1591 455 1591 456 1591 495 1605 496 1605 498 1605 499 1605 501 1605 516 1594 521 1591 578 1591 591 1597 615 1607 616 1607 618 1608 655 1608 655 1607 656 1607 674 1600 689 1593 704 1601 714 1607 715 1607 716 1607 718 1607 772 1605 773 1605 778 1604 796 1594 833 1605 838 1585 836 1548 751 1548 745 1543 724 1524 722 1524 721 1524 678 1524 676 1524 675 1524 674 1524 658 1538 646 1547 606 1547 595 1534 592 1533 592 1531 591 1531 589 1531 588 1531 586 1531 576 1534 554 1540 544 1533 532 1523 531 1523 529 1523 464 1523 462 1523 461 1523 459 1523 454 1527 428 1543 398 1524 395 1583 394 1588"/></Shape>
	    <String CONTENT="والآخر والظاهر والباطن وهو"
                    HPOS="394"
                    VPOS="1523"
                    WIDTH="444"
                    HEIGHT="85"
                    WC="0.9157727636672832"></String>
          </TextLine>

          
          
          <TextLine ID="eSc_line_93298dc8"
                    TAGREFS="LT4837"
                    BASELINE="615 1651 728 1644" 
                    HPOS="611"
                    VPOS="1597"
                    WIDTH="117"
                    HEIGHT="74">
            <Shape><Polygon POINTS="615 1651 615 1667 631 1671 632 1671 634 1671 635 1671 635 1670 644 1663 649 1658 661 1661 692 1667 694 1667 695 1667 728 1651 728 1644 722 1597 611 1601 615 1651"/></Shape>
	    <String CONTENT="سكل شيء"
                    HPOS="611"
                    VPOS="1597"
                    WIDTH="117"
                    HEIGHT="74"
                    WC="0.7829768317086356"></String>
          </TextLine>

          
        </TextBlock>
        
        <TextBlock HPOS="474"
                   VPOS="0"
                   WIDTH="162"
                   HEIGHT="61"
                   ID="eSc_textblock_9532dd42"
                   TAGREFS="BT16093">
          <Shape><Polygon POINTS="485 1 631 0 636 32 602 61 542 61 474 21 485 1"/></Shape>
          
          
          <TextLine ID="eSc_line_1c771e17"
                    TAGREFS="LT4837"
                    BASELINE="562 15 616 12" 
                    HPOS="561"
                    VPOS="1"
                    WIDTH="55"
                    HEIGHT="37">
            <Shape><Polygon POINTS="604 1 589 1 575 1 561 1 562 15 562 31 615 38 616 12 612 1 604 1"/></Shape>
	    <String CONTENT=""
                    HPOS="561"
                    VPOS="1"
                    WIDTH="55"
                    HEIGHT="37"></String>
          </TextLine>

          
        </TextBlock>
        

        
        <TextBlock ID="eSc_dummyblock_">
          
          
          <TextLine ID="eSc_line_a4a95c3b"
                    TAGREFS="LT4837"
                    BASELINE="514 1678 541 1663" 
                    HPOS="498"
                    VPOS="1633"
                    WIDTH="57"
                    HEIGHT="64">
            <Shape><Polygon POINTS="514 1678 524 1697 555 1693 541 1663 521 1633 498 1654 514 1678"/></Shape>
	    <String CONTENT=""
                    HPOS="498"
                    VPOS="1633"
                    WIDTH="57"
                    HEIGHT="64"></String>
          </TextLine>

          
        </TextBlock>
        
      </PrintSpace>
    </Page>
  </Layout>
</alto>
