<?xml version="1.0" encoding="UTF-8"?>
<alto xmlns:xsi="http://www.w3.org/2001/XMLSchema-instance"
      xmlns="http://www.loc.gov/standards/alto/ns-v4#"
      xsi:schemaLocation="http://www.loc.gov/standards/alto/ns-v4# http://www.loc.gov/standards/alto/v4/alto-4-2.xsd">
  <Description>
    <MeasurementUnit>pixel</MeasurementUnit>
    <sourceImageInformation>
      <fileName>Rasail113.jpg</fileName>
      
    </sourceImageInformation>
  </Description>
  
  <Tags>
    <OtherTag ID="BT16094" LABEL="default" DESCRIPTION="block type default"/><OtherTag ID="BT16093" LABEL="NumberingZone:page" DESCRIPTION="block type NumberingZone:page"/><OtherTag ID="BT16092" LABEL="MarginTextZone:note" DESCRIPTION="block type MarginTextZone:note"/><OtherTag ID="BT16091" LABEL="TitlePageZone" DESCRIPTION="block type TitlePageZone"/><OtherTag ID="BT16090" LABEL="QuireMarksZone:catchwords" DESCRIPTION="block type QuireMarksZone:catchwords"/><OtherTag ID="BT16089" LABEL="NumberingZone:other" DESCRIPTION="block type NumberingZone:other"/><OtherTag ID="BT16088" LABEL="NumberingZone" DESCRIPTION="block type NumberingZone"/><OtherTag ID="BT16087" LABEL="MarginTextZone" DESCRIPTION="block type MarginTextZone"/><OtherTag ID="BT16086" LABEL="MainZone" DESCRIPTION="block type MainZone"/><OtherTag ID="BT16085" LABEL="DigitizationArtefactZone" DESCRIPTION="block type DigitizationArtefactZone"/><OtherTag ID="BT2" LABEL="Main" DESCRIPTION="block type Main"/><OtherTag ID="BT1" LABEL="Title" DESCRIPTION="block type Title"/>
    <OtherTag ID="LT4837" LABEL="DefaultLine" DESCRIPTION="line type DefaultLine"/><OtherTag ID="LT4838" LABEL="default" DESCRIPTION="line type default"/><OtherTag ID="LT4839" LABEL="HeadingLine:title" DESCRIPTION="line type HeadingLine:title"/>
  </Tags>
  
  <Layout>
    <Page WIDTH="1172"
          HEIGHT="1668"
          PHYSICAL_IMG_NR="141"
          ID="eSc_dummypage_">
      <PrintSpace HPOS="0"
                  VPOS="0"
                  WIDTH="1172"
                  HEIGHT="1668">
        
        <TextBlock HPOS="77"
                   VPOS="183"
                   WIDTH="939"
                   HEIGHT="1433"
                   ID="eSc_textblock_e85e07ad"
                   TAGREFS="BT16086">
          <Shape><Polygon POINTS="856 183 977 200 999 266 955 328 960 371 910 405 932 439 921 465 888 472 943 511 932 543 888 554 932 578 910 604 966 661 938 704 977 739 966 782 988 806 977 910 955 928 971 982 943 1023 988 1112 988 1205 1010 1234 1016 1410 988 1588 677 1616 111 1611 111 1590 83 1583 77 1301 100 1267 77 1255 77 1145 122 1006 221 967 250 928 221 904 105 904 194 893 111 888 105 867 222 854 105 839 228 832 205 800 239 756 216 743 228 700 211 689 239 688 222 628 261 565 244 533 266 532 244 489 255 467 287 489 300 460 300 328 282 322 261 448 228 398 255 383 228 371 228 328 205 316 237 311 228 289 261 266 282 289 271 309 293 316 322 227 355 211 856 183"/></Shape>
          
          
          <TextLine ID="eSc_line_e56f2df8"
                    TAGREFS="LT4837"
                    BASELINE="761 233 934 230" 
                    HPOS="760"
                    VPOS="183"
                    WIDTH="174"
                    HEIGHT="88">
            <Shape><Polygon POINTS="913 190 905 189 900 191 885 187 885 187 871 184 866 183 866 184 859 190 852 186 850 186 849 186 848 186 846 186 802 205 760 207 761 233 761 271 816 271 816 269 817 269 818 269 820 268 848 248 932 264 934 230 932 201 923 191 913 190"/></Shape>
	    <String CONTENT="با بها ترجمه"
                    HPOS="760"
                    VPOS="183"
                    WIDTH="174"
                    HEIGHT="88"
                    WC="0.9309829672177633"></String>
          </TextLine>

          
          
          <TextLine ID="eSc_line_86ddbade"
                    TAGREFS="LT4837"
                    BASELINE="314 305 793 305" 
                    HPOS="314"
                    VPOS="257"
                    WIDTH="479"
                    HEIGHT="83">
            <Shape><Polygon POINTS="314 305 314 321 387 321 400 332 400 333 401 333 403 333 404 333 433 330 458 339 460 339 461 339 462 339 490 325 528 326 539 337 539 339 540 339 542 339 543 340 582 340 582 339 583 339 618 325 631 337 631 339 632 339 633 339 635 340 656 340 656 339 657 339 658 339 658 337 675 322 722 339 724 339 725 339 727 339 728 339 728 337 741 325 793 319 793 305 793 272 754 259 753 259 752 259 718 261 717 261 715 261 715 262 709 269 689 261 688 261 686 261 685 261 684 261 674 269 654 259 653 259 652 259 650 259 649 259 636 271 618 257 617 257 615 257 574 257 572 257 571 257 525 273 507 257 506 257 504 257 478 257 476 257 404 273 403 275 314 275 314 305"/></Shape>
	    <String CONTENT="شنيده ام كه تكلم نمود همچون در"
                    HPOS="314"
                    VPOS="257"
                    WIDTH="479"
                    HEIGHT="83"
                    WC="0.9319132804870606"></String>
          </TextLine>

          
          
          <TextLine ID="eSc_line_9aae9a32"
                    TAGREFS="LT4837"
                    BASELINE="307 382 788 386" 
                    HPOS="305"
                    VPOS="336"
                    WIDTH="483"
                    HEIGHT="74">
            <Shape><Polygon POINTS="307 382 305 390 354 391 378 407 379 407 380 407 382 408 435 408 435 407 436 407 437 407 450 397 464 408 465 408 467 408 468 408 590 394 603 405 603 407 604 407 606 407 607 407 647 398 657 407 658 407 660 407 661 407 663 407 690 397 722 410 724 410 725 410 786 394 788 386 788 358 750 348 749 348 747 348 746 348 745 348 745 350 735 358 735 360 658 360 657 358 618 337 617 337 589 337 588 337 586 337 585 337 565 353 550 339 550 337 549 337 547 337 471 337 469 337 468 337 426 355 408 337 408 336 407 336 405 336 390 336 389 336 387 336 386 336 386 337 373 348 357 339 355 339 354 339 353 339 351 339 350 339 326 355 323 355 307 355 307 382"/></Shape>
	    <String CONTENT="مدمن حدث لب لعل روح "
                    HPOS="305"
                    VPOS="336"
                    WIDTH="483"
                    HEIGHT="74"
                    WC="0.951439356803894"></String>
          </TextLine>

          
          
          <TextLine ID="eSc_line_e64a46d9"
                    TAGREFS="LT4837"
                    BASELINE="303 455 793 460" 
                    HPOS="301"
                    VPOS="415"
                    WIDTH="492"
                    HEIGHT="77">
            <Shape><Polygon POINTS="303 455 301 468 318 473 319 473 321 473 322 473 339 468 353 464 358 468 365 473 367 473 368 473 369 473 400 468 419 464 428 468 468 489 469 489 471 490 549 490 549 489 550 489 551 489 551 487 571 468 588 467 599 465 600 467 607 472 607 473 608 473 610 473 611 473 635 469 664 473 682 490 684 490 685 490 686 492 715 492 715 490 717 490 718 490 718 489 739 469 768 480 770 480 771 480 772 480 774 480 792 465 793 460 789 418 763 435 671 435 660 426 658 426 657 426 656 426 654 426 631 433 604 422 592 416 590 416 560 416 558 416 557 416 556 416 547 423 540 429 525 423 510 418 508 418 507 418 506 418 504 418 497 425 487 432 474 425 454 415 453 415 428 415 426 415 425 415 403 426 394 430 382 426 343 415 342 415 316 415 315 415 314 415 312 415 312 416 303 425 303 455"/></Shape>
	    <String CONTENT="که من بدينه علمم علی دراست مرا"
                    HPOS="301"
                    VPOS="415"
                    WIDTH="492"
                    HEIGHT="77"
                    WC="0.9231843809286754"></String>
          </TextLine>

          
          
          <TextLine ID="eSc_line_27e4ee77"
                    TAGREFS="LT4837"
                    BASELINE="307 526 786 533" 
                    HPOS="305"
                    VPOS="479"
                    WIDTH="481"
                    HEIGHT="89">
            <Shape><Polygon POINTS="307 526 305 540 332 554 333 554 335 554 364 549 401 562 403 562 404 562 468 549 497 543 540 550 542 550 583 544 627 558 640 562 642 562 643 562 645 562 656 560 704 547 724 564 727 567 728 567 729 567 731 568 785 568 786 533 786 492 768 486 767 486 766 486 764 486 750 493 739 499 728 493 711 485 710 485 709 485 707 485 706 485 706 486 697 493 689 501 596 501 578 494 546 482 544 482 543 482 542 482 540 482 540 483 529 494 524 500 504 500 496 494 479 482 478 482 476 482 451 480 450 480 449 480 447 480 447 482 435 493 412 480 411 480 361 479 360 479 358 479 357 479 332 494 329 496 307 496 307 526"/></Shape>
	    <String CONTENT="عجب خخسته حديث اشت ز لعل شکر او"
                    HPOS="305"
                    VPOS="479"
                    WIDTH="481"
                    HEIGHT="89"
                    WC="0.9647850951840801"></String>
          </TextLine>

          
          
          <TextLine ID="eSc_line_c41607b1"
                    TAGREFS="LT4837"
                    BASELINE="504 603 600 599" 
                    HPOS="503"
                    VPOS="561"
                    WIDTH="97"
                    HEIGHT="65">
            <Shape><Polygon POINTS="504 603 504 626 600 610 600 599 596 561 571 562 570 562 568 562 561 568 540 581 503 581 504 603"/></Shape>
	    <String CONTENT=""
                    HPOS="503"
                    VPOS="561"
                    WIDTH="97"
                    HEIGHT="65"></String>
          </TextLine>

          
          
          <TextLine ID="eSc_line_3ccade8c"
                    TAGREFS="LT4837"
                    BASELINE="310 682 793 682" 
                    HPOS="310"
                    VPOS="629"
                    WIDTH="483"
                    HEIGHT="78">
            <Shape><Polygon POINTS="310 682 310 707 347 707 347 706 348 706 350 706 371 690 385 690 400 704 401 704 401 706 403 706 404 706 405 706 407 706 415 703 449 693 464 701 469 706 471 706 472 706 474 706 475 706 476 706 476 704 481 701 492 690 565 690 582 699 595 704 596 704 597 704 599 704 624 697 646 690 653 696 658 701 658 703 660 703 661 703 663 703 710 697 718 704 718 706 720 706 721 706 722 706 793 692 793 682 793 649 771 649 743 629 742 629 741 629 739 629 681 642 650 629 649 629 647 629 646 629 645 629 622 647 568 629 567 629 514 629 513 629 511 629 510 629 510 631 493 646 467 632 465 632 464 632 424 639 383 629 382 629 380 629 379 629 344 649 310 649 310 682"/></Shape>
	    <String CONTENT="در يامداد گردد اشجار بلی قلم"
                    HPOS="310"
                    VPOS="629"
                    WIDTH="483"
                    HEIGHT="78"
                    WC="0.9311748551470893"></String>
          </TextLine>

          
          
          <TextLine ID="eSc_line_4bb8cc8d"
                    TAGREFS="LT4837"
                    BASELINE="297 765 789 763" 
                    HPOS="296"
                    VPOS="707"
                    WIDTH="493"
                    HEIGHT="78">
            <Shape><Polygon POINTS="297 765 297 775 314 783 315 783 316 783 318 783 336 774 357 783 358 783 360 785 387 785 387 783 389 783 390 783 390 782 400 774 443 783 444 783 446 783 476 774 503 782 504 782 506 782 547 774 611 782 613 782 614 782 615 782 615 781 617 781 622 772 653 772 770 782 771 782 772 782 774 782 789 771 789 763 786 717 706 707 704 707 703 707 702 707 702 708 690 718 686 724 678 718 667 713 665 713 664 713 663 713 636 720 615 725 608 720 593 708 592 708 590 708 540 707 539 707 538 707 510 720 497 714 496 714 494 714 493 714 492 714 492 715 483 722 481 726 472 724 462 720 461 720 460 720 458 720 457 720 457 721 453 724 450 728 405 728 403 725 394 717 394 715 393 715 392 715 344 708 343 708 342 708 340 708 340 710 322 726 322 728 296 728 297 765"/></Shape>
	    <String CONTENT="هفت آسمان چو گاغد جديل مدح گر"
                    HPOS="296"
                    VPOS="707"
                    WIDTH="493"
                    HEIGHT="78"
                    WC="0.9296638786792755"></String>
          </TextLine>

          
          
          <TextLine ID="eSc_line_921f5f60"
                    TAGREFS="LT4837"
                    BASELINE="289 829 521 836 788 832" 
                    HPOS="287"
                    VPOS="786"
                    WIDTH="501"
                    HEIGHT="75">
            <Shape><Polygon POINTS="287 845 325 845 342 859 342 860 343 860 344 860 346 860 430 850 440 860 440 861 442 861 443 861 444 861 446 861 467 853 524 861 525 861 526 861 528 861 547 846 593 853 595 853 596 853 597 853 604 847 632 860 633 860 635 860 636 860 654 850 679 861 681 861 682 861 684 861 724 847 739 857 741 857 742 857 743 857 786 846 788 832 784 788 735 803 632 804 614 804 599 789 599 788 597 788 596 788 549 788 547 788 546 788 521 800 494 788 493 788 492 788 490 788 440 804 385 796 383 796 382 796 380 796 375 800 360 788 358 786 357 786 355 786 326 786 325 786 323 786 322 786 322 788 312 797 290 788 289 829 287 845"/></Shape>
	    <String CONTENT="گر جمله چن و آنس نويسند مدح شاه"
                    HPOS="287"
                    VPOS="786"
                    WIDTH="501"
                    HEIGHT="75"
                    WC="0.9417000934481621"></String>
          </TextLine>

          
          
          <TextLine ID="eSc_line_78de18e4"
                    TAGREFS="LT4837"
                    BASELINE="283 906 786 902" 
                    HPOS="282"
                    VPOS="856"
                    WIDTH="504"
                    HEIGHT="76">
            <Shape><Polygon POINTS="283 906 283 921 329 921 330 921 340 931 340 932 342 932 343 932 344 932 346 932 369 921 385 932 386 932 387 932 389 932 442 921 465 931 467 931 468 932 551 932 551 931 553 931 585 920 671 929 672 929 674 929 717 918 729 928 729 929 731 929 732 929 734 931 757 931 757 929 759 929 786 917 786 902 782 872 742 872 741 871 731 864 731 863 729 863 728 863 727 863 725 863 695 871 690 872 689 871 665 856 664 856 663 856 661 856 599 857 597 857 568 871 563 874 557 871 538 857 536 857 535 857 533 857 532 857 501 870 494 872 489 870 456 857 454 857 453 857 411 859 410 859 408 859 408 860 397 870 393 875 380 870 367 864 365 864 364 864 362 864 346 870 328 875 282 870 283 906"/></Shape>
	    <String CONTENT="از صد هزار نكته نيايد يكى بدر"
                    HPOS="282"
                    VPOS="856"
                    WIDTH="504"
                    HEIGHT="76"
                    WC="0.9299184001725296"></String>
          </TextLine>

          
          
          <TextLine ID="eSc_line_4b87f666"
                    TAGREFS="LT4837"
                    BASELINE="494 1067 585 1055" 
                    HPOS="486"
                    VPOS="998"
                    WIDTH="99"
                    HEIGHT="83">
            <Shape><Polygon POINTS="494 1067 496 1081 585 1067 585 1055 576 1006 539 998 538 998 536 998 486 1017 494 1067"/></Shape>
	    <String CONTENT="ملج"
                    HPOS="486"
                    VPOS="998"
                    WIDTH="99"
                    HEIGHT="83"
                    WC="0.8835469881693522"></String>
          </TextLine>

          
          
          <TextLine ID="eSc_line_a2f2dbb6"
                    TAGREFS="LT4837"
                    BASELINE="476 1178 624 1174" 
                    HPOS="475"
                    VPOS="1120"
                    WIDTH="149"
                    HEIGHT="90">
            <Shape><Polygon POINTS="476 1178 476 1195 496 1210 497 1210 499 1210 500 1210 501 1210 518 1203 572 1210 574 1210 575 1210 576 1210 576 1209 596 1189 624 1188 624 1174 621 1138 560 1134 547 1121 547 1120 546 1120 544 1120 521 1120 519 1120 518 1120 475 1139 476 1178"/></Shape>
	    <String CONTENT="در ميان امام"
                    HPOS="475"
                    VPOS="1120"
                    WIDTH="149"
                    HEIGHT="90"
                    WC="0.843053549528122"></String>
          </TextLine>

          
          
          <TextLine ID="eSc_line_8d047709"
                    TAGREFS="LT4837"
                    BASELINE="97 1278 909 1271" 
                    HPOS="95"
                    VPOS="1214"
                    WIDTH="814"
                    HEIGHT="91">
            <Shape><Polygon POINTS="95 1266 97 1278 97 1291 144 1303 145 1305 214 1305 214 1303 215 1303 253 1292 261 1289 268 1292 297 1302 298 1302 300 1303 328 1303 328 1302 329 1302 330 1302 344 1292 347 1291 348 1292 357 1298 357 1299 358 1299 360 1299 361 1299 362 1299 364 1299 373 1292 378 1288 421 1288 432 1292 440 1295 442 1295 443 1295 483 1292 536 1288 560 1292 597 1299 599 1299 600 1299 628 1292 636 1291 645 1292 679 1299 681 1299 682 1299 684 1299 692 1292 695 1291 697 1292 706 1299 707 1299 709 1299 710 1299 711 1299 735 1292 746 1289 759 1292 775 1298 777 1298 778 1298 779 1298 789 1292 804 1285 823 1292 832 1296 834 1296 835 1296 836 1296 838 1296 842 1292 853 1285 906 1292 909 1271 906 1214 855 1214 853 1214 852 1214 850 1214 827 1228 752 1217 745 1217 743 1217 742 1217 741 1217 717 1231 645 1231 632 1220 627 1216 625 1216 624 1216 622 1216 621 1216 620 1216 620 1217 615 1221 607 1230 574 1232 547 1232 533 1223 528 1219 526 1219 525 1219 524 1219 522 1219 503 1224 493 1225 486 1224 456 1217 454 1217 453 1217 433 1225 424 1230 418 1225 412 1221 411 1221 410 1221 408 1221 407 1221 392 1227 380 1230 375 1227 358 1219 357 1219 286 1219 285 1219 283 1219 282 1219 269 1230 265 1232 257 1230 247 1227 246 1227 244 1227 243 1227 241 1227 237 1230 232 1234 208 1231 125 1220 123 1220 122 1220 97 1231 95 1266"/></Shape>
	    <String CONTENT="بدانكه امام ريس دين بود امر كند به آنچه صلاح دين"
                    HPOS="95"
                    VPOS="1214"
                    WIDTH="814"
                    HEIGHT="91"
                    WC="0.9004380052187004"></String>
          </TextLine>

          
          
          <TextLine ID="eSc_line_c7d64f82"
                    TAGREFS="LT4837"
                    BASELINE="91 1355 973 1346" 
                    HPOS="90"
                    VPOS="1296"
                    WIDTH="883"
                    HEIGHT="80">
            <Shape><Polygon POINTS="91 1355 91 1364 147 1364 148 1364 159 1373 161 1373 162 1373 164 1373 165 1373 166 1373 173 1367 186 1376 187 1376 189 1376 190 1376 251 1374 253 1374 254 1374 268 1363 269 1363 300 1374 301 1374 303 1376 335 1376 335 1374 336 1374 337 1374 350 1363 394 1373 396 1373 397 1373 428 1363 440 1373 442 1373 443 1373 444 1373 446 1373 447 1373 461 1362 482 1373 483 1373 485 1373 574 1363 621 1370 622 1370 624 1370 625 1370 640 1360 686 1370 688 1370 775 1362 810 1370 811 1370 813 1370 814 1370 816 1370 831 1358 832 1358 834 1358 859 1367 860 1367 861 1367 863 1367 864 1367 864 1366 873 1359 882 1364 884 1364 885 1364 886 1364 971 1356 973 1346 971 1309 928 1296 927 1296 925 1296 870 1307 829 1298 828 1298 827 1298 825 1298 824 1298 824 1299 811 1310 811 1312 760 1312 757 1312 738 1298 736 1298 735 1298 734 1298 732 1298 684 1312 678 1313 674 1312 639 1303 638 1303 636 1303 635 1303 633 1303 621 1313 620 1313 586 1305 585 1305 583 1305 467 1314 451 1302 451 1301 450 1301 449 1301 430 1301 429 1301 428 1301 392 1314 358 1302 357 1302 355 1302 268 1309 241 1302 240 1302 239 1302 205 1303 204 1303 202 1303 180 1317 158 1303 157 1303 155 1303 116 1303 115 1303 114 1303 112 1303 90 1316 91 1355"/></Shape>
	    <String CONTENT="و دنيا مردمان درآن باشد وشی فربايد از آنچه زيان مردمان"
                    HPOS="90"
                    VPOS="1296"
                    WIDTH="883"
                    HEIGHT="80"
                    WC="0.9022138315652098"></String>
          </TextLine>

          
          
          <TextLine ID="eSc_line_d2245d5a"
                    TAGREFS="LT4837"
                    BASELINE="91 1427 974 1421" 
                    HPOS="90"
                    VPOS="1374"
                    WIDTH="884"
                    HEIGHT="79">
            <Shape><Polygon POINTS="91 1427 91 1438 148 1438 150 1438 158 1446 158 1448 159 1448 161 1448 200 1452 201 1453 248 1453 248 1452 250 1452 251 1452 251 1451 261 1442 275 1452 276 1452 278 1452 279 1453 310 1453 310 1452 311 1452 343 1437 344 1437 385 1437 387 1437 412 1451 414 1451 415 1452 456 1452 456 1451 457 1451 458 1451 474 1440 501 1451 503 1451 504 1451 506 1451 529 1441 583 1449 585 1449 586 1449 613 1435 614 1435 647 1442 649 1442 650 1442 667 1435 686 1449 688 1449 689 1449 690 1451 729 1451 729 1449 731 1449 759 1434 791 1434 849 1434 852 1434 906 1445 907 1445 909 1445 910 1445 910 1444 921 1434 943 1442 945 1442 946 1442 948 1442 974 1433 974 1421 971 1384 924 1374 923 1374 921 1374 920 1374 909 1384 905 1387 877 1384 825 1380 824 1380 791 1385 781 1387 778 1385 768 1377 768 1376 767 1376 766 1376 764 1376 715 1385 703 1388 699 1385 678 1376 677 1376 675 1376 674 1376 672 1376 656 1387 652 1390 627 1390 624 1387 613 1377 613 1376 611 1376 610 1376 608 1376 607 1376 578 1387 567 1377 567 1376 565 1376 564 1376 532 1376 531 1376 426 1388 417 1390 414 1388 400 1378 399 1378 397 1378 343 1377 342 1377 340 1377 339 1377 330 1384 312 1377 311 1377 310 1377 308 1377 307 1377 307 1378 294 1390 294 1391 293 1390 273 1381 272 1381 271 1381 269 1381 268 1381 257 1391 255 1391 239 1378 237 1378 236 1378 234 1378 233 1378 232 1378 232 1380 221 1391 219 1392 201 1392 197 1391 130 1378 129 1378 127 1378 90 1391 91 1427"/></Shape>
	    <String CONTENT="باشد واو واقف اسرار غيبی و منهی احكام لاريی باشد"
                    HPOS="90"
                    VPOS="1374"
                    WIDTH="884"
                    HEIGHT="79"
                    WC="0.953242801129818"></String>
          </TextLine>

          
          
          <TextLine ID="eSc_line_3d26b691"
                    TAGREFS="LT4837"
                    BASELINE="97 1499 973 1499" 
                    HPOS="97"
                    VPOS="1455"
                    WIDTH="876"
                    HEIGHT="67">
            <Shape><Polygon POINTS="97 1499 97 1510 218 1510 241 1519 243 1519 244 1519 246 1519 264 1510 282 1520 283 1520 285 1522 311 1522 311 1520 312 1520 314 1520 314 1519 323 1510 344 1510 355 1519 355 1520 357 1520 358 1520 360 1520 361 1520 392 1510 437 1510 449 1519 449 1520 450 1520 451 1520 453 1522 560 1522 560 1520 561 1520 593 1512 601 1517 603 1517 604 1517 606 1517 607 1517 625 1510 638 1520 639 1520 640 1520 642 1522 735 1522 735 1520 736 1520 738 1520 750 1512 759 1519 759 1520 760 1520 761 1520 763 1520 764 1520 789 1510 803 1520 804 1520 806 1520 807 1522 850 1522 850 1520 852 1520 892 1510 942 1520 943 1520 945 1520 973 1509 973 1499 973 1463 895 1455 893 1455 892 1455 867 1463 852 1469 846 1463 838 1456 838 1455 836 1455 835 1455 747 1455 746 1455 745 1455 743 1455 732 1465 728 1467 724 1465 718 1460 717 1460 715 1460 714 1460 713 1460 711 1460 707 1465 702 1470 646 1470 628 1465 606 1460 604 1460 603 1460 601 1460 601 1462 597 1466 593 1470 517 1470 510 1466 501 1462 500 1462 499 1462 469 1466 454 1469 444 1467 404 1455 403 1455 401 1455 400 1455 375 1463 303 1459 301 1459 300 1459 278 1467 276 1469 276 1467 266 1460 266 1459 265 1459 264 1459 262 1459 261 1459 259 1459 254 1465 228 1455 226 1455 162 1455 161 1455 159 1455 158 1455 136 1469 97 1469 97 1499"/></Shape>
	    <String CONTENT="بدين حديث که لوخلت الأرض من امام الساعت لمادت"
                    HPOS="97"
                    VPOS="1455"
                    WIDTH="876"
                    HEIGHT="67"
                    WC="0.9479569663172183"></String>
          </TextLine>

          
          
          <TextLine ID="eSc_line_b0465e51"
                    TAGREFS="LT4837"
                    BASELINE="97 1570 650 1579 971 1572" 
                    HPOS="97"
                    VPOS="1520"
                    WIDTH="874"
                    HEIGHT="84">
            <Shape><Polygon POINTS="97 1570 97 1581 205 1581 209 1583 219 1591 221 1591 222 1591 223 1591 255 1584 261 1583 264 1584 283 1601 285 1601 286 1601 287 1602 354 1602 354 1601 355 1601 386 1587 396 1583 489 1583 522 1590 574 1602 575 1602 654 1597 752 1604 753 1604 754 1604 756 1604 767 1597 791 1604 792 1604 793 1604 795 1604 796 1604 796 1602 803 1597 811 1590 864 1595 866 1595 867 1595 868 1595 868 1594 878 1585 913 1587 932 1599 938 1604 939 1604 941 1604 942 1604 970 1599 971 1572 969 1529 935 1526 934 1526 932 1526 931 1526 931 1527 928 1529 920 1535 910 1529 906 1524 905 1524 903 1524 860 1524 859 1524 857 1524 856 1524 849 1529 836 1538 827 1530 823 1526 821 1526 820 1526 782 1526 781 1526 779 1526 778 1526 771 1530 756 1540 743 1530 736 1524 735 1524 734 1524 732 1524 731 1524 729 1524 722 1530 711 1541 558 1541 539 1533 517 1524 515 1524 514 1524 453 1534 421 1538 404 1534 362 1523 361 1523 360 1523 358 1523 311 1535 308 1535 307 1535 280 1522 279 1522 278 1522 276 1522 275 1522 266 1527 202 1520 201 1520 200 1520 198 1520 190 1527 139 1520 137 1520 136 1520 134 1520 115 1537 115 1538 97 1538 97 1570"/></Shape>
	    <String CONTENT="به ابلها که مدار آسمان و زيين اوست و عالم بی او بقانه دارد"
                    HPOS="97"
                    VPOS="1520"
                    WIDTH="874"
                    HEIGHT="84"
                    WC="0.8821099077240896"></String>
          </TextLine>

          
        </TextBlock>
        
        <TextBlock HPOS="439"
                   VPOS="61"
                   WIDTH="149"
                   HEIGHT="98"
                   ID="eSc_textblock_3dede196"
                   TAGREFS="BT16093">
          <Shape><Polygon POINTS="500 61 571 72 588 127 571 154 494 159 439 109 500 61"/></Shape>
          
          
          <TextLine ID="eSc_line_7ab10380"
                    TAGREFS="LT4837"
                    BASELINE="497 104 554 104" 
                    HPOS="497"
                    VPOS="68"
                    WIDTH="57"
                    HEIGHT="58">
            <Shape><Polygon POINTS="553 69 546 68 497 68 497 104 497 126 554 118 554 104 554 69 553 69"/></Shape>
	    <String CONTENT=""
                    HPOS="497"
                    VPOS="68"
                    WIDTH="57"
                    HEIGHT="58"></String>
          </TextLine>

          
        </TextBlock>
        

        
      </PrintSpace>
    </Page>
  </Layout>
</alto>
