<?xml version="1.0" encoding="UTF-8"?>
<alto xmlns:xsi="http://www.w3.org/2001/XMLSchema-instance"
      xmlns="http://www.loc.gov/standards/alto/ns-v4#"
      xsi:schemaLocation="http://www.loc.gov/standards/alto/ns-v4# http://www.loc.gov/standards/alto/v4/alto-4-2.xsd">
  <Description>
    <MeasurementUnit>pixel</MeasurementUnit>
    <sourceImageInformation>
      <fileName>Rasail158.jpg</fileName>
      
    </sourceImageInformation>
  </Description>
  
  <Tags>
    <OtherTag ID="BT16094" LABEL="default" DESCRIPTION="block type default"/><OtherTag ID="BT16093" LABEL="NumberingZone:page" DESCRIPTION="block type NumberingZone:page"/><OtherTag ID="BT16092" LABEL="MarginTextZone:note" DESCRIPTION="block type MarginTextZone:note"/><OtherTag ID="BT16091" LABEL="TitlePageZone" DESCRIPTION="block type TitlePageZone"/><OtherTag ID="BT16090" LABEL="QuireMarksZone:catchwords" DESCRIPTION="block type QuireMarksZone:catchwords"/><OtherTag ID="BT16089" LABEL="NumberingZone:other" DESCRIPTION="block type NumberingZone:other"/><OtherTag ID="BT16088" LABEL="NumberingZone" DESCRIPTION="block type NumberingZone"/><OtherTag ID="BT16087" LABEL="MarginTextZone" DESCRIPTION="block type MarginTextZone"/><OtherTag ID="BT16086" LABEL="MainZone" DESCRIPTION="block type MainZone"/><OtherTag ID="BT16085" LABEL="DigitizationArtefactZone" DESCRIPTION="block type DigitizationArtefactZone"/><OtherTag ID="BT2" LABEL="Main" DESCRIPTION="block type Main"/><OtherTag ID="BT1" LABEL="Title" DESCRIPTION="block type Title"/>
    <OtherTag ID="LT4837" LABEL="DefaultLine" DESCRIPTION="line type DefaultLine"/><OtherTag ID="LT4838" LABEL="default" DESCRIPTION="line type default"/><OtherTag ID="LT4839" LABEL="HeadingLine:title" DESCRIPTION="line type HeadingLine:title"/>
  </Tags>
  
  <Layout>
    <Page WIDTH="1228"
          HEIGHT="1676"
          PHYSICAL_IMG_NR="21"
          ID="eSc_dummypage_">
      <PrintSpace HPOS="0"
                  VPOS="0"
                  WIDTH="1228"
                  HEIGHT="1676">
        
        <TextBlock HPOS="117"
                   VPOS="150"
                   WIDTH="965"
                   HEIGHT="1457"
                   ID="eSc_textblock_7cabe4f3"
                   TAGREFS="BT16086">
          <Shape><Polygon POINTS="187 150 680 150 931 167 1021 195 1010 261 1049 312 1032 333 1071 346 1032 417 1071 424 1054 462 1082 474 1082 495 1015 519 1032 625 1015 752 1038 793 1021 821 1021 1238 1015 1328 976 1356 1021 1378 954 1430 1004 1446 993 1484 892 1491 998 1519 965 1553 998 1575 993 1596 558 1607 122 1579 139 1523 122 1495 139 1268 117 1071 122 921 139 909 117 836 122 234 184 210 145 194 145 167 187 150"/></Shape>
          
          
          <TextLine ID="eSc_line_96429a8d"
                    TAGREFS="LT4837"
                    BASELINE="142 245 1100 233" 
                    HPOS="141"
                    VPOS="189"
                    WIDTH="959"
                    HEIGHT="88">
            <Shape><Polygon POINTS="155 220 141 226 142 245 142 262 189 273 191 273 192 273 194 273 210 262 212 261 296 261 297 261 312 275 314 275 315 275 345 277 346 277 347 277 349 277 349 276 359 268 364 273 366 273 367 273 368 273 370 273 399 265 434 276 435 276 437 276 438 276 440 276 469 258 470 258 474 258 556 270 557 270 558 270 578 259 590 270 592 270 593 270 673 273 674 273 676 273 677 273 702 256 732 272 733 272 734 273 762 273 762 272 764 272 765 272 785 256 846 270 848 270 849 270 880 261 892 269 894 269 895 269 896 270 966 270 966 269 968 269 969 269 994 251 997 251 1063 265 1064 265 1065 265 1100 250 1100 233 1098 206 1072 206 1053 189 1051 189 1050 189 1049 189 936 203 894 195 892 195 891 195 889 195 870 208 771 199 769 199 768 199 740 210 673 210 631 195 630 195 571 195 569 195 568 195 567 195 567 196 550 210 540 202 540 201 539 201 537 201 536 201 535 201 509 208 462 196 461 196 375 205 311 199 310 199 308 199 307 199 294 208 264 203 262 203 261 203 213 217 159 217 155 220"/></Shape>
	    <String CONTENT="صحيف وسى و سوم در بين بشت و درپای بشت"
                    HPOS="141"
                    VPOS="189"
                    WIDTH="959"
                    HEIGHT="88"
                    WC="0.9461469295862559"></String>
          </TextLine>

          
          
          <TextLine ID="eSc_line_554bc031"
                    TAGREFS="LT4837"
                    BASELINE="148 325 476 317 741 324 1095 317" 
                    HPOS="146"
                    VPOS="273"
                    WIDTH="949"
                    HEIGHT="77">
            <Shape><Polygon POINTS="1040 315 1026 289 1012 289 1011 289 990 277 989 277 987 277 986 277 965 286 945 273 944 273 943 273 909 273 908 273 906 273 905 273 881 290 880 291 859 291 824 291 813 282 813 280 811 280 810 280 808 280 807 280 806 280 796 287 785 279 785 277 783 277 782 277 780 277 779 277 734 293 676 293 663 282 662 282 660 282 659 282 658 282 638 289 623 279 621 279 620 279 571 279 569 279 568 279 544 291 507 279 505 279 398 279 396 279 395 279 343 294 310 280 308 280 307 280 305 280 304 280 286 291 248 282 247 282 245 282 244 282 243 282 224 297 176 291 174 291 173 291 146 298 148 325 148 336 173 347 174 347 176 347 177 347 205 337 416 337 421 339 463 350 465 350 466 350 551 339 592 335 604 340 611 343 613 343 614 343 616 343 625 340 649 332 664 340 667 342 669 342 747 347 748 347 750 347 769 342 804 331 834 342 845 346 846 346 848 347 902 347 902 346 962 344 963 344 968 343 998 329 1012 343 1014 343 1014 344 1015 344 1017 344 1018 344 1019 344 1025 343 1051 336 1093 343 1095 317 1091 289 1044 289 1040 315"/></Shape>
	    <String CONTENT="مصحفى و چيارم جوى پاى بشت"
                    HPOS="146"
                    VPOS="273"
                    WIDTH="949"
                    HEIGHT="77"
                    WC="0.8978255224227906"></String>
          </TextLine>

          
          
          <TextLine ID="eSc_line_a650d719"
                    TAGREFS="LT4837"
                    BASELINE="762 407 1098 399" 
                    HPOS="759"
                    VPOS="351"
                    WIDTH="339"
                    HEIGHT="83">
            <Shape><Polygon POINTS="1054 374 1040 398 1035 368 1015 370 1010 365 991 351 990 351 989 351 987 351 986 351 984 351 965 365 954 372 938 372 930 364 919 354 917 354 916 354 915 354 913 354 882 363 868 367 820 367 814 361 810 357 808 357 807 357 806 357 759 360 762 407 764 434 817 417 838 428 841 430 842 430 843 430 860 427 882 423 898 424 958 430 959 430 961 430 962 430 979 417 987 413 1017 413 1021 414 1051 427 1053 427 1054 427 1056 427 1057 427 1068 420 1074 424 1074 425 1075 425 1077 425 1078 425 1079 425 1081 425 1098 410 1098 399 1093 368 1056 368 1054 374"/></Shape>
	    <String CONTENT="صحيف رسی و پيجم"
                    HPOS="759"
                    VPOS="351"
                    WIDTH="339"
                    HEIGHT="83"
                    WC="0.9447586377461751"></String>
          </TextLine>

          
          
          <TextLine ID="eSc_line_f343eaa2"
                    TAGREFS="LT4837"
                    BASELINE="145 393 637 389 684 395" 
                    HPOS="143"
                    VPOS="343"
                    WIDTH="541"
                    HEIGHT="77">
            <Shape><Polygon POINTS="145 393 145 403 189 416 191 416 192 416 194 416 195 416 195 414 208 403 209 403 210 403 245 413 247 413 248 413 250 413 251 413 262 405 283 419 284 419 286 419 287 420 333 420 333 419 335 419 373 407 388 412 389 412 391 412 392 412 393 412 403 403 406 402 474 402 474 403 493 417 494 417 495 417 497 417 535 416 536 416 537 416 537 414 550 403 553 400 565 403 600 409 602 409 603 409 617 403 623 400 631 403 649 407 651 407 652 407 683 402 684 395 683 365 641 365 614 346 613 346 611 346 558 343 557 343 556 343 515 365 514 365 498 365 465 365 428 344 427 344 426 344 368 351 346 344 345 344 343 344 342 344 340 344 328 354 297 346 296 346 294 346 293 346 252 365 248 361 248 360 247 360 245 360 244 360 243 360 241 360 241 361 234 367 234 368 143 368 145 393"/></Shape>
	    <String CONTENT="خور العين و درخت طوبی"
                    HPOS="143"
                    VPOS="343"
                    WIDTH="541"
                    HEIGHT="77"
                    WC="0.9278367303666615"></String>
          </TextLine>

          
          
          <TextLine ID="eSc_line_5fcfeca1"
                    TAGREFS="LT4837"
                    BASELINE="139 472 796 466 1098 474" 
                    HPOS="138"
                    VPOS="421"
                    WIDTH="960"
                    HEIGHT="81">
            <Shape><Polygon POINTS="1074 472 1060 465 1051 441 1007 441 991 430 990 430 989 430 987 430 986 430 949 439 915 425 913 425 912 425 910 425 891 437 871 421 870 421 868 421 867 421 820 428 810 421 808 421 807 421 806 421 804 421 803 421 792 431 778 425 776 425 775 425 773 425 772 425 772 427 757 441 716 423 715 423 713 423 572 431 526 423 525 423 523 423 522 423 508 435 470 437 448 423 447 423 445 423 444 423 442 423 441 423 420 437 374 423 373 423 317 423 315 423 314 423 284 434 269 424 268 424 266 424 265 424 264 424 262 424 241 442 138 442 139 472 139 490 254 484 269 491 280 495 282 495 283 495 317 491 329 501 331 501 332 501 333 501 335 501 356 491 364 487 396 491 476 501 477 501 479 501 480 501 493 491 501 484 511 491 512 493 514 493 515 493 516 493 518 493 522 491 539 484 588 491 592 491 593 491 599 491 662 484 674 491 690 501 691 501 692 501 694 502 753 502 753 501 754 501 755 501 769 491 779 484 801 491 803 491 804 491 806 491 807 491 815 484 828 491 839 500 841 500 842 500 843 501 929 501 929 500 930 500 949 491 972 483 1007 483 1026 491 1043 500 1044 500 1046 500 1098 491 1098 474 1096 441 1079 441 1074 472"/></Shape>
	    <String CONTENT="صحيفه وی و ششم در اشارت بدوزخ و درهای دوزخ و ز بازه"
                    HPOS="138"
                    VPOS="421"
                    WIDTH="960"
                    HEIGHT="81"
                    WC="0.9214637939836464"></String>
          </TextLine>

          
          
          <TextLine ID="eSc_line_0c340788"
                    TAGREFS="LT4837"
                    BASELINE="245 537 568 534 1007 547" 
                    HPOS="244"
                    VPOS="498"
                    WIDTH="763"
                    HEIGHT="71">
            <Shape><Polygon POINTS="245 537 244 550 375 560 377 560 378 560 379 560 389 553 399 547 449 554 468 555 469 555 470 555 472 555 472 554 473 554 479 548 607 548 620 555 628 560 630 560 631 560 706 558 713 564 713 565 715 565 716 565 718 565 776 558 815 554 852 560 916 569 917 569 1005 561 1007 547 1005 516 963 522 955 515 951 512 951 511 949 511 948 511 889 508 888 508 887 508 885 508 885 509 881 512 873 520 754 520 678 508 648 504 646 504 628 506 588 513 546 508 544 508 543 508 529 515 516 504 515 504 514 504 512 504 509 504 468 513 333 513 319 501 319 500 318 500 317 500 245 498 245 537"/></Shape>
	    <String CONTENT="دوزرخ"
                    HPOS="244"
                    VPOS="498"
                    WIDTH="763"
                    HEIGHT="71"
                    WC="0.8445320427417755"></String>
          </TextLine>

          
          
          <TextLine ID="eSc_line_a441a97b"
                    TAGREFS="LT4837"
                    BASELINE="138 620 243 614 1005 618" 
                    HPOS="136"
                    VPOS="565"
                    WIDTH="869"
                    HEIGHT="84">
            <Shape><Polygon POINTS="138 620 136 627 171 645 173 645 174 645 176 645 216 628 293 628 318 645 319 645 321 645 322 645 324 645 356 636 385 646 386 646 388 646 426 639 516 646 518 646 519 646 521 646 521 645 537 629 569 629 596 629 623 646 624 646 625 646 627 646 676 639 687 648 688 648 690 648 691 649 722 649 722 648 723 648 762 631 807 631 822 645 822 646 824 646 825 646 827 646 828 646 860 636 874 648 875 648 877 648 878 648 880 648 923 631 962 641 963 641 965 641 966 641 1004 629 1005 618 1004 582 930 567 929 567 927 567 899 582 887 589 867 582 857 579 856 579 854 579 853 579 848 582 836 589 827 582 817 575 815 575 814 575 813 575 811 575 810 575 801 582 787 575 786 575 785 575 783 575 782 575 772 583 766 587 759 583 748 574 747 574 746 574 744 574 743 574 723 583 720 585 719 583 709 575 709 574 708 574 706 574 705 574 704 574 702 574 687 583 681 586 677 583 662 569 662 568 660 568 659 568 658 568 656 568 655 568 637 581 614 565 613 565 611 565 556 565 554 565 553 565 551 565 551 567 532 585 530 586 528 585 491 565 490 565 488 565 407 572 393 565 392 565 391 565 389 565 388 565 361 585 360 586 352 586 247 572 245 572 244 572 243 572 222 586 220 587 138 587 138 620"/></Shape>
	    <String CONTENT="ندا قرست مصامين رساله شررح امراتب"
                    HPOS="136"
                    VPOS="565"
                    WIDTH="869"
                    HEIGHT="84"
                    WC="0.8935401557069836"></String>
          </TextLine>

          
          
          <TextLine ID="eSc_line_24bdabbf"
                    TAGREFS="LT4837"
                    BASELINE="148 759 532 754 1007 765" 
                    HPOS="146"
                    VPOS="708"
                    WIDTH="861"
                    HEIGHT="85">
            <Shape><Polygon POINTS="148 759 146 768 156 776 156 777 157 777 159 777 194 779 195 779 196 779 198 779 216 766 217 765 223 766 257 775 258 775 259 775 261 775 278 766 300 780 301 780 303 780 304 780 305 780 307 780 329 766 333 765 398 765 400 766 423 780 424 780 426 780 427 780 428 780 430 780 445 768 447 766 563 766 563 768 588 789 588 790 589 790 590 790 592 791 664 791 664 790 666 790 695 775 712 790 712 791 713 791 715 791 716 793 832 793 832 791 875 783 913 793 915 793 916 793 955 790 956 790 958 790 958 789 979 770 1005 770 1007 765 1004 719 987 727 976 719 969 713 968 713 966 713 965 713 936 719 933 719 927 719 841 712 839 712 838 712 836 712 828 719 817 729 771 730 751 730 741 719 734 713 734 712 733 712 732 712 730 712 667 717 645 710 644 710 642 710 641 710 639 710 639 712 631 720 630 720 627 720 600 715 599 715 597 715 585 720 564 729 533 720 532 720 530 720 529 720 491 727 481 720 468 709 466 709 465 709 448 709 447 709 445 709 444 709 444 710 433 720 427 726 414 720 405 716 403 716 402 716 400 716 384 720 357 727 336 720 298 708 297 708 296 708 294 708 268 715 261 709 261 708 259 708 258 708 257 708 255 708 254 708 238 720 231 726 148 722 148 759"/></Shape>
	    <String CONTENT="مر تبه اول امام"
                    HPOS="146"
                    VPOS="708"
                    WIDTH="861"
                    HEIGHT="85"
                    WC="0.9196514050165813"></String>
          </TextLine>

          
          
          <TextLine ID="eSc_line_f6b0bbee"
                    TAGREFS="LT4837"
                    BASELINE="173 835 437 832 1070 843" 
                    HPOS="171"
                    VPOS="793"
                    WIDTH="899"
                    HEIGHT="74">
            <Shape><Polygon POINTS="173 835 171 849 184 854 185 854 187 854 188 854 189 854 196 849 208 840 266 840 287 850 310 858 311 858 312 858 314 858 315 858 324 850 335 842 381 842 389 851 391 851 391 853 392 853 393 853 395 853 396 853 402 851 430 843 550 843 606 856 653 864 655 864 761 858 764 858 766 858 824 865 825 865 827 865 828 865 836 860 845 854 857 860 875 867 877 867 878 867 880 867 903 860 926 854 944 861 948 863 949 863 951 864 1068 864 1070 843 1068 805 1001 815 989 805 987 805 986 805 984 805 937 814 923 805 920 803 919 803 917 803 916 803 901 805 871 810 843 805 821 801 820 801 818 801 817 801 817 803 814 805 804 814 762 814 712 812 697 805 684 800 683 800 681 800 680 800 667 805 663 807 658 805 644 798 642 798 641 798 639 798 617 805 600 810 589 805 576 798 575 798 574 798 572 798 549 805 533 808 519 805 505 801 504 801 502 801 501 801 500 801 495 805 490 808 414 808 412 805 402 797 402 796 400 796 399 796 366 796 364 796 363 796 361 796 350 805 347 807 343 805 317 794 315 794 314 794 312 794 289 803 230 793 229 793 227 793 226 793 212 805 173 805 173 835"/></Shape>
	    <String CONTENT="هردومبا با"
                    HPOS="171"
                    VPOS="793"
                    WIDTH="899"
                    HEIGHT="74"
                    WC="0.9247531294822693"></String>
          </TextLine>

          
          
          <TextLine ID="eSc_line_632e36fb"
                    TAGREFS="LT4837"
                    BASELINE="155 910 1075 916" 
                    HPOS="153"
                    VPOS="872"
                    WIDTH="922"
                    HEIGHT="69">
            <Shape><Polygon POINTS="1021 912 1015 886 998 879 991 877 990 877 878 877 877 877 875 877 868 881 849 891 822 881 814 878 813 878 811 878 810 878 804 881 787 891 720 891 705 882 697 878 695 878 694 878 692 878 678 882 652 889 628 882 617 879 616 879 614 879 576 882 523 888 516 884 509 878 508 878 507 878 505 878 504 878 488 884 474 888 456 884 430 878 428 878 427 878 403 884 389 888 385 884 373 872 371 872 370 872 368 872 367 872 340 885 339 885 315 872 314 872 243 872 241 872 240 872 238 872 220 885 219 886 213 885 178 878 177 878 176 878 155 885 155 910 153 919 189 934 191 934 192 934 194 934 219 921 268 921 297 921 314 935 314 937 315 937 317 937 318 937 435 923 447 923 569 923 574 925 586 937 586 938 588 938 589 938 614 939 616 941 825 941 825 939 882 934 884 934 885 934 885 932 888 930 894 925 915 931 943 937 944 937 968 931 993 925 1007 932 1019 938 1021 938 1022 938 1074 932 1075 916 1074 879 1025 889 1021 912"/></Shape>
	    <String CONTENT="مر تبرع هوم حجت"
                    HPOS="153"
                    VPOS="872"
                    WIDTH="922"
                    HEIGHT="69"
                    WC="0.9420498291651408"></String>
          </TextLine>

          
          
          <TextLine ID="eSc_line_3b7a50e4"
                    TAGREFS="LT4837"
                    BASELINE="162 984 1065 988" 
                    HPOS="160"
                    VPOS="945"
                    WIDTH="905"
                    HEIGHT="71">
            <Shape><Polygon POINTS="160 994 188 1011 189 1011 191 1011 192 1011 194 1011 226 994 227 994 234 994 301 1002 303 1002 331 997 345 994 462 994 557 994 565 1002 578 1013 579 1013 581 1013 582 1013 635 1006 687 1013 688 1013 690 1013 691 1013 701 1005 702 1004 705 1005 722 1013 723 1013 794 1015 796 1015 797 1015 799 1015 806 1009 811 1013 811 1015 813 1015 814 1015 815 1015 817 1015 836 1009 843 1006 846 1009 852 1015 853 1015 854 1015 856 1016 948 1016 948 1015 949 1015 951 1015 955 1012 975 997 1019 1013 1021 1013 1022 1013 1024 1015 1064 1015 1065 988 1061 951 1019 963 994 951 986 946 984 946 983 946 952 951 926 953 889 951 861 948 860 948 859 948 857 948 854 951 846 955 835 951 825 946 824 946 822 946 821 946 820 946 815 951 806 958 773 953 772 953 729 962 716 951 711 946 711 945 709 945 708 945 627 945 625 945 624 945 611 951 585 963 481 963 458 951 456 951 455 951 454 951 452 951 438 959 426 952 424 952 423 952 421 952 402 962 291 962 273 951 265 945 264 945 262 945 261 945 259 945 258 945 250 951 233 960 196 960 163 951 162 984 160 994"/></Shape>
	    <String CONTENT="مر تبر چبارم داعى"
                    HPOS="160"
                    VPOS="945"
                    WIDTH="905"
                    HEIGHT="71"
                    WC="0.9353133369894588"></String>
          </TextLine>

          
          
          <TextLine ID="eSc_line_16c1fefc"
                    TAGREFS="LT4837"
                    BASELINE="159 1054 1071 1064" 
                    HPOS="157"
                    VPOS="1013"
                    WIDTH="914"
                    HEIGHT="83">
            <Shape><Polygon POINTS="159 1054 157 1065 181 1081 183 1081 184 1081 185 1081 187 1081 213 1067 298 1075 300 1075 301 1075 303 1075 303 1074 310 1068 400 1068 449 1079 451 1079 452 1079 480 1069 511 1086 512 1086 514 1086 557 1076 578 1089 579 1089 581 1089 582 1089 678 1079 699 1093 701 1093 702 1093 810 1094 811 1096 853 1096 853 1094 854 1094 856 1094 871 1083 885 1094 887 1094 888 1094 889 1096 913 1096 913 1094 915 1094 916 1094 934 1078 973 1089 975 1089 976 1089 977 1089 979 1089 996 1075 1043 1085 1044 1085 1046 1085 1070 1075 1071 1064 1070 1025 1007 1033 979 1025 961 1019 959 1019 930 1018 929 1018 927 1018 926 1018 919 1025 917 1025 910 1018 909 1018 908 1018 906 1018 864 1025 863 1025 860 1025 820 1018 818 1018 817 1018 815 1018 807 1025 794 1036 739 1036 723 1026 719 1022 718 1022 716 1022 715 1022 713 1022 704 1026 683 1034 676 1027 676 1026 674 1026 673 1026 671 1026 670 1026 642 1033 625 1026 600 1015 599 1015 542 1013 540 1013 539 1013 537 1013 522 1025 473 1015 472 1015 470 1015 441 1027 428 1032 413 1027 400 1023 399 1023 398 1023 378 1027 370 1029 368 1027 356 1018 354 1018 353 1018 352 1018 350 1018 349 1018 336 1027 332 1030 324 1027 311 1023 310 1023 308 1023 307 1023 298 1027 293 1030 284 1027 272 1023 271 1023 269 1023 236 1027 227 1029 226 1027 217 1020 216 1020 215 1020 213 1020 159 1027 159 1054"/></Shape>
	    <String CONTENT="مر تبپنجم با فرون اگبر"
                    HPOS="157"
                    VPOS="1013"
                    WIDTH="914"
                    HEIGHT="83"
                    WC="0.9295461313291029"></String>
          </TextLine>

          
          
          <TextLine ID="eSc_line_3eff4565"
                    TAGREFS="LT4837"
                    BASELINE="157 1129 528 1138 1064 1134" 
                    HPOS="156"
                    VPOS="1089"
                    WIDTH="908"
                    HEIGHT="77">
            <Shape><Polygon POINTS="157 1129 156 1141 185 1153 187 1153 188 1155 188 1153 189 1153 217 1142 219 1142 303 1142 308 1145 318 1149 319 1149 321 1149 347 1145 370 1142 412 1145 413 1146 428 1160 430 1160 431 1160 480 1162 481 1162 483 1162 516 1149 523 1146 530 1149 565 1166 567 1166 568 1166 630 1156 776 1166 778 1166 779 1166 800 1155 814 1148 849 1156 867 1160 868 1160 887 1157 929 1148 943 1157 944 1157 945 1157 947 1157 948 1157 994 1143 1060 1160 1064 1134 1060 1103 1008 1103 1005 1101 984 1090 983 1090 982 1090 917 1100 895 1090 894 1090 836 1090 835 1090 834 1090 832 1090 832 1092 822 1100 814 1108 792 1099 776 1093 775 1093 773 1093 772 1093 771 1093 765 1099 751 1111 625 1111 603 1097 592 1090 590 1090 589 1090 501 1090 500 1090 498 1090 497 1090 497 1092 491 1096 476 1111 435 1111 419 1099 417 1099 416 1099 414 1099 312 1108 298 1097 298 1096 297 1096 296 1096 294 1096 293 1096 291 1096 275 1107 231 1108 213 1093 209 1090 209 1089 208 1089 206 1089 205 1089 157 1092 157 1129"/></Shape>
	    <String CONTENT="مرششرو شنشم مادون اصغر"
                    HPOS="156"
                    VPOS="1089"
                    WIDTH="908"
                    HEIGHT="77"
                    WC="0.914760566570542"></String>
          </TextLine>

          
          
          <TextLine ID="eSc_line_95d8853e"
                    TAGREFS="LT4837"
                    BASELINE="150 1209 817 1212 1063 1205" 
                    HPOS="149"
                    VPOS="1169"
                    WIDTH="914"
                    HEIGHT="68">
            <Shape><Polygon POINTS="150 1209 149 1216 170 1229 171 1229 173 1229 174 1229 176 1229 202 1216 250 1216 275 1229 276 1229 278 1229 279 1229 297 1219 307 1227 307 1229 308 1229 310 1229 311 1229 342 1224 370 1236 371 1236 373 1236 374 1236 417 1216 474 1216 476 1216 498 1236 500 1236 501 1236 502 1237 579 1237 579 1236 581 1236 582 1236 600 1220 630 1224 631 1224 632 1224 634 1224 642 1216 658 1224 659 1224 660 1224 662 1224 663 1224 670 1219 690 1236 691 1236 692 1236 694 1237 764 1237 764 1236 765 1236 766 1236 766 1234 775 1227 870 1236 871 1236 873 1236 916 1217 917 1217 919 1217 940 1229 941 1229 943 1229 944 1229 965 1217 969 1216 1022 1216 1029 1219 1049 1226 1050 1226 1051 1226 1053 1226 1054 1226 1061 1219 1063 1205 1057 1174 1029 1181 1021 1174 1015 1170 1015 1169 1014 1169 1012 1169 927 1169 926 1169 924 1169 923 1169 923 1170 916 1175 915 1177 913 1175 905 1170 905 1169 903 1169 902 1169 835 1169 834 1169 832 1169 808 1177 785 1188 697 1188 687 1180 673 1169 671 1169 670 1169 669 1169 667 1169 620 1181 599 1185 540 1182 498 1180 497 1180 495 1180 494 1180 490 1182 483 1188 347 1188 343 1185 322 1174 321 1174 319 1174 318 1174 294 1185 293 1187 293 1185 284 1178 283 1178 282 1178 280 1178 279 1178 278 1178 271 1182 264 1177 264 1175 262 1175 261 1175 259 1175 258 1175 245 1181 180 1171 178 1171 177 1171 150 1185 150 1209"/></Shape>
	    <String CONTENT="مفتمستجب"
                    HPOS="149"
                    VPOS="1169"
                    WIDTH="914"
                    HEIGHT="68"
                    WC="0.9946882277727127"></String>
          </TextLine>

          
          
          <TextLine ID="eSc_line_e96ce5cb"
                    TAGREFS="LT4837"
                    BASELINE="238 1284 694 1289 1060 1277" 
                    HPOS="237"
                    VPOS="1244"
                    WIDTH="823"
                    HEIGHT="73">
            <Shape><Polygon POINTS="238 1284 238 1296 317 1296 359 1317 360 1317 361 1317 363 1317 403 1307 442 1317 444 1317 445 1317 447 1317 448 1317 470 1301 557 1315 558 1317 637 1317 637 1315 638 1315 676 1300 715 1312 716 1312 718 1312 719 1312 720 1312 736 1303 758 1314 759 1314 761 1315 820 1315 820 1314 821 1314 866 1293 870 1293 979 1298 980 1298 1018 1291 1024 1291 1035 1300 1036 1300 1038 1300 1039 1300 1040 1300 1060 1291 1060 1277 1058 1252 1049 1244 1047 1244 1046 1244 1044 1244 1043 1244 1042 1244 1028 1255 1025 1257 1021 1255 996 1244 994 1244 934 1244 933 1244 931 1244 930 1244 930 1245 923 1251 867 1245 866 1245 864 1245 843 1254 773 1245 772 1245 694 1258 688 1258 671 1247 670 1247 669 1247 641 1247 639 1247 638 1247 637 1247 623 1258 620 1259 585 1258 459 1254 458 1254 456 1254 455 1254 447 1259 445 1261 440 1259 412 1254 410 1254 409 1254 392 1261 391 1261 389 1261 375 1250 374 1250 373 1250 371 1250 370 1250 343 1261 329 1248 328 1248 326 1248 325 1248 324 1248 300 1261 298 1262 237 1262 238 1284"/></Shape>
	    <String CONTENT="بامب در پيان شناختن بيفت خدود دين"
                    HPOS="237"
                    VPOS="1244"
                    WIDTH="823"
                    HEIGHT="73"
                    WC="0.9272467837189183"></String>
          </TextLine>

          
          
          <TextLine ID="eSc_line_17116d07"
                    TAGREFS="LT4837"
                    BASELINE="149 1284 226 1284" 
                    HPOS="149"
                    VPOS="1241"
                    WIDTH="77"
                    HEIGHT="60">
            <Shape><Polygon POINTS="149 1284 149 1293 194 1301 195 1301 196 1301 226 1291 226 1284 224 1241 149 1250 149 1284"/></Shape>
	    <String CONTENT=""
                    HPOS="149"
                    VPOS="1241"
                    WIDTH="77"
                    HEIGHT="60"></String>
          </TextLine>

          
          
          <TextLine ID="eSc_line_a5ef717a"
                    TAGREFS="LT4837"
                    BASELINE="149 1358 685 1358 996 1347" 
                    HPOS="148"
                    VPOS="1311"
                    WIDTH="848"
                    HEIGHT="71">
            <Shape><Polygon POINTS="986 1346 982 1329 979 1329 962 1312 962 1311 961 1311 959 1311 922 1311 920 1311 919 1311 892 1325 868 1312 867 1312 866 1312 864 1312 863 1312 845 1326 829 1314 828 1314 827 1314 768 1312 766 1312 765 1312 733 1328 663 1314 662 1314 660 1314 609 1331 606 1332 604 1331 586 1318 585 1318 583 1318 476 1315 474 1315 473 1315 472 1315 472 1317 455 1332 454 1335 216 1335 213 1333 183 1319 181 1319 180 1319 178 1319 177 1319 160 1333 159 1335 148 1335 149 1358 149 1367 178 1378 180 1378 181 1378 183 1378 213 1367 215 1367 217 1367 300 1374 301 1374 303 1374 321 1365 339 1375 340 1375 342 1375 400 1365 426 1381 427 1381 428 1381 430 1382 456 1382 456 1381 539 1379 540 1379 542 1379 563 1364 590 1379 592 1379 593 1379 662 1368 673 1377 674 1377 676 1377 677 1377 704 1371 726 1378 727 1378 729 1378 821 1364 913 1377 915 1377 916 1377 917 1377 917 1375 936 1360 994 1360 996 1347 994 1340 986 1346"/></Shape>
	    <String CONTENT="خصيل در صفات مومنان اسم يل"
                    HPOS="148"
                    VPOS="1311"
                    WIDTH="848"
                    HEIGHT="71"
                    WC="0.9479699455774747"></String>
          </TextLine>

          
          
          <TextLine ID="eSc_line_3a2c8809"
                    TAGREFS="LT4837"
                    BASELINE="145 1431 374 1441 930 1430" 
                    HPOS="143"
                    VPOS="1386"
                    WIDTH="787"
                    HEIGHT="80">
            <Shape><Polygon POINTS="145 1431 145 1446 271 1445 275 1449 290 1463 290 1465 291 1465 293 1465 294 1466 333 1466 333 1465 335 1465 336 1465 336 1463 350 1451 356 1445 396 1445 405 1451 413 1459 414 1459 416 1459 417 1459 419 1459 420 1459 430 1451 433 1451 479 1451 479 1452 488 1460 490 1460 491 1460 493 1460 494 1460 516 1452 537 1445 547 1453 557 1462 558 1462 560 1462 561 1463 585 1463 585 1462 586 1462 602 1453 620 1442 634 1451 635 1451 637 1451 638 1451 639 1451 641 1451 653 1444 662 1451 662 1452 663 1452 664 1452 666 1452 694 1446 722 1455 725 1456 726 1456 727 1456 733 1455 768 1448 778 1456 780 1458 780 1459 782 1459 783 1459 785 1459 859 1458 860 1458 861 1458 877 1444 898 1458 899 1459 901 1459 902 1459 903 1459 930 1458 930 1430 926 1386 888 1388 887 1388 885 1388 885 1389 874 1400 861 1393 860 1393 859 1393 857 1393 836 1402 813 1392 811 1392 810 1392 808 1392 807 1392 807 1393 797 1403 771 1405 719 1405 687 1389 685 1389 649 1389 648 1389 646 1389 645 1389 625 1406 519 1406 501 1392 500 1392 498 1392 497 1392 495 1392 459 1406 445 1396 444 1396 442 1396 441 1396 440 1396 417 1403 406 1393 406 1392 405 1392 403 1392 402 1392 392 1393 352 1402 324 1395 319 1393 318 1393 317 1393 315 1393 314 1393 314 1395 300 1407 283 1400 282 1400 280 1400 279 1400 261 1409 143 1398 145 1431"/></Shape>
	    <String CONTENT="قهرست مضامين دو ازده فصل"
                    HPOS="143"
                    VPOS="1386"
                    WIDTH="787"
                    HEIGHT="80"
                    WC="0.944198248287042"></String>
          </TextLine>

          
          
          <TextLine ID="eSc_line_8b9c0b19"
                    TAGREFS="LT4837"
                    BASELINE="148 1508 688 1511 984 1497" 
                    HPOS="146"
                    VPOS="1462"
                    WIDTH="838"
                    HEIGHT="72">
            <Shape><Polygon POINTS="970 1484 956 1486 943 1487 929 1498 915 1497 901 1494 898 1481 898 1483 888 1477 864 1462 863 1462 861 1462 806 1462 804 1462 803 1462 801 1462 779 1479 778 1480 776 1479 758 1470 757 1470 755 1470 754 1470 753 1470 737 1480 732 1484 727 1480 723 1476 722 1476 720 1476 719 1476 687 1480 667 1463 666 1463 664 1463 663 1463 662 1463 616 1480 551 1463 550 1463 549 1463 473 1465 472 1465 470 1465 444 1484 441 1486 435 1484 416 1477 414 1477 413 1477 412 1477 410 1477 410 1479 403 1484 402 1486 392 1484 346 1479 345 1479 343 1479 342 1479 342 1480 336 1486 333 1488 279 1488 272 1486 208 1472 206 1472 205 1472 146 1487 148 1508 148 1519 160 1526 162 1526 163 1526 164 1526 166 1526 178 1518 199 1529 201 1529 202 1529 203 1529 205 1529 219 1518 222 1518 272 1518 282 1527 283 1527 284 1527 286 1527 423 1516 444 1533 445 1533 447 1533 448 1534 468 1534 468 1533 469 1533 505 1519 530 1527 532 1527 533 1527 583 1518 597 1530 597 1532 599 1532 600 1532 602 1533 684 1533 684 1532 748 1518 768 1530 769 1530 771 1530 772 1530 845 1523 896 1530 898 1530 899 1530 901 1530 901 1529 917 1512 984 1511 984 1497 982 1484 970 1484"/></Shape>
	    <String CONTENT="اول درييان مرتيد اول"
                    HPOS="146"
                    VPOS="1462"
                    WIDTH="838"
                    HEIGHT="72"
                    WC="0.9314218580722808"></String>
          </TextLine>

          
          
          <TextLine ID="eSc_line_ab504e35"
                    TAGREFS="LT4837"
                    BASELINE="711 1574 861 1572 987 1561" 
                    HPOS="709"
                    VPOS="1527"
                    WIDTH="278"
                    HEIGHT="74">
            <Shape><Polygon POINTS="975 1560 965 1530 959 1527 958 1527 956 1527 955 1527 936 1537 910 1529 909 1529 908 1529 906 1529 870 1544 808 1533 807 1533 806 1533 772 1550 709 1551 711 1574 711 1586 744 1586 748 1589 762 1601 764 1601 765 1601 766 1601 841 1590 850 1589 854 1590 874 1597 875 1597 877 1597 878 1597 902 1590 948 1578 984 1592 987 1561 986 1540 982 1537 975 1560"/></Shape>
	    <String CONTENT="کصل دوم"
                    HPOS="709"
                    VPOS="1527"
                    WIDTH="278"
                    HEIGHT="74"
                    WC="0.9651720608983722"></String>
          </TextLine>

          
          
          <TextLine ID="eSc_line_53661a88"
                    TAGREFS="LT4837"
                    BASELINE="155 1578 676 1575" 
                    HPOS="153"
                    VPOS="1529"
                    WIDTH="523"
                    HEIGHT="72">
            <Shape><Polygon POINTS="155 1578 157 1599 177 1585 223 1586 231 1594 231 1596 233 1596 234 1596 236 1596 237 1596 238 1596 255 1585 269 1592 271 1592 272 1592 300 1586 343 1594 363 1599 364 1599 391 1594 427 1588 434 1593 441 1599 441 1600 442 1600 444 1600 445 1601 568 1601 568 1600 569 1600 571 1600 581 1592 590 1583 673 1589 676 1575 671 1553 625 1554 620 1551 572 1529 571 1529 569 1529 568 1529 567 1529 556 1536 549 1530 549 1529 547 1529 546 1529 469 1529 468 1529 466 1529 465 1529 440 1551 437 1554 410 1557 268 1557 252 1550 224 1540 223 1540 222 1540 220 1540 212 1544 191 1530 189 1530 188 1530 187 1530 185 1530 153 1547 155 1578"/></Shape>
	    <String CONTENT="هرتيه شانى"
                    HPOS="153"
                    VPOS="1529"
                    WIDTH="523"
                    HEIGHT="72"
                    WC="0.9787018239498139"></String>
          </TextLine>

          
        </TextBlock>
        
        <TextBlock HPOS="1039"
                   VPOS="1541"
                   WIDTH="32"
                   HEIGHT="38"
                   ID="eSc_textblock_90db7421"
                   TAGREFS="BT16089">
          <Shape><Polygon POINTS="1065 1541 1071 1579 1039 1579 1039 1547 1065 1541"/></Shape>
          
          
          <TextLine ID="eSc_line_7b4f9712"
                    TAGREFS="LT4837"
                    BASELINE="1038 1564 1053 1560" 
                    HPOS="1036"
                    VPOS="1544"
                    WIDTH="25"
                    HEIGHT="56">
            <Shape><Polygon POINTS="1046 1544 1036 1558 1038 1564 1047 1600 1061 1594 1053 1560 1046 1544 1046 1544"/></Shape>
	    <String CONTENT=""
                    HPOS="1036"
                    VPOS="1544"
                    WIDTH="25"
                    HEIGHT="56"></String>
          </TextLine>

          
        </TextBlock>
        
        <TextBlock HPOS="1005"
                   VPOS="39"
                   WIDTH="221"
                   HEIGHT="76"
                   ID="eSc_textblock_b17e54e3"
                   TAGREFS="BT16085">
          <Shape><Polygon POINTS="1103 39 1226 50 1222 115 1005 76 1011 44 1103 39"/></Shape>
          
        </TextBlock>
        
        <TextBlock HPOS="564"
                   VPOS="117"
                   WIDTH="110"
                   HEIGHT="21"
                   ID="eSc_textblock_365cac9a"
                   TAGREFS="BT16093">
          <Shape><Polygon POINTS="648 117 674 132 564 138 646 122 648 117"/></Shape>
          
        </TextBlock>
        
        <TextBlock HPOS="273"
                   VPOS="94"
                   WIDTH="306"
                   HEIGHT="21"
                   ID="eSc_textblock_9b0b0a4c"
                   TAGREFS="BT16086">
          <Shape><Polygon POINTS="304 94 551 94 579 110 273 115 304 94"/></Shape>
          
        </TextBlock>
        
        <TextBlock HPOS="715"
                   VPOS="89"
                   WIDTH="54"
                   HEIGHT="4"
                   ID="eSc_textblock_8324bbb0"
                   TAGREFS="BT16086">
          <Shape><Polygon POINTS="718 89 769 89 769 93 715 93 718 89"/></Shape>
          
        </TextBlock>
        
        <TextBlock HPOS="838"
                   VPOS="89"
                   WIDTH="32"
                   HEIGHT="4"
                   ID="eSc_textblock_49674169"
                   TAGREFS="BT16086">
          <Shape><Polygon POINTS="841 89 870 89 870 93 838 93 841 89"/></Shape>
          
        </TextBlock>
        
        <TextBlock HPOS="1050"
                   VPOS="770"
                   WIDTH="10"
                   HEIGHT="10"
                   ID="eSc_textblock_2ec7a8b1"
                   TAGREFS="BT16089">
          <Shape><Polygon POINTS="1054 770 1060 770 1060 780 1050 780 1054 770"/></Shape>
          
        </TextBlock>
        
        <TextBlock HPOS="1033"
                   VPOS="955"
                   WIDTH="49"
                   HEIGHT="49"
                   ID="eSc_textblock_c10bab36"
                   TAGREFS="BT16089">
          <Shape><Polygon POINTS="1071 955 1082 1004 1033 1004 1039 960 1071 955"/></Shape>
          
        </TextBlock>
        
        <TextBlock HPOS="1033"
                   VPOS="1033"
                   WIDTH="49"
                   HEIGHT="43"
                   ID="eSc_textblock_69985bc2"
                   TAGREFS="BT16089">
          <Shape><Polygon POINTS="1071 1033 1082 1076 1033 1076 1039 1044 1071 1033"/></Shape>
          
        </TextBlock>
        
        <TextBlock HPOS="1033"
                   VPOS="821"
                   WIDTH="55"
                   HEIGHT="37"
                   ID="eSc_textblock_8a4c0dde"
                   TAGREFS="BT16089">
          <Shape><Polygon POINTS="1044 821 1088 826 1077 858 1033 853 1044 821"/></Shape>
          
        </TextBlock>
        
        <TextBlock HPOS="1039"
                   VPOS="1106"
                   WIDTH="43"
                   HEIGHT="49"
                   ID="eSc_textblock_8257ca97"
                   TAGREFS="BT16089">
          <Shape><Polygon POINTS="1050 1106 1082 1117 1077 1155 1039 1149 1050 1106"/></Shape>
          
        </TextBlock>
        
        <TextBlock HPOS="1033"
                   VPOS="882"
                   WIDTH="60"
                   HEIGHT="49"
                   ID="eSc_textblock_d600319e"
                   TAGREFS="BT16089">
          <Shape><Polygon POINTS="1077 882 1093 899 1082 931 1039 931 1033 893 1077 882"/></Shape>
          
        </TextBlock>
        
        <TextBlock HPOS="1028"
                   VPOS="1247"
                   WIDTH="43"
                   HEIGHT="47"
                   ID="eSc_textblock_26eec153"
                   TAGREFS="BT16089">
          <Shape><Polygon POINTS="1060 1247 1071 1294 1039 1294 1028 1262 1060 1247"/></Shape>
          
        </TextBlock>
        
        <TextBlock HPOS="1033"
                   VPOS="1318"
                   WIDTH="38"
                   HEIGHT="21"
                   ID="eSc_textblock_6c6d6cad"
                   TAGREFS="BT16089">
          <Shape><Polygon POINTS="1056 1318 1071 1339 1033 1333 1039 1324 1056 1318"/></Shape>
          
        </TextBlock>
        
        <TextBlock HPOS="1033"
                   VPOS="1178"
                   WIDTH="44"
                   HEIGHT="44"
                   ID="eSc_textblock_173230db"
                   TAGREFS="BT16089">
          <Shape><Polygon POINTS="1056 1178 1077 1184 1071 1222 1033 1199 1056 1178"/></Shape>
          
        </TextBlock>
        
        <TextBlock HPOS="85"
                   VPOS="61"
                   WIDTH="64"
                   HEIGHT="49"
                   ID="eSc_textblock_8962ec71"
                   TAGREFS="BT16085">
          <Shape><Polygon POINTS="85 61 138 61 149 76 100 110 85 61"/></Shape>
          
        </TextBlock>
        
        <TextBlock HPOS="1050"
                   VPOS="1476"
                   WIDTH="21"
                   HEIGHT="14"
                   ID="eSc_textblock_dda077bd"
                   TAGREFS="BT16089">
          <Shape><Polygon POINTS="1065 1476 1071 1490 1050 1484 1050 1480 1065 1476"/></Shape>
          
        </TextBlock>
        
        <TextBlock HPOS="592"
                   VPOS="50"
                   WIDTH="4"
                   HEIGHT="4"
                   ID="eSc_textblock_931c769d"
                   TAGREFS="BT16085">
          <Shape><Polygon POINTS="595 50 596 54 592 54 592 50 595 50"/></Shape>
          
        </TextBlock>
        

        
        <TextBlock ID="eSc_dummyblock_">
          
          
          <TextLine ID="eSc_line_39cba3b4"
                    TAGREFS="LT4837"
                    BASELINE="590 121 674 118" 
                    HPOS="589"
                    VPOS="83"
                    WIDTH="85"
                    HEIGHT="53">
            <Shape><Polygon POINTS="590 121 590 136 674 134 674 118 670 83 589 92 590 121"/></Shape>
	    <String CONTENT=""
                    HPOS="589"
                    VPOS="83"
                    WIDTH="85"
                    HEIGHT="53"></String>
          </TextLine>

          
          
          <TextLine ID="eSc_line_27ae1136"
                    TAGREFS="LT4837"
                    BASELINE="501 9 519 11" 
                    HPOS="497"
                    VPOS="1"
                    WIDTH="22"
                    HEIGHT="54">
            <Shape><Polygon POINTS="514 1 501 1 501 9 497 55 515 55 519 11 519 1 514 1"/></Shape>
	    <String CONTENT=""
                    HPOS="497"
                    VPOS="1"
                    WIDTH="22"
                    HEIGHT="54"></String>
          </TextLine>

          
          
          <TextLine ID="eSc_line_abf82fa0"
                    TAGREFS="LT4837"
                    BASELINE="120 209 198 196" 
                    HPOS="115"
                    VPOS="152"
                    WIDTH="84"
                    HEIGHT="74">
            <Shape><Polygon POINTS="120 209 121 226 199 215 198 196 189 152 169 155 167 155 166 155 166 156 164 156 157 167 146 182 115 187 120 209"/></Shape>
	    <String CONTENT=""
                    HPOS="115"
                    VPOS="152"
                    WIDTH="84"
                    HEIGHT="74"></String>
          </TextLine>

          
          
          <TextLine ID="eSc_line_db488753"
                    TAGREFS="LT4837"
                    BASELINE="1044 766 1056 766" 
                    HPOS="1044"
                    VPOS="719"
                    WIDTH="12"
                    HEIGHT="64">
            <Shape><Polygon POINTS="1044 782 1054 783 1056 766 1056 723 1046 719 1044 766 1044 782"/></Shape>
	    <String CONTENT=""
                    HPOS="1044"
                    VPOS="719"
                    WIDTH="12"
                    HEIGHT="64"></String>
          </TextLine>

          
          
          <TextLine ID="eSc_line_9726f386"
                    TAGREFS="LT4837"
                    BASELINE="1022 1351 1051 1347" 
                    HPOS="1017"
                    VPOS="1305"
                    WIDTH="36"
                    HEIGHT="67">
            <Shape><Polygon POINTS="1022 1351 1024 1368 1053 1372 1051 1347 1042 1305 1017 1317 1022 1351"/></Shape>
	    <String CONTENT=""
                    HPOS="1017"
                    VPOS="1305"
                    WIDTH="36"
                    HEIGHT="67"></String>
          </TextLine>

          
          
          <TextLine ID="eSc_line_8e0f9478"
                    TAGREFS="LT4837"
                    BASELINE="1042 1500 1053 1495" 
                    HPOS="1033"
                    VPOS="1474"
                    WIDTH="23"
                    HEIGHT="35">
            <Shape><Polygon POINTS="1044 1509 1056 1509 1053 1495 1044 1474 1033 1474 1042 1500 1044 1509"/></Shape>
	    <String CONTENT=""
                    HPOS="1033"
                    VPOS="1474"
                    WIDTH="23"
                    HEIGHT="35"></String>
          </TextLine>

          
        </TextBlock>
        
      </PrintSpace>
    </Page>
  </Layout>
</alto>
