<?xml version="1.0" encoding="UTF-8"?>
<alto xmlns:xsi="http://www.w3.org/2001/XMLSchema-instance"
      xmlns="http://www.loc.gov/standards/alto/ns-v4#"
      xsi:schemaLocation="http://www.loc.gov/standards/alto/ns-v4# http://www.loc.gov/standards/alto/v4/alto-4-2.xsd">
  <Description>
    <MeasurementUnit>pixel</MeasurementUnit>
    <sourceImageInformation>
      <fileName>Rasail049.jpg</fileName>
      
    </sourceImageInformation>
  </Description>
  
  <Tags>
    <OtherTag ID="BT16094" LABEL="default" DESCRIPTION="block type default"/><OtherTag ID="BT16093" LABEL="NumberingZone:page" DESCRIPTION="block type NumberingZone:page"/><OtherTag ID="BT16092" LABEL="MarginTextZone:note" DESCRIPTION="block type MarginTextZone:note"/><OtherTag ID="BT16091" LABEL="TitlePageZone" DESCRIPTION="block type TitlePageZone"/><OtherTag ID="BT16090" LABEL="QuireMarksZone:catchwords" DESCRIPTION="block type QuireMarksZone:catchwords"/><OtherTag ID="BT16089" LABEL="NumberingZone:other" DESCRIPTION="block type NumberingZone:other"/><OtherTag ID="BT16088" LABEL="NumberingZone" DESCRIPTION="block type NumberingZone"/><OtherTag ID="BT16087" LABEL="MarginTextZone" DESCRIPTION="block type MarginTextZone"/><OtherTag ID="BT16086" LABEL="MainZone" DESCRIPTION="block type MainZone"/><OtherTag ID="BT16085" LABEL="DigitizationArtefactZone" DESCRIPTION="block type DigitizationArtefactZone"/><OtherTag ID="BT2" LABEL="Main" DESCRIPTION="block type Main"/><OtherTag ID="BT1" LABEL="Title" DESCRIPTION="block type Title"/>
    <OtherTag ID="LT4837" LABEL="DefaultLine" DESCRIPTION="line type DefaultLine"/><OtherTag ID="LT4838" LABEL="default" DESCRIPTION="line type default"/><OtherTag ID="LT4839" LABEL="HeadingLine:title" DESCRIPTION="line type HeadingLine:title"/>
  </Tags>
  
  <Layout>
    <Page WIDTH="1140"
          HEIGHT="1694"
          PHYSICAL_IMG_NR="77"
          ID="eSc_dummypage_">
      <PrintSpace HPOS="0"
                  VPOS="0"
                  WIDTH="1140"
                  HEIGHT="1694">
        
        <TextBlock HPOS="28"
                   VPOS="124"
                   WIDTH="942"
                   HEIGHT="1500"
                   ID="eSc_textblock_afc2999d"
                   TAGREFS="BT16086">
          <Shape><Polygon POINTS="474 124 942 158 970 337 953 367 959 890 936 1055 953 1105 930 1185 925 1557 857 1607 67 1624 28 1574 28 169 67 129 474 124"/></Shape>
          
          
          <TextLine ID="eSc_line_ec29c525"
                    TAGREFS="LT4837"
                    BASELINE="39 204 709 199 925 204" 
                    HPOS="38"
                    VPOS="151"
                    WIDTH="887"
                    HEIGHT="81">
            <Shape><Polygon POINTS="39 204 39 217 62 228 63 228 64 228 66 228 100 217 104 215 173 215 177 217 190 225 192 225 193 225 194 225 196 225 197 225 197 224 206 217 209 215 238 215 245 218 281 232 282 232 283 232 330 228 331 228 333 228 344 220 348 215 357 220 385 231 387 231 388 232 413 232 413 231 415 231 416 231 429 220 433 217 437 220 450 231 452 231 453 231 454 232 519 232 519 231 562 221 603 213 621 223 634 230 635 230 637 231 662 231 662 230 663 230 665 230 665 228 672 223 683 213 719 213 730 223 730 224 731 224 733 224 734 224 735 224 737 224 769 213 791 224 793 227 795 227 796 227 798 227 799 227 805 224 820 218 827 225 832 228 832 230 833 230 834 230 836 230 864 225 891 221 922 225 925 204 922 167 867 167 865 167 841 151 840 151 839 151 765 151 764 151 762 151 761 151 761 152 745 166 703 151 702 151 644 151 642 151 641 151 591 169 556 152 555 152 553 152 471 170 470 170 468 170 433 155 432 155 360 152 358 152 357 152 355 152 355 153 336 170 282 158 254 156 252 156 251 156 250 156 241 165 224 153 223 153 221 153 220 153 218 153 217 153 217 155 200 172 156 155 155 155 153 155 152 155 151 155 124 173 38 173 39 204"/></Shape>
	    <String CONTENT="بوده باشد و از آيينواحکام باطن شريت خير داشته"
                    HPOS="38"
                    VPOS="151"
                    WIDTH="887"
                    HEIGHT="81"
                    WC="0.879364018207011"></String>
          </TextLine>

          
          
          <TextLine ID="eSc_line_510b65fc"
                    TAGREFS="LT4837"
                    BASELINE="36 280 919 278" 
                    HPOS="35"
                    VPOS="232"
                    WIDTH="884"
                    HEIGHT="72">
            <Shape><Polygon POINTS="36 280 36 292 53 303 55 303 56 303 57 303 59 303 60 303 74 290 76 290 107 302 108 302 110 302 111 302 129 292 132 290 138 292 165 297 166 297 194 292 202 290 204 292 214 300 216 300 217 300 218 300 220 300 237 292 241 290 242 292 254 302 254 303 255 303 257 303 258 304 319 304 319 303 320 303 341 293 343 293 357 300 358 300 360 300 361 300 363 300 363 299 370 293 372 290 385 295 411 302 412 302 413 302 447 295 449 295 463 303 464 303 466 303 467 303 468 303 470 303 483 295 484 295 488 295 525 302 526 302 528 302 541 296 556 289 638 296 652 297 654 297 655 297 656 297 666 290 675 297 680 302 682 302 683 302 685 302 711 297 761 289 833 289 844 299 847 302 848 302 850 302 851 302 918 299 919 278 918 247 892 232 891 232 889 232 888 232 887 232 868 245 854 234 854 232 853 232 851 232 850 232 848 232 809 244 744 232 743 232 741 232 711 248 706 252 628 252 624 249 596 232 594 232 593 232 591 232 590 232 541 249 536 251 533 249 481 232 480 232 478 232 477 232 476 232 449 251 444 254 415 254 412 251 378 235 377 235 375 235 374 235 331 252 330 252 312 235 312 234 310 234 309 234 307 234 262 241 255 235 255 234 254 234 252 234 192 234 190 234 189 234 145 254 35 254 36 280"/></Shape>
	    <String CONTENT="باشد که آساس دوره او بشد و نفس کهتواکنايت به"
                    HPOS="35"
                    VPOS="232"
                    WIDTH="884"
                    HEIGHT="72"
                    WC="0.9211293445693122"></String>
          </TextLine>

          
          
          <TextLine ID="eSc_line_1dc02490"
                    TAGREFS="LT4837"
                    BASELINE="35 350 915 355" 
                    HPOS="33"
                    VPOS="306"
                    WIDTH="882"
                    HEIGHT="75">
            <Shape><Polygon POINTS="35 350 33 364 50 376 52 376 53 376 55 376 214 368 272 378 274 378 275 378 299 367 300 365 303 367 337 378 339 378 340 378 341 378 343 378 355 367 358 365 361 367 377 375 378 375 380 375 381 375 382 375 394 368 399 365 432 365 436 369 440 372 440 374 442 374 443 374 444 374 446 374 457 369 466 365 468 369 471 371 471 372 473 372 474 372 476 372 502 371 545 367 559 371 576 378 577 378 579 378 580 378 596 372 610 367 639 367 652 374 661 379 662 379 663 379 665 379 666 379 686 374 693 372 695 374 703 381 704 381 706 381 707 381 709 381 720 375 726 372 743 375 776 381 778 381 779 381 796 376 827 368 847 378 854 381 856 381 857 381 913 378 915 355 911 310 885 320 873 311 871 311 870 311 868 311 867 311 865 311 865 313 854 323 827 310 826 310 824 310 823 310 822 310 820 310 778 324 750 316 748 316 747 316 745 316 744 316 744 317 735 326 707 326 682 311 676 309 675 309 639 309 638 309 637 309 635 309 631 311 611 323 553 314 552 314 550 314 531 324 477 324 454 313 442 307 440 307 439 307 387 313 371 314 368 313 363 307 361 307 360 307 358 307 357 307 355 307 347 313 334 321 317 313 316 313 315 313 313 313 312 313 310 313 295 321 183 321 161 314 131 306 129 306 128 306 35 314 35 350"/></Shape>
	    <String CONTENT="زن نمود اند اشارت است به آنکه اساس درظماپير شرعت"
                    HPOS="33"
                    VPOS="306"
                    WIDTH="882"
                    HEIGHT="75"
                    WC="0.900510481425694"></String>
          </TextLine>

          
          
          <TextLine ID="eSc_line_17d618bf"
                    TAGREFS="LT4837"
                    BASELINE="36 434 919 427" 
                    HPOS="35"
                    VPOS="379"
                    WIDTH="884"
                    HEIGHT="84">
            <Shape><Polygon POINTS="36 434 36 448 62 463 63 463 64 463 66 463 94 453 122 460 124 460 125 460 127 460 128 460 128 458 139 448 192 448 200 455 202 455 203 455 204 455 231 450 247 460 248 460 250 460 251 460 252 460 291 448 295 447 299 448 337 461 339 461 340 461 341 461 357 454 374 460 375 460 377 460 378 460 380 460 396 448 401 446 408 448 432 458 433 458 435 458 436 458 467 448 477 446 481 448 494 460 495 460 497 460 498 460 500 460 525 448 533 446 552 448 598 458 600 458 601 458 625 450 634 447 641 450 659 455 661 455 662 455 663 455 665 455 673 450 683 443 761 443 771 450 778 457 779 457 781 457 782 457 919 450 919 427 915 386 846 393 830 388 812 379 810 379 809 379 808 379 778 388 760 393 713 389 663 385 662 385 661 385 659 385 659 386 655 391 649 396 613 396 608 391 597 382 597 381 596 381 594 381 565 381 563 381 507 386 505 386 504 386 495 393 493 395 490 393 485 389 484 389 483 389 481 389 447 393 432 396 429 395 413 382 412 382 411 382 409 382 408 382 381 391 292 383 291 383 289 383 288 383 288 385 274 398 262 398 237 398 235 398 224 388 223 388 221 388 220 388 218 388 217 388 203 399 200 400 175 400 173 399 153 386 152 386 151 386 149 386 148 386 146 386 134 398 83 385 81 385 80 385 79 385 35 400 36 434"/></Shape>
	    <String CONTENT="تابع ناطق ست أيس حواء تابع أمور شرعي آدم بوده جنانجه"
                    HPOS="35"
                    VPOS="379"
                    WIDTH="884"
                    HEIGHT="84"
                    WC="0.8964344815774398"></String>
          </TextLine>

          
          
          <TextLine ID="eSc_line_b292efec"
                    TAGREFS="LT4837"
                    BASELINE="39 506 916 506" 
                    HPOS="39"
                    VPOS="460"
                    WIDTH="877"
                    HEIGHT="73">
            <Shape><Polygon POINTS="39 506 39 519 66 532 67 532 69 532 70 532 107 522 129 530 131 530 132 530 134 530 135 530 148 520 206 530 207 530 209 530 210 530 210 529 220 520 221 520 248 520 251 520 283 532 285 532 286 533 309 533 309 532 310 532 312 532 312 530 322 522 337 532 339 532 340 532 341 533 401 533 401 532 402 532 420 522 425 520 526 520 529 523 539 530 539 532 541 532 542 532 543 532 591 523 607 520 615 523 638 532 639 532 641 533 690 533 690 532 692 532 706 523 713 520 721 525 741 532 743 532 744 532 745 532 772 525 788 520 813 525 857 532 858 532 860 532 875 525 882 522 915 525 916 506 916 467 891 460 889 460 888 460 887 460 863 468 848 474 843 468 837 464 837 463 836 463 834 463 799 460 798 460 796 460 795 460 795 461 785 468 781 474 760 474 754 470 743 460 741 460 740 460 668 460 666 460 665 460 663 460 646 470 645 471 639 470 610 464 608 464 607 464 606 464 606 465 600 471 596 475 557 475 550 471 533 460 532 460 531 460 529 460 478 470 422 460 420 460 419 460 418 460 418 461 405 472 404 472 391 461 389 461 388 461 387 461 385 461 360 472 355 472 292 465 291 465 289 465 257 474 254 474 252 474 231 460 230 460 228 460 227 460 226 460 190 474 189 474 186 474 127 467 125 467 90 474 64 461 63 461 62 461 60 461 59 461 39 472 39 506"/></Shape>
	    <String CONTENT="زنان مكوم شوپيران مى باشند بحکم اينايت قوله تعال"
                    HPOS="39"
                    VPOS="460"
                    WIDTH="877"
                    HEIGHT="73"
                    WC="0.9152429761985937"></String>
          </TextLine>

          
          
          <TextLine ID="eSc_line_f45e2923"
                    TAGREFS="LT4837"
                    BASELINE="32 585 913 583" 
                    HPOS="31"
                    VPOS="527"
                    WIDTH="882"
                    HEIGHT="80">
            <Shape><Polygon POINTS="32 585 33 605 60 592 135 605 146 607 148 607 158 605 221 592 261 599 262 599 264 599 265 599 275 592 341 592 361 605 363 605 364 605 365 605 367 605 368 605 415 592 447 605 449 605 450 605 452 605 453 605 454 605 473 592 508 605 509 605 511 605 512 605 514 605 515 605 542 597 601 605 608 605 610 605 611 605 613 605 631 591 646 604 648 604 649 604 651 604 652 604 654 604 676 591 724 591 743 605 744 605 745 605 747 605 748 605 751 605 769 598 911 604 913 583 906 527 889 540 864 533 863 533 861 533 860 533 858 533 858 535 847 544 817 530 812 527 810 527 699 527 697 527 696 527 695 527 685 533 661 549 639 535 630 527 628 527 627 527 586 527 584 527 583 527 582 527 570 536 562 543 541 537 533 536 532 536 531 536 529 536 522 537 485 549 474 539 473 537 471 537 470 537 468 537 467 537 466 537 464 539 449 551 436 551 423 540 415 533 413 533 412 533 411 533 409 533 408 533 398 542 387 550 350 543 343 542 341 542 340 542 339 542 339 543 330 550 320 543 299 530 298 530 296 530 295 530 293 530 292 530 275 544 274 546 272 544 257 530 257 529 255 529 254 529 207 529 206 529 204 529 203 529 179 547 173 551 31 551 32 585"/></Shape>
	    <String CONTENT="الرجال قومون على النساء يعني مردان عالمان أندير"
                    HPOS="31"
                    VPOS="527"
                    WIDTH="882"
                    HEIGHT="80"
                    WC="0.9147850827624401"></String>
          </TextLine>

          
          
          <TextLine ID="eSc_line_ff28aac7"
                    TAGREFS="LT4837"
                    BASELINE="38 653 911 656" 
                    HPOS="36"
                    VPOS="605"
                    WIDTH="875"
                    HEIGHT="79">
            <Shape><Polygon POINTS="38 653 36 681 88 683 90 683 91 683 93 683 94 681 104 674 138 680 152 683 153 683 155 683 162 680 202 666 224 680 228 683 230 683 231 683 233 683 255 679 274 676 293 679 324 683 326 683 327 683 341 677 371 666 385 677 392 683 394 683 395 683 396 683 398 683 418 677 450 666 495 674 497 674 498 674 500 674 509 667 538 674 539 674 541 674 545 674 634 667 644 673 655 681 656 681 658 681 659 681 661 681 695 673 714 667 723 671 745 684 747 684 748 684 750 684 778 671 788 667 809 671 844 677 846 677 909 669 911 656 909 626 875 618 874 618 796 623 769 607 768 607 767 607 686 607 685 607 683 607 682 607 663 622 646 608 646 607 645 607 644 607 624 607 622 607 621 607 620 607 600 623 582 608 582 607 580 607 579 607 577 607 576 607 509 623 504 625 502 623 487 611 485 611 484 611 483 611 481 611 433 623 432 623 420 614 419 614 418 614 416 614 415 614 394 622 358 607 357 607 355 607 354 607 310 623 309 623 306 623 286 615 285 615 283 615 282 615 281 615 269 622 266 623 152 623 151 622 127 605 125 605 124 605 122 605 38 621 38 653"/></Shape>
	    <String CONTENT="زنانا وآنچه گفته شده که خوااز پيلوی چب آدم مخدق"
                    HPOS="36"
                    VPOS="605"
                    WIDTH="875"
                    HEIGHT="79"
                    WC="0.902830142147687"></String>
          </TextLine>

          
          
          <TextLine ID="eSc_line_7c0919e3"
                    TAGREFS="LT4837"
                    BASELINE="40 739 913 724" 
                    HPOS="39"
                    VPOS="674"
                    WIDTH="874"
                    HEIGHT="89">
            <Shape><Polygon POINTS="40 739 40 753 76 763 77 763 79 763 80 763 81 763 94 753 101 748 189 748 199 752 209 758 210 758 211 758 213 758 227 752 241 746 252 752 268 760 269 760 271 760 357 759 358 759 374 751 375 751 381 751 418 758 419 758 420 758 439 751 456 743 461 751 467 755 467 756 468 756 470 756 471 758 514 758 514 756 515 756 517 756 525 749 536 742 548 749 556 755 557 755 559 755 560 755 562 755 576 749 603 739 644 739 661 749 663 751 665 751 666 751 668 751 669 751 673 749 687 741 735 748 747 749 748 749 750 749 751 749 751 748 752 748 760 739 778 748 785 751 786 751 788 751 816 748 850 743 865 746 874 749 875 749 877 749 878 749 880 749 882 746 892 739 911 746 913 724 908 674 839 693 805 693 779 679 774 676 772 676 771 676 769 676 768 676 768 677 765 679 750 695 679 695 665 683 663 683 662 683 661 683 659 683 658 683 641 694 597 690 596 690 594 690 593 690 593 691 586 698 573 698 560 687 553 680 552 680 550 680 514 680 512 680 511 680 484 690 463 697 443 691 437 690 436 690 435 690 433 690 432 690 430 691 419 700 408 693 394 683 392 683 391 683 389 683 388 683 354 694 350 695 346 694 322 686 320 686 319 686 317 686 296 697 286 701 271 697 257 694 255 694 254 694 252 694 251 694 244 698 240 701 234 698 200 686 199 686 197 686 196 686 166 701 131 687 129 687 128 687 127 687 125 687 107 704 104 707 39 707 40 739"/></Shape>
	    <String CONTENT="گشته اشارت است به آنکه حصول هنم و معرفت مفس"
                    HPOS="39"
                    VPOS="674"
                    WIDTH="874"
                    HEIGHT="89"
                    WC="0.9560946388678118"></String>
          </TextLine>

          
          
          <TextLine ID="eSc_line_e798d091"
                    TAGREFS="LT4837"
                    BASELINE="40 811 908 806" 
                    HPOS="39"
                    VPOS="759"
                    WIDTH="869"
                    HEIGHT="75">
            <Shape><Polygon POINTS="40 811 40 823 151 823 153 823 196 834 197 834 199 834 268 824 289 821 323 821 329 824 339 832 340 832 341 832 343 832 380 824 398 821 422 825 452 830 453 830 454 830 456 830 456 828 460 825 463 821 471 825 478 828 480 828 481 828 483 828 491 825 507 820 514 825 519 831 521 831 522 831 524 832 649 832 649 831 651 831 666 827 699 818 720 827 726 830 727 830 728 831 827 831 827 830 829 830 830 830 830 828 832 828 843 818 906 828 908 806 901 762 880 775 832 765 830 765 829 765 827 765 827 766 817 776 796 776 772 765 771 765 769 765 768 765 767 765 764 765 738 772 726 766 710 759 709 759 707 759 706 759 704 759 704 760 697 766 686 777 635 777 604 769 572 760 570 760 531 760 529 760 528 760 526 760 526 762 518 769 484 762 483 762 481 762 480 762 468 770 406 762 405 762 404 762 378 773 353 762 351 762 350 762 348 762 329 769 305 762 303 762 302 762 300 762 299 762 289 770 268 765 266 765 265 765 264 765 262 765 245 776 242 779 240 776 223 763 221 763 220 763 189 763 187 763 186 763 185 763 185 765 173 775 161 770 159 770 158 770 156 770 155 770 145 779 144 779 141 779 91 772 90 772 39 780 40 811"/></Shape>
	    <String CONTENT="الساني بالت لفس حيواني في باشد ونشا بخار بست"
                    HPOS="39"
                    VPOS="759"
                    WIDTH="869"
                    HEIGHT="75"
                    WC="0.8895049765706062"></String>
          </TextLine>

          
          
          <TextLine ID="eSc_line_21f5b290"
                    TAGREFS="LT4837"
                    BASELINE="43 887 906 880" 
                    HPOS="42"
                    VPOS="837"
                    WIDTH="864"
                    HEIGHT="73">
            <Shape><Polygon POINTS="43 887 45 910 77 897 129 897 155 907 161 910 162 910 163 910 165 910 177 907 221 896 258 903 259 903 320 896 340 903 358 910 360 910 361 910 363 910 364 910 377 902 388 894 396 902 401 906 402 906 404 906 405 906 406 906 416 902 422 899 423 902 432 907 432 909 433 909 435 909 436 910 474 910 474 909 476 909 501 900 535 909 536 909 538 909 539 909 541 909 555 897 562 893 606 893 610 896 620 906 620 907 621 907 622 907 624 909 656 909 656 907 658 907 680 894 685 893 727 893 731 893 743 904 743 906 744 906 745 906 747 907 858 907 858 906 860 906 906 889 906 880 901 837 873 849 841 849 824 838 823 838 822 838 820 838 819 838 800 848 784 839 782 839 781 839 779 839 778 839 778 841 769 848 733 841 731 841 730 841 713 849 699 838 697 837 696 837 695 837 663 837 662 837 661 837 659 837 659 838 658 839 646 849 622 839 615 837 614 837 562 837 560 837 559 837 550 841 533 848 490 841 478 839 477 839 476 839 474 839 473 841 460 851 428 841 415 838 413 838 412 838 378 842 299 852 175 847 173 847 141 854 128 845 122 841 121 841 120 841 118 841 42 845 43 887"/></Shape>
	    <String CONTENT="که بر مخيرد از خون لطيف جمع می شود در اندرون عضود"
                    HPOS="42"
                    VPOS="837"
                    WIDTH="864"
                    HEIGHT="73"
                    WC="0.8882954169292839"></String>
          </TextLine>

          
          
          <TextLine ID="eSc_line_7e027f42"
                    TAGREFS="LT4837"
                    BASELINE="55 966 901 958" 
                    HPOS="53"
                    VPOS="910"
                    WIDTH="848"
                    HEIGHT="80">
            <Shape><Polygon POINTS="55 966 55 979 83 986 84 986 86 986 107 981 110 979 114 981 141 990 142 990 144 990 145 990 146 990 146 989 153 983 163 990 165 990 166 990 168 990 214 989 216 989 217 989 230 981 235 978 248 981 281 989 282 989 283 989 285 989 286 989 295 982 384 988 385 988 387 988 388 988 388 986 394 982 399 975 477 975 508 982 511 982 512 982 517 982 557 975 566 982 570 985 570 986 572 986 573 986 574 986 628 985 630 985 631 985 631 983 632 982 644 974 680 983 692 985 693 985 695 985 700 983 727 974 761 983 762 983 764 983 765 985 846 985 846 983 847 983 864 975 897 983 901 958 894 910 877 923 830 916 829 916 827 916 806 923 796 913 793 911 793 910 792 910 791 910 789 910 788 910 779 913 755 926 673 926 665 916 661 913 661 911 659 911 658 911 656 911 655 911 641 917 625 923 611 917 597 913 596 913 542 913 541 913 539 913 538 913 531 920 529 920 528 920 484 913 483 913 481 913 454 921 450 923 444 923 399 914 398 914 396 914 395 914 382 924 377 927 360 924 336 920 334 920 333 920 313 926 300 928 288 926 238 916 237 916 177 928 148 917 146 917 145 917 144 917 121 930 108 918 107 918 105 918 104 918 103 918 53 931 55 966"/></Shape>
	    <String CONTENT="خصوع که انرادن گفته اند و خ آن عضو پهلوی"
                    HPOS="53"
                    VPOS="910"
                    WIDTH="848"
                    HEIGHT="80"
                    WC="0.8265030093309356"></String>
          </TextLine>

          
          
          <TextLine ID="eSc_line_8cb596de"
                    TAGREFS="LT4837"
                    BASELINE="231 1036 892 1036" 
                    HPOS="231"
                    VPOS="982"
                    WIDTH="661"
                    HEIGHT="83">
            <Shape><Polygon POINTS="231 1036 233 1062 252 1051 264 1061 265 1061 266 1061 268 1061 269 1061 271 1061 285 1050 300 1062 302 1064 303 1064 305 1064 306 1065 357 1065 357 1064 358 1064 360 1064 360 1062 367 1057 377 1062 377 1064 378 1064 380 1064 381 1065 477 1065 477 1064 478 1064 480 1064 497 1050 539 1047 559 1055 560 1055 562 1055 563 1055 589 1047 601 1058 601 1060 603 1060 604 1060 645 1064 654 1064 655 1064 656 1064 658 1064 680 1047 822 1047 839 1062 839 1064 840 1064 841 1064 843 1065 892 1065 892 1036 892 1000 837 1000 822 989 820 989 819 989 817 989 816 989 789 999 710 982 709 982 707 982 685 993 671 985 669 985 668 985 666 985 665 985 663 985 648 996 628 982 627 982 625 982 624 982 622 982 589 999 577 990 576 990 574 990 573 990 538 998 519 982 518 982 517 982 380 982 378 982 377 982 375 982 368 989 344 982 343 982 341 982 340 982 339 982 339 983 322 1000 231 1000 231 1036"/></Shape>
	    <String CONTENT="جبست از عيوانات وأذث اعلم ما الصواب"
                    HPOS="231"
                    VPOS="982"
                    WIDTH="661"
                    HEIGHT="83"
                    WC="0.82560502903329"></String>
          </TextLine>

          
          
          <TextLine ID="eSc_line_3910a0bb"
                    TAGREFS="LT4837"
                    BASELINE="435 1177 531 1168" 
                    HPOS="432"
                    VPOS="1136"
                    WIDTH="99"
                    HEIGHT="63">
            <Shape><Polygon POINTS="435 1177 439 1199 454 1191 531 1191 531 1168 524 1136 488 1150 432 1150 435 1177"/></Shape>
	    <String CONTENT=""
                    HPOS="432"
                    VPOS="1136"
                    WIDTH="99"
                    HEIGHT="63"></String>
          </TextLine>

          
          
          <TextLine ID="eSc_line_bceb3831"
                    TAGREFS="LT4837"
                    BASELINE="124 1295 782 1281" 
                    HPOS="122"
                    VPOS="1218"
                    WIDTH="660"
                    HEIGHT="99">
            <Shape><Polygon POINTS="124 1295 124 1312 170 1317 172 1317 173 1317 189 1311 202 1307 228 1310 293 1317 295 1317 296 1317 317 1307 329 1301 340 1305 364 1315 365 1315 367 1315 368 1315 370 1315 382 1304 389 1300 422 1302 517 1312 518 1312 519 1312 557 1298 563 1297 570 1298 610 1304 611 1304 613 1304 642 1295 644 1295 697 1308 699 1308 700 1308 702 1308 702 1307 717 1293 719 1291 782 1290 782 1281 781 1226 758 1218 757 1218 755 1218 662 1219 661 1219 659 1219 639 1232 628 1239 617 1233 590 1221 589 1221 587 1221 586 1221 584 1221 566 1236 550 1247 477 1247 464 1240 464 1239 463 1239 461 1239 460 1239 459 1239 452 1240 422 1249 412 1242 385 1225 384 1225 382 1225 381 1225 380 1225 378 1225 346 1245 339 1250 333 1246 324 1239 323 1239 322 1239 320 1239 289 1245 269 1232 268 1232 266 1232 265 1232 264 1232 262 1232 241 1250 235 1254 122 1254 124 1295"/></Shape>
	    <String CONTENT="در تحقق قضه ابلس بروجر تأويل طائفه ازمقاربه"
                    HPOS="122"
                    VPOS="1218"
                    WIDTH="660"
                    HEIGHT="99"
                    WC="0.8607165641254849"></String>
          </TextLine>

          
          
          <TextLine ID="eSc_line_acf09087"
                    TAGREFS="LT4837"
                    BASELINE="50 1406 603 1401 834 1391" 
                    HPOS="49"
                    VPOS="1339"
                    WIDTH="785"
                    HEIGHT="91">
            <Shape><Polygon POINTS="50 1406 50 1415 91 1430 93 1430 94 1430 96 1430 97 1430 115 1415 230 1415 255 1428 257 1428 258 1428 259 1428 286 1415 331 1414 333 1414 374 1427 375 1427 377 1427 418 1418 484 1425 485 1425 487 1425 488 1425 508 1411 511 1411 531 1411 532 1411 542 1421 542 1422 543 1422 545 1422 546 1422 548 1422 549 1422 559 1415 679 1422 680 1422 682 1422 699 1414 734 1421 735 1421 737 1421 738 1421 738 1420 748 1410 834 1408 834 1391 830 1339 776 1341 775 1341 774 1341 762 1350 750 1342 748 1341 747 1341 745 1341 744 1341 743 1341 735 1342 707 1349 683 1345 669 1342 668 1342 666 1342 665 1342 661 1345 634 1365 590 1367 539 1367 532 1360 532 1359 531 1359 529 1359 528 1359 526 1359 508 1365 495 1352 488 1346 488 1345 487 1345 485 1345 430 1345 429 1345 428 1345 426 1345 413 1355 396 1367 368 1358 337 1346 336 1346 334 1346 333 1346 310 1359 296 1367 262 1372 187 1372 182 1365 177 1362 177 1360 176 1360 175 1360 173 1360 172 1360 162 1365 149 1373 103 1373 96 1367 81 1359 80 1359 79 1359 77 1359 76 1359 49 1367 50 1406"/></Shape>
	    <String CONTENT="بدانکه ابليس سبت به آدم شخصی اشاريت است بهقوت"
                    HPOS="49"
                    VPOS="1339"
                    WIDTH="785"
                    HEIGHT="91"
                    WC="0.8839337767466254"></String>
          </TextLine>

          
          
          <TextLine ID="eSc_line_8c7a773d"
                    TAGREFS="LT4837"
                    BASELINE="50 1482 889 1472" 
                    HPOS="49"
                    VPOS="1420"
                    WIDTH="840"
                    HEIGHT="82">
            <Shape><Polygon POINTS="50 1482 52 1502 80 1493 139 1500 162 1502 163 1502 165 1502 166 1502 170 1499 189 1487 224 1497 237 1500 238 1500 240 1500 241 1500 242 1500 242 1499 245 1496 255 1487 283 1494 285 1494 286 1494 288 1494 309 1486 355 1493 358 1493 360 1493 364 1493 411 1485 504 1489 648 1496 649 1496 651 1496 675 1485 680 1482 695 1483 765 1494 767 1494 768 1494 769 1494 791 1480 792 1480 795 1480 851 1493 853 1493 854 1493 889 1478 889 1472 888 1439 865 1428 864 1428 863 1428 861 1428 837 1439 834 1441 826 1441 765 1432 764 1432 762 1432 761 1432 761 1434 751 1441 750 1444 727 1444 726 1442 704 1431 703 1431 702 1431 700 1431 699 1431 689 1439 652 1420 651 1420 649 1420 648 1420 646 1420 620 1444 579 1425 577 1425 576 1425 574 1425 573 1425 550 1444 505 1434 504 1434 502 1434 501 1434 501 1435 490 1444 460 1435 459 1435 457 1435 418 1437 416 1437 415 1437 406 1445 360 1424 358 1424 291 1424 289 1424 244 1425 242 1425 197 1448 169 1427 168 1427 166 1427 137 1427 135 1427 134 1427 132 1427 107 1449 49 1451 50 1482"/></Shape>
	    <String CONTENT="واسمه وانجه درقران أمده است وإذ تلز للماشكمة"
                    HPOS="49"
                    VPOS="1420"
                    WIDTH="840"
                    HEIGHT="82"
                    WC="0.8800828631805337"></String>
          </TextLine>

          
          
          <TextLine ID="eSc_line_dba31054"
                    TAGREFS="LT4837"
                    BASELINE="53 1557 536 1555 888 1544" 
                    HPOS="52"
                    VPOS="1497"
                    WIDTH="836"
                    HEIGHT="91">
            <Shape><Polygon POINTS="53 1557 53 1578 121 1585 122 1585 124 1585 151 1576 162 1574 288 1574 292 1574 343 1588 344 1588 346 1588 347 1588 348 1588 370 1574 406 1586 408 1586 409 1586 541 1576 559 1583 560 1583 562 1583 563 1583 590 1575 663 1583 665 1583 666 1583 668 1583 668 1582 682 1571 689 1575 690 1575 692 1575 693 1575 695 1575 717 1566 719 1566 734 1581 734 1582 735 1582 737 1582 738 1582 740 1582 741 1582 761 1566 769 1566 785 1566 795 1575 796 1575 798 1575 799 1575 800 1575 812 1571 822 1579 822 1581 823 1581 824 1581 826 1582 856 1582 856 1581 857 1581 888 1564 888 1544 884 1503 793 1518 781 1506 772 1499 772 1497 771 1497 769 1497 750 1497 748 1497 747 1497 719 1507 704 1513 693 1509 689 1507 687 1507 686 1507 685 1507 683 1507 682 1509 665 1520 652 1510 648 1506 646 1506 645 1506 644 1506 642 1506 634 1510 622 1517 546 1521 538 1513 525 1502 525 1500 524 1500 522 1500 521 1500 436 1502 435 1502 433 1502 433 1503 426 1509 405 1502 404 1502 402 1502 401 1502 399 1502 378 1518 371 1524 336 1524 331 1520 317 1507 317 1506 316 1506 315 1506 313 1506 286 1510 272 1503 271 1503 269 1503 268 1503 227 1523 194 1524 192 1524 190 1524 170 1511 169 1511 168 1511 166 1511 165 1511 163 1511 141 1526 139 1527 135 1527 90 1516 88 1516 87 1516 86 1516 86 1517 74 1528 52 1528 53 1557"/></Shape>
	    <String CONTENT="اسجد والادم شجدوا إلا أبليس أشارت أست"
                    HPOS="52"
                    VPOS="1497"
                    WIDTH="836"
                    HEIGHT="91"
                    WC="0.930384710067656"></String>
          </TextLine>

          
        </TextBlock>
        
        <TextBlock HPOS="412"
                   VPOS="45"
                   WIDTH="129"
                   HEIGHT="66"
                   ID="eSc_textblock_1b1c3424"
                   TAGREFS="BT16093">
          <Shape><Polygon POINTS="452 45 518 45 541 94 507 111 435 100 412 67 452 45"/></Shape>
          
          
          <TextLine ID="eSc_line_19a56324"
                    TAGREFS="LT4837"
                    BASELINE="456 74 511 74" 
                    HPOS="456"
                    VPOS="45"
                    WIDTH="55"
                    HEIGHT="58">
            <Shape><Polygon POINTS="498 45 484 45 474 45 456 53 456 74 456 94 509 103 511 74 511 46 501 45 498 45"/></Shape>
	    <String CONTENT=""
                    HPOS="456"
                    VPOS="45"
                    WIDTH="55"
                    HEIGHT="58"></String>
          </TextLine>

          
        </TextBlock>
        

        
      </PrintSpace>
    </Page>
  </Layout>
</alto>
