<?xml version="1.0" encoding="UTF-8"?>
<alto xmlns:xsi="http://www.w3.org/2001/XMLSchema-instance"
      xmlns="http://www.loc.gov/standards/alto/ns-v4#"
      xsi:schemaLocation="http://www.loc.gov/standards/alto/ns-v4# http://www.loc.gov/standards/alto/v4/alto-4-2.xsd">
  <Description>
    <MeasurementUnit>pixel</MeasurementUnit>
    <sourceImageInformation>
      <fileName>Rasail154.jpg</fileName>
      
    </sourceImageInformation>
  </Description>
  
  <Tags>
    <OtherTag ID="BT16094" LABEL="default" DESCRIPTION="block type default"/><OtherTag ID="BT16093" LABEL="NumberingZone:page" DESCRIPTION="block type NumberingZone:page"/><OtherTag ID="BT16092" LABEL="MarginTextZone:note" DESCRIPTION="block type MarginTextZone:note"/><OtherTag ID="BT16091" LABEL="TitlePageZone" DESCRIPTION="block type TitlePageZone"/><OtherTag ID="BT16090" LABEL="QuireMarksZone:catchwords" DESCRIPTION="block type QuireMarksZone:catchwords"/><OtherTag ID="BT16089" LABEL="NumberingZone:other" DESCRIPTION="block type NumberingZone:other"/><OtherTag ID="BT16088" LABEL="NumberingZone" DESCRIPTION="block type NumberingZone"/><OtherTag ID="BT16087" LABEL="MarginTextZone" DESCRIPTION="block type MarginTextZone"/><OtherTag ID="BT16086" LABEL="MainZone" DESCRIPTION="block type MainZone"/><OtherTag ID="BT16085" LABEL="DigitizationArtefactZone" DESCRIPTION="block type DigitizationArtefactZone"/><OtherTag ID="BT2" LABEL="Main" DESCRIPTION="block type Main"/><OtherTag ID="BT1" LABEL="Title" DESCRIPTION="block type Title"/>
    <OtherTag ID="LT4837" LABEL="DefaultLine" DESCRIPTION="line type DefaultLine"/><OtherTag ID="LT4838" LABEL="default" DESCRIPTION="line type default"/><OtherTag ID="LT4839" LABEL="HeadingLine:title" DESCRIPTION="line type HeadingLine:title"/>
  </Tags>
  
  <Layout>
    <Page WIDTH="1108"
          HEIGHT="1675"
          PHYSICAL_IMG_NR="17"
          ID="eSc_dummypage_">
      <PrintSpace HPOS="0"
                  VPOS="0"
                  WIDTH="1108"
                  HEIGHT="1675">
        
        <TextBlock HPOS="67"
                   VPOS="173"
                   WIDTH="990"
                   HEIGHT="1455"
                   ID="eSc_textblock_c6554144"
                   TAGREFS="BT16086">
          <Shape><Polygon POINTS="456 173 839 178 1001 217 912 251 924 279 985 295 996 357 996 378 940 406 1040 424 1057 463 1040 491 1029 1589 990 1628 95 1628 67 1601 83 446 111 379 201 333 206 290 312 266 251 249 229 221 240 206 456 173"/></Shape>
          
          
          <TextLine ID="eSc_line_301f14a3"
                    TAGREFS="LT4837"
                    BASELINE="370 233 776 248" 
                    HPOS="368"
                    VPOS="178"
                    WIDTH="408"
                    HEIGHT="108">
            <Shape><Polygon POINTS="368 261 388 270 389 270 391 270 438 263 469 276 470 276 512 277 514 277 515 277 551 268 665 284 737 286 739 286 740 286 775 274 776 248 776 184 723 184 722 184 720 184 719 184 719 185 712 191 690 185 681 182 680 182 679 182 677 182 676 182 676 184 674 185 665 194 637 185 624 181 623 181 621 181 620 181 609 185 565 201 529 194 521 185 515 180 515 178 514 178 512 178 511 178 509 178 496 185 473 198 452 198 441 185 440 184 440 182 438 182 437 182 435 182 434 182 433 182 430 185 417 195 381 195 374 185 370 233 368 261"/></Shape>
	    <String CONTENT="اللهم يامولانا يا إما منه"
                    HPOS="368"
                    VPOS="178"
                    WIDTH="408"
                    HEIGHT="108"
                    WC="0.9067870424343989"></String>
          </TextLine>

          
          
          <TextLine ID="eSc_line_2d6dc45f"
                    TAGREFS="LT4837"
                    BASELINE="627 323 663 323" 
                    HPOS="627"
                    VPOS="277"
                    WIDTH="36"
                    HEIGHT="70">
            <Shape><Polygon POINTS="627 323 627 347 663 343 663 323 662 277 627 277 627 323"/></Shape>
	    <String CONTENT="لج"
                    HPOS="627"
                    VPOS="277"
                    WIDTH="36"
                    HEIGHT="70"
                    WC="0.7799198031425476"></String>
          </TextLine>

          
          
          <TextLine ID="eSc_line_a09e8bab"
                    TAGREFS="LT4837"
                    BASELINE="578 471 997 489" 
                    HPOS="577"
                    VPOS="422"
                    WIDTH="422"
                    HEIGHT="95">
            <Shape><Polygon POINTS="578 471 577 501 604 502 606 502 607 502 609 502 628 491 642 502 644 505 645 505 646 505 683 506 684 506 686 506 687 506 687 505 690 503 698 495 711 503 715 508 716 508 718 508 719 508 720 508 729 505 748 496 762 505 764 506 765 506 767 506 768 506 769 506 771 506 772 505 786 498 832 498 836 505 838 505 838 506 839 506 841 506 842 506 845 506 898 502 910 508 930 517 931 517 933 517 996 509 997 489 999 435 976 434 975 434 973 434 972 434 961 442 950 434 948 434 947 434 945 434 944 434 919 441 885 432 866 428 864 428 863 428 848 432 829 436 771 436 765 431 760 425 760 424 758 424 757 424 733 422 732 422 730 422 706 429 701 431 687 429 641 422 639 422 579 427 578 471"/></Shape>
	    <String CONTENT="ل از حمد خدای فرد اكبريا إمام"
                    HPOS="577"
                    VPOS="422"
                    WIDTH="422"
                    HEIGHT="95"
                    WC="0.8728567024072011"></String>
          </TextLine>

          
          
          <TextLine ID="eSc_line_4b89961a"
                    TAGREFS="LT4837"
                    BASELINE="108 463 532 467" 
                    HPOS="107"
                    VPOS="402"
                    WIDTH="425"
                    HEIGHT="97">
            <Shape><Polygon POINTS="108 463 107 495 141 496 142 496 143 496 145 496 146 495 155 488 178 494 194 496 195 496 197 496 198 496 198 495 202 492 213 482 237 482 254 491 257 492 258 492 259 492 273 489 292 487 296 489 304 496 304 498 305 498 307 498 308 499 339 499 339 498 340 498 342 498 354 488 360 482 371 487 402 499 403 499 405 499 406 499 437 484 442 482 486 482 487 482 498 492 500 492 501 492 503 492 504 492 530 481 532 467 530 406 494 413 472 407 462 404 461 404 459 404 458 404 456 404 456 406 454 407 441 421 399 421 380 408 377 407 375 407 374 407 373 407 371 407 370 407 367 410 353 418 339 410 333 406 332 406 331 406 329 406 328 406 310 411 283 418 266 413 240 402 238 402 237 402 236 402 205 410 173 402 171 402 170 402 169 402 167 402 167 403 153 415 108 415 108 463"/></Shape>
	    <String CONTENT="ابتدا کردم به نام پاک داور يا امام"
                    HPOS="107"
                    VPOS="402"
                    WIDTH="425"
                    HEIGHT="97"
                    WC="0.9078334254377028"></String>
          </TextLine>

          
          
          <TextLine ID="eSc_line_037bb6f0"
                    TAGREFS="LT4837"
                    BASELINE="577 551 996 559" 
                    HPOS="575"
                    VPOS="502"
                    WIDTH="421"
                    HEIGHT="80">
            <Shape><Polygon POINTS="577 551 575 566 591 575 592 575 593 575 639 568 652 577 653 577 655 577 656 577 754 572 776 570 834 570 841 575 855 582 856 582 857 582 994 579 996 559 996 516 979 510 978 510 976 510 975 510 973 510 973 512 968 517 966 517 951 512 950 512 948 512 947 512 945 512 945 513 941 517 934 523 859 523 848 517 828 506 827 506 825 506 782 513 760 505 758 505 757 505 755 505 720 516 718 517 715 516 697 508 695 508 694 508 642 510 630 502 628 502 627 502 600 502 599 502 598 502 596 502 577 513 577 551"/></Shape>
	    <String CONTENT="غاد قدرت نما غفران حى لا يتوت"
                    HPOS="575"
                    VPOS="502"
                    WIDTH="421"
                    HEIGHT="80"
                    WC="0.9260241050144722"></String>
          </TextLine>

          
          
          <TextLine ID="eSc_line_ba608044"
                    TAGREFS="LT4837"
                    BASELINE="106 545 528 545" 
                    HPOS="106"
                    VPOS="494"
                    WIDTH="422"
                    HEIGHT="81">
            <Shape><Polygon POINTS="106 545 106 575 131 575 131 573 132 573 134 573 156 558 194 558 213 569 217 573 219 573 220 573 222 575 252 575 252 573 254 573 255 573 255 572 261 568 266 562 276 568 286 573 287 573 289 573 290 575 335 575 335 573 336 573 338 573 347 565 350 562 356 563 378 572 380 572 381 572 382 572 402 562 412 558 424 561 462 572 463 572 465 572 466 572 468 572 482 559 484 558 528 558 528 545 528 498 508 494 507 494 505 494 504 494 503 494 503 495 497 499 496 502 490 499 475 494 473 494 472 494 470 494 469 494 469 495 463 501 458 505 447 501 437 498 435 498 434 498 433 498 426 501 419 505 416 501 410 496 410 495 409 495 407 495 366 494 364 494 363 494 339 503 328 508 319 503 299 494 297 494 268 494 266 494 265 494 237 505 231 508 208 506 139 501 138 501 106 508 106 545"/></Shape>
	    <String CONTENT="صانع جان آفرين بند پرور يا امام"
                    HPOS="106"
                    VPOS="494"
                    WIDTH="422"
                    HEIGHT="81"
                    WC="0.9076674096286297"></String>
          </TextLine>

          
          
          <TextLine ID="eSc_line_77b3c32b"
                    TAGREFS="LT4837"
                    BASELINE="556 623 992 633" 
                    HPOS="554"
                    VPOS="568"
                    WIDTH="438"
                    HEIGHT="93">
            <Shape><Polygon POINTS="556 623 554 642 564 647 565 647 567 647 568 647 570 647 584 642 595 653 595 654 596 654 598 654 599 654 600 654 627 643 688 643 701 656 701 657 702 657 704 657 743 658 744 658 792 647 818 660 820 660 821 660 822 660 853 651 877 658 878 658 880 658 931 651 941 650 945 651 969 661 971 661 972 661 973 661 990 653 992 633 992 591 950 576 948 576 947 576 945 576 917 590 901 575 899 575 898 575 897 575 895 575 894 575 876 586 853 577 852 577 850 577 849 577 810 590 804 591 743 591 739 589 702 570 701 570 616 568 614 568 613 568 556 586 556 623"/></Shape>
	    <String CONTENT="وست ر حملن الرحسيم رازق شام "
                    HPOS="554"
                    VPOS="568"
                    WIDTH="438"
                    HEIGHT="93"
                    WC="0.9487298429012299"></String>
          </TextLine>

          
          
          <TextLine ID="eSc_line_e2bc60b2"
                    TAGREFS="LT4837"
                    BASELINE="107 612 530 619" 
                    HPOS="106"
                    VPOS="562"
                    WIDTH="424"
                    HEIGHT="81">
            <Shape><Polygon POINTS="107 612 106 635 185 623 205 635 213 639 215 639 216 639 217 639 219 639 224 635 237 625 266 625 286 633 297 637 299 637 300 637 339 632 343 632 359 642 360 642 361 642 363 643 399 643 399 642 401 642 424 630 426 629 427 630 445 643 447 643 448 643 449 643 529 628 530 619 528 566 489 577 434 576 417 566 413 565 412 565 410 565 409 565 407 565 406 566 389 577 367 577 359 566 356 565 356 563 354 563 353 563 352 563 350 563 349 563 345 566 331 576 292 576 278 568 266 562 265 562 264 562 107 568 107 612"/></Shape>
	    <String CONTENT="کرده رزق گل شی را مقترر با امام"
                    HPOS="106"
                    VPOS="562"
                    WIDTH="424"
                    HEIGHT="81"
                    WC="0.9463539604217776"></String>
          </TextLine>

          
          
          <TextLine ID="eSc_line_9f126d09"
                    TAGREFS="LT4837"
                    BASELINE="570 703 996 710" 
                    HPOS="568"
                    VPOS="647"
                    WIDTH="428"
                    HEIGHT="88">
            <Shape><Polygon POINTS="570 703 568 714 655 732 656 732 701 731 702 731 704 731 704 730 716 718 758 730 760 730 761 730 810 724 827 735 828 735 829 735 831 735 832 735 834 735 846 727 863 735 864 735 866 735 867 735 869 735 887 723 890 721 924 721 927 723 947 735 948 735 950 735 951 735 994 724 996 710 994 674 971 674 969 671 958 661 958 660 957 660 955 660 954 660 952 660 951 660 940 670 936 674 915 674 909 668 905 664 905 663 904 663 902 663 901 663 881 665 857 671 850 664 845 658 845 657 843 657 842 657 841 657 839 657 838 657 829 663 817 671 796 671 788 660 779 653 779 651 778 651 776 651 775 651 774 651 772 651 762 658 761 660 760 658 748 651 747 651 746 651 744 651 743 651 730 657 704 668 690 654 687 651 687 650 686 650 684 650 683 650 681 650 670 653 653 657 644 651 641 649 639 649 638 649 570 647 570 703"/></Shape>
	    <String CONTENT="ين جهان چون بود فانی غير ذت"
                    HPOS="568"
                    VPOS="647"
                    WIDTH="428"
                    HEIGHT="88"
                    WC="0.9086845141870005"></String>
          </TextLine>

          
          
          <TextLine ID="eSc_line_287e0c69"
                    TAGREFS="LT4837"
                    BASELINE="106 682 516 686" 
                    HPOS="104"
                    VPOS="625"
                    WIDTH="412"
                    HEIGHT="84">
            <Shape><Polygon POINTS="106 682 104 704 163 697 173 704 174 706 174 707 176 707 177 707 178 709 213 709 213 707 215 707 223 703 241 695 273 703 301 709 303 709 363 700 387 697 398 700 421 706 423 706 424 706 483 699 498 709 500 709 501 709 503 709 504 709 505 709 505 707 515 697 516 686 515 642 484 642 484 640 459 628 458 628 456 628 455 628 454 628 438 639 424 628 423 628 421 628 420 628 391 633 373 626 371 626 370 626 368 626 340 639 329 629 329 628 328 628 326 628 325 628 324 628 305 633 243 625 241 625 240 625 201 637 199 637 106 637 106 682"/></Shape>
	    <String CONTENT="کار فرما بر فراز چپرخ اخضر يا امام"
                    HPOS="104"
                    VPOS="625"
                    WIDTH="412"
                    HEIGHT="84"
                    WC="0.9187287302578196"></String>
          </TextLine>

          
          
          <TextLine ID="eSc_line_2e50d5c5"
                    TAGREFS="LT4837"
                    BASELINE="831 774 989 780" 
                    HPOS="829"
                    VPOS="737"
                    WIDTH="160"
                    HEIGHT="60">
            <Shape><Polygon POINTS="831 774 829 788 842 795 843 795 986 797 989 780 986 738 973 743 955 739 947 737 945 737 944 737 943 737 934 739 910 748 831 743 831 774"/></Shape>
	    <String CONTENT="وتعل"
                    HPOS="829"
                    VPOS="737"
                    WIDTH="160"
                    HEIGHT="60"
                    WC="0.8572970926761627"></String>
          </TextLine>

          
          
          <TextLine ID="eSc_line_364b740e"
                    TAGREFS="LT4837"
                    BASELINE="561 763 639 763" 
                    HPOS="561"
                    VPOS="709"
                    WIDTH="78"
                    HEIGHT="71">
            <Shape><Polygon POINTS="561 763 561 780 639 771 639 763 637 709 561 734 561 763"/></Shape>
	    <String CONTENT="ا العيو"
                    HPOS="561"
                    VPOS="709"
                    WIDTH="78"
                    HEIGHT="71"
                    WC="0.7268112216676984"></String>
          </TextLine>

          
          
          <TextLine ID="eSc_line_f6c069a5"
                    TAGREFS="LT4837"
                    BASELINE="104 746 515 753" 
                    HPOS="103"
                    VPOS="695"
                    WIDTH="412"
                    HEIGHT="82">
            <Shape><Polygon POINTS="104 746 103 770 153 762 177 771 184 774 185 774 187 776 234 776 234 774 236 774 237 774 237 773 240 771 248 762 266 771 275 776 276 776 278 776 317 774 318 774 319 774 324 771 335 763 347 771 356 777 357 777 359 777 360 777 361 777 363 777 370 771 381 764 512 770 515 753 515 703 503 699 501 699 500 699 498 699 497 699 490 704 476 716 462 704 455 699 454 699 452 699 451 699 410 704 385 697 384 697 382 697 381 697 380 697 380 699 373 706 350 696 349 696 347 696 346 696 324 707 322 707 321 707 310 699 308 699 307 699 305 699 304 699 303 699 293 707 292 709 289 707 265 695 264 695 262 695 261 695 259 695 243 707 237 711 104 710 104 746"/></Shape>
	    <String CONTENT="وست وأنا وتوانا وقوانكريا إمام"
                    HPOS="103"
                    VPOS="695"
                    WIDTH="412"
                    HEIGHT="82"
                    WC="0.9014483951032162"></String>
          </TextLine>

          
          
          <TextLine ID="eSc_line_a33dd836"
                    TAGREFS="LT4837"
                    BASELINE="582 843 992 854" 
                    HPOS="581"
                    VPOS="785"
                    WIDTH="411"
                    HEIGHT="94">
            <Shape><Polygon POINTS="582 843 581 854 621 859 632 869 632 871 634 871 635 871 637 872 658 872 658 871 659 871 660 871 676 858 697 872 698 872 700 872 701 872 702 872 704 872 722 859 725 859 786 875 788 876 810 876 810 875 811 875 813 875 813 873 824 864 825 862 863 862 867 865 885 877 887 877 888 877 890 877 891 877 892 877 906 866 909 865 912 866 938 879 940 879 941 879 990 869 992 854 992 802 950 798 948 798 947 798 945 798 940 802 923 813 912 805 910 805 909 805 908 805 856 812 845 801 843 801 843 799 842 799 841 799 839 799 838 799 836 799 834 801 824 808 813 801 808 799 807 799 806 799 804 799 803 799 802 801 789 810 757 810 725 801 716 798 715 798 713 798 712 798 711 798 708 799 702 804 700 799 690 788 688 788 688 787 687 787 686 787 635 785 634 785 632 785 631 785 609 799 582 799 582 843"/></Shape>
	    <String CONTENT="انکه نام مصطفی بر طاق عرش "
                    HPOS="581"
                    VPOS="785"
                    WIDTH="411"
                    HEIGHT="94"
                    WC="0.8953031267111118"></String>
          </TextLine>

          
          
          <TextLine ID="eSc_line_9dad4f61"
                    TAGREFS="LT4837"
                    BASELINE="104 820 509 827" 
                    HPOS="103"
                    VPOS="771"
                    WIDTH="406"
                    HEIGHT="81">
            <Shape><Polygon POINTS="104 820 103 847 146 848 148 848 149 848 150 848 150 847 164 837 198 847 201 848 202 848 203 848 205 848 206 848 206 847 222 838 262 838 271 847 273 850 273 851 275 851 276 851 278 852 329 852 329 851 331 851 332 851 336 847 347 840 359 847 366 852 367 852 368 852 370 852 371 852 382 847 398 841 507 847 509 827 509 787 409 785 407 784 398 774 398 773 396 773 395 773 347 771 346 771 345 771 310 781 308 781 287 773 286 773 285 773 283 773 262 780 259 781 257 780 240 771 238 771 237 771 236 771 216 778 209 781 198 778 176 773 174 773 173 773 104 776 104 820"/></Shape>
	    <String CONTENT="کات صنعت توتی هر چارد فتريا امام"
                    HPOS="103"
                    VPOS="771"
                    WIDTH="406"
                    HEIGHT="81"
                    WC="0.8919122191146016"></String>
          </TextLine>

          
          
          <TextLine ID="eSc_line_89e24b00"
                    TAGREFS="LT4837"
                    BASELINE="551 919 994 932" 
                    HPOS="550"
                    VPOS="862"
                    WIDTH="444"
                    HEIGHT="96">
            <Shape><Polygon POINTS="551 919 550 931 600 940 602 940 662 936 670 936 673 936 712 953 713 953 768 954 769 954 817 943 818 943 820 943 848 957 849 957 850 957 852 957 853 957 867 946 873 942 887 942 892 946 905 957 905 958 906 958 908 958 909 958 993 950 994 932 994 884 897 871 895 871 894 871 864 883 863 883 846 868 845 868 843 868 822 868 821 868 820 868 818 868 802 882 796 887 758 887 753 882 744 875 743 875 741 875 740 875 739 875 718 882 709 884 706 882 697 872 697 871 695 871 694 871 693 871 691 871 677 877 658 862 656 862 655 862 653 862 604 865 603 865 602 865 585 880 584 880 551 880 551 919"/></Shape>
	    <String CONTENT="پيش آز آدم آنکه جبر بل آمين را سوتپ"
                    HPOS="550"
                    VPOS="862"
                    WIDTH="444"
                    HEIGHT="96"
                    WC="0.8447273312470852"></String>
          </TextLine>

          
          
          <TextLine ID="eSc_line_52d0c7ff"
                    TAGREFS="LT4837"
                    BASELINE="100 900 508 907" 
                    HPOS="99"
                    VPOS="847"
                    WIDTH="409"
                    HEIGHT="89">
            <Shape><Polygon POINTS="100 900 99 926 120 929 121 929 122 929 124 929 124 928 125 926 136 917 167 926 180 931 181 931 183 932 216 932 216 931 217 931 219 931 219 929 223 926 229 919 245 926 262 932 264 932 265 932 266 932 286 926 308 919 352 919 360 925 371 933 373 933 374 933 375 933 377 933 378 933 378 932 387 925 392 921 407 921 413 925 423 933 423 935 424 935 426 935 427 936 456 936 456 935 458 935 459 935 459 933 469 925 472 922 505 924 508 907 508 852 489 851 487 851 486 851 484 851 484 852 483 852 470 865 440 858 438 858 437 858 435 858 426 865 410 854 406 850 405 850 403 850 402 850 340 855 266 862 259 857 250 848 250 847 248 847 247 847 245 847 192 858 184 859 178 858 148 852 146 852 100 859 100 900"/></Shape>
	    <String CONTENT="ز کرم او را تو داوی پير سرا سر يا امام"
                    HPOS="99"
                    VPOS="847"
                    WIDTH="409"
                    HEIGHT="89"
                    WC="0.8824603196821714"></String>
          </TextLine>

          
          
          <TextLine ID="eSc_line_c225f1c7"
                    TAGREFS="LT4837"
                    BASELINE="553 992 996 1002" 
                    HPOS="551"
                    VPOS="938"
                    WIDTH="445"
                    HEIGHT="90">
            <Shape><Polygon POINTS="553 992 551 1005 680 1018 681 1018 683 1018 705 1010 718 1021 718 1023 719 1023 720 1023 806 1025 807 1027 855 1027 855 1025 856 1025 857 1025 874 1014 965 1028 966 1028 968 1028 994 1014 996 1002 992 946 968 965 947 950 945 950 944 950 943 950 941 950 904 964 841 954 839 954 838 954 811 963 775 951 768 950 767 950 765 950 764 950 757 953 744 957 733 953 713 946 712 946 711 946 709 946 680 954 666 958 659 956 623 938 621 938 574 938 572 938 571 938 570 938 570 939 553 953 553 992"/></Shape>
	    <String CONTENT="آنکه در روی زيين را نه فلک باشد "
                    HPOS="551"
                    VPOS="938"
                    WIDTH="445"
                    HEIGHT="90"
                    WC="0.9136185591871088"></String>
          </TextLine>

          
          
          <TextLine ID="eSc_line_01b2a717"
                    TAGREFS="LT4837"
                    BASELINE="100 977 511 985" 
                    HPOS="99"
                    VPOS="924"
                    WIDTH="412"
                    HEIGHT="85">
            <Shape><Polygon POINTS="100 977 99 1000 122 1002 124 1002 125 1002 127 1002 127 1000 136 991 160 1000 167 1003 169 1003 170 1003 212 1000 286 993 301 999 315 1005 317 1005 318 1005 353 999 373 995 378 998 391 1007 392 1007 394 1007 395 1007 442 998 444 998 459 1009 461 1009 462 1009 463 1009 465 1009 509 996 511 985 509 929 451 938 435 932 434 932 433 932 431 932 430 932 417 942 366 940 350 931 343 926 342 926 340 926 339 926 338 926 336 926 331 932 326 935 317 932 294 925 293 925 292 925 290 925 289 925 279 932 275 936 265 933 241 924 240 924 238 924 237 924 236 924 222 933 215 938 185 933 146 929 145 929 100 935 100 977"/></Shape>
	    <String CONTENT="دالی حق ب رسول دين بر آوريا امام"
                    HPOS="99"
                    VPOS="924"
                    WIDTH="412"
                    HEIGHT="85"
                    WC="0.8621197360934634"></String>
          </TextLine>

          
          
          <TextLine ID="eSc_line_b73a8869"
                    TAGREFS="LT4837"
                    BASELINE="554 1060 994 1069" 
                    HPOS="553"
                    VPOS="1018"
                    WIDTH="441"
                    HEIGHT="84">
            <Shape><Polygon POINTS="554 1060 553 1077 604 1078 628 1094 630 1094 631 1094 632 1094 634 1094 635 1094 655 1083 677 1083 698 1098 700 1098 701 1098 702 1099 744 1099 744 1098 746 1098 747 1098 747 1097 758 1087 779 1099 781 1099 782 1099 783 1099 832 1091 845 1101 846 1101 848 1101 849 1102 885 1102 885 1101 887 1101 888 1101 888 1099 904 1085 905 1085 933 1094 934 1094 936 1094 993 1087 994 1069 994 1025 905 1024 904 1024 902 1024 901 1024 899 1025 885 1035 853 1035 785 1025 762 1024 761 1024 746 1027 718 1031 712 1027 704 1020 702 1020 701 1020 700 1020 698 1020 672 1027 659 1030 646 1027 610 1018 609 1018 554 1027 554 1060"/></Shape>
	    <String CONTENT="گفت بيغمير معلوم عالم و انا عليست"
                    HPOS="553"
                    VPOS="1018"
                    WIDTH="441"
                    HEIGHT="84"
                    WC="0.8445977713122512"></String>
          </TextLine>

          
          
          <TextLine ID="eSc_line_4a605677"
                    TAGREFS="LT4837"
                    BASELINE="101 1049 514 1058" 
                    HPOS="100"
                    VPOS="996"
                    WIDTH="414"
                    HEIGHT="85">
            <Shape><Polygon POINTS="101 1049 100 1074 125 1076 127 1076 128 1076 129 1076 129 1074 131 1074 145 1060 208 1073 238 1078 240 1078 241 1078 243 1078 252 1072 265 1063 276 1072 286 1078 287 1078 289 1078 290 1078 292 1078 310 1070 325 1065 339 1070 347 1073 349 1073 350 1074 350 1073 352 1073 360 1070 375 1065 405 1069 407 1069 419 1080 419 1081 420 1081 421 1081 423 1081 424 1081 426 1081 448 1067 451 1067 512 1067 514 1058 514 1020 427 1018 427 1017 382 999 381 999 380 999 279 1011 245 996 244 996 229 996 227 996 226 996 224 996 224 998 208 1013 121 999 120 999 118 999 117 999 101 1007 101 1049"/></Shape>
	    <String CONTENT="صاحب اسرار شرع علم را در ما امام"
                    HPOS="100"
                    VPOS="996"
                    WIDTH="414"
                    HEIGHT="85"
                    WC="0.9110320545732975"></String>
          </TextLine>

          
          
          <TextLine ID="eSc_line_f017452c"
                    TAGREFS="LT4837"
                    BASELINE="641 1144 992 1150" 
                    HPOS="639"
                    VPOS="1092"
                    WIDTH="353"
                    HEIGHT="80">
            <Shape><Polygon POINTS="641 1144 639 1161 646 1168 646 1169 648 1169 649 1169 760 1171 761 1171 762 1171 764 1171 764 1169 772 1162 775 1159 797 1159 803 1164 813 1172 814 1172 815 1172 817 1172 818 1172 838 1165 849 1161 874 1165 902 1171 904 1171 929 1168 961 1164 989 1169 992 1150 987 1108 972 1123 923 1123 885 1104 883 1102 881 1102 880 1102 878 1102 877 1102 877 1104 859 1122 843 1122 828 1106 828 1105 827 1105 825 1105 824 1105 822 1105 821 1105 808 1115 789 1099 781 1094 779 1094 778 1094 744 1094 743 1094 741 1094 740 1094 736 1098 722 1111 698 1097 690 1092 688 1092 687 1092 641 1094 641 1144"/></Shape>
	    <String CONTENT="پيست درد يا و عقبی جز نبی"
                    HPOS="639"
                    VPOS="1092"
                    WIDTH="353"
                    HEIGHT="80"
                    WC="0.887851755619049"></String>
          </TextLine>

          
          
          <TextLine ID="eSc_line_1e823db6"
                    TAGREFS="LT4837"
                    BASELINE="565 1139 591 1139" 
                    HPOS="565"
                    VPOS="1078"
                    WIDTH="26"
                    HEIGHT="76">
            <Shape><Polygon POINTS="565 1139 565 1154 591 1154 591 1139 586 1078 565 1091 565 1139"/></Shape>
	    <String CONTENT=""
                    HPOS="565"
                    VPOS="1078"
                    WIDTH="26"
                    HEIGHT="76"></String>
          </TextLine>

          
          
          <TextLine ID="eSc_line_29ae136b"
                    TAGREFS="LT4837"
                    BASELINE="97 1122 511 1127" 
                    HPOS="96"
                    VPOS="1073"
                    WIDTH="415"
                    HEIGHT="81">
            <Shape><Polygon POINTS="97 1122 96 1150 122 1151 124 1151 125 1151 127 1151 127 1150 128 1150 142 1137 156 1148 157 1151 159 1151 160 1151 209 1152 210 1152 212 1152 213 1152 219 1147 234 1134 251 1143 252 1143 254 1143 311 1136 324 1145 336 1154 338 1154 339 1154 340 1154 395 1143 414 1140 508 1140 511 1127 507 1083 484 1091 468 1083 452 1076 451 1076 449 1076 448 1076 427 1083 413 1088 402 1083 391 1078 389 1078 388 1078 387 1078 385 1078 385 1080 380 1084 374 1090 361 1084 342 1074 340 1074 268 1073 266 1073 265 1073 264 1073 264 1074 251 1084 248 1087 240 1085 216 1080 215 1080 213 1080 212 1080 205 1085 199 1088 194 1085 167 1073 166 1073 164 1073 163 1073 132 1085 129 1087 97 1087 97 1122"/></Shape>
	    <String CONTENT="أنبيا وأولياراجز تورهريا إمام"
                    HPOS="96"
                    VPOS="1073"
                    WIDTH="415"
                    HEIGHT="81"
                    WC="0.8300143163651228"></String>
          </TextLine>

          
          
          <TextLine ID="eSc_line_3dc7a9a2"
                    TAGREFS="LT4837"
                    BASELINE="558 1210 993 1222" 
                    HPOS="557"
                    VPOS="1161"
                    WIDTH="436"
                    HEIGHT="85">
            <Shape><Polygon POINTS="558 1210 557 1222 655 1242 656 1242 658 1242 659 1242 676 1228 695 1228 709 1242 709 1243 711 1243 712 1243 758 1245 760 1245 761 1245 762 1245 762 1243 776 1232 796 1246 797 1246 799 1246 800 1246 871 1235 898 1246 899 1246 901 1246 902 1246 933 1235 955 1245 957 1245 958 1245 959 1245 992 1235 993 1222 992 1186 937 1192 927 1183 927 1182 926 1182 924 1182 923 1182 922 1182 920 1182 910 1187 905 1180 902 1176 901 1176 901 1175 899 1175 898 1175 860 1169 859 1169 857 1169 856 1169 845 1176 822 1189 765 1189 746 1171 744 1171 743 1171 715 1166 713 1166 712 1166 705 1169 667 1185 635 1165 634 1164 632 1164 631 1164 558 1161 558 1210"/></Shape>
	    <String CONTENT="می نمنايد خويش در هر لباس ديگر"
                    HPOS="557"
                    VPOS="1161"
                    WIDTH="436"
                    HEIGHT="85"
                    WC="0.8756746212641399"></String>
          </TextLine>

          
          
          <TextLine ID="eSc_line_c4f20be0"
                    TAGREFS="LT4837"
                    BASELINE="97 1194 505 1201" 
                    HPOS="96"
                    VPOS="1145"
                    WIDTH="409"
                    HEIGHT="80">
            <Shape><Polygon POINTS="97 1194 96 1218 121 1219 122 1219 124 1219 125 1219 125 1218 143 1206 162 1218 163 1219 164 1219 166 1219 167 1219 169 1219 171 1218 194 1207 227 1218 236 1221 237 1221 238 1221 240 1221 247 1218 275 1208 303 1218 315 1222 317 1222 318 1222 340 1218 381 1210 421 1218 427 1218 428 1218 430 1218 431 1218 438 1212 447 1218 455 1225 456 1225 458 1225 459 1225 504 1217 505 1201 504 1150 445 1161 433 1151 431 1150 430 1150 428 1150 427 1150 426 1150 424 1150 423 1151 403 1165 371 1155 370 1155 368 1155 314 1164 300 1155 292 1148 290 1148 289 1148 287 1148 286 1148 264 1155 244 1162 237 1157 227 1147 227 1145 226 1145 224 1145 223 1145 97 1159 97 1194"/></Shape>
	    <String CONTENT="اشکاراو نهان در قرن و مگريا امام"
                    HPOS="96"
                    VPOS="1145"
                    WIDTH="409"
                    HEIGHT="80"
                    WC="0.8911875914782286"></String>
          </TextLine>

          
          
          <TextLine ID="eSc_line_16c50c74"
                    TAGREFS="LT4837"
                    BASELINE="547 1284 994 1292" 
                    HPOS="546"
                    VPOS="1232"
                    WIDTH="448"
                    HEIGHT="82">
            <Shape><Polygon POINTS="547 1284 546 1295 572 1305 574 1305 575 1305 639 1299 651 1309 651 1310 652 1310 653 1310 655 1310 656 1310 687 1302 701 1312 702 1312 704 1312 705 1312 706 1312 708 1312 719 1305 726 1310 726 1312 727 1312 729 1312 730 1312 769 1306 813 1313 814 1313 815 1313 817 1313 827 1306 843 1314 845 1314 846 1314 895 1305 905 1303 912 1305 926 1310 927 1310 929 1310 950 1306 959 1305 964 1306 978 1314 979 1314 980 1314 982 1314 993 1307 994 1292 992 1239 945 1256 817 1254 802 1242 795 1236 793 1236 792 1236 790 1236 789 1236 767 1243 740 1252 729 1243 723 1239 722 1239 720 1239 719 1239 718 1239 704 1245 700 1246 698 1245 684 1233 683 1233 681 1233 652 1233 651 1233 649 1233 648 1233 648 1235 641 1240 630 1232 628 1232 627 1232 579 1232 578 1232 577 1232 547 1245 547 1284"/></Shape>
	    <String CONTENT="ناگشادى پنجه بهين گام وقت كودگى"
                    HPOS="546"
                    VPOS="1232"
                    WIDTH="448"
                    HEIGHT="82"
                    WC="0.8901714240351031"></String>
          </TextLine>

          
          
          <TextLine ID="eSc_line_32aff79b"
                    TAGREFS="LT4837"
                    BASELINE="93 1268 509 1281" 
                    HPOS="92"
                    VPOS="1214"
                    WIDTH="417"
                    HEIGHT="86">
            <Shape><Polygon POINTS="93 1268 92 1292 110 1293 111 1293 113 1293 114 1293 114 1292 125 1282 143 1292 146 1295 148 1295 149 1295 150 1295 152 1295 153 1295 156 1292 169 1282 185 1292 191 1296 192 1296 194 1296 195 1296 197 1296 203 1292 219 1284 233 1292 234 1293 236 1293 237 1293 238 1293 240 1293 243 1292 257 1285 268 1292 275 1298 276 1298 278 1298 279 1298 280 1298 292 1292 303 1286 310 1292 321 1300 322 1300 324 1300 325 1300 508 1291 509 1281 509 1240 484 1240 484 1239 468 1222 468 1221 466 1221 465 1221 463 1221 462 1221 442 1232 423 1219 421 1219 420 1219 419 1219 417 1219 399 1228 381 1219 380 1219 378 1219 377 1219 375 1219 353 1235 352 1235 290 1235 289 1233 269 1215 268 1215 266 1215 241 1214 240 1214 201 1215 199 1215 198 1215 181 1226 162 1214 160 1214 159 1214 157 1214 93 1226 93 1268"/></Shape>
	    <String CONTENT="در زمان از هم دريدی کام از دريا امام"
                    HPOS="92"
                    VPOS="1214"
                    WIDTH="417"
                    HEIGHT="86"
                    WC="0.8333176912532912"></String>
          </TextLine>

          
          
          <TextLine ID="eSc_line_63329015"
                    TAGREFS="LT4837"
                    BASELINE="542 1358 993 1367" 
                    HPOS="540"
                    VPOS="1302"
                    WIDTH="453"
                    HEIGHT="85">
            <Shape><Polygon POINTS="542 1358 540 1365 634 1379 635 1379 637 1379 662 1372 667 1369 670 1372 677 1379 677 1380 679 1380 680 1380 681 1380 683 1380 684 1380 684 1379 693 1373 694 1370 704 1373 733 1381 734 1381 736 1381 769 1376 796 1372 803 1377 806 1380 806 1381 807 1381 808 1381 810 1381 811 1381 821 1379 838 1373 848 1380 849 1381 850 1381 852 1381 853 1381 866 1380 905 1376 920 1383 926 1386 927 1386 929 1387 992 1387 993 1367 993 1312 927 1312 926 1312 924 1312 922 1313 895 1328 884 1320 883 1320 881 1320 880 1320 878 1320 877 1320 866 1328 797 1328 739 1327 725 1319 719 1314 718 1314 716 1314 715 1314 713 1314 695 1319 680 1323 677 1320 663 1307 662 1307 660 1307 571 1302 570 1302 568 1302 567 1302 542 1319 542 1358"/></Shape>
	    <String CONTENT="انکه بر کندی و هبريدی ببرآوردی دفار"
                    HPOS="540"
                    VPOS="1302"
                    WIDTH="453"
                    HEIGHT="85"
                    WC="0.8661598546637429"></String>
          </TextLine>

          
          
          <TextLine ID="eSc_line_bfa3d515"
                    TAGREFS="LT4837"
                    BASELINE="90 1346 511 1355" 
                    HPOS="89"
                    VPOS="1291"
                    WIDTH="422"
                    HEIGHT="82">
            <Shape><Polygon POINTS="90 1346 89 1367 110 1369 111 1369 113 1369 114 1369 114 1367 125 1358 150 1367 159 1370 160 1370 162 1370 163 1370 174 1367 203 1359 219 1367 229 1372 230 1372 231 1372 233 1372 250 1366 257 1365 273 1366 331 1373 332 1373 333 1373 356 1366 366 1362 374 1365 392 1373 394 1373 395 1373 396 1373 398 1373 398 1372 406 1365 407 1363 409 1365 420 1372 421 1372 423 1372 424 1372 509 1363 511 1355 511 1317 449 1295 448 1295 447 1295 445 1295 444 1295 444 1296 421 1314 421 1316 380 1316 354 1314 353 1313 310 1292 308 1292 238 1291 237 1291 236 1291 217 1298 209 1291 208 1291 206 1291 205 1291 203 1291 202 1291 202 1292 187 1305 178 1298 178 1296 177 1296 176 1296 134 1293 132 1293 131 1293 129 1293 129 1295 114 1309 90 1309 90 1346"/></Shape>
	    <String CONTENT="در ز خيبر هر زفتتر قتل کافريا امام"
                    HPOS="89"
                    VPOS="1291"
                    WIDTH="422"
                    HEIGHT="82"
                    WC="0.9186508725671207"></String>
          </TextLine>

          
          
          <TextLine ID="eSc_line_486337e4"
                    TAGREFS="LT4837"
                    BASELINE="542 1425 994 1434" 
                    HPOS="540"
                    VPOS="1369"
                    WIDTH="454"
                    HEIGHT="91">
            <Shape><Polygon POINTS="542 1425 540 1440 593 1440 595 1440 606 1451 606 1453 607 1453 609 1453 610 1453 662 1443 810 1457 811 1457 862 1446 873 1454 873 1455 874 1455 876 1455 877 1455 912 1448 944 1460 945 1460 947 1460 948 1460 993 1447 994 1434 990 1390 971 1398 919 1398 899 1395 890 1386 878 1376 878 1374 877 1374 876 1374 874 1374 873 1374 846 1384 838 1387 834 1384 824 1374 822 1374 821 1374 820 1374 775 1381 748 1386 741 1380 733 1373 732 1373 730 1373 729 1373 727 1373 726 1373 726 1374 720 1379 705 1394 684 1394 660 1379 659 1379 658 1379 656 1379 655 1379 653 1379 635 1391 609 1374 599 1369 598 1369 596 1369 595 1369 542 1372 542 1425"/></Shape>
	    <String CONTENT="گر نبودی دلدل و تيغ دورديه در"
                    HPOS="540"
                    VPOS="1369"
                    WIDTH="454"
                    HEIGHT="91"
                    WC="0.9259749527635246"></String>
          </TextLine>

          
          
          <TextLine ID="eSc_line_181a13d2"
                    TAGREFS="LT4837"
                    BASELINE="88 1419 505 1422" 
                    HPOS="86"
                    VPOS="1363"
                    WIDTH="419"
                    HEIGHT="84">
            <Shape><Polygon POINTS="88 1419 86 1439 106 1446 107 1446 108 1446 110 1446 111 1446 122 1437 129 1432 139 1437 156 1446 157 1446 159 1447 255 1447 255 1446 257 1446 258 1446 272 1436 276 1433 353 1433 357 1434 375 1444 377 1444 378 1444 380 1444 414 1434 448 1443 449 1443 451 1443 504 1432 505 1422 503 1366 486 1373 477 1366 476 1365 475 1365 473 1365 472 1365 470 1365 463 1367 441 1374 431 1367 427 1365 426 1365 424 1365 347 1365 346 1365 345 1365 343 1365 335 1370 324 1379 183 1379 180 1376 164 1363 163 1363 162 1363 135 1363 134 1363 132 1363 88 1377 88 1419"/></Shape>
	    <String CONTENT="اشکارا کی شدی دين بيمپريا امام"
                    HPOS="86"
                    VPOS="1363"
                    WIDTH="419"
                    HEIGHT="84"
                    WC="0.8832293748855591"></String>
          </TextLine>

          
          
          <TextLine ID="eSc_line_88b79294"
                    TAGREFS="LT4837"
                    BASELINE="535 1501 983 1508" 
                    HPOS="533"
                    VPOS="1448"
                    WIDTH="450"
                    HEIGHT="81">
            <Shape><Polygon POINTS="535 1501 533 1511 554 1522 556 1522 557 1522 610 1513 645 1524 646 1524 648 1524 701 1515 711 1524 711 1525 712 1525 713 1525 715 1525 788 1515 800 1525 800 1527 802 1527 803 1527 804 1527 806 1527 831 1520 839 1527 841 1527 842 1527 843 1527 890 1521 894 1527 895 1527 895 1528 897 1528 898 1528 899 1529 959 1529 959 1528 961 1528 982 1517 983 1508 983 1455 962 1454 961 1454 959 1454 958 1454 958 1455 957 1455 938 1474 905 1458 904 1458 902 1458 901 1458 885 1465 877 1458 870 1453 869 1453 867 1453 866 1453 821 1455 820 1455 818 1455 818 1457 814 1460 810 1464 802 1461 781 1453 779 1453 778 1453 776 1453 775 1453 775 1454 767 1461 755 1472 706 1472 680 1464 651 1457 649 1457 648 1457 646 1457 645 1457 639 1462 617 1448 616 1448 614 1448 613 1448 611 1448 535 1468 535 1501"/></Shape>
	    <String CONTENT="هر که راحب تو باشد در وجود آدمی"
                    HPOS="533"
                    VPOS="1448"
                    WIDTH="450"
                    HEIGHT="81"
                    WC="0.9155967216938734"></String>
          </TextLine>

          
          
          <TextLine ID="eSc_line_8a3eb43a"
                    TAGREFS="LT4837"
                    BASELINE="85 1494 498 1501" 
                    HPOS="83"
                    VPOS="1439"
                    WIDTH="415"
                    HEIGHT="86">
            <Shape><Polygon POINTS="85 1494 83 1518 113 1520 114 1520 115 1520 117 1520 117 1518 118 1518 128 1508 240 1508 247 1515 252 1521 252 1522 254 1522 255 1522 257 1524 293 1524 293 1522 294 1522 296 1522 307 1515 312 1511 317 1514 322 1518 322 1520 324 1520 325 1520 326 1520 352 1514 366 1511 377 1514 419 1525 420 1525 421 1525 423 1525 424 1525 424 1524 435 1514 465 1524 466 1524 468 1524 469 1524 497 1511 498 1501 497 1447 409 1455 388 1447 377 1443 375 1443 374 1443 373 1443 363 1447 350 1454 340 1448 338 1446 336 1446 335 1446 333 1446 332 1446 325 1448 312 1453 307 1448 300 1443 299 1443 297 1443 234 1443 233 1443 231 1443 230 1443 223 1448 222 1451 219 1450 205 1440 203 1440 202 1440 201 1440 199 1440 198 1440 185 1447 178 1441 178 1440 177 1440 176 1440 174 1440 143 1446 122 1439 121 1439 120 1439 118 1439 117 1439 117 1440 106 1450 106 1451 85 1451 85 1494"/></Shape>
	    <String CONTENT="کی بود پروای سيم و طالب زريا انام"
                    HPOS="83"
                    VPOS="1439"
                    WIDTH="415"
                    HEIGHT="86"
                    WC="0.9163217372966536"></String>
          </TextLine>

          
          
          <TextLine ID="eSc_line_6dff19bf"
                    TAGREFS="LT4837"
                    BASELINE="526 1577 990 1580" 
                    HPOS="525"
                    VPOS="1520"
                    WIDTH="465"
                    HEIGHT="85">
            <Shape><Polygon POINTS="526 1577 525 1591 620 1603 621 1603 750 1594 781 1603 782 1603 783 1603 785 1603 815 1595 852 1605 853 1605 855 1605 856 1605 891 1596 951 1605 952 1605 954 1605 989 1594 990 1580 989 1536 947 1536 945 1536 930 1522 930 1521 929 1521 927 1521 894 1521 892 1521 829 1536 825 1536 820 1536 751 1520 750 1520 748 1520 747 1520 732 1532 716 1520 715 1520 713 1520 712 1520 711 1520 663 1532 641 1522 639 1522 638 1522 637 1522 616 1534 577 1520 575 1520 574 1520 572 1520 571 1520 571 1521 556 1535 526 1535 526 1577"/></Shape>
	    <String CONTENT="از پدرکی در وجود آمديقين هر گز نزاد"
                    HPOS="525"
                    VPOS="1520"
                    WIDTH="465"
                    HEIGHT="85"
                    WC="0.8815076185597314"></String>
          </TextLine>

          
          
          <TextLine ID="eSc_line_ce582ed2"
                    TAGREFS="LT4837"
                    BASELINE="85 1573 507 1577" 
                    HPOS="83"
                    VPOS="1524"
                    WIDTH="424"
                    HEIGHT="86">
            <Shape><Polygon POINTS="85 1573 83 1606 132 1596 142 1606 143 1606 143 1608 145 1608 146 1608 148 1608 149 1608 157 1605 170 1602 173 1605 177 1608 177 1609 178 1609 180 1609 251 1610 252 1610 254 1610 255 1610 266 1602 279 1592 346 1592 354 1598 363 1606 364 1606 366 1606 399 1608 401 1608 402 1608 403 1608 423 1596 427 1594 435 1595 456 1601 458 1601 459 1601 505 1592 507 1577 507 1545 473 1535 472 1535 470 1535 469 1535 468 1535 458 1543 447 1534 445 1534 444 1534 442 1534 441 1534 413 1543 332 1543 312 1543 311 1542 279 1525 278 1525 276 1525 275 1525 273 1525 262 1532 227 1524 226 1524 224 1524 181 1532 124 1524 122 1524 121 1524 85 1539 85 1573"/></Shape>
	    <String CONTENT="چون تو فرزند به عالم ي تا دريا انام"
                    HPOS="83"
                    VPOS="1524"
                    WIDTH="424"
                    HEIGHT="86"
                    WC="0.8066323186670031"></String>
          </TextLine>

          
        </TextBlock>
        
        <TextBlock HPOS="473"
                   VPOS="117"
                   WIDTH="127"
                   HEIGHT="43"
                   ID="eSc_textblock_8eacbe91"
                   TAGREFS="BT16093">
          <Shape><Polygon POINTS="491 117 533 117 535 134 572 117 600 143 584 160 507 154 473 138 491 117"/></Shape>
          
          
          <TextLine ID="eSc_line_c07e316f"
                    TAGREFS="LT4837"
                    BASELINE="535 129 593 129" 
                    HPOS="535"
                    VPOS="108"
                    WIDTH="58"
                    HEIGHT="42">
            <Shape><Polygon POINTS="577 122 563 120 549 127 546 113 535 113 535 129 535 145 592 150 593 129 592 108 578 108 577 122"/></Shape>
	    <String CONTENT=""
                    HPOS="535"
                    VPOS="108"
                    WIDTH="58"
                    HEIGHT="42"></String>
          </TextLine>

          
        </TextBlock>
        
        <TextBlock HPOS="373"
                   VPOS="0"
                   WIDTH="110"
                   HEIGHT="54"
                   ID="eSc_textblock_4248db84"
                   TAGREFS="BT16093">
          <Shape><Polygon POINTS="373 0 466 5 483 20 466 48 423 54 373 0"/></Shape>
          
          
          <TextLine ID="eSc_line_0eeaed97"
                    TAGREFS="LT4837"
                    BASELINE="441 11 459 12" 
                    HPOS="435"
                    VPOS="4"
                    WIDTH="24"
                    HEIGHT="81">
            <Shape><Polygon POINTS="454 4 441 4 441 11 435 85 452 85 459 12 459 4 454 4"/></Shape>
	    <String CONTENT=""
                    HPOS="435"
                    VPOS="4"
                    WIDTH="24"
                    HEIGHT="81"></String>
          </TextLine>

          
        </TextBlock>
        
        <TextBlock HPOS="1092"
                   VPOS="33"
                   WIDTH="14"
                   HEIGHT="77"
                   ID="eSc_textblock_318c4625"
                   TAGREFS="BT16085">
          <Shape><Polygon POINTS="1092 33 1106 33 1106 110 1092 110 1092 33"/></Shape>
          
        </TextBlock>
        

        
      </PrintSpace>
    </Page>
  </Layout>
</alto>
