<?xml version="1.0" encoding="UTF-8"?>
<alto xmlns:xsi="http://www.w3.org/2001/XMLSchema-instance"
      xmlns="http://www.loc.gov/standards/alto/ns-v4#"
      xsi:schemaLocation="http://www.loc.gov/standards/alto/ns-v4# http://www.loc.gov/standards/alto/v4/alto-4-2.xsd">
  <Description>
    <MeasurementUnit>pixel</MeasurementUnit>
    <sourceImageInformation>
      <fileName>Rasail138.jpg</fileName>
      
    </sourceImageInformation>
  </Description>
  
  <Tags>
    <OtherTag ID="BT16094" LABEL="default" DESCRIPTION="block type default"/><OtherTag ID="BT16093" LABEL="NumberingZone:page" DESCRIPTION="block type NumberingZone:page"/><OtherTag ID="BT16092" LABEL="MarginTextZone:note" DESCRIPTION="block type MarginTextZone:note"/><OtherTag ID="BT16091" LABEL="TitlePageZone" DESCRIPTION="block type TitlePageZone"/><OtherTag ID="BT16090" LABEL="QuireMarksZone:catchwords" DESCRIPTION="block type QuireMarksZone:catchwords"/><OtherTag ID="BT16089" LABEL="NumberingZone:other" DESCRIPTION="block type NumberingZone:other"/><OtherTag ID="BT16088" LABEL="NumberingZone" DESCRIPTION="block type NumberingZone"/><OtherTag ID="BT16087" LABEL="MarginTextZone" DESCRIPTION="block type MarginTextZone"/><OtherTag ID="BT16086" LABEL="MainZone" DESCRIPTION="block type MainZone"/><OtherTag ID="BT16085" LABEL="DigitizationArtefactZone" DESCRIPTION="block type DigitizationArtefactZone"/><OtherTag ID="BT2" LABEL="Main" DESCRIPTION="block type Main"/><OtherTag ID="BT1" LABEL="Title" DESCRIPTION="block type Title"/>
    <OtherTag ID="LT4837" LABEL="DefaultLine" DESCRIPTION="line type DefaultLine"/><OtherTag ID="LT4838" LABEL="default" DESCRIPTION="line type default"/><OtherTag ID="LT4839" LABEL="HeadingLine:title" DESCRIPTION="line type HeadingLine:title"/>
  </Tags>
  
  <Layout>
    <Page WIDTH="1245"
          HEIGHT="1696"
          PHYSICAL_IMG_NR="1"
          ID="eSc_dummypage_">
      <PrintSpace HPOS="0"
                  VPOS="0"
                  WIDTH="1245"
                  HEIGHT="1696">
        
        <TextBlock HPOS="73"
                   VPOS="175"
                   WIDTH="1051"
                   HEIGHT="1457"
                   ID="eSc_textblock_6d32652b"
                   TAGREFS="BT16086">
          <Shape><Polygon POINTS="534 175 1034 186 983 224 1085 356 1124 689 1119 1089 1073 1609 135 1632 73 1587 73 1424 96 1366 73 1175 101 982 101 582 135 333 311 265 417 260 435 192 534 175"/></Shape>
          
          
          <TextLine ID="eSc_line_d5e41e2a"
                    TAGREFS="LT4837"
                    BASELINE="435 217 838 230" 
                    HPOS="434"
                    VPOS="175"
                    WIDTH="404"
                    HEIGHT="77">
            <Shape><Polygon POINTS="520 176 506 179 492 180 478 183 464 186 449 189 435 190 435 217 434 238 469 244 471 244 489 240 523 233 540 241 550 247 551 247 553 247 554 247 556 247 556 245 560 243 570 234 676 237 693 245 708 252 710 252 711 252 837 248 838 230 837 197 813 200 807 196 797 187 796 187 795 187 793 187 792 187 790 187 790 189 783 196 779 200 751 200 739 195 703 180 701 180 700 180 642 187 628 179 626 179 625 179 623 179 622 179 606 187 598 179 598 178 597 178 595 178 594 178 592 178 591 178 572 189 563 179 563 178 561 178 560 178 558 178 557 178 537 183 529 175 520 176"/></Shape>
	    <String CONTENT="بردان خديا خدا نه باشند"
                    HPOS="434"
                    VPOS="175"
                    WIDTH="404"
                    HEIGHT="77"
                    WC="0.9183560570944911"></String>
          </TextLine>

          
          
          <TextLine ID="eSc_line_97efbd1c"
                    TAGREFS="LT4837"
                    BASELINE="424 289 837 295" 
                    HPOS="423"
                    VPOS="241"
                    WIDTH="414"
                    HEIGHT="81">
            <Shape><Polygon POINTS="424 289 423 302 458 312 459 312 461 312 462 312 476 305 485 302 558 302 572 310 591 319 592 319 594 319 595 319 612 312 629 303 643 313 649 318 650 318 652 318 653 318 655 318 663 315 681 306 705 316 713 319 714 319 715 319 717 319 718 319 721 318 727 313 731 318 732 320 734 320 734 322 735 322 737 322 738 322 759 319 786 315 834 322 837 295 837 260 813 245 812 245 810 245 809 245 807 245 806 245 785 262 780 265 735 265 730 261 703 248 701 248 700 248 698 248 697 248 681 261 662 245 660 245 659 245 657 245 656 245 632 257 605 243 604 243 602 243 551 248 513 241 512 241 478 243 476 243 475 243 454 260 452 260 424 260 424 289"/></Shape>
	    <String CONTENT="ليکن ز خدا جدا نباشند"
                    HPOS="423"
                    VPOS="241"
                    WIDTH="414"
                    HEIGHT="81"
                    WC="0.9552429346811204"></String>
          </TextLine>

          
          
          <TextLine ID="eSc_line_e7c3fb33"
                    TAGREFS="LT4837"
                    BASELINE="683 371 824 375" 
                    HPOS="681"
                    VPOS="332"
                    WIDTH="143"
                    HEIGHT="63">
            <Shape><Polygon POINTS="683 371 681 394 821 395 824 375 824 334 802 334 800 334 799 334 797 334 797 336 783 349 762 342 761 342 759 342 732 347 721 337 715 333 715 332 714 332 713 332 711 332 683 337 683 371"/></Shape>
	    <String CONTENT="ران روى"
                    HPOS="681"
                    VPOS="332"
                    WIDTH="143"
                    HEIGHT="63"
                    WC="0.9315934010914394"></String>
          </TextLine>

          
          
          <TextLine ID="eSc_line_be3e1c3b"
                    TAGREFS="LT4837"
                    BASELINE="427 360 633 367" 
                    HPOS="425"
                    VPOS="305"
                    WIDTH="208"
                    HEIGHT="93">
            <Shape><Polygon POINTS="427 360 425 378 434 385 435 385 437 385 438 385 439 385 456 378 473 373 547 373 565 391 570 395 570 397 571 397 572 397 630 398 633 367 630 312 615 318 604 313 592 309 591 309 589 309 588 309 577 315 554 326 537 316 524 308 523 308 522 308 520 308 519 308 492 316 465 305 464 305 462 305 461 305 459 305 459 306 444 320 441 322 427 322 427 360"/></Shape>
	    <String CONTENT="شم توست احول"
                    HPOS="425"
                    VPOS="305"
                    WIDTH="208"
                    HEIGHT="93"
                    WC="0.9279192934433619"></String>
          </TextLine>

          
          
          <TextLine ID="eSc_line_d8cc48ae"
                    TAGREFS="LT4837"
                    BASELINE="413 436 823 436" 
                    HPOS="413"
                    VPOS="388"
                    WIDTH="410"
                    HEIGHT="74">
            <Shape><Polygon POINTS="413 436 413 449 428 460 430 460 431 460 432 460 434 460 483 448 557 448 565 455 567 455 568 455 570 455 571 455 588 448 612 460 614 460 615 462 756 462 756 460 758 460 759 460 759 459 771 449 823 446 823 436 823 405 762 402 741 388 739 388 738 388 737 388 715 390 714 390 713 390 713 391 697 404 639 388 638 388 636 388 635 388 633 388 616 404 606 397 605 397 604 397 602 397 556 404 524 401 513 390 513 388 512 388 510 388 462 388 461 388 459 388 458 388 458 390 442 405 413 405 413 436"/></Shape>
	    <String CONTENT="معبود تو بر تواست اول"
                    HPOS="413"
                    VPOS="388"
                    WIDTH="410"
                    HEIGHT="74"
                    WC="0.866146662405559"></String>
          </TextLine>

          
          
          <TextLine ID="eSc_line_40ba8129"
                    TAGREFS="LT4837"
                    BASELINE="128 513 1027 528" 
                    HPOS="127"
                    VPOS="457"
                    WIDTH="900"
                    HEIGHT="101">
            <Shape><Polygon POINTS="128 513 127 524 207 545 209 545 210 546 274 546 274 545 275 545 277 545 277 544 294 530 328 530 348 530 367 539 369 539 370 539 372 539 389 531 403 531 473 531 475 532 495 546 496 546 498 546 548 549 550 549 551 549 604 535 609 534 616 535 649 542 650 542 681 537 688 535 690 537 701 546 701 548 703 548 704 548 705 548 727 544 766 554 768 554 769 554 823 544 861 556 863 556 864 558 939 558 939 556 940 556 942 556 953 549 973 558 974 558 976 558 977 558 1025 544 1027 528 1027 477 987 470 986 470 984 470 983 470 983 472 976 477 960 490 858 487 829 476 817 473 816 473 814 473 813 473 812 473 807 476 789 487 660 486 646 476 632 466 630 466 629 466 534 462 533 462 531 462 530 462 530 463 516 476 512 480 506 476 490 466 489 466 488 466 486 466 485 466 465 476 456 480 447 476 413 462 411 462 410 462 352 474 328 464 326 464 325 464 323 464 314 470 295 457 294 457 292 457 233 457 232 457 230 457 229 457 215 469 190 459 189 459 188 459 186 459 185 459 165 474 128 474 128 513"/></Shape>
	    <String CONTENT="اگر کسی بپرسد که  چون در معنی يکیاند و در جم يکی نيستند"
                    HPOS="127"
                    VPOS="457"
                    WIDTH="900"
                    HEIGHT="101"
                    WC="0.8638876611536199"></String>
          </TextLine>

          
          
          <TextLine ID="eSc_line_95898722"
                    TAGREFS="LT4837"
                    BASELINE="816 600 1102 606" 
                    HPOS="814"
                    VPOS="570"
                    WIDTH="288"
                    HEIGHT="66">
            <Shape><Polygon POINTS="816 600 814 617 833 633 834 633 836 633 899 634 901 634 902 634 904 634 929 619 943 626 945 626 946 626 977 620 981 620 983 620 1005 636 1007 636 1008 636 1010 636 1011 636 1012 636 1032 623 1034 621 1039 623 1082 636 1083 636 1085 636 1086 636 1087 636 1100 626 1102 606 1102 573 816 570 816 600"/></Shape>
	    <String CONTENT="جرلاب او درين"
                    HPOS="814"
                    VPOS="570"
                    WIDTH="288"
                    HEIGHT="66"
                    WC="0.8742934648807232"></String>
          </TextLine>

          
          
          <TextLine ID="eSc_line_33279132"
                    TAGREFS="LT4837"
                    BASELINE="138 589 614 590 763 597" 
                    HPOS="137"
                    VPOS="538"
                    WIDTH="626"
                    HEIGHT="75">
            <Shape><Polygon POINTS="138 589 137 600 175 607 176 607 178 607 190 602 198 599 202 602 209 607 210 607 212 607 213 607 215 607 224 603 227 602 234 603 270 610 271 610 273 610 288 604 302 599 355 599 363 606 370 611 372 611 373 611 374 613 411 613 411 611 413 611 425 607 442 600 461 607 472 611 473 611 475 611 476 611 483 607 496 600 507 609 512 611 513 611 514 611 516 611 517 611 527 609 557 600 568 610 571 613 572 613 574 613 575 613 612 610 718 602 759 613 763 597 763 561 738 552 737 552 735 552 691 559 646 541 645 541 643 541 599 551 561 539 560 539 454 539 452 539 451 539 449 539 420 558 417 558 353 551 342 539 342 538 340 538 339 538 338 538 290 545 288 545 287 545 273 556 273 558 169 558 169 556 161 549 161 548 159 548 158 548 157 548 155 548 138 555 138 589"/></Shape>
	    <String CONTENT="واست يکی آنکه اگر شخص اليشان دور"
                    HPOS="137"
                    VPOS="538"
                    WIDTH="626"
                    HEIGHT="75"
                    WC="0.9402278752037974"></String>
          </TextLine>

          
          
          <TextLine ID="eSc_line_dac2a404"
                    TAGREFS="LT4837"
                    BASELINE="912 679 1096 682" 
                    HPOS="911"
                    VPOS="633"
                    WIDTH="185"
                    HEIGHT="82">
            <Shape><Polygon POINTS="912 679 911 699 942 715 943 715 945 715 1018 706 1052 702 1093 710 1096 682 1096 648 1028 647 1027 645 1007 633 1005 633 1004 633 1003 633 912 643 912 679"/></Shape>
	    <String CONTENT="بوری يکید"
                    HPOS="911"
                    VPOS="633"
                    WIDTH="185"
                    HEIGHT="82"
                    WC="0.9365093111991882"></String>
          </TextLine>

          
          
          <TextLine ID="eSc_line_91cd2b8e"
                    TAGREFS="LT4837"
                    BASELINE="135 661 592 662" 
                    HPOS="134"
                    VPOS="611"
                    WIDTH="458"
                    HEIGHT="71">
            <Shape><Polygon POINTS="135 661 134 681 172 682 174 682 175 682 176 682 176 681 189 669 295 669 312 682 314 682 315 682 316 682 323 682 393 671 462 682 469 682 471 682 475 682 529 669 551 679 553 679 554 679 556 679 574 672 587 682 592 662 589 619 564 621 558 619 548 611 547 611 546 611 544 611 543 611 529 619 523 621 514 619 489 611 488 611 486 611 485 611 483 611 475 620 466 627 430 627 421 620 408 611 407 611 406 611 404 611 403 611 401 611 387 621 384 623 380 621 367 617 366 617 365 617 335 621 312 626 308 623 298 613 298 611 297 611 295 611 257 611 256 611 254 611 253 611 239 623 234 627 209 627 203 624 181 611 179 611 178 611 176 611 175 611 158 624 158 626 135 626 135 661"/></Shape>
	    <String CONTENT="ی عوام دراف به شک می"
                    HPOS="134"
                    VPOS="611"
                    WIDTH="458"
                    HEIGHT="71"
                    WC="0.9010130494832993"></String>
          </TextLine>

          
          
          <TextLine ID="eSc_line_be078745"
                    TAGREFS="LT4837"
                    BASELINE="971 753 1097 757" 
                    HPOS="970"
                    VPOS="719"
                    WIDTH="127"
                    HEIGHT="65">
            <Shape><Polygon POINTS="971 753 970 771 1095 784 1097 757 1095 722 1076 730 1044 723 1017 719 1015 719 971 726 971 753"/></Shape>
	    <String CONTENT="اهتادند"
                    HPOS="970"
                    VPOS="719"
                    WIDTH="127"
                    HEIGHT="65"
                    WC="0.9194956507001605"></String>
          </TextLine>

          
          
          <TextLine ID="eSc_line_aa28d226"
                    TAGREFS="LT4837"
                    BASELINE="145 732 666 740" 
                    HPOS="144"
                    VPOS="685"
                    WIDTH="522"
                    HEIGHT="71">
            <Shape><Polygon POINTS="145 732 144 742 159 749 161 749 162 749 216 743 230 742 254 744 319 751 321 751 359 747 384 744 393 749 404 753 406 753 407 753 408 753 421 749 430 746 435 750 439 753 441 753 442 753 444 753 485 751 550 747 557 753 558 754 560 754 561 754 663 756 666 740 664 703 611 708 605 702 599 698 599 696 598 696 597 696 595 696 594 696 574 702 560 689 560 688 558 688 557 688 492 686 490 686 489 686 458 701 425 686 424 686 423 686 421 686 407 693 390 688 389 688 387 688 386 688 356 701 350 703 348 701 329 685 328 685 326 685 325 685 323 685 292 701 291 702 290 701 268 685 267 685 265 685 264 685 263 685 220 701 217 701 145 701 145 732"/></Shape>
	    <String CONTENT="به سوق خود کردن او را صاحب"
                    HPOS="144"
                    VPOS="685"
                    WIDTH="522"
                    HEIGHT="71"
                    WC="0.9367273472822629"></String>
          </TextLine>

          
          
          <TextLine ID="eSc_line_7f504061"
                    TAGREFS="LT4837"
                    BASELINE="123 811 715 816 1095 831" 
                    HPOS="123"
                    VPOS="757"
                    WIDTH="972"
                    HEIGHT="95">
            <Shape><Polygon POINTS="123 811 123 821 154 821 157 822 168 832 168 833 169 833 171 833 210 838 212 838 265 831 284 838 285 838 287 838 288 838 290 838 304 828 308 823 322 828 359 839 360 839 362 839 401 831 432 823 449 832 468 840 469 840 471 840 472 840 473 840 483 833 495 825 540 825 554 835 557 838 558 838 560 838 561 838 563 838 564 838 565 836 578 826 611 826 643 838 662 845 663 845 664 845 700 840 772 829 799 843 803 845 805 845 853 849 854 849 855 849 867 845 905 832 942 848 949 850 950 850 1092 852 1095 831 1093 791 954 792 946 788 929 777 928 777 926 777 925 777 923 777 922 777 909 787 904 792 865 792 855 787 846 781 844 781 843 781 841 781 824 785 812 790 802 785 762 767 761 767 759 767 735 768 734 768 732 768 714 784 710 788 696 784 663 773 662 773 660 773 659 773 639 782 633 785 629 782 604 770 602 770 601 770 599 770 585 775 560 766 558 766 449 761 448 761 447 761 403 775 373 761 372 761 370 761 369 761 343 767 308 760 307 760 305 760 304 760 282 777 277 781 258 781 251 777 239 768 237 768 236 768 234 768 233 768 212 775 190 757 189 757 188 757 155 757 154 757 152 757 123 771 123 811"/></Shape>
	    <String CONTENT="غرض میدانستند به ظاهر دعوت بادگير می کند بی غرض می داند"
                    HPOS="123"
                    VPOS="757"
                    WIDTH="972"
                    HEIGHT="95"
                    WC="0.8696930760687048"></String>
          </TextLine>

          
          
          <TextLine ID="eSc_line_7cb23fe0"
                    TAGREFS="LT4837"
                    BASELINE="130 891 597 887 1096 898" 
                    HPOS="128"
                    VPOS="838"
                    WIDTH="968"
                    HEIGHT="80">
            <Shape><Polygon POINTS="130 891 128 894 193 913 195 913 196 914 270 914 270 913 271 913 309 897 315 896 408 896 414 898 451 913 452 913 454 913 455 913 456 913 456 911 471 900 473 897 492 900 536 905 537 905 539 905 540 905 546 900 551 897 629 897 635 901 646 910 647 910 649 910 690 914 691 914 693 914 694 914 711 903 714 901 721 903 775 915 776 915 778 915 817 904 827 901 830 904 844 917 846 917 847 917 848 917 919 915 921 915 922 915 933 905 939 903 943 905 946 908 947 908 949 908 950 908 966 905 974 904 979 905 993 918 994 918 996 918 997 918 1095 907 1096 898 1096 860 1028 849 1027 849 984 859 983 859 970 848 969 848 967 848 966 848 899 857 857 842 855 842 837 842 836 842 834 842 833 842 814 857 813 859 752 859 749 857 720 840 718 840 717 840 598 853 577 840 575 840 574 840 513 839 512 839 510 839 509 839 493 853 469 845 468 845 466 845 465 845 447 855 417 839 415 839 414 839 340 853 312 838 311 838 251 838 250 838 249 838 247 838 233 850 130 852 130 891"/></Shape>
	    <String CONTENT="و از آن غافل اندکه هردد يکی امد و چون وز در عالم کشرت"
                    HPOS="128"
                    VPOS="838"
                    WIDTH="968"
                    HEIGHT="80"
                    WC="0.8615633806696644"></String>
          </TextLine>

          
          
          <TextLine ID="eSc_line_d097f07c"
                    TAGREFS="LT4837"
                    BASELINE="1045 975 1086 975" 
                    HPOS="1045"
                    VPOS="937"
                    WIDTH="41"
                    HEIGHT="66">
            <Shape><Polygon POINTS="1045 975 1045 997 1085 1003 1086 975 1086 937 1045 937 1045 975"/></Shape>
	    <String CONTENT=""
                    HPOS="1045"
                    VPOS="937"
                    WIDTH="41"
                    HEIGHT="66"></String>
          </TextLine>

          
          
          <TextLine ID="eSc_line_df1de9bc"
                    TAGREFS="LT4837"
                    BASELINE="118 969 546 959 874 963" 
                    HPOS="117"
                    VPOS="905"
                    WIDTH="757"
                    HEIGHT="80">
            <Shape><Polygon POINTS="118 969 118 985 175 985 175 983 176 983 200 970 219 980 220 980 222 980 223 980 234 975 268 982 270 982 271 982 299 969 355 969 376 982 377 982 379 982 380 983 407 983 407 982 408 982 410 982 430 968 540 968 558 979 560 979 561 979 563 979 564 979 587 968 601 979 602 979 604 979 605 979 606 979 656 966 872 976 874 963 871 922 810 922 809 922 786 905 785 905 783 905 782 905 780 905 749 922 748 924 721 924 708 924 690 907 690 905 688 905 687 905 686 905 684 905 663 915 633 905 632 905 630 905 629 905 628 905 605 922 582 905 581 905 580 905 548 905 547 905 546 905 544 905 520 924 500 907 499 907 498 907 496 907 495 907 493 907 479 915 417 907 415 907 414 907 413 907 413 908 406 914 369 908 367 908 366 908 365 908 345 925 331 914 329 914 328 914 326 914 325 914 285 927 263 913 261 913 260 913 258 913 232 917 212 910 210 910 209 910 207 910 168 928 168 929 117 929 118 969"/></Shape>
	    <String CONTENT="چنانکه در فصول مبارک میفرنايد کردين به حقيقت"
                    HPOS="117"
                    VPOS="905"
                    WIDTH="757"
                    HEIGHT="80"
                    WC="0.9330255395986817"></String>
          </TextLine>

          
          
          <TextLine ID="eSc_line_ffd9829b"
                    TAGREFS="LT4837"
                    BASELINE="121 1052 431 1040 659 1040 1095 1052" 
                    HPOS="120"
                    VPOS="985"
                    WIDTH="975"
                    HEIGHT="84">
            <Shape><Polygon POINTS="121 1052 120 1067 233 1068 234 1068 236 1068 239 1068 287 1052 346 1058 348 1058 349 1058 350 1058 363 1048 485 1048 541 1055 543 1055 626 1050 645 1058 646 1058 647 1058 686 1050 700 1061 701 1061 703 1061 704 1061 705 1061 728 1055 744 1068 745 1069 747 1069 748 1069 749 1069 759 1068 812 1058 848 1068 850 1068 851 1068 853 1068 879 1055 908 1068 911 1069 912 1069 913 1069 922 1068 990 1057 1007 1068 1007 1069 1008 1069 1010 1069 1011 1069 1093 1068 1095 1052 1093 1019 1049 1010 1048 1010 1046 1010 1045 1010 1034 1017 1032 1019 963 1019 962 1017 950 1010 949 1010 947 1010 946 1010 888 1016 853 996 851 996 850 996 848 996 847 996 847 997 824 1017 823 1019 797 1019 790 1017 763 1011 734 985 732 985 731 985 708 985 707 985 705 985 704 985 690 996 677 986 677 985 676 985 674 985 500 985 499 985 498 985 455 996 444 989 442 989 441 989 439 989 438 989 420 999 381 992 380 992 379 992 343 1011 264 997 263 997 261 997 217 1010 175 985 174 985 172 985 171 985 169 985 168 985 135 1014 121 1014 121 1052"/></Shape>
	    <String CONTENT="مؤلا ناسف وحجتن لس أكرمة الشان دررين ووعوت يكي"
                    HPOS="120"
                    VPOS="985"
                    WIDTH="975"
                    HEIGHT="84"
                    WC="0.8667950686067343"></String>
          </TextLine>

          
          
          <TextLine ID="eSc_line_b496593b"
                    TAGREFS="LT4837"
                    BASELINE="166 1125 731 1117 1085 1129" 
                    HPOS="165"
                    VPOS="1062"
                    WIDTH="920"
                    HEIGHT="84">
            <Shape><Polygon POINTS="166 1125 165 1129 232 1140 233 1140 234 1140 253 1132 254 1130 254 1132 263 1139 264 1139 265 1139 267 1139 268 1139 270 1139 281 1132 287 1129 316 1129 323 1132 336 1139 338 1139 339 1139 340 1139 356 1133 365 1129 373 1133 394 1144 396 1144 397 1146 431 1146 431 1144 432 1144 434 1144 434 1143 444 1134 451 1129 577 1129 592 1137 602 1141 604 1141 605 1141 628 1137 667 1129 681 1139 687 1143 688 1143 690 1143 691 1143 693 1143 710 1139 744 1130 785 1140 806 1144 807 1146 829 1146 829 1144 830 1144 831 1144 836 1141 847 1132 879 1141 889 1144 891 1144 892 1146 928 1146 928 1144 929 1144 930 1144 932 1143 939 1137 945 1143 946 1144 947 1144 949 1144 950 1146 1083 1146 1085 1129 1083 1086 963 1086 936 1072 935 1072 933 1072 932 1072 930 1072 913 1085 850 1074 848 1074 847 1074 846 1074 831 1085 799 1075 797 1075 796 1075 795 1075 765 1085 741 1064 741 1062 739 1062 738 1062 659 1062 657 1062 656 1062 655 1062 655 1064 643 1074 621 1067 619 1067 618 1067 616 1067 615 1067 594 1081 574 1064 574 1062 572 1062 571 1062 570 1062 481 1064 479 1064 478 1064 468 1072 441 1062 439 1062 438 1062 437 1062 435 1062 413 1081 398 1071 397 1071 396 1071 394 1071 393 1071 370 1081 357 1069 357 1068 356 1068 355 1068 322 1062 321 1062 319 1062 318 1062 281 1086 227 1086 210 1071 209 1071 207 1071 206 1071 205 1071 203 1071 186 1086 166 1086 166 1125"/></Shape>
	    <String CONTENT="بشند ازين معنی لازم آيد کدين حقيقت هم دو باشد و دا"
                    HPOS="165"
                    VPOS="1062"
                    WIDTH="920"
                    HEIGHT="84"
                    WC="0.855328009409063"></String>
          </TextLine>

          
          
          <TextLine ID="eSc_line_580f7bbd"
                    TAGREFS="LT4837"
                    BASELINE="117 1201 374 1192 656 1192 1000 1204 1096 1199" 
                    HPOS="117"
                    VPOS="1141"
                    WIDTH="979"
                    HEIGHT="84">
            <Shape><Polygon POINTS="117 1201 117 1221 202 1214 244 1221 253 1222 254 1222 256 1222 257 1222 257 1221 271 1209 305 1211 307 1211 308 1211 309 1211 325 1201 439 1208 441 1208 496 1201 529 1209 530 1209 531 1209 533 1209 534 1209 546 1202 611 1209 612 1209 614 1209 635 1204 655 1214 656 1214 657 1214 659 1214 680 1202 741 1214 742 1214 744 1214 779 1202 809 1221 816 1225 817 1225 819 1225 820 1225 1095 1219 1096 1199 1092 1161 964 1166 954 1161 950 1158 949 1158 947 1158 946 1158 937 1161 923 1166 916 1161 895 1146 894 1146 892 1146 820 1146 819 1146 817 1146 816 1146 802 1158 749 1144 748 1144 700 1144 698 1144 697 1144 666 1157 656 1150 655 1150 653 1150 652 1150 606 1160 571 1153 570 1153 568 1153 567 1153 554 1161 548 1166 523 1166 517 1161 482 1143 481 1143 479 1143 415 1151 387 1144 386 1144 384 1144 383 1144 345 1156 308 1143 307 1143 305 1143 304 1143 302 1143 277 1161 275 1163 274 1161 234 1143 233 1143 199 1141 198 1141 196 1141 195 1141 168 1161 168 1163 117 1163 117 1201"/></Shape>
	    <String CONTENT="شت و هرگاهيکه دين بکشرت رفت وا دو خراه هرفتاور"
                    HPOS="117"
                    VPOS="1141"
                    WIDTH="979"
                    HEIGHT="84"
                    WC="0.8371470032826714"></String>
          </TextLine>

          
          
          <TextLine ID="eSc_line_189a130f"
                    TAGREFS="LT4837"
                    BASELINE="977 1283 1079 1286" 
                    HPOS="976"
                    VPOS="1239"
                    WIDTH="103"
                    HEIGHT="66">
            <Shape><Polygon POINTS="977 1283 976 1305 1078 1305 1079 1286 1078 1245 1011 1252 1001 1242 1001 1240 1000 1240 998 1240 977 1239 977 1283"/></Shape>
	    <String CONTENT="و"
                    HPOS="976"
                    VPOS="1239"
                    WIDTH="103"
                    HEIGHT="66"
                    WC="0.9908321499824524"></String>
          </TextLine>

          
          
          <TextLine ID="eSc_line_f022b675"
                    TAGREFS="LT4837"
                    BASELINE="103 1361 563 1348 1044 1352" 
                    HPOS="101"
                    VPOS="1284"
                    WIDTH="943"
                    HEIGHT="92">
            <Shape><Polygon POINTS="103 1361 103 1376 223 1369 243 1375 244 1375 246 1375 247 1375 284 1359 340 1359 350 1368 352 1368 353 1368 355 1368 356 1368 357 1368 370 1359 406 1359 427 1369 428 1369 430 1369 431 1369 458 1358 481 1358 513 1375 514 1375 516 1375 517 1375 537 1375 564 1372 565 1372 567 1372 584 1356 612 1356 626 1368 628 1368 629 1368 630 1368 632 1368 653 1356 691 1366 693 1366 694 1366 696 1366 697 1366 713 1355 759 1355 788 1355 812 1372 813 1372 814 1372 816 1373 846 1373 846 1372 847 1372 848 1372 863 1361 879 1370 881 1370 882 1370 884 1370 913 1356 936 1370 937 1370 939 1370 940 1372 1044 1372 1044 1352 1042 1308 1017 1300 1015 1300 1014 1300 1012 1300 994 1308 923 1301 922 1301 921 1301 899 1310 867 1284 865 1284 864 1284 863 1284 861 1284 806 1308 780 1308 745 1286 744 1286 742 1286 741 1286 697 1294 686 1286 684 1286 683 1286 595 1286 594 1286 592 1286 591 1286 581 1294 572 1287 571 1287 570 1287 568 1287 567 1287 565 1287 565 1288 548 1303 524 1298 523 1298 522 1298 520 1298 509 1307 486 1291 485 1291 483 1291 482 1291 481 1291 479 1291 455 1307 404 1305 403 1305 401 1305 370 1315 348 1315 335 1304 335 1303 333 1303 332 1303 331 1303 329 1303 328 1303 321 1308 301 1293 299 1293 298 1293 297 1293 295 1293 271 1301 205 1290 203 1290 202 1290 151 1317 101 1317 103 1361"/></Shape>
	    <String CONTENT="ويک جواب ديگرا است که اگر شخصی ايشان دد باشد که مکی ردر"
                    HPOS="101"
                    VPOS="1284"
                    WIDTH="943"
                    HEIGHT="92"
                    WC="0.8078868307850577"></String>
          </TextLine>

          
          
          <TextLine ID="eSc_line_83b2854e"
                    TAGREFS="LT4837"
                    BASELINE="118 1445 258 1433 435 1427 1076 1435" 
                    HPOS="118"
                    VPOS="1365"
                    WIDTH="958"
                    HEIGHT="93">
            <Shape><Polygon POINTS="118 1445 118 1455 237 1455 237 1454 239 1454 240 1454 263 1440 280 1445 281 1445 282 1445 284 1445 328 1434 523 1434 537 1447 539 1447 540 1447 541 1447 543 1447 577 1435 628 1454 635 1457 636 1457 638 1457 653 1454 680 1450 696 1454 703 1457 704 1457 705 1457 707 1457 711 1454 745 1437 778 1454 779 1454 780 1454 782 1454 783 1454 806 1438 844 1454 854 1458 855 1458 857 1458 858 1458 867 1454 902 1438 947 1454 959 1458 960 1458 962 1458 963 1458 971 1454 997 1443 1007 1451 1007 1452 1008 1452 1010 1452 1011 1452 1044 1447 1072 1454 1076 1435 1076 1393 1045 1393 1045 1392 1028 1379 1027 1379 1025 1379 1024 1379 967 1392 936 1375 935 1375 933 1375 932 1375 894 1385 875 1369 874 1369 872 1369 871 1369 786 1390 761 1369 761 1368 759 1368 758 1368 684 1368 683 1368 681 1368 680 1368 662 1383 531 1366 530 1366 529 1366 496 1383 472 1366 471 1366 469 1366 468 1366 397 1380 338 1365 336 1365 335 1365 333 1365 288 1389 260 1389 244 1375 244 1373 243 1373 241 1373 240 1373 239 1373 210 1389 118 1389 118 1445"/></Shape>
	    <String CONTENT="س کمون ظور کند و يکی همين حقيقت تنهارا نگاه دارده بی"
                    HPOS="118"
                    VPOS="1365"
                    WIDTH="958"
                    HEIGHT="93"
                    WC="0.8879304877840556"></String>
          </TextLine>

          
          
          <TextLine ID="eSc_line_ed265f3d"
                    TAGREFS="LT4837"
                    BASELINE="103 1520 539 1506 1073 1510" 
                    HPOS="101"
                    VPOS="1454"
                    WIDTH="972"
                    HEIGHT="83">
            <Shape><Polygon POINTS="103 1520 103 1537 157 1524 169 1534 171 1534 172 1534 174 1534 175 1534 198 1527 209 1533 210 1533 212 1533 213 1533 215 1533 233 1520 254 1530 256 1530 257 1530 328 1527 329 1527 331 1527 345 1517 476 1523 478 1523 570 1516 585 1529 587 1529 588 1529 589 1529 591 1529 615 1520 625 1529 626 1529 628 1529 629 1529 630 1529 659 1515 718 1515 732 1524 734 1524 735 1524 737 1524 738 1524 759 1516 806 1517 844 1532 846 1532 847 1532 1051 1524 1070 1530 1073 1510 1072 1468 1034 1454 1032 1454 1031 1454 1029 1454 1028 1454 1004 1469 1001 1472 887 1472 884 1471 871 1461 870 1461 868 1461 867 1461 865 1461 864 1461 847 1472 844 1474 793 1474 789 1472 761 1455 759 1455 758 1455 679 1455 677 1455 676 1455 645 1468 625 1462 623 1462 622 1462 621 1462 599 1469 575 1457 574 1457 513 1457 512 1457 510 1457 486 1469 458 1457 456 1457 455 1457 454 1457 452 1457 438 1467 374 1458 373 1458 372 1458 370 1458 338 1478 301 1478 212 1459 210 1459 209 1459 207 1459 186 1478 117 1471 116 1471 114 1471 113 1471 101 1476 103 1520"/></Shape>
	    <String CONTENT="شريعت ابل ترتب را که طالبان راه هيقاند دعوت و شک"
                    HPOS="101"
                    VPOS="1454"
                    WIDTH="972"
                    HEIGHT="83"
                    WC="0.9095946146796147"></String>
          </TextLine>

          
          
          <TextLine ID="eSc_line_6c2e9ddd"
                    TAGREFS="LT4837"
                    BASELINE="86 1601 413 1580 1070 1581" 
                    HPOS="84"
                    VPOS="1524"
                    WIDTH="986"
                    HEIGHT="101">
            <Shape><Polygon POINTS="84 1568 86 1601 86 1625 207 1625 207 1623 209 1623 215 1622 273 1598 294 1612 295 1612 297 1612 298 1612 299 1612 352 1595 465 1595 490 1606 492 1606 493 1606 495 1606 526 1595 564 1595 595 1608 597 1608 598 1608 652 1599 700 1612 707 1614 708 1614 710 1614 711 1614 717 1611 751 1595 772 1611 780 1616 782 1616 783 1616 785 1616 786 1616 806 1609 816 1606 824 1609 830 1611 831 1611 833 1611 834 1611 836 1611 837 1609 851 1598 896 1608 932 1615 933 1615 935 1615 953 1606 984 1592 1010 1605 1022 1612 1024 1612 1025 1612 1070 1604 1070 1581 1065 1526 1032 1546 896 1546 888 1539 887 1539 885 1539 884 1539 841 1547 799 1534 795 1533 793 1533 792 1533 790 1533 789 1533 788 1534 779 1540 772 1534 766 1530 765 1530 763 1530 762 1530 761 1530 747 1536 725 1544 713 1536 711 1536 710 1536 708 1536 707 1536 705 1536 705 1537 697 1541 686 1537 650 1524 649 1524 614 1524 612 1524 611 1524 609 1524 587 1540 587 1541 585 1540 565 1526 564 1526 563 1526 513 1526 512 1526 510 1526 509 1526 500 1534 479 1526 478 1526 476 1526 424 1527 423 1527 421 1527 408 1539 359 1527 357 1527 356 1527 355 1527 335 1543 273 1529 271 1529 270 1529 220 1551 212 1556 84 1556 84 1568"/></Shape>
	    <String CONTENT="شود و پيون بدين دلايل عقلی و مقلی نه واند تابت کردن ور کن"
                    HPOS="84"
                    VPOS="1524"
                    WIDTH="986"
                    HEIGHT="101"
                    WC="0.8671522020247945"></String>
          </TextLine>

          
        </TextBlock>
        
        <TextBlock HPOS="577"
                   VPOS="84"
                   WIDTH="157"
                   HEIGHT="61"
                   ID="eSc_textblock_e509cd35"
                   TAGREFS="BT16093">
          <Shape><Polygon POINTS="577 84 711 84 734 111 672 145 605 139 577 118 611 101 577 84"/></Shape>
          
          
          <TextLine ID="eSc_line_c050a07e"
                    TAGREFS="LT4837"
                    BASELINE="609 104 696 101" 
                    HPOS="608"
                    VPOS="84"
                    WIDTH="88"
                    HEIGHT="44">
            <Shape><Polygon POINTS="679 84 664 84 650 84 636 84 622 84 608 100 609 104 609 121 639 128 640 128 696 120 696 101 691 84 679 84"/></Shape>
	    <String CONTENT=""
                    HPOS="608"
                    VPOS="84"
                    WIDTH="88"
                    HEIGHT="44"></String>
          </TextLine>

          
        </TextBlock>
        
        <TextBlock HPOS="299"
                   VPOS="50"
                   WIDTH="112"
                   HEIGHT="33"
                   ID="eSc_textblock_0dbb3deb"
                   TAGREFS="BT16086">
          <Shape><Polygon POINTS="342 50 411 50 411 83 299 66 342 50"/></Shape>
          
        </TextBlock>
        
        <TextBlock HPOS="526"
                   VPOS="73"
                   WIDTH="72"
                   HEIGHT="10"
                   ID="eSc_textblock_8f9bcafc"
                   TAGREFS="BT16086">
          <Shape><Polygon POINTS="568 73 598 83 526 83 564 79 568 73"/></Shape>
          
        </TextBlock>
        
        <TextBlock HPOS="730"
                   VPOS="56"
                   WIDTH="111"
                   HEIGHT="10"
                   ID="eSc_textblock_43352287"
                   TAGREFS="BT16086">
          <Shape><Polygon POINTS="749 56 824 56 841 66 730 66 749 56"/></Shape>
          
        </TextBlock>
        
        <TextBlock HPOS="90"
                   VPOS="56"
                   WIDTH="10"
                   HEIGHT="10"
                   ID="eSc_textblock_3ed57046"
                   TAGREFS="BT16085">
          <Shape><Polygon POINTS="97 56 100 66 90 66 90 62 97 56"/></Shape>
          
        </TextBlock>
        
        <TextBlock HPOS="1194"
                   VPOS="678"
                   WIDTH="32"
                   HEIGHT="27"
                   ID="eSc_textblock_d4b8f637"
                   TAGREFS="BT16089">
          <Shape><Polygon POINTS="1211 678 1226 678 1220 705 1194 693 1211 678"/></Shape>
          
        </TextBlock>
        
        <TextBlock HPOS="1103"
                   VPOS="0"
                   WIDTH="140"
                   HEIGHT="55"
                   ID="eSc_textblock_cba75d2a"
                   TAGREFS="BT16085">
          <Shape><Polygon POINTS="1137 0 1243 0 1243 55 1103 43 1137 0"/></Shape>
          
        </TextBlock>
        

        
      </PrintSpace>
    </Page>
  </Layout>
</alto>
