<?xml version="1.0" encoding="UTF-8"?>
<alto xmlns:xsi="http://www.w3.org/2001/XMLSchema-instance"
      xmlns="http://www.loc.gov/standards/alto/ns-v4#"
      xsi:schemaLocation="http://www.loc.gov/standards/alto/ns-v4# http://www.loc.gov/standards/alto/v4/alto-4-2.xsd">
  <Description>
    <MeasurementUnit>pixel</MeasurementUnit>
    <sourceImageInformation>
      <fileName>Rasail057.jpg</fileName>
      
    </sourceImageInformation>
  </Description>
  
  <Tags>
    <OtherTag ID="BT16094" LABEL="default" DESCRIPTION="block type default"/><OtherTag ID="BT16093" LABEL="NumberingZone:page" DESCRIPTION="block type NumberingZone:page"/><OtherTag ID="BT16092" LABEL="MarginTextZone:note" DESCRIPTION="block type MarginTextZone:note"/><OtherTag ID="BT16091" LABEL="TitlePageZone" DESCRIPTION="block type TitlePageZone"/><OtherTag ID="BT16090" LABEL="QuireMarksZone:catchwords" DESCRIPTION="block type QuireMarksZone:catchwords"/><OtherTag ID="BT16089" LABEL="NumberingZone:other" DESCRIPTION="block type NumberingZone:other"/><OtherTag ID="BT16088" LABEL="NumberingZone" DESCRIPTION="block type NumberingZone"/><OtherTag ID="BT16087" LABEL="MarginTextZone" DESCRIPTION="block type MarginTextZone"/><OtherTag ID="BT16086" LABEL="MainZone" DESCRIPTION="block type MainZone"/><OtherTag ID="BT16085" LABEL="DigitizationArtefactZone" DESCRIPTION="block type DigitizationArtefactZone"/><OtherTag ID="BT2" LABEL="Main" DESCRIPTION="block type Main"/><OtherTag ID="BT1" LABEL="Title" DESCRIPTION="block type Title"/>
    <OtherTag ID="LT4837" LABEL="DefaultLine" DESCRIPTION="line type DefaultLine"/><OtherTag ID="LT4838" LABEL="default" DESCRIPTION="line type default"/><OtherTag ID="LT4839" LABEL="HeadingLine:title" DESCRIPTION="line type HeadingLine:title"/>
  </Tags>
  
  <Layout>
    <Page WIDTH="1138"
          HEIGHT="1655"
          PHYSICAL_IMG_NR="85"
          ID="eSc_dummypage_">
      <PrintSpace HPOS="0"
                  VPOS="0"
                  WIDTH="1138"
                  HEIGHT="1655">
        
        <TextBlock HPOS="77"
                   VPOS="126"
                   WIDTH="950"
                   HEIGHT="1461"
                   ID="eSc_textblock_f6df866c"
                   TAGREFS="BT16086">
          <Shape><Polygon POINTS="550 126 977 126 1001 159 1027 159 1022 1239 1005 1526 972 1587 143 1581 104 1554 99 695 77 524 88 275 103 292 115 171 132 143 550 126"/></Shape>
          
          
          <TextLine ID="eSc_line_78276a2a"
                    TAGREFS="LT4837"
                    BASELINE="128 215 849 205 976 197" 
                    HPOS="126"
                    VPOS="153"
                    WIDTH="850"
                    HEIGHT="88">
            <Shape><Polygon POINTS="128 215 128 227 154 241 155 241 157 241 238 227 267 234 268 234 270 234 310 230 318 237 318 238 320 238 321 238 322 238 324 238 325 238 340 226 371 238 372 238 373 238 375 238 405 224 431 231 433 231 434 231 435 231 456 224 492 237 493 237 495 237 540 235 542 235 568 224 602 234 604 234 605 234 606 234 608 234 608 233 620 222 657 234 659 234 660 234 718 220 743 233 744 233 746 233 747 233 749 233 760 226 795 231 797 231 798 231 830 219 926 230 928 230 929 230 931 230 931 228 943 216 976 215 976 197 972 153 863 172 829 162 827 162 826 162 824 162 823 162 806 173 762 173 703 157 700 157 699 157 697 157 696 157 695 157 657 176 608 176 593 162 591 162 590 162 572 159 562 159 561 159 550 161 401 180 377 180 361 164 360 164 360 162 358 162 357 162 355 162 354 162 353 162 350 164 329 179 314 166 313 166 311 166 310 166 308 166 307 166 307 168 293 182 240 182 213 166 209 165 208 165 206 165 126 168 128 215"/></Shape>
	    <String CONTENT="شخصی رسد بروچه کلام مضيوط محصل و مرکسم شود و در خيال"
                    HPOS="126"
                    VPOS="153"
                    WIDTH="850"
                    HEIGHT="88"
                    WC="0.8974230289459229"></String>
          </TextLine>

          
          
          <TextLine ID="eSc_line_cace6589"
                    TAGREFS="LT4837"
                    BASELINE="118 292 982 279" 
                    HPOS="117"
                    VPOS="234"
                    WIDTH="865"
                    HEIGHT="88">
            <Shape><Polygon POINTS="118 292 118 310 133 308 137 311 143 317 144 317 146 317 147 317 148 317 150 317 158 311 168 304 216 304 226 310 241 321 242 321 244 321 245 322 299 322 299 321 300 321 302 321 317 307 321 304 325 307 347 319 348 319 350 319 351 319 380 306 386 304 391 306 428 318 430 318 431 318 433 318 434 318 434 317 446 307 457 315 459 315 460 315 462 315 463 315 486 304 491 302 496 304 520 317 521 317 522 317 671 307 691 315 692 315 693 315 717 314 718 314 720 314 742 299 744 297 746 299 776 314 777 314 779 314 780 314 782 314 809 297 813 295 897 295 900 296 918 304 920 304 921 304 980 293 982 279 976 234 944 246 914 235 913 235 911 235 910 235 909 235 907 235 877 252 816 252 801 239 800 239 798 239 797 239 795 239 771 252 760 241 757 239 757 238 755 238 754 238 735 238 733 238 732 238 731 238 726 242 717 249 655 253 627 245 611 239 609 239 608 239 606 239 594 246 577 255 539 248 531 246 529 246 528 246 526 246 525 248 515 253 507 249 493 242 492 242 491 242 489 242 488 242 478 249 467 257 433 257 423 251 405 242 404 242 402 242 335 253 306 259 293 255 260 245 259 245 257 245 256 245 219 256 206 246 205 246 204 246 153 246 151 246 150 246 148 246 148 248 135 260 135 262 117 262 118 292"/></Shape>
	    <String CONTENT="ذاکره او در حال نطق آن تمشيل ازقسام اگر بر سبيل استقرار"
                    HPOS="117"
                    VPOS="234"
                    WIDTH="865"
                    HEIGHT="88"
                    WC="0.8535870138023581"></String>
          </TextLine>

          
          
          <TextLine ID="eSc_line_225fb4aa"
                    TAGREFS="LT4837"
                    BASELINE="140 369 982 361" 
                    HPOS="139"
                    VPOS="313"
                    WIDTH="843"
                    HEIGHT="82">
            <Shape><Polygon POINTS="140 369 140 382 161 391 162 391 164 391 165 391 194 382 195 382 197 382 231 395 233 395 234 395 235 395 237 395 255 382 257 379 299 379 304 382 321 393 322 393 324 393 325 393 326 393 328 393 342 382 344 379 351 382 379 391 380 391 382 391 383 391 384 391 400 382 412 393 412 394 413 394 415 394 416 394 495 393 496 393 497 393 497 391 506 384 579 391 580 391 582 391 583 391 583 390 594 380 595 380 615 387 616 387 617 387 619 387 620 387 620 386 627 380 633 376 656 380 709 390 710 391 758 391 758 390 760 390 761 390 776 380 784 375 809 380 826 383 827 383 829 383 835 380 849 373 857 380 859 380 860 380 862 380 863 380 866 380 889 373 980 379 982 361 976 324 947 332 939 324 928 314 928 313 926 313 925 313 857 313 856 313 855 313 827 326 812 333 791 328 746 314 744 314 743 314 742 314 740 314 721 329 720 329 692 317 691 317 689 317 688 317 656 331 645 335 641 331 627 318 627 317 626 317 624 317 605 315 604 315 602 315 601 315 579 332 573 336 546 336 542 332 529 322 528 322 526 322 525 322 524 322 522 322 506 333 499 337 406 337 402 336 375 318 373 318 372 318 371 318 369 318 342 333 281 318 280 318 278 318 277 318 238 333 209 319 208 319 206 319 205 319 139 340 140 369"/></Shape>
	    <String CONTENT="بود مکلمات صريخ باشد محتارج به تاديل نه باشد و اگران"
                    HPOS="139"
                    VPOS="313"
                    WIDTH="843"
                    HEIGHT="82"
                    WC="0.8886778331719912"></String>
          </TextLine>

          
          
          <TextLine ID="eSc_line_6b623461"
                    TAGREFS="LT4837"
                    BASELINE="125 444 983 435" 
                    HPOS="124"
                    VPOS="387"
                    WIDTH="859"
                    HEIGHT="86">
            <Shape><Polygon POINTS="125 444 125 459 184 459 186 459 200 471 201 471 202 471 264 473 266 473 267 473 303 457 306 457 307 457 347 471 348 471 350 471 411 456 416 456 467 456 468 456 482 468 482 470 484 470 485 470 486 471 517 471 517 470 518 470 562 455 566 455 569 455 622 468 623 468 624 468 626 468 656 455 675 462 677 462 678 462 725 453 729 453 731 453 736 459 736 460 737 460 739 460 740 460 780 457 794 467 795 467 797 467 798 468 831 468 831 467 833 467 834 467 849 455 896 466 897 466 899 466 900 466 918 452 920 452 982 452 983 435 979 387 943 388 942 388 907 404 888 394 886 394 885 394 884 394 882 394 874 399 846 390 845 390 844 390 842 390 841 390 840 390 829 398 797 391 784 390 783 390 782 390 776 393 749 405 680 395 669 394 667 394 666 394 663 395 644 406 560 406 548 399 542 393 540 393 539 393 506 393 504 393 503 393 502 393 491 401 481 408 473 401 470 398 468 398 467 398 466 398 444 402 431 404 423 402 376 394 375 394 373 394 350 405 344 406 340 405 320 397 318 397 317 397 315 397 314 397 299 406 293 409 282 406 262 402 260 402 259 402 238 408 227 410 224 408 212 398 211 398 209 398 179 395 177 395 176 395 147 410 146 412 124 412 125 444"/></Shape>
	    <String CONTENT="از تسام باطل شود و محاکات او باقی باند محتارج تأويل باشد"
                    HPOS="124"
                    VPOS="387"
                    WIDTH="859"
                    HEIGHT="86"
                    WC="0.9195034472565902"></String>
          </TextLine>

          
          
          <TextLine ID="eSc_line_2b2bfd1f"
                    TAGREFS="LT4837"
                    BASELINE="117 530 657 513 973 510" 
                    HPOS="115"
                    VPOS="456"
                    WIDTH="858"
                    HEIGHT="101">
            <Shape><Polygon POINTS="117 530 117 557 143 555 144 555 146 555 168 539 197 547 198 547 200 547 201 547 234 537 266 554 267 555 268 555 270 555 271 555 274 554 299 540 308 547 310 547 311 547 313 547 314 547 315 547 326 537 346 553 347 553 348 553 350 553 423 551 424 551 427 550 462 530 526 529 560 547 561 547 562 547 564 547 598 546 604 544 605 544 648 526 689 536 691 536 692 536 731 524 775 524 804 536 805 536 806 536 849 528 870 537 873 539 874 539 875 539 933 537 935 537 936 537 937 536 950 526 971 535 973 510 968 460 951 468 942 462 936 456 935 456 933 456 932 456 931 456 929 456 929 457 924 462 911 473 878 463 874 463 873 463 871 463 870 463 867 464 846 473 835 466 830 462 829 462 827 462 826 462 802 467 790 470 786 467 780 462 779 462 777 462 776 462 775 462 773 462 762 468 749 477 673 479 659 473 648 467 646 467 623 464 622 464 620 464 619 464 619 466 609 474 580 463 579 463 577 463 576 463 575 463 558 477 550 482 533 477 496 466 495 466 468 466 467 466 466 466 464 466 464 467 452 478 419 467 417 467 416 467 333 485 313 490 293 490 289 486 271 471 270 471 268 471 267 471 266 471 248 479 238 473 237 473 235 473 234 473 160 474 158 474 157 474 135 493 133 495 115 495 117 530"/></Shape>
	    <String CONTENT="الهام دوحی عبارت است از فيضی که از نفس گل بهنفس ناطقه شی"
                    HPOS="115"
                    VPOS="456"
                    WIDTH="858"
                    HEIGHT="101"
                    WC="0.8967083261481353"></String>
          </TextLine>

          
          
          <TextLine ID="eSc_line_8edab611"
                    TAGREFS="LT4837"
                    BASELINE="125 591 976 586" 
                    HPOS="124"
                    VPOS="546"
                    WIDTH="852"
                    HEIGHT="69">
            <Shape><Polygon POINTS="125 591 125 601 165 615 166 615 168 615 169 615 195 601 200 601 325 615 326 615 328 615 329 615 351 599 353 599 393 599 406 612 406 613 408 613 409 613 411 615 492 615 492 613 493 613 495 613 503 605 520 613 521 613 522 613 524 613 550 598 565 612 566 612 568 612 569 613 617 613 617 612 619 612 620 612 631 602 642 610 642 612 644 612 645 612 646 613 695 613 695 612 696 612 697 612 718 598 718 597 800 597 802 597 823 605 824 605 826 605 827 605 848 597 849 597 889 610 891 610 892 610 893 610 895 610 914 597 915 597 975 597 976 586 973 558 787 546 786 546 784 546 783 546 771 555 731 547 729 547 728 547 726 547 715 555 689 548 688 548 686 548 685 548 649 558 609 547 608 547 606 547 605 547 604 547 590 557 540 550 539 550 537 550 536 550 521 559 420 548 419 548 417 548 375 559 361 548 360 548 358 548 357 548 355 548 354 548 333 562 227 562 204 550 202 550 201 550 200 550 198 550 198 551 190 558 154 553 153 553 151 553 124 562 125 591"/></Shape>
	    <String CONTENT="رسد في ملاخظه وتأويل واين الهام أنبياو أرباب دولت"
                    HPOS="124"
                    VPOS="546"
                    WIDTH="852"
                    HEIGHT="69"
                    WC="0.8974085622108899"></String>
          </TextLine>

          
          
          <TextLine ID="eSc_line_48bc58d9"
                    TAGREFS="LT4837"
                    BASELINE="125 668 488 660 982 657" 
                    HPOS="124"
                    VPOS="609"
                    WIDTH="858"
                    HEIGHT="77">
            <Shape><Polygon POINTS="125 668 125 682 155 686 157 686 158 686 166 682 179 675 195 681 209 686 211 686 212 686 268 685 270 685 285 679 300 674 310 679 321 685 322 685 324 685 325 685 340 678 351 673 415 673 420 677 427 682 427 684 428 684 430 684 431 685 460 685 460 684 462 684 480 675 488 671 504 675 542 682 543 682 544 682 546 682 557 674 558 674 606 677 608 677 609 677 611 677 611 675 615 673 617 670 623 673 644 679 645 679 646 679 689 671 695 670 696 671 713 681 714 681 715 681 717 681 718 681 740 670 743 668 746 670 773 679 775 679 776 679 777 679 779 679 779 678 790 668 791 667 835 667 845 667 951 678 953 678 954 678 982 664 982 657 976 619 964 623 957 619 950 613 949 613 947 613 946 613 944 613 920 620 896 626 889 620 877 609 875 609 874 609 873 609 871 609 829 620 811 610 809 610 808 610 806 610 779 623 768 627 743 623 691 615 689 615 688 615 664 624 656 628 652 626 641 617 640 617 638 617 637 617 635 617 619 624 602 612 601 612 600 612 598 612 533 627 524 630 518 628 482 613 481 613 480 613 478 613 442 630 438 631 431 630 412 624 411 624 409 624 369 631 358 633 355 631 340 623 339 623 292 620 291 620 289 620 288 620 288 622 280 628 245 616 244 616 242 616 183 617 182 617 180 617 161 635 124 635 125 668"/></Shape>
	    <String CONTENT="وايل صفا را میسباشد و خواب اثريست روجانی که به نفس"
                    HPOS="124"
                    VPOS="609"
                    WIDTH="858"
                    HEIGHT="77"
                    WC="0.9279646503925324"></String>
          </TextLine>

          
          
          <TextLine ID="eSc_line_fc90be3b"
                    TAGREFS="LT4837"
                    BASELINE="137 741 747 733 979 737" 
                    HPOS="136"
                    VPOS="682"
                    WIDTH="843"
                    HEIGHT="83">
            <Shape><Polygon POINTS="137 741 137 750 172 750 173 750 188 764 190 764 191 764 193 765 223 765 223 764 224 764 226 764 226 762 240 751 255 764 256 764 257 764 259 764 260 764 291 755 340 762 342 762 343 762 344 762 354 754 408 762 409 762 411 762 412 762 427 750 433 747 468 747 473 750 478 755 478 757 480 757 481 757 482 757 484 757 485 757 495 750 497 748 499 750 510 759 510 761 511 761 513 761 514 762 560 762 560 761 561 761 562 761 562 759 573 750 579 746 617 750 651 754 652 754 691 750 747 744 772 750 804 758 805 758 806 759 846 759 846 758 848 758 849 758 859 750 867 743 885 750 903 757 904 757 906 757 907 757 920 750 924 748 932 750 961 757 962 757 964 757 979 750 979 737 977 699 937 689 936 689 935 689 933 689 915 696 900 682 899 682 897 682 896 682 840 685 838 685 812 699 794 689 793 689 791 689 790 689 776 695 711 684 710 684 709 684 673 701 635 685 634 685 576 685 575 685 573 685 539 703 466 686 464 686 463 686 462 686 440 704 400 704 368 689 366 689 365 689 364 689 328 704 299 695 297 695 296 695 295 695 271 706 230 689 228 689 227 689 226 689 224 689 197 707 136 707 137 741"/></Shape>
	    <String CONTENT="اطقه شخصی میرسد بحت تعطيل جواس ظاير و باطن و"
                    HPOS="136"
                    VPOS="682"
                    WIDTH="843"
                    HEIGHT="83"
                    WC="0.8506520200859417"></String>
          </TextLine>

          
          
          <TextLine ID="eSc_line_69c8aae3"
                    TAGREFS="LT4837"
                    BASELINE="135 815 982 812" 
                    HPOS="133"
                    VPOS="758"
                    WIDTH="849"
                    HEIGHT="77">
            <Shape><Polygon POINTS="135 815 135 826 278 834 280 834 281 834 296 827 307 821 321 827 340 834 342 834 343 835 409 835 409 834 411 834 423 827 435 821 478 821 485 827 489 831 489 833 491 833 492 833 517 834 518 834 520 834 539 827 562 820 572 828 577 833 579 833 580 833 582 834 604 834 604 833 605 833 615 828 629 820 659 828 677 833 678 833 680 833 681 833 682 833 686 828 697 820 823 820 841 828 844 830 845 830 846 830 853 828 888 820 897 828 900 831 900 833 902 833 903 833 904 833 980 828 982 812 980 779 960 770 958 770 957 770 955 770 954 770 954 772 947 779 896 779 873 762 871 762 870 762 869 762 867 762 866 762 849 777 806 758 805 758 804 758 765 766 736 758 735 758 733 758 732 758 685 777 666 759 666 758 664 758 663 758 644 758 642 758 641 758 595 777 566 766 565 766 564 766 562 766 529 779 513 764 513 762 511 762 510 762 508 762 507 762 484 773 468 759 467 759 466 759 384 759 383 759 382 759 380 759 380 761 358 780 284 780 275 772 274 772 273 772 271 772 270 772 257 776 240 759 238 759 237 759 235 759 234 759 206 775 191 761 191 759 190 759 188 759 187 759 186 759 184 759 155 780 133 780 135 815"/></Shape>
	    <String CONTENT="ازين اشر در اگر کلام ذاکره مضبوط و متترتم گردد و بی تعيير که"
                    HPOS="133"
                    VPOS="758"
                    WIDTH="849"
                    HEIGHT="77"
                    WC="0.8826801712314288"></String>
          </TextLine>

          
          
          <TextLine ID="eSc_line_886266d3"
                    TAGREFS="LT4837"
                    BASELINE="135 878 983 888" 
                    HPOS="133"
                    VPOS="831"
                    WIDTH="850"
                    HEIGHT="80">
            <Shape><Polygon POINTS="135 878 133 885 151 886 165 900 165 901 166 901 168 901 169 901 171 901 204 893 257 903 259 904 369 904 369 903 371 903 397 890 408 897 409 897 411 897 412 897 446 890 464 900 466 900 467 900 514 896 539 906 540 906 542 906 543 906 544 906 561 892 609 892 629 901 630 901 631 901 673 893 710 907 711 907 713 907 744 906 746 906 747 906 762 895 777 906 779 906 780 906 782 906 907 896 933 910 935 910 936 911 968 911 968 910 969 910 971 910 971 908 982 896 983 888 982 839 920 853 904 841 904 839 903 839 902 839 862 839 860 839 859 839 834 852 827 845 827 844 826 844 824 844 773 838 765 838 764 838 762 838 761 838 740 850 726 838 725 837 724 837 722 837 721 837 710 838 678 844 663 838 659 837 657 837 656 837 655 837 653 837 653 838 640 852 623 852 601 850 587 838 586 837 586 835 584 835 583 835 522 835 521 835 520 835 518 835 518 837 517 837 504 849 382 848 348 837 343 835 342 835 340 835 339 835 337 835 336 837 322 848 263 848 253 838 252 838 251 838 249 838 209 845 188 837 176 831 175 831 173 831 135 835 135 878"/></Shape>
	    <String CONTENT="ان را احتيارج بغير نباشد و اگر آن ازلسام باطل شده باشد"
                    HPOS="133"
                    VPOS="831"
                    WIDTH="850"
                    HEIGHT="80"
                    WC="0.8857522839849645"></String>
          </TextLine>

          
          
          <TextLine ID="eSc_line_ebc3275c"
                    TAGREFS="LT4837"
                    BASELINE="180 954 977 954" 
                    HPOS="180"
                    VPOS="907"
                    WIDTH="797"
                    HEIGHT="73">
            <Shape><Polygon POINTS="180 954 180 979 246 969 271 979 273 979 274 980 326 980 326 979 328 979 329 979 329 977 337 970 348 979 350 979 351 979 353 980 386 980 386 979 387 979 388 979 408 964 489 964 504 977 504 979 506 979 507 979 508 980 572 980 572 979 573 979 575 979 575 977 589 965 612 977 615 979 616 979 617 979 619 979 622 977 662 964 746 964 761 975 762 975 764 975 765 975 862 964 882 977 884 977 885 977 886 977 888 977 889 977 913 964 946 977 951 979 953 979 954 979 977 976 977 954 977 922 944 914 943 914 886 921 878 921 877 921 848 907 846 907 845 907 844 907 817 918 802 907 801 907 800 907 760 907 758 907 757 907 755 907 742 915 733 908 733 907 732 907 731 907 709 907 707 907 706 907 684 917 652 907 651 907 649 907 648 907 646 907 646 908 637 917 633 922 608 922 602 917 594 908 594 907 593 907 591 907 575 907 573 907 572 907 571 907 571 908 562 915 557 922 506 922 495 915 484 907 482 907 481 907 480 907 445 914 413 921 390 914 386 913 384 913 383 913 382 913 380 913 380 914 373 918 366 913 360 907 358 907 357 907 355 907 354 907 353 907 343 913 329 921 311 913 308 911 307 911 306 911 304 911 303 911 302 913 291 921 241 921 216 911 206 907 205 907 204 907 180 910 180 954"/></Shape>
	    <String CONTENT="محاکات او باق باند متج بعير باشد و اين مرتبه عام"
                    HPOS="180"
                    VPOS="907"
                    WIDTH="797"
                    HEIGHT="73"
                    WC="0.8932456895709038"></String>
          </TextLine>

          
          
          <TextLine ID="eSc_line_b6ba21cf"
                    TAGREFS="LT4837"
                    BASELINE="133 1028 969 1026" 
                    HPOS="132"
                    VPOS="976"
                    WIDTH="837"
                    HEIGHT="80">
            <Shape><Polygon POINTS="133 1028 133 1037 157 1045 158 1045 160 1045 220 1039 231 1038 234 1039 251 1055 252 1055 253 1055 255 1056 346 1056 346 1055 347 1055 368 1044 402 1048 404 1048 405 1048 415 1042 422 1039 451 1044 522 1055 524 1055 525 1055 526 1055 526 1053 535 1046 593 1050 594 1050 595 1050 597 1050 601 1046 619 1035 696 1045 697 1045 699 1045 700 1045 700 1044 711 1035 845 1035 871 1037 892 1052 892 1053 893 1053 895 1053 896 1055 968 1055 969 1026 965 993 924 993 922 991 904 976 903 976 902 976 900 976 786 990 758 976 757 976 711 976 710 976 709 976 707 976 691 991 689 991 674 991 667 991 651 976 649 976 648 976 591 976 590 976 589 976 554 991 547 994 540 991 525 983 524 983 522 983 521 983 496 990 484 994 339 993 335 990 314 977 313 977 311 977 310 977 280 980 278 980 277 980 277 981 267 990 263 994 237 990 180 980 179 980 132 988 133 1028"/></Shape>
	    <String CONTENT="جمعع اشخاص إنسانی را تحقيق بيان و اقسام هريک از وحی"
                    HPOS="132"
                    VPOS="976"
                    WIDTH="837"
                    HEIGHT="80"
                    WC="0.9502311016504581"></String>
          </TextLine>

          
          
          <TextLine ID="eSc_line_8554f4c5"
                    TAGREFS="LT4837"
                    BASELINE="137 1097 671 1097 964 1106" 
                    HPOS="136"
                    VPOS="1050"
                    WIDTH="828"
                    HEIGHT="74">
            <Shape><Polygon POINTS="137 1097 136 1107 160 1118 161 1118 162 1119 217 1119 217 1118 219 1118 220 1118 233 1108 297 1118 299 1118 300 1118 324 1111 337 1119 339 1119 340 1119 342 1119 343 1119 344 1119 360 1108 387 1119 388 1119 390 1119 391 1119 415 1108 434 1118 435 1118 437 1118 477 1108 488 1118 488 1119 489 1119 491 1119 540 1121 542 1121 543 1121 584 1110 597 1121 598 1121 600 1121 601 1121 602 1121 626 1110 657 1117 659 1117 742 1110 753 1121 753 1122 754 1122 755 1122 757 1122 829 1111 855 1122 856 1122 857 1124 925 1124 925 1122 926 1122 962 1110 964 1106 962 1072 906 1072 906 1071 893 1061 892 1061 891 1061 889 1061 888 1061 862 1070 833 1055 831 1055 776 1055 775 1055 773 1055 772 1055 772 1056 758 1067 693 1063 692 1063 691 1063 689 1063 680 1070 680 1071 645 1071 645 1070 615 1057 613 1057 612 1057 546 1070 542 1070 536 1070 521 1068 506 1053 506 1052 504 1052 503 1052 442 1052 441 1052 440 1052 438 1052 438 1053 422 1067 384 1059 383 1059 382 1059 380 1059 366 1068 328 1052 326 1052 325 1052 324 1052 296 1067 240 1050 238 1050 204 1050 202 1050 201 1050 200 1050 200 1052 183 1068 137 1068 137 1097"/></Shape>
	    <String CONTENT="الهام وجواب در رساله خدود گفته خوابد شد تببيه"
                    HPOS="136"
                    VPOS="1050"
                    WIDTH="828"
                    HEIGHT="74"
                    WC="0.9329256733258565"></String>
          </TextLine>

          
          
          <TextLine ID="eSc_line_091aa2ea"
                    TAGREFS="LT4837"
                    BASELINE="148 1173 747 1173 969 1183" 
                    HPOS="147"
                    VPOS="1129"
                    WIDTH="822"
                    HEIGHT="66">
            <Shape><Polygon POINTS="148 1173 147 1180 154 1186 155 1186 157 1186 158 1186 191 1180 209 1192 211 1192 212 1192 213 1194 237 1194 237 1192 238 1192 240 1192 240 1191 252 1180 293 1181 304 1191 304 1192 306 1192 307 1192 308 1194 350 1194 350 1192 351 1192 353 1192 353 1191 364 1181 365 1181 375 1191 375 1192 376 1192 377 1192 379 1194 412 1194 412 1192 413 1192 434 1184 442 1180 455 1184 484 1194 485 1194 486 1194 488 1194 513 1186 520 1183 524 1186 536 1194 537 1194 539 1194 540 1195 571 1195 571 1194 572 1194 595 1187 611 1183 620 1188 629 1192 630 1192 631 1192 659 1188 707 1181 791 1181 802 1191 804 1191 805 1191 806 1191 808 1191 809 1191 823 1183 841 1192 846 1195 848 1195 849 1195 870 1194 933 1187 965 1195 969 1183 969 1140 951 1132 950 1132 949 1132 947 1132 913 1141 910 1141 909 1141 888 1132 886 1132 885 1132 884 1132 882 1132 869 1141 866 1143 835 1143 830 1140 797 1132 795 1132 794 1132 793 1132 791 1132 782 1140 780 1141 776 1140 750 1132 749 1132 747 1132 746 1132 715 1140 707 1141 700 1140 660 1130 659 1130 657 1130 630 1140 626 1141 569 1141 566 1139 554 1130 553 1130 551 1130 513 1130 511 1130 510 1130 508 1130 508 1132 500 1139 497 1141 477 1141 474 1139 468 1133 467 1133 466 1133 464 1133 441 1139 438 1139 426 1129 424 1129 423 1129 422 1129 346 1130 344 1130 343 1130 333 1137 331 1140 282 1140 281 1137 274 1132 274 1130 273 1130 271 1130 270 1130 268 1130 253 1137 244 1129 242 1129 241 1129 240 1129 238 1129 222 1137 219 1140 190 1140 187 1137 176 1129 175 1129 173 1129 172 1129 171 1129 148 1136 148 1173"/></Shape>
	    <String CONTENT="نزيل مرو فرستادن از بلنديست به ستى بتديج"
                    HPOS="147"
                    VPOS="1129"
                    WIDTH="822"
                    HEIGHT="66"
                    WC="0.9583993829786778"></String>
          </TextLine>

          
          
          <TextLine ID="eSc_line_de6f973c"
                    TAGREFS="LT4837"
                    BASELINE="146 1248 801 1248 961 1257" 
                    HPOS="144"
                    VPOS="1195"
                    WIDTH="817"
                    HEIGHT="76">
            <Shape><Polygon POINTS="146 1248 144 1261 165 1268 166 1268 168 1268 169 1268 191 1261 211 1255 223 1261 237 1268 238 1268 240 1270 268 1270 268 1268 270 1268 288 1263 310 1255 329 1263 342 1268 343 1268 344 1268 346 1268 358 1263 376 1255 387 1261 388 1261 390 1261 391 1261 453 1255 471 1263 473 1263 474 1263 475 1263 477 1263 488 1255 507 1261 508 1261 510 1261 532 1257 542 1266 543 1266 543 1267 544 1267 546 1267 547 1267 548 1267 553 1266 575 1256 594 1266 601 1270 602 1270 604 1271 633 1271 633 1270 634 1270 635 1270 640 1267 655 1257 669 1267 673 1270 674 1270 675 1270 677 1271 702 1271 702 1270 703 1270 710 1267 743 1256 771 1268 775 1270 776 1270 777 1270 779 1270 780 1270 782 1268 801 1256 837 1256 882 1270 884 1270 885 1270 886 1271 960 1271 961 1257 960 1220 853 1220 853 1219 831 1198 831 1197 830 1197 829 1197 827 1197 786 1204 744 1197 743 1197 742 1197 740 1197 711 1215 703 1206 702 1206 700 1206 699 1206 697 1206 673 1219 659 1209 657 1209 656 1209 655 1209 653 1209 652 1209 642 1216 629 1205 627 1205 626 1205 624 1205 623 1205 598 1215 564 1201 562 1201 561 1201 517 1208 492 1195 491 1195 489 1195 488 1195 451 1208 437 1195 435 1195 434 1195 433 1195 379 1198 377 1198 376 1198 348 1217 336 1217 322 1217 321 1217 292 1197 291 1197 289 1197 212 1195 211 1195 209 1195 208 1195 176 1217 173 1217 146 1217 146 1248"/></Shape>
	    <String CONTENT="رعرف ظاهر لام انبيارا به ملاحظه ممتولات عقلی را تنز"
                    HPOS="144"
                    VPOS="1195"
                    WIDTH="817"
                    HEIGHT="76"
                    WC="0.9294368168886971"></String>
          </TextLine>

          
          
          <TextLine ID="eSc_line_8f1da4c4"
                    TAGREFS="LT4837"
                    BASELINE="148 1318 989 1328" 
                    HPOS="147"
                    VPOS="1270"
                    WIDTH="842"
                    HEIGHT="80">
            <Shape><Polygon POINTS="148 1318 147 1326 162 1336 164 1336 165 1336 166 1336 168 1336 200 1326 217 1339 219 1339 220 1339 222 1339 223 1339 264 1326 280 1340 280 1341 281 1341 282 1341 284 1343 325 1343 325 1341 326 1341 328 1341 328 1340 342 1328 368 1328 386 1343 387 1343 388 1343 390 1343 391 1343 419 1335 445 1343 446 1343 448 1343 449 1343 451 1343 467 1329 488 1329 506 1340 507 1340 508 1340 510 1340 565 1333 576 1343 576 1344 577 1344 579 1344 580 1344 582 1344 616 1333 670 1346 671 1346 673 1346 674 1346 689 1332 749 1332 813 1332 842 1347 844 1347 845 1348 870 1348 870 1347 871 1347 873 1347 886 1336 903 1348 904 1348 906 1348 907 1350 960 1350 960 1348 961 1348 987 1333 989 1328 984 1284 971 1296 909 1296 889 1285 875 1275 874 1275 873 1275 871 1275 830 1285 824 1285 819 1285 754 1274 726 1274 725 1274 724 1274 722 1274 722 1275 714 1282 704 1275 704 1274 703 1274 702 1274 700 1274 699 1274 697 1274 682 1285 671 1293 649 1293 635 1285 626 1278 624 1278 623 1278 622 1278 620 1278 608 1285 597 1290 587 1285 572 1277 571 1277 569 1277 568 1277 547 1285 542 1286 531 1285 445 1271 444 1271 442 1271 441 1271 419 1285 411 1289 371 1289 365 1285 340 1270 339 1270 337 1270 336 1270 268 1285 263 1286 259 1285 238 1279 237 1279 235 1279 208 1285 194 1274 194 1272 193 1272 191 1272 190 1272 188 1272 187 1272 171 1285 169 1286 148 1286 148 1318"/></Shape>
	    <String CONTENT="مويند بحيت آنکه معنی از بلندی به مثولات عقلی است و"
                    HPOS="147"
                    VPOS="1270"
                    WIDTH="842"
                    HEIGHT="80"
                    WC="0.8625349530986711"></String>
          </TextLine>

          
          
          <TextLine ID="eSc_line_7ee17e1c"
                    TAGREFS="LT4837"
                    BASELINE="144 1392 787 1392 910 1398 954 1408" 
                    HPOS="143"
                    VPOS="1346"
                    WIDTH="811"
                    HEIGHT="73">
            <Shape><Polygon POINTS="144 1392 143 1408 148 1413 148 1415 150 1415 151 1415 153 1415 154 1415 188 1405 198 1402 201 1405 211 1413 211 1415 212 1415 213 1415 215 1415 248 1408 256 1415 256 1416 257 1416 259 1416 260 1417 325 1417 325 1416 326 1416 347 1408 364 1401 379 1408 386 1412 387 1412 388 1412 390 1412 391 1412 391 1410 394 1409 401 1402 428 1402 441 1409 446 1413 448 1413 449 1413 451 1413 452 1413 460 1409 475 1402 502 1409 503 1409 504 1409 506 1409 531 1402 561 1412 577 1416 579 1416 580 1416 582 1416 597 1412 619 1406 641 1413 657 1417 659 1417 660 1417 662 1417 663 1417 663 1416 667 1413 680 1402 768 1402 794 1410 795 1410 797 1410 798 1410 830 1402 844 1416 845 1416 845 1417 846 1417 848 1417 849 1419 953 1419 954 1408 954 1362 867 1362 867 1361 829 1347 827 1347 826 1347 749 1348 747 1348 721 1358 711 1348 711 1347 710 1347 709 1347 707 1347 706 1347 677 1357 622 1347 620 1347 619 1347 617 1347 617 1348 604 1361 604 1362 543 1362 542 1361 525 1348 524 1348 522 1348 521 1348 468 1357 457 1348 457 1347 456 1347 455 1347 422 1346 420 1346 339 1350 337 1350 336 1350 336 1351 326 1361 264 1361 244 1350 242 1350 241 1350 144 1359 144 1392"/></Shape>
	    <String CONTENT="بستی ممتولات خسى آورده شد به اقتضاى بر زبان در"
                    HPOS="143"
                    VPOS="1346"
                    WIDTH="811"
                    HEIGHT="73"
                    WC="0.9184150080731575"></String>
          </TextLine>

          
          
          <TextLine ID="eSc_line_f67cf58c"
                    TAGREFS="LT4837"
                    BASELINE="155 1467 768 1470 979 1477" 
                    HPOS="155"
                    VPOS="1416"
                    WIDTH="824"
                    HEIGHT="80">
            <Shape><Polygon POINTS="155 1467 155 1478 166 1474 173 1478 188 1489 190 1489 191 1489 193 1490 234 1490 234 1489 235 1489 262 1481 281 1474 292 1481 293 1481 295 1481 296 1481 297 1481 342 1474 369 1482 384 1488 386 1488 387 1488 388 1488 397 1483 416 1474 507 1474 520 1486 525 1490 525 1492 526 1492 528 1492 529 1492 531 1492 551 1486 568 1482 580 1488 591 1492 593 1492 657 1493 659 1493 660 1493 671 1489 700 1477 718 1488 720 1488 721 1488 722 1488 724 1488 751 1477 790 1477 812 1485 813 1485 815 1485 816 1485 840 1478 875 1493 880 1495 881 1495 882 1496 977 1496 979 1477 979 1437 951 1428 950 1428 949 1428 947 1428 946 1428 946 1430 937 1438 936 1439 860 1439 857 1437 830 1423 829 1423 827 1423 790 1430 766 1420 765 1420 706 1420 704 1420 703 1420 702 1420 702 1421 695 1428 680 1421 678 1421 677 1421 675 1421 674 1421 674 1423 664 1431 655 1426 653 1426 652 1426 651 1426 649 1426 633 1435 613 1419 612 1419 611 1419 575 1419 573 1419 572 1419 533 1435 532 1435 528 1435 480 1428 478 1428 477 1428 475 1428 475 1430 470 1434 457 1423 457 1421 456 1421 455 1421 453 1421 415 1424 401 1417 400 1417 398 1417 304 1434 303 1434 275 1421 274 1421 273 1421 271 1421 249 1431 230 1416 228 1416 227 1416 226 1416 224 1416 223 1416 200 1434 155 1434 155 1467"/></Shape>
	    <String CONTENT="کلتات و به صلاح حال بر شخصى در جزويات و تاويل را"
                    HPOS="155"
                    VPOS="1416"
                    WIDTH="824"
                    HEIGHT="80"
                    WC="0.9251350611448288"></String>
          </TextLine>

          
          
          <TextLine ID="eSc_line_b179928a"
                    TAGREFS="LT4837"
                    BASELINE="143 1537 833 1541 960 1548" 
                    HPOS="142"
                    VPOS="1492"
                    WIDTH="818"
                    HEIGHT="81">
            <Shape><Polygon POINTS="143 1537 142 1551 177 1566 179 1566 257 1568 259 1568 260 1568 304 1554 313 1552 358 1552 366 1557 384 1565 386 1565 387 1565 388 1565 404 1557 413 1552 430 1558 462 1569 463 1569 464 1570 510 1570 510 1569 511 1569 513 1569 525 1561 531 1557 539 1561 547 1565 548 1565 550 1565 551 1565 562 1562 590 1554 644 1558 649 1563 653 1568 655 1568 656 1568 657 1568 684 1565 765 1555 805 1568 816 1572 817 1572 819 1572 820 1572 830 1569 864 1558 888 1570 891 1572 892 1572 893 1573 958 1573 960 1548 960 1514 932 1514 931 1512 909 1499 907 1499 906 1499 904 1499 903 1499 902 1499 902 1500 888 1512 835 1497 834 1497 833 1497 776 1503 750 1496 749 1496 747 1496 746 1496 720 1503 662 1496 660 1496 659 1496 657 1496 641 1510 641 1511 638 1510 615 1501 613 1501 612 1501 573 1510 571 1510 557 1500 555 1500 554 1500 553 1500 551 1500 532 1510 521 1500 521 1499 520 1499 518 1499 517 1499 515 1499 485 1508 482 1510 478 1508 446 1497 445 1497 444 1497 442 1497 441 1497 423 1508 422 1510 420 1508 409 1499 409 1497 408 1497 406 1497 405 1497 362 1504 348 1496 347 1496 346 1496 344 1496 343 1496 308 1507 303 1510 260 1510 256 1507 227 1492 226 1492 224 1492 223 1492 222 1492 201 1506 200 1507 197 1506 168 1495 166 1495 165 1495 164 1495 143 1504 143 1537"/></Shape>
	    <String CONTENT="رگغت رد کردن چيزيست به اول خود و در عرف آنت"
                    HPOS="142"
                    VPOS="1492"
                    WIDTH="818"
                    HEIGHT="81"
                    WC="0.9041161076589064"></String>
          </TextLine>

          
        </TextBlock>
        
        <TextBlock HPOS="489"
                   VPOS="49"
                   WIDTH="115"
                   HEIGHT="70"
                   ID="eSc_textblock_111207e1"
                   TAGREFS="BT16093">
          <Shape><Polygon POINTS="522 49 604 49 604 97 565 119 495 103 489 66 522 49"/></Shape>
          
          
          <TextLine ID="eSc_line_96de0574"
                    TAGREFS="LT4837"
                    BASELINE="524 82 582 77" 
                    HPOS="520"
                    VPOS="49"
                    WIDTH="63"
                    HEIGHT="51">
            <Shape><Polygon POINTS="575 49 561 49 547 49 543 49 520 52 524 82 525 100 583 100 582 77 576 49 575 49"/></Shape>
	    <String CONTENT=""
                    HPOS="520"
                    VPOS="49"
                    WIDTH="63"
                    HEIGHT="51"></String>
          </TextLine>

          
        </TextBlock>
        

        
      </PrintSpace>
    </Page>
  </Layout>
</alto>
