<?xml version="1.0" encoding="UTF-8"?>
<alto xmlns:xsi="http://www.w3.org/2001/XMLSchema-instance"
      xmlns="http://www.loc.gov/standards/alto/ns-v4#"
      xsi:schemaLocation="http://www.loc.gov/standards/alto/ns-v4# http://www.loc.gov/standards/alto/v4/alto-4-2.xsd">
  <Description>
    <MeasurementUnit>pixel</MeasurementUnit>
    <sourceImageInformation>
      <fileName>Rasail150.jpg</fileName>
      
    </sourceImageInformation>
  </Description>
  
  <Tags>
    <OtherTag ID="BT16094" LABEL="default" DESCRIPTION="block type default"/><OtherTag ID="BT16093" LABEL="NumberingZone:page" DESCRIPTION="block type NumberingZone:page"/><OtherTag ID="BT16092" LABEL="MarginTextZone:note" DESCRIPTION="block type MarginTextZone:note"/><OtherTag ID="BT16091" LABEL="TitlePageZone" DESCRIPTION="block type TitlePageZone"/><OtherTag ID="BT16090" LABEL="QuireMarksZone:catchwords" DESCRIPTION="block type QuireMarksZone:catchwords"/><OtherTag ID="BT16089" LABEL="NumberingZone:other" DESCRIPTION="block type NumberingZone:other"/><OtherTag ID="BT16088" LABEL="NumberingZone" DESCRIPTION="block type NumberingZone"/><OtherTag ID="BT16087" LABEL="MarginTextZone" DESCRIPTION="block type MarginTextZone"/><OtherTag ID="BT16086" LABEL="MainZone" DESCRIPTION="block type MainZone"/><OtherTag ID="BT16085" LABEL="DigitizationArtefactZone" DESCRIPTION="block type DigitizationArtefactZone"/><OtherTag ID="BT2" LABEL="Main" DESCRIPTION="block type Main"/><OtherTag ID="BT1" LABEL="Title" DESCRIPTION="block type Title"/>
    <OtherTag ID="LT4837" LABEL="DefaultLine" DESCRIPTION="line type DefaultLine"/><OtherTag ID="LT4838" LABEL="default" DESCRIPTION="line type default"/><OtherTag ID="LT4839" LABEL="HeadingLine:title" DESCRIPTION="line type HeadingLine:title"/>
  </Tags>
  
  <Layout>
    <Page WIDTH="1238"
          HEIGHT="1669"
          PHYSICAL_IMG_NR="13"
          ID="eSc_dummypage_">
      <PrintSpace HPOS="0"
                  VPOS="0"
                  WIDTH="1238"
                  HEIGHT="1669">
        
        <TextBlock HPOS="33"
                   VPOS="161"
                   WIDTH="1054"
                   HEIGHT="1439"
                   ID="eSc_textblock_f4895eb5"
                   TAGREFS="BT16086">
          <Shape><Polygon POINTS="72 161 1087 172 1087 1189 1043 1311 976 1335 1021 1379 1026 1418 1009 1457 1021 1539 987 1567 837 1595 267 1600 61 1561 33 1178 38 400 50 194 72 161"/></Shape>
          
          
          <TextLine ID="eSc_line_21767e0f"
                    TAGREFS="LT4837"
                    BASELINE="564 214 1054 218" 
                    HPOS="563"
                    VPOS="169"
                    WIDTH="491"
                    HEIGHT="84">
            <Shape><Polygon POINTS="564 214 563 243 619 248 620 248 649 242 689 232 713 240 737 250 738 250 740 251 770 251 770 250 772 250 792 239 795 237 797 239 810 250 812 250 813 250 815 250 891 240 902 250 902 251 904 251 905 251 906 253 930 253 930 251 931 251 962 237 980 246 982 246 983 246 984 246 986 246 986 244 997 235 998 235 1052 235 1054 218 1051 180 1016 187 1005 179 1004 178 1002 178 1001 178 1000 178 984 179 963 180 961 178 957 175 957 173 955 173 954 173 952 173 951 173 950 173 943 178 937 182 926 178 909 172 908 172 906 172 905 172 904 172 897 178 881 186 869 179 867 179 866 179 865 179 849 187 759 187 716 173 698 169 696 169 634 169 632 169 631 169 624 172 614 178 564 172 564 214"/></Shape>
	    <String CONTENT="چنين خرم شوم کز خرمی چو خاطر داتا"
                    HPOS="563"
                    VPOS="169"
                    WIDTH="491"
                    HEIGHT="84"
                    WC="0.9076029712503607"></String>
          </TextLine>

          
          
          <TextLine ID="eSc_line_e2de1f73"
                    TAGREFS="LT4837"
                    BASELINE="57 228 520 218" 
                    HPOS="55"
                    VPOS="175"
                    WIDTH="465"
                    HEIGHT="80">
            <Shape><Polygon POINTS="57 228 57 251 86 255 87 255 89 255 90 255 97 250 111 240 144 240 154 248 161 254 162 254 164 254 165 254 166 254 168 254 179 247 186 243 207 246 253 253 254 253 255 253 274 243 286 237 335 237 342 240 356 250 357 250 358 250 360 250 425 248 427 248 456 236 463 233 470 235 496 244 497 244 499 244 500 244 520 233 520 218 517 176 400 175 399 175 397 175 381 183 364 193 350 184 343 180 342 180 340 180 339 180 338 180 325 186 307 197 274 197 258 190 236 182 235 182 233 182 232 182 230 182 230 183 221 193 218 196 175 200 139 200 134 197 98 182 97 182 95 182 94 182 93 182 93 183 73 201 55 201 57 228"/></Shape>
	    <String CONTENT="بمانند بشتی از چنين خود ببر اسايم"
                    HPOS="55"
                    VPOS="175"
                    WIDTH="465"
                    HEIGHT="80"
                    WC="0.893878824783094"></String>
          </TextLine>

          
          
          <TextLine ID="eSc_line_7544e41b"
                    TAGREFS="LT4837"
                    BASELINE="564 296 1050 299" 
                    HPOS="563"
                    VPOS="251"
                    WIDTH="487"
                    HEIGHT="84">
            <Shape><Polygon POINTS="564 296 563 311 607 325 609 325 610 325 642 318 657 329 659 329 660 329 662 329 663 329 664 329 682 314 706 314 730 328 731 328 733 328 734 328 735 328 748 324 760 333 762 333 763 333 765 333 766 333 784 325 805 335 806 335 808 335 859 328 908 335 909 335 911 335 912 335 931 321 945 332 947 332 948 332 950 332 951 332 952 332 966 322 976 331 977 331 979 331 980 331 982 331 983 331 1002 315 1048 315 1050 299 1047 264 968 264 963 262 950 253 948 253 947 253 945 253 944 253 943 253 943 254 934 261 923 273 884 273 870 261 866 257 865 257 863 257 862 257 861 257 859 257 855 261 835 273 808 273 769 260 767 260 766 260 765 260 741 267 733 258 726 253 726 251 724 251 723 251 696 251 695 251 694 251 680 258 662 268 646 257 638 251 637 251 635 251 634 251 564 255 564 296"/></Shape>
	    <String CONTENT="چر های گوهر سفلی چه جاى گوهر علوق"
                    HPOS="563"
                    VPOS="251"
                    WIDTH="487"
                    HEIGHT="84"
                    WC="0.8381271813855027"></String>
          </TextLine>

          
          
          <TextLine ID="eSc_line_dce5d296"
                    TAGREFS="LT4837"
                    BASELINE="59 311 523 299" 
                    HPOS="58"
                    VPOS="253"
                    WIDTH="465"
                    HEIGHT="86">
            <Shape><Polygon POINTS="59 311 59 339 126 333 127 333 162 319 197 332 211 336 212 336 214 336 215 336 235 329 271 315 332 315 342 322 350 329 351 329 353 329 393 331 395 331 396 331 422 317 424 317 447 329 449 329 450 329 452 329 523 310 523 299 517 254 491 261 482 255 478 253 477 253 475 253 474 253 472 253 471 253 467 257 449 269 417 269 335 264 264 258 262 258 261 258 260 258 250 267 226 262 225 262 223 262 222 262 214 269 207 275 182 272 109 262 108 262 107 262 58 276 59 311"/></Shape>
	    <String CONTENT="که من در عين استفنا ازين جمله متريم"
                    HPOS="58"
                    VPOS="253"
                    WIDTH="465"
                    HEIGHT="86"
                    WC="0.8815031869070871"></String>
          </TextLine>

          
          
          <TextLine ID="eSc_line_33bbb0ed"
                    TAGREFS="LT4837"
                    BASELINE="556 375 1054 375" 
                    HPOS="556"
                    VPOS="331"
                    WIDTH="498"
                    HEIGHT="76">
            <Shape><Polygon POINTS="556 375 556 400 578 407 580 407 581 407 582 407 584 407 593 400 606 392 642 392 652 399 660 407 662 407 663 407 664 407 703 400 798 407 799 407 801 407 822 396 833 396 913 392 918 394 933 406 934 406 936 406 937 406 938 406 940 406 957 393 959 392 961 393 977 406 979 406 980 406 982 406 983 406 984 406 1005 393 1008 392 1009 393 1026 401 1027 401 1029 401 1030 401 1054 392 1054 375 1052 336 838 344 829 340 812 332 810 332 809 332 808 332 806 332 797 340 791 344 773 340 749 336 748 336 746 336 745 336 745 337 740 342 737 346 701 346 698 342 687 332 687 331 685 331 684 331 588 331 587 331 585 331 584 331 584 332 570 344 570 346 556 346 556 375"/></Shape>
	    <String CONTENT="نه موجود و نه سعد و مم نه محبوسم نه معلوهم"
                    HPOS="556"
                    VPOS="331"
                    WIDTH="498"
                    HEIGHT="76"
                    WC="0.8848894493920463"></String>
          </TextLine>

          
          
          <TextLine ID="eSc_line_a9915ef7"
                    TAGREFS="LT4837"
                    BASELINE="52 382 520 375" 
                    HPOS="51"
                    VPOS="328"
                    WIDTH="469"
                    HEIGHT="86">
            <Shape><Polygon POINTS="52 382 52 406 65 414 66 414 68 414 69 414 70 414 87 404 95 413 97 413 98 413 100 413 101 413 122 401 132 397 146 401 166 407 168 407 169 407 171 407 172 407 180 400 186 396 191 400 198 403 200 403 201 403 225 399 246 394 250 397 264 410 264 411 265 411 267 411 268 413 290 413 290 411 403 393 404 393 433 408 435 408 436 410 479 410 479 408 481 408 520 389 520 375 516 335 456 340 447 336 439 332 438 332 436 332 435 332 417 336 400 342 395 337 385 331 383 331 382 331 381 331 379 331 358 339 350 342 346 339 332 328 331 328 329 328 328 328 326 328 293 340 292 342 233 344 226 342 200 331 198 331 197 331 82 332 80 332 51 344 52 382"/></Shape>
	    <String CONTENT="نه بيچون و نه با چو نم نه در جای منه بجايم"
                    HPOS="51"
                    VPOS="328"
                    WIDTH="469"
                    HEIGHT="86"
                    WC="0.8733718012060437"></String>
          </TextLine>

          
          
          <TextLine ID="eSc_line_2668e8fb"
                    TAGREFS="LT4837"
                    BASELINE="563 447 1044 454" 
                    HPOS="561"
                    VPOS="392"
                    WIDTH="483"
                    HEIGHT="92">
            <Shape><Polygon POINTS="563 447 561 461 600 463 614 475 614 477 616 477 617 477 619 477 620 477 621 477 635 468 657 477 659 477 660 477 662 477 681 465 694 477 694 478 695 478 696 478 698 478 699 478 717 470 734 481 735 481 737 481 738 481 840 475 848 482 848 484 849 484 851 484 852 484 1043 468 1044 454 1043 410 966 418 957 410 943 397 943 396 941 396 940 396 925 396 923 396 922 396 920 396 904 410 894 418 852 418 837 411 802 396 801 396 799 396 798 396 797 396 797 397 781 411 765 400 763 400 762 400 760 400 706 411 701 413 699 411 692 406 691 406 689 406 688 406 687 406 677 410 660 393 660 392 659 392 657 392 591 392 589 392 588 392 587 392 563 408 563 447"/></Shape>
	    <String CONTENT="سن ان شمع جهان تا بمه که خورشيد جا"
                    HPOS="561"
                    VPOS="392"
                    WIDTH="483"
                    HEIGHT="92"
                    WC="0.8551498572616016"></String>
          </TextLine>

          
          
          <TextLine ID="eSc_line_293db2c2"
                    TAGREFS="LT4837"
                    BASELINE="59 453 523 449" 
                    HPOS="58"
                    VPOS="400"
                    WIDTH="465"
                    HEIGHT="81">
            <Shape><Polygon POINTS="59 453 61 481 101 467 133 478 134 478 136 478 137 478 172 467 204 475 205 475 207 475 208 475 210 475 218 467 239 475 242 475 243 475 244 475 246 475 248 474 269 467 282 474 293 479 294 479 296 479 297 479 322 471 344 464 365 464 374 470 383 478 385 478 386 478 388 479 459 479 459 478 460 478 461 478 461 477 474 467 475 465 488 477 488 478 489 478 491 478 492 479 511 479 511 478 513 478 514 478 514 477 523 467 523 449 521 413 497 400 496 400 495 400 493 400 465 414 461 415 452 414 415 407 414 407 375 415 364 418 303 418 301 417 269 401 268 401 267 401 265 401 264 401 243 415 225 401 223 401 222 401 221 401 180 410 107 403 105 403 104 403 58 420 59 453"/></Shape>
	    <String CONTENT="زند پيروانه آسا پير ز شوق مهر پيروايم"
                    HPOS="58"
                    VPOS="400"
                    WIDTH="465"
                    HEIGHT="81"
                    WC="0.884028467692827"></String>
          </TextLine>

          
          
          <TextLine ID="eSc_line_b3a74278"
                    TAGREFS="LT4837"
                    BASELINE="560 528 1048 525" 
                    HPOS="559"
                    VPOS="470"
                    WIDTH="489"
                    HEIGHT="89">
            <Shape><Polygon POINTS="560 528 560 541 577 549 578 549 580 549 581 549 602 541 607 539 685 539 689 541 703 547 705 547 706 547 746 541 755 539 759 541 799 559 801 559 802 559 869 557 870 557 904 541 905 539 906 541 940 557 941 557 943 557 982 550 1029 557 1030 557 1032 557 1033 557 1033 556 1048 541 1048 525 1046 470 1000 470 998 470 997 470 995 470 995 471 994 471 983 482 961 474 959 474 958 474 957 474 920 490 877 478 872 477 870 477 869 477 867 477 866 477 866 478 865 478 852 490 831 485 830 485 829 485 827 485 799 493 744 493 733 485 710 471 709 471 708 471 680 471 678 471 677 471 676 471 659 484 599 471 598 471 596 471 595 471 559 490 560 528"/></Shape>
	    <String CONTENT="من ا عجر به صنعم که مچون افشا کنم معنی"
                    HPOS="559"
                    VPOS="470"
                    WIDTH="489"
                    HEIGHT="89"
                    WC="0.858164718276576"></String>
          </TextLine>

          
          
          <TextLine ID="eSc_line_6b457ee9"
                    TAGREFS="LT4837"
                    BASELINE="61 531 531 525" 
                    HPOS="59"
                    VPOS="470"
                    WIDTH="472"
                    HEIGHT="86">
            <Shape><Polygon POINTS="61 531 61 553 176 539 225 546 226 546 228 546 247 539 274 546 306 554 307 554 308 556 350 556 350 554 351 554 381 542 408 554 410 554 411 554 440 553 442 553 443 553 460 538 461 536 464 538 489 549 491 549 492 549 493 549 531 535 531 525 528 488 475 488 459 472 459 471 457 471 456 471 436 470 435 470 375 482 324 474 322 474 321 474 289 489 272 474 272 472 271 472 269 472 268 472 223 479 203 471 201 471 200 471 198 471 168 481 159 472 158 472 157 472 125 472 123 472 122 472 84 492 59 492 61 531"/></Shape>
	    <String CONTENT="دو عالم مشتقل گرود ز نور شعله آرايم"
                    HPOS="59"
                    VPOS="470"
                    WIDTH="472"
                    HEIGHT="86"
                    WC="0.9337329102887048"></String>
          </TextLine>

          
          
          <TextLine ID="eSc_line_649f745d"
                    TAGREFS="LT4837"
                    BASELINE="550 603 1050 600" 
                    HPOS="549"
                    VPOS="550"
                    WIDTH="501"
                    HEIGHT="87">
            <Shape><Polygon POINTS="550 603 550 625 602 623 610 627 621 631 623 631 624 631 625 631 646 625 660 623 671 625 689 630 691 630 692 630 724 624 735 623 740 624 773 637 774 637 776 637 847 625 865 634 866 634 959 635 961 635 962 635 980 628 995 634 997 634 998 634 1000 634 1001 634 1001 632 1012 621 1032 630 1033 630 1034 630 1036 630 1037 630 1050 620 1050 600 1044 550 993 567 952 554 945 552 944 552 943 552 925 556 867 568 845 559 844 559 842 559 841 559 840 559 838 559 822 570 778 561 773 561 772 561 770 561 769 561 769 563 759 573 708 573 699 566 685 553 684 553 682 553 681 553 584 554 582 554 549 570 550 603"/></Shape>
	    <String CONTENT="حجب هيزمست اصل من فرش"
                    HPOS="549"
                    VPOS="550"
                    WIDTH="501"
                    HEIGHT="87"
                    WC="0.8926142269656772"></String>
          </TextLine>

          
          
          <TextLine ID="eSc_line_6b0f86fd"
                    TAGREFS="LT4837"
                    BASELINE="63 599 532 602" 
                    HPOS="62"
                    VPOS="539"
                    WIDTH="470"
                    HEIGHT="89">
            <Shape><Polygon POINTS="63 599 62 624 122 625 123 625 125 625 126 625 139 616 164 616 198 625 201 625 203 625 204 625 210 625 271 616 294 625 299 627 300 627 301 628 353 628 353 627 354 627 357 625 376 617 529 625 532 602 532 556 514 547 513 547 511 547 510 547 509 547 509 549 500 557 464 541 463 541 461 541 460 541 459 541 459 542 443 557 442 559 410 559 407 557 371 542 370 542 368 542 367 542 365 542 365 543 353 556 343 550 342 550 340 550 339 550 324 556 322 557 321 556 301 539 300 539 299 539 205 539 204 539 203 539 201 539 182 556 179 556 148 549 147 549 63 554 63 599"/></Shape>
	    <String CONTENT="نيم اشيا ولی رشی ندشی ابلکه اشيائم"
                    HPOS="62"
                    VPOS="539"
                    WIDTH="470"
                    HEIGHT="89"
                    WC="0.8783533351761954"></String>
          </TextLine>

          
          
          <TextLine ID="eSc_line_fe5599ac"
                    TAGREFS="LT4837"
                    BASELINE="571 670 1052 673" 
                    HPOS="570"
                    VPOS="623"
                    WIDTH="482"
                    HEIGHT="77">
            <Shape><Polygon POINTS="571 670 570 681 587 682 603 698 603 699 605 699 606 699 607 699 609 699 637 692 657 699 659 699 660 699 662 699 680 691 719 699 720 699 804 688 895 700 897 700 898 700 899 700 899 699 915 687 925 694 926 694 927 694 929 695 929 694 930 694 931 694 943 685 966 700 968 700 969 700 970 700 972 700 973 700 994 685 1051 684 1052 673 1048 630 1030 637 1008 630 1007 630 1005 630 948 637 936 628 934 628 933 628 931 628 842 637 835 631 835 630 834 630 833 630 831 630 785 635 774 625 774 624 773 624 772 624 724 624 723 624 721 624 720 624 687 635 673 624 671 624 670 624 669 624 667 624 645 632 571 623 571 670"/></Shape>
	    <String CONTENT="یط مطلقی در ذات گل جمله گليات"
                    HPOS="570"
                    VPOS="623"
                    WIDTH="482"
                    HEIGHT="77"
                    WC="0.8945991170817408"></String>
          </TextLine>

          
          
          <TextLine ID="eSc_line_125f18bb"
                    TAGREFS="LT4837"
                    BASELINE="59 674 535 671" 
                    HPOS="58"
                    VPOS="618"
                    WIDTH="477"
                    HEIGHT="81">
            <Shape><Polygon POINTS="59 674 59 699 101 699 101 698 102 698 105 696 123 687 140 695 141 696 143 696 144 696 146 696 147 696 148 695 162 685 233 685 240 691 240 692 242 692 243 692 244 692 254 691 294 687 299 689 303 694 303 695 304 695 306 695 307 695 308 695 319 689 321 688 324 689 335 696 336 696 338 696 339 696 340 696 357 688 365 684 371 688 389 696 390 696 392 698 491 698 491 696 492 696 535 681 535 671 534 635 504 625 503 625 502 625 500 625 499 625 499 627 491 634 445 631 432 620 431 620 429 620 428 620 427 620 392 635 338 635 321 621 319 621 318 621 317 621 274 631 214 625 212 625 211 625 210 625 203 632 183 618 182 618 180 618 133 618 132 618 130 618 129 618 116 628 89 618 87 618 86 618 84 618 83 618 58 634 59 674"/></Shape>
	    <String CONTENT="دلی اجزای موجودات جزوی دنن زجزيم"
                    HPOS="58"
                    VPOS="618"
                    WIDTH="477"
                    HEIGHT="81"
                    WC="0.880666334182024"></String>
          </TextLine>

          
          
          <TextLine ID="eSc_line_d66e6105"
                    TAGREFS="LT4837"
                    BASELINE="570 744 1054 739" 
                    HPOS="568"
                    VPOS="692"
                    WIDTH="486"
                    HEIGHT="86">
            <Shape><Polygon POINTS="570 744 570 762 589 762 591 762 598 769 598 770 599 770 600 770 602 770 603 770 605 770 613 762 614 762 628 762 635 762 649 776 649 777 650 777 652 777 653 778 676 778 676 777 677 777 678 777 678 776 689 767 699 776 699 777 701 777 702 777 703 778 730 778 730 777 731 777 763 762 774 771 776 771 777 771 778 771 780 771 798 767 820 776 822 776 823 777 862 777 862 776 863 776 865 776 865 774 874 766 883 774 883 776 884 776 886 776 887 776 888 776 918 764 950 774 951 774 952 774 954 774 976 763 1011 767 1012 767 1052 758 1054 739 1052 703 1041 694 1041 692 1040 692 1039 692 993 692 991 692 990 692 945 706 938 709 906 709 905 706 897 699 895 699 894 699 893 699 891 699 890 699 890 700 881 707 879 710 829 710 827 707 813 695 813 694 812 694 810 694 794 694 792 694 791 694 790 694 767 709 766 710 749 710 749 709 733 695 733 694 731 694 730 694 728 694 692 695 691 695 689 695 689 696 678 706 664 696 663 696 662 696 660 696 659 696 657 696 642 707 610 695 609 695 607 695 606 695 568 710 570 744"/></Shape>
	    <String CONTENT="مرا کو کرد احمردان مرا اکسير ا عظم خوان"
                    HPOS="568"
                    VPOS="692"
                    WIDTH="486"
                    HEIGHT="86"
                    WC="0.7994450124410483"></String>
          </TextLine>

          
          
          <TextLine ID="eSc_line_6fe10a07"
                    TAGREFS="LT4837"
                    BASELINE="69 742 536 742" 
                    HPOS="69"
                    VPOS="689"
                    WIDTH="467"
                    HEIGHT="82">
            <Shape><Polygon POINTS="69 742 70 771 118 759 164 759 173 767 173 769 175 769 176 769 178 769 179 769 204 759 246 769 258 771 260 771 536 763 536 742 536 705 507 689 506 689 486 689 485 689 484 689 482 689 482 691 467 706 365 706 329 689 328 689 326 689 253 694 251 694 250 694 237 702 210 689 208 689 207 689 205 689 175 698 162 689 161 689 159 689 158 689 157 689 134 702 123 691 123 689 122 689 121 689 102 689 101 689 100 689 98 689 98 691 83 706 69 706 69 742"/></Shape>
	    <String CONTENT="مرا گوهر مدان زپيرا که من بحر گهر زايم"
                    HPOS="69"
                    VPOS="689"
                    WIDTH="467"
                    HEIGHT="82"
                    WC="0.8541655360083831"></String>
          </TextLine>

          
          
          <TextLine ID="eSc_line_ede731a6"
                    TAGREFS="LT4837"
                    BASELINE="573 819 1054 815" 
                    HPOS="571"
                    VPOS="769"
                    WIDTH="483"
                    HEIGHT="80">
            <Shape><Polygon POINTS="573 819 573 833 731 849 733 849 734 849 760 835 847 848 848 848 849 848 851 848 851 847 862 838 933 847 934 847 936 847 961 834 993 847 994 847 995 847 997 847 1026 830 1054 828 1054 815 1048 769 1022 781 983 771 972 769 970 769 969 769 968 769 961 771 941 783 886 783 863 776 842 770 841 770 840 770 838 770 837 770 837 771 830 777 829 778 826 777 819 771 817 771 816 771 815 771 813 771 812 771 805 778 798 783 763 780 731 777 730 777 728 777 727 777 723 781 719 784 698 783 591 771 589 771 588 771 587 771 571 783 573 819"/></Shape>
	    <String CONTENT="اگر چه قطره را مانم که از دريا برون افتد"
                    HPOS="571"
                    VPOS="769"
                    WIDTH="483"
                    HEIGHT="80"
                    WC="0.8846323497593402"></String>
          </TextLine>

          
          
          <TextLine ID="eSc_line_30b5e2a3"
                    TAGREFS="LT4837"
                    BASELINE="68 826 532 819" 
                    HPOS="66"
                    VPOS="763"
                    WIDTH="466"
                    HEIGHT="88">
            <Shape><Polygon POINTS="68 826 68 848 82 851 83 851 84 851 86 851 89 848 101 838 134 847 158 851 159 851 161 851 182 844 205 837 225 842 250 849 251 849 253 849 254 849 255 849 255 848 264 841 271 835 293 840 338 848 339 848 340 848 342 848 356 837 360 834 364 837 382 847 383 847 385 847 429 840 479 845 481 845 482 845 484 845 499 833 532 830 532 819 528 778 418 780 417 780 393 763 392 763 390 763 389 763 388 763 356 780 335 769 333 769 332 769 331 769 329 769 329 770 319 777 311 770 310 770 308 770 307 770 260 781 243 769 242 769 240 769 239 769 237 769 236 769 222 781 207 767 207 766 205 766 204 766 158 764 157 764 90 766 89 766 87 766 66 780 68 826"/></Shape>
	    <String CONTENT="ولی چون قطره بشناهی بهدانی ه چود ياي"
                    HPOS="66"
                    VPOS="763"
                    WIDTH="466"
                    HEIGHT="88"
                    WC="0.8334977345334159"></String>
          </TextLine>

          
          
          <TextLine ID="eSc_line_38050e68"
                    TAGREFS="LT4837"
                    BASELINE="580 899 1057 892" 
                    HPOS="578"
                    VPOS="841"
                    WIDTH="479"
                    HEIGHT="89">
            <Shape><Polygon POINTS="580 899 580 915 628 923 630 923 631 923 632 923 639 917 664 930 666 930 667 930 669 930 703 920 737 930 738 930 740 930 741 930 742 930 742 929 752 920 766 930 767 930 769 930 770 930 772 930 773 930 790 917 804 929 805 929 806 929 808 930 865 930 865 929 866 929 901 915 919 927 920 927 922 927 923 927 925 927 926 927 951 910 980 917 982 917 983 917 984 917 986 917 994 909 995 909 1057 909 1057 892 1055 851 1041 841 1040 841 1039 841 1037 841 1036 841 995 853 989 856 987 855 980 848 979 848 977 848 976 848 975 848 954 855 947 858 941 855 923 847 922 847 920 847 919 847 918 847 906 856 904 859 802 859 801 859 788 848 788 847 787 847 785 847 784 847 783 847 781 847 762 860 760 860 733 845 731 845 674 845 673 845 671 845 670 845 670 847 669 847 662 855 614 847 613 847 612 847 578 862 580 899"/></Shape>
	    <String CONTENT="مثال من بسی بينی ولی از راه کج بينی"
                    HPOS="578"
                    VPOS="841"
                    WIDTH="479"
                    HEIGHT="89"
                    WC="0.8889075534684318"></String>
          </TextLine>

          
          
          <TextLine ID="eSc_line_5217f46d"
                    TAGREFS="LT4837"
                    BASELINE="61 894 535 894" 
                    HPOS="61"
                    VPOS="840"
                    WIDTH="474"
                    HEIGHT="80">
            <Shape><Polygon POINTS="61 894 61 906 95 906 126 919 127 919 129 919 130 919 155 906 229 919 230 920 250 920 250 919 251 919 253 919 253 917 264 908 275 916 276 916 278 916 279 916 280 916 282 916 296 908 317 919 318 919 319 919 385 906 470 919 471 919 535 905 535 894 535 849 523 842 521 842 520 842 518 842 517 842 516 842 516 844 504 853 496 862 461 862 447 853 436 848 435 848 433 848 432 848 431 848 424 855 415 862 351 862 340 856 299 840 297 840 296 840 246 851 190 840 189 840 187 840 166 847 159 840 158 840 157 840 91 840 90 840 89 840 87 840 61 858 61 894"/></Shape>
	    <String CONTENT="اگر تور است بين باشی نبينی مثل"
                    HPOS="61"
                    VPOS="840"
                    WIDTH="474"
                    HEIGHT="80"
                    WC="0.8977549135684967"></String>
          </TextLine>

          
          
          <TextLine ID="eSc_line_db132baf"
                    TAGREFS="LT4837"
                    BASELINE="574 966 1048 970" 
                    HPOS="573"
                    VPOS="915"
                    WIDTH="475"
                    HEIGHT="80">
            <Shape><Polygon POINTS="574 966 573 987 662 983 680 990 688 993 689 993 691 993 714 990 742 986 751 990 759 994 760 994 762 995 837 995 837 994 838 994 852 990 877 983 1046 990 1048 970 1048 927 1036 917 1034 917 1033 917 1032 917 952 927 912 917 911 917 909 917 908 917 906 917 891 927 886 920 884 920 884 919 883 919 881 919 880 919 879 919 877 919 862 930 859 933 780 933 776 930 751 916 749 916 748 916 746 916 745 916 735 924 696 916 695 916 694 916 692 916 677 927 663 915 662 915 660 915 634 915 632 915 631 915 630 915 613 930 612 930 574 930 574 966"/></Shape>
	    <String CONTENT="هنزاران خانه دارم من چه عايم نيست خو"
                    HPOS="573"
                    VPOS="915"
                    WIDTH="475"
                    HEIGHT="80"
                    WC="0.860322338839372"></String>
          </TextLine>

          
          
          <TextLine ID="eSc_line_bb969c95"
                    TAGREFS="LT4837"
                    BASELINE="68 963 535 966" 
                    HPOS="68"
                    VPOS="908"
                    WIDTH="467"
                    HEIGHT="86">
            <Shape><Polygon POINTS="68 963 68 990 107 979 140 979 155 988 159 991 161 991 162 991 164 991 165 991 173 987 193 979 211 986 212 986 214 986 215 986 240 979 257 986 265 988 267 988 268 988 269 988 279 984 292 980 296 984 303 991 303 993 304 993 306 993 307 993 308 993 328 984 336 980 343 983 363 993 364 993 365 993 367 993 396 981 402 980 404 981 422 993 424 993 425 993 427 994 513 994 513 993 514 993 516 993 534 979 535 966 535 926 504 915 503 915 502 915 500 915 464 924 450 924 379 924 368 915 368 913 367 913 365 913 364 913 363 913 361 913 361 915 350 924 350 926 319 926 318 924 286 909 285 909 283 909 282 909 246 923 225 908 223 908 222 908 104 908 102 908 101 908 100 908 83 923 82 923 68 923 68 963"/></Shape>
	    <String CONTENT="هزارااهم دارم من که من خويک مشمايم"
                    HPOS="68"
                    VPOS="908"
                    WIDTH="467"
                    HEIGHT="86"
                    WC="0.8689179113682579"></String>
          </TextLine>

          
          
          <TextLine ID="eSc_line_518ba5fb"
                    TAGREFS="LT4837"
                    BASELINE="577 1038 1052 1036" 
                    HPOS="575"
                    VPOS="987"
                    WIDTH="477"
                    HEIGHT="81">
            <Shape><Polygon POINTS="577 1038 577 1052 689 1068 691 1068 746 1055 766 1068 767 1068 769 1068 770 1068 772 1068 809 1058 820 1066 822 1066 823 1066 824 1068 881 1068 881 1066 883 1066 906 1057 908 1055 911 1057 933 1066 934 1066 936 1066 937 1066 959 1057 966 1054 977 1057 998 1062 1000 1062 1001 1062 1002 1062 1014 1057 1023 1052 1051 1057 1052 1036 1047 991 1029 1001 1001 994 1000 994 998 994 997 994 972 1002 948 994 938 991 937 991 936 991 934 991 933 991 929 995 920 1002 804 1004 792 1000 767 990 766 990 765 990 763 990 734 1000 706 988 705 988 703 988 702 988 681 998 671 988 671 987 670 987 669 987 607 987 606 987 605 987 603 987 575 1002 577 1038"/></Shape>
	    <String CONTENT="کنون عبد سلام من ولی از هملنان علين"
                    HPOS="575"
                    VPOS="987"
                    WIDTH="477"
                    HEIGHT="81"
                    WC="0.898461377620697"></String>
          </TextLine>

          
          
          <TextLine ID="eSc_line_e9131a12"
                    TAGREFS="LT4837"
                    BASELINE="76 1037 545 1037" 
                    HPOS="76"
                    VPOS="980"
                    WIDTH="469"
                    HEIGHT="85">
            <Shape><Polygon POINTS="76 1037 76 1065 97 1065 97 1063 98 1063 100 1063 100 1062 116 1048 148 1048 172 1061 173 1062 175 1062 176 1062 178 1062 179 1062 180 1062 182 1061 194 1052 226 1059 246 1062 247 1062 248 1062 250 1062 250 1061 254 1058 260 1051 292 1050 299 1057 306 1062 306 1063 307 1063 308 1063 310 1065 363 1065 363 1063 364 1063 365 1063 365 1062 374 1055 410 1063 411 1063 413 1063 435 1051 440 1048 450 1051 489 1062 491 1062 492 1062 493 1062 545 1047 545 1037 542 991 524 995 516 991 493 980 492 980 491 980 433 993 415 995 411 993 397 981 396 981 395 981 393 981 392 981 360 993 353 995 349 993 331 980 329 980 328 980 326 980 325 980 293 994 289 995 287 994 269 980 268 980 267 980 265 980 264 980 239 988 225 980 223 980 222 980 221 980 219 980 175 995 173 995 153 980 151 980 150 980 118 980 116 980 115 980 114 980 95 995 95 997 76 997 76 1037"/></Shape>
	    <String CONTENT="از اين مجلس بخواهم فتتو ديگر باره بازآيم"
                    HPOS="76"
                    VPOS="980"
                    WIDTH="469"
                    HEIGHT="85"
                    WC="0.9386082960338127"></String>
          </TextLine>

          
          
          <TextLine ID="eSc_line_a663fb47"
                    TAGREFS="LT4837"
                    BASELINE="587 1112 1054 1109" 
                    HPOS="585"
                    VPOS="1065"
                    WIDTH="469"
                    HEIGHT="78">
            <Shape><Polygon POINTS="587 1112 587 1129 645 1141 646 1141 717 1129 744 1141 745 1141 746 1143 778 1143 778 1141 780 1141 810 1129 837 1140 838 1140 840 1141 915 1141 915 1140 916 1140 918 1140 918 1139 930 1127 1008 1136 1009 1136 1011 1136 1012 1136 1021 1130 1029 1137 1030 1137 1032 1137 1033 1137 1034 1137 1054 1126 1054 1109 1050 1065 1004 1075 989 1066 986 1065 984 1065 983 1065 982 1065 976 1066 951 1075 927 1068 916 1065 915 1065 913 1065 912 1065 897 1069 874 1075 842 1070 808 1066 806 1066 805 1066 804 1066 795 1072 788 1076 774 1073 746 1066 745 1066 699 1075 689 1076 682 1076 624 1066 623 1066 621 1066 585 1077 587 1112"/></Shape>
	    <String CONTENT="اگر بر خاطرم کردی نشيند کردها خيزد"
                    HPOS="585"
                    VPOS="1065"
                    WIDTH="469"
                    HEIGHT="78"
                    WC="0.8976073335198795"></String>
          </TextLine>

          
          
          <TextLine ID="eSc_line_9700cf60"
                    TAGREFS="LT4837"
                    BASELINE="70 1104 549 1109" 
                    HPOS="69"
                    VPOS="1048"
                    WIDTH="480"
                    HEIGHT="84">
            <Shape><Polygon POINTS="70 1104 69 1122 107 1121 112 1123 116 1127 118 1127 119 1127 121 1127 122 1127 130 1123 140 1118 148 1123 153 1127 154 1127 155 1127 214 1129 215 1129 216 1129 237 1123 253 1119 296 1119 299 1123 307 1129 307 1130 308 1130 310 1130 311 1130 372 1122 379 1122 388 1122 489 1132 491 1132 492 1132 493 1132 507 1122 509 1122 548 1122 549 1109 549 1054 521 1052 520 1052 518 1052 517 1052 517 1054 516 1054 509 1062 495 1055 493 1055 492 1055 491 1055 489 1055 489 1057 477 1069 456 1069 433 1055 432 1054 431 1054 429 1054 428 1054 427 1054 425 1054 425 1055 424 1055 413 1065 402 1058 400 1058 399 1058 397 1058 396 1058 364 1066 340 1058 339 1058 338 1058 336 1058 335 1058 325 1065 315 1058 307 1050 306 1050 304 1050 303 1050 269 1051 268 1051 267 1051 255 1059 250 1062 244 1059 222 1050 221 1050 219 1050 218 1050 216 1050 201 1061 194 1065 187 1061 165 1048 164 1048 134 1048 133 1048 132 1048 130 1048 130 1050 122 1058 105 1048 104 1048 102 1048 101 1048 100 1048 100 1050 86 1062 84 1063 70 1063 70 1104"/></Shape>
	    <String CONTENT="اگرشادان شوم يک لخظه ديگردم نه آسائم"
                    HPOS="69"
                    VPOS="1048"
                    WIDTH="480"
                    HEIGHT="84"
                    WC="0.8847413533612302"></String>
          </TextLine>

          
          
          <TextLine ID="eSc_line_98fa7896"
                    TAGREFS="LT4837"
                    BASELINE="589 1190 1048 1198" 
                    HPOS="588"
                    VPOS="1134"
                    WIDTH="460"
                    HEIGHT="95">
            <Shape><Polygon POINTS="589 1190 588 1204 628 1205 628 1207 670 1223 671 1223 673 1225 710 1225 710 1223 712 1223 713 1223 731 1210 734 1208 737 1210 749 1216 751 1216 752 1216 753 1216 774 1211 783 1210 788 1212 817 1226 819 1226 820 1226 822 1226 861 1215 865 1214 867 1215 894 1228 895 1228 897 1229 925 1229 925 1228 926 1228 927 1228 943 1218 952 1212 1046 1221 1048 1198 1047 1140 1014 1143 1012 1143 1011 1143 1011 1144 1000 1153 945 1141 931 1139 930 1139 929 1139 927 1139 927 1140 925 1141 909 1157 895 1157 879 1141 874 1137 873 1137 872 1137 849 1137 848 1137 847 1137 845 1137 845 1139 840 1143 826 1155 734 1154 724 1144 714 1136 714 1134 713 1134 712 1134 710 1134 709 1134 685 1144 667 1153 649 1153 644 1146 637 1140 637 1139 635 1139 634 1139 632 1139 589 1146 589 1190"/></Shape>
	    <String CONTENT="ی پيرم کی برناکيی نادان کهی دانا"
                    HPOS="588"
                    VPOS="1134"
                    WIDTH="460"
                    HEIGHT="95"
                    WC="0.8430602476000786"></String>
          </TextLine>

          
          
          <TextLine ID="eSc_line_263dfbfe"
                    TAGREFS="LT4837"
                    BASELINE="69 1184 542 1189" 
                    HPOS="68"
                    VPOS="1129"
                    WIDTH="474"
                    HEIGHT="85">
            <Shape><Polygon POINTS="69 1184 68 1207 123 1200 159 1207 178 1211 179 1211 180 1211 189 1207 201 1200 207 1207 210 1208 210 1210 211 1210 212 1210 214 1210 236 1207 267 1201 278 1205 292 1212 293 1212 294 1212 350 1207 393 1214 395 1214 396 1214 397 1214 411 1204 413 1203 421 1204 484 1214 485 1214 486 1214 488 1214 488 1212 500 1203 541 1203 542 1189 542 1148 478 1132 477 1132 475 1132 431 1137 429 1137 428 1137 428 1139 420 1147 395 1136 393 1136 392 1136 390 1136 389 1136 389 1137 378 1146 340 1139 339 1139 304 1146 292 1136 290 1136 289 1136 287 1136 286 1136 285 1136 285 1137 275 1146 275 1147 247 1147 246 1146 226 1129 225 1129 223 1129 222 1129 130 1140 119 1130 119 1129 118 1129 116 1129 97 1129 95 1129 94 1129 69 1141 69 1184"/></Shape>
	    <String CONTENT="جهان را سر بر می پپرورم من پير و بر"
                    HPOS="68"
                    VPOS="1129"
                    WIDTH="474"
                    HEIGHT="85"
                    WC="0.861300161906651"></String>
          </TextLine>

          
          
          <TextLine ID="eSc_line_c5ffd06a"
                    TAGREFS="LT4837"
                    BASELINE="272 1262 822 1257" 
                    HPOS="271"
                    VPOS="1205"
                    WIDTH="551"
                    HEIGHT="85">
            <Shape><Polygon POINTS="272 1262 272 1271 310 1280 311 1280 349 1274 367 1282 368 1282 370 1282 371 1282 404 1272 431 1282 432 1282 433 1282 435 1282 436 1282 453 1271 488 1286 489 1286 491 1286 492 1286 493 1286 502 1279 514 1289 514 1290 516 1290 517 1290 518 1290 520 1290 521 1290 546 1271 549 1269 567 1271 581 1271 605 1289 606 1289 607 1289 609 1290 653 1290 653 1289 655 1289 656 1289 681 1269 684 1268 687 1269 723 1287 724 1287 726 1289 788 1289 788 1287 790 1287 822 1269 822 1257 820 1222 791 1205 790 1205 753 1205 752 1205 751 1205 749 1205 731 1221 730 1221 724 1221 669 1211 667 1211 666 1211 664 1211 655 1218 649 1222 630 1218 577 1207 575 1207 574 1207 573 1207 557 1216 545 1223 467 1216 465 1216 464 1216 442 1223 418 1214 408 1210 407 1210 372 1210 371 1210 370 1210 368 1210 368 1211 365 1212 361 1218 350 1212 347 1211 346 1211 344 1211 343 1211 342 1212 326 1221 310 1211 308 1210 307 1210 306 1210 304 1210 271 1210 272 1262"/></Shape>
	    <String CONTENT="منم عبد لام و از من اين بی ستون بريا"
                    HPOS="271"
                    VPOS="1205"
                    WIDTH="551"
                    HEIGHT="85"
                    WC="0.8679287044538392"></String>
          </TextLine>

          
          
          <TextLine ID="eSc_line_92edfefb"
                    TAGREFS="LT4837"
                    BASELINE="265 1331 822 1333" 
                    HPOS="264"
                    VPOS="1280"
                    WIDTH="558"
                    HEIGHT="77">
            <Shape><Polygon POINTS="265 1331 264 1346 279 1354 280 1354 282 1354 283 1354 303 1346 308 1343 339 1346 389 1351 390 1351 392 1351 404 1347 417 1343 427 1349 438 1354 439 1354 440 1354 442 1354 443 1354 452 1349 460 1343 467 1349 474 1354 475 1354 477 1354 478 1354 479 1354 493 1350 500 1347 521 1350 560 1356 561 1356 563 1356 574 1351 591 1344 613 1351 625 1356 627 1356 628 1356 630 1356 641 1353 657 1347 663 1353 666 1356 667 1356 669 1356 670 1356 671 1356 673 1356 673 1354 674 1353 684 1344 741 1344 763 1356 765 1356 766 1356 767 1357 820 1357 822 1333 820 1296 709 1294 696 1283 696 1282 695 1282 694 1282 692 1282 638 1286 637 1286 635 1286 635 1287 627 1294 599 1285 598 1285 596 1285 595 1285 570 1294 568 1296 546 1296 545 1294 535 1286 535 1285 534 1285 532 1285 531 1285 436 1293 403 1280 402 1280 290 1280 289 1280 287 1280 265 1292 265 1331"/></Shape>
	    <String CONTENT="بمانند ستون در زپير اين نه سقف می نايم"
                    HPOS="264"
                    VPOS="1280"
                    WIDTH="558"
                    HEIGHT="77"
                    WC="0.8708775067015698"></String>
          </TextLine>

          
          
          <TextLine ID="eSc_line_a4ba5791"
                    TAGREFS="LT4837"
                    BASELINE="598 1443 645 1443" 
                    HPOS="598"
                    VPOS="1417"
                    WIDTH="47"
                    HEIGHT="46">
            <Shape><Polygon POINTS="598 1443 598 1463 645 1454 645 1443 645 1417 598 1417 598 1443"/></Shape>
	    <String CONTENT=""
                    HPOS="598"
                    VPOS="1417"
                    WIDTH="47"
                    HEIGHT="46"></String>
          </TextLine>

          
          
          <TextLine ID="eSc_line_a62914ba"
                    TAGREFS="LT4837"
                    BASELINE="262 1542 854 1546" 
                    HPOS="261"
                    VPOS="1486"
                    WIDTH="593"
                    HEIGHT="96">
            <Shape><Polygon POINTS="262 1542 261 1559 319 1570 321 1570 322 1570 351 1561 403 1575 404 1575 406 1575 407 1575 438 1566 456 1579 457 1579 459 1579 460 1579 461 1579 507 1563 557 1563 570 1571 571 1571 573 1571 574 1571 637 1563 653 1579 653 1581 655 1581 656 1581 657 1581 659 1581 660 1581 676 1568 708 1581 709 1581 710 1582 804 1582 804 1581 805 1581 852 1563 854 1546 852 1502 744 1507 734 1500 720 1489 719 1489 717 1489 716 1489 674 1497 664 1489 663 1489 662 1489 660 1489 659 1489 631 1499 625 1502 620 1499 596 1489 595 1489 593 1489 592 1489 591 1489 580 1499 573 1504 564 1499 548 1488 546 1488 545 1488 479 1488 478 1488 477 1488 450 1497 449 1499 449 1497 438 1488 438 1486 436 1486 435 1486 433 1486 375 1497 354 1502 346 1497 338 1493 336 1493 335 1493 333 1493 324 1497 308 1504 262 1497 262 1542"/></Shape>
	    <String CONTENT="خض مولاناشاه بزار امام بين"
                    HPOS="261"
                    VPOS="1486"
                    WIDTH="593"
                    HEIGHT="96"
                    WC="0.8675077981673754"></String>
          </TextLine>

          
        </TextBlock>
        
        <TextBlock HPOS="467"
                   VPOS="55"
                   WIDTH="121"
                   HEIGHT="71"
                   ID="eSc_textblock_d835f2e7"
                   TAGREFS="BT16093">
          <Shape><Polygon POINTS="539 55 588 89 571 121 506 126 467 98 489 61 539 55"/></Shape>
          
          
          <TextLine ID="eSc_line_d84a7cdb"
                    TAGREFS="LT4837"
                    BASELINE="497 90 570 87" 
                    HPOS="496"
                    VPOS="59"
                    WIDTH="74"
                    HEIGHT="60">
            <Shape><Polygon POINTS="566 75 552 65 545 61 539 59 538 59 536 59 535 59 496 69 497 90 497 108 523 119 524 119 525 119 570 112 570 87 568 76 566 75"/></Shape>
	    <String CONTENT=""
                    HPOS="496"
                    VPOS="59"
                    WIDTH="74"
                    HEIGHT="60"></String>
          </TextLine>

          
        </TextBlock>
        

        
      </PrintSpace>
    </Page>
  </Layout>
</alto>
