<?xml version="1.0" encoding="UTF-8"?>
<alto xmlns:xsi="http://www.w3.org/2001/XMLSchema-instance"
      xmlns="http://www.loc.gov/standards/alto/ns-v4#"
      xsi:schemaLocation="http://www.loc.gov/standards/alto/ns-v4# http://www.loc.gov/standards/alto/v4/alto-4-2.xsd">
  <Description>
    <MeasurementUnit>pixel</MeasurementUnit>
    <sourceImageInformation>
      <fileName>Rasail073.jpg</fileName>
      
    </sourceImageInformation>
  </Description>
  
  <Tags>
    <OtherTag ID="BT16094" LABEL="default" DESCRIPTION="block type default"/><OtherTag ID="BT16093" LABEL="NumberingZone:page" DESCRIPTION="block type NumberingZone:page"/><OtherTag ID="BT16092" LABEL="MarginTextZone:note" DESCRIPTION="block type MarginTextZone:note"/><OtherTag ID="BT16091" LABEL="TitlePageZone" DESCRIPTION="block type TitlePageZone"/><OtherTag ID="BT16090" LABEL="QuireMarksZone:catchwords" DESCRIPTION="block type QuireMarksZone:catchwords"/><OtherTag ID="BT16089" LABEL="NumberingZone:other" DESCRIPTION="block type NumberingZone:other"/><OtherTag ID="BT16088" LABEL="NumberingZone" DESCRIPTION="block type NumberingZone"/><OtherTag ID="BT16087" LABEL="MarginTextZone" DESCRIPTION="block type MarginTextZone"/><OtherTag ID="BT16086" LABEL="MainZone" DESCRIPTION="block type MainZone"/><OtherTag ID="BT16085" LABEL="DigitizationArtefactZone" DESCRIPTION="block type DigitizationArtefactZone"/><OtherTag ID="BT2" LABEL="Main" DESCRIPTION="block type Main"/><OtherTag ID="BT1" LABEL="Title" DESCRIPTION="block type Title"/>
    <OtherTag ID="LT4837" LABEL="DefaultLine" DESCRIPTION="line type DefaultLine"/><OtherTag ID="LT4838" LABEL="default" DESCRIPTION="line type default"/><OtherTag ID="LT4839" LABEL="HeadingLine:title" DESCRIPTION="line type HeadingLine:title"/>
  </Tags>
  
  <Layout>
    <Page WIDTH="1134"
          HEIGHT="1657"
          PHYSICAL_IMG_NR="101"
          ID="eSc_dummypage_">
      <PrintSpace HPOS="0"
                  VPOS="0"
                  WIDTH="1134"
                  HEIGHT="1657">
        
        <TextBlock HPOS="44"
                   VPOS="143"
                   WIDTH="1001"
                   HEIGHT="1440"
                   ID="eSc_textblock_ed7d7221"
                   TAGREFS="BT16086">
          <Shape><Polygon POINTS="578 143 968 149 1045 187 1034 1550 979 1583 66 1567 49 1534 60 1209 44 900 77 198 110 154 578 143"/></Shape>
          
          
          <TextLine ID="eSc_line_b73005e2"
                    TAGREFS="LT4837"
                    BASELINE="103 225 454 225 1009 238" 
                    HPOS="102"
                    VPOS="176"
                    WIDTH="907"
                    HEIGHT="87">
            <Shape><Polygon POINTS="103 225 102 237 154 249 156 251 214 251 214 249 215 249 234 240 237 238 353 238 357 241 386 254 388 254 389 254 390 254 392 254 407 241 410 241 436 241 436 243 448 252 448 254 450 254 451 254 453 254 454 254 494 243 498 243 501 243 552 256 553 256 555 256 556 256 574 247 610 252 611 252 668 245 674 245 676 245 729 259 730 259 798 260 799 260 801 260 802 260 816 251 832 260 834 260 930 263 932 263 1008 249 1009 238 1009 204 976 191 975 191 973 191 904 202 904 204 872 204 871 202 856 189 854 189 853 189 852 189 714 200 711 200 698 187 698 186 697 186 696 186 620 186 618 186 617 186 596 196 585 186 584 186 582 186 581 186 580 186 556 197 524 189 523 189 522 189 520 189 506 196 404 191 359 180 357 180 356 180 313 193 287 186 285 186 284 186 283 186 269 191 254 179 252 179 251 179 250 179 248 179 220 190 190 190 145 176 143 176 142 176 140 176 103 189 103 225"/></Shape>
	    <String CONTENT="و محسوس آخرت ودنيا آجهان ويچ انا وروصاييانو"
                    HPOS="102"
                    VPOS="176"
                    WIDTH="907"
                    HEIGHT="87"
                    WC="0.8976068509949578"></String>
          </TextLine>

          
          
          <TextLine ID="eSc_line_a7688294"
                    TAGREFS="LT4837"
                    BASELINE="88 294 1006 310" 
                    HPOS="87"
                    VPOS="256"
                    WIDTH="919"
                    HEIGHT="80">
            <Shape><Polygon POINTS="88 294 87 307 124 309 149 323 150 323 151 323 153 323 171 314 212 324 214 324 215 324 241 312 292 314 302 324 302 325 303 325 305 325 306 325 308 325 341 314 393 328 395 328 396 328 397 328 424 321 471 330 472 330 473 330 512 317 540 317 564 331 566 331 567 331 569 331 628 330 629 330 631 330 642 321 651 330 651 331 653 331 654 331 686 332 687 332 743 321 776 335 777 335 779 335 832 324 863 336 864 336 866 336 1005 324 1006 310 1004 280 958 280 953 278 929 270 928 270 926 270 875 277 863 278 860 277 842 267 841 267 839 267 736 276 704 277 690 274 645 265 643 265 642 265 621 273 618 276 555 276 551 273 534 265 533 265 531 265 484 272 472 273 469 272 454 260 453 260 451 260 450 260 403 270 393 272 382 270 317 258 316 258 270 267 241 256 240 256 238 256 237 256 236 256 220 267 219 267 147 267 147 266 127 256 125 256 124 256 122 256 88 265 88 294"/></Shape>
	    <String CONTENT="جسم نران تلبیه و به طالب صاحب بعيرت پوشيده نيست"
                    HPOS="87"
                    VPOS="256"
                    WIDTH="919"
                    HEIGHT="80"
                    WC="0.9024124329394483"></String>
          </TextLine>

          
          
          <TextLine ID="eSc_line_d0283ea8"
                    TAGREFS="LT4837"
                    BASELINE="87 374 361 374 1008 390" 
                    HPOS="85"
                    VPOS="324"
                    WIDTH="923"
                    HEIGHT="95">
            <Shape><Polygon POINTS="87 374 85 390 96 397 98 397 99 397 100 397 138 389 179 404 180 404 182 404 219 401 220 401 222 401 238 390 240 390 356 392 357 393 379 408 381 408 382 408 383 408 429 400 453 410 454 410 455 410 534 397 574 412 575 412 577 412 578 412 607 404 627 414 628 414 629 414 631 414 664 401 687 415 689 415 690 415 754 417 755 417 756 417 758 417 758 415 770 405 808 412 809 412 810 412 827 404 845 418 846 418 848 418 879 419 881 419 882 419 924 407 951 418 953 418 954 418 955 418 957 418 969 410 973 412 973 414 975 414 976 414 977 414 979 414 1006 405 1008 390 1005 342 955 361 929 354 928 354 926 354 803 357 773 342 765 338 763 338 762 338 761 338 759 338 754 342 737 353 722 342 721 341 719 341 718 341 716 341 715 341 709 342 665 354 600 346 599 346 598 346 582 352 553 342 548 341 546 341 545 341 534 342 495 350 486 342 473 332 473 331 472 331 471 331 374 328 372 328 371 328 332 342 306 332 305 332 303 332 302 332 262 343 248 346 241 343 208 325 207 325 146 324 145 324 143 324 87 342 87 374"/></Shape>
	    <String CONTENT="مامی ايند عا و بستی ديشان بيکديگر است چننچه تمای"
                    HPOS="85"
                    VPOS="324"
                    WIDTH="923"
                    HEIGHT="95"
                    WC="0.8181957006454468"></String>
          </TextLine>

          
          
          <TextLine ID="eSc_line_cb22d43e"
                    TAGREFS="LT4837"
                    BASELINE="388 462 1001 468" 
                    HPOS="386"
                    VPOS="415"
                    WIDTH="615"
                    HEIGHT="82">
            <Shape><Polygon POINTS="388 462 386 475 414 476 436 492 437 492 439 492 440 492 441 492 491 480 508 488 509 488 511 488 512 488 544 479 560 487 562 487 563 487 620 479 636 490 638 490 639 490 640 490 642 490 643 490 643 488 651 480 689 479 694 479 704 479 723 479 738 494 738 495 740 495 741 495 901 497 903 497 904 497 961 481 984 488 986 488 987 488 988 488 1000 481 1001 468 997 422 972 440 874 440 817 437 802 423 802 422 801 422 799 422 798 422 796 422 795 422 795 423 781 437 745 421 743 421 741 421 740 421 738 421 736 421 694 439 653 430 651 430 606 433 593 421 588 417 588 415 587 415 585 415 584 415 388 419 388 462"/></Shape>
	    <String CONTENT="ستی تن بجان است و جان بتن"
                    HPOS="386"
                    VPOS="415"
                    WIDTH="615"
                    HEIGHT="82"
                    WC="0.8695352125167847"></String>
          </TextLine>

          
          
          <TextLine ID="eSc_line_d95c1e0c"
                    TAGREFS="LT4837"
                    BASELINE="91 526 939 542" 
                    HPOS="89"
                    VPOS="475"
                    WIDTH="850"
                    HEIGHT="92">
            <Shape><Polygon POINTS="91 526 89 539 98 545 99 545 100 545 102 545 133 539 153 553 154 553 156 553 157 553 158 553 160 553 178 541 194 541 219 541 269 541 270 542 301 557 302 557 303 557 393 546 411 545 415 548 426 557 426 559 428 559 429 559 430 559 432 559 457 553 517 561 519 561 520 561 548 552 563 548 580 553 609 563 610 563 611 563 647 556 649 556 705 564 707 564 708 564 709 564 719 557 723 556 726 559 729 560 729 561 730 561 732 561 841 567 842 567 843 567 845 567 845 566 849 563 856 556 919 555 933 566 939 542 939 512 907 501 906 501 904 501 903 501 901 501 892 510 872 510 798 510 791 506 776 497 774 497 773 497 772 497 770 497 755 505 752 505 618 505 603 498 580 484 578 484 577 484 575 484 574 484 574 486 563 495 562 497 559 495 552 491 551 491 549 491 548 491 546 491 545 491 541 494 531 501 523 494 522 494 520 494 519 494 517 494 488 502 471 491 458 483 457 483 455 483 454 483 453 483 435 490 415 497 389 487 370 481 368 481 367 481 366 481 352 486 316 499 303 487 303 486 302 486 301 486 291 483 256 477 255 477 254 477 244 481 216 492 207 486 205 486 204 486 203 486 201 486 185 492 165 477 162 475 161 475 160 475 91 475 91 526"/></Shape>
	    <String CONTENT="از حضرت زاصر خرد قدس بتره منقولاست در فصو"
                    HPOS="89"
                    VPOS="475"
                    WIDTH="850"
                    HEIGHT="92"
                    WC="0.9005993190335064"></String>
          </TextLine>

          
          
          <TextLine ID="eSc_line_ef0b6202"
                    TAGREFS="LT4837"
                    BASELINE="89 599 276 597 1009 617" 
                    HPOS="88"
                    VPOS="550"
                    WIDTH="921"
                    HEIGHT="89">
            <Shape><Polygon POINTS="89 599 88 607 120 618 121 618 122 618 156 613 178 619 179 619 180 619 182 619 183 619 193 613 236 621 237 621 325 614 346 624 348 624 440 626 441 626 501 619 524 628 526 628 527 628 562 621 723 622 785 635 787 635 838 628 854 636 856 636 857 636 859 636 881 628 896 637 897 637 899 637 900 637 940 632 950 639 951 639 953 639 954 639 1008 629 1009 617 1009 589 959 570 958 570 957 570 955 570 926 581 911 570 910 570 908 570 875 568 874 568 872 568 850 581 798 584 787 584 732 584 729 582 669 563 668 563 667 563 665 563 664 563 643 579 643 581 617 581 589 578 546 577 505 559 504 559 502 559 501 559 475 570 462 561 461 561 459 561 458 561 457 561 435 571 421 559 421 557 419 557 418 557 345 556 343 556 342 556 306 570 272 563 270 563 269 563 244 570 205 552 204 552 203 552 201 552 200 552 187 561 162 550 161 550 145 550 143 550 142 550 140 550 121 567 89 567 89 599"/></Shape>
	    <String CONTENT="مبارک که فرموده اند که مندجان بهم تناهست و جان و"
                    HPOS="88"
                    VPOS="550"
                    WIDTH="921"
                    HEIGHT="89"
                    WC="0.9172630496323109"></String>
          </TextLine>

          
          
          <TextLine ID="eSc_line_471fa9af"
                    TAGREFS="LT4837"
                    BASELINE="84 671 1006 689" 
                    HPOS="82"
                    VPOS="621"
                    WIDTH="924"
                    HEIGHT="92">
            <Shape><Polygon POINTS="84 671 82 679 118 695 120 695 121 695 122 695 124 695 145 680 171 689 172 689 174 689 175 689 186 683 225 700 226 700 227 700 229 700 273 684 314 695 316 695 317 695 319 695 346 684 368 701 370 701 371 701 372 701 374 701 432 686 457 704 458 704 459 704 461 704 462 704 494 691 541 704 542 704 544 704 622 690 654 694 668 706 668 708 669 708 671 708 672 708 790 693 808 708 808 709 809 709 810 709 864 712 866 712 944 705 971 713 972 713 973 713 975 713 1005 695 1006 689 1004 646 964 657 936 644 935 644 933 644 932 644 930 644 929 644 906 655 861 647 860 647 814 654 801 643 792 636 791 636 790 636 788 636 787 636 785 636 776 643 765 651 741 643 707 632 705 632 704 632 703 632 701 632 701 633 690 643 679 653 664 653 654 643 642 632 642 631 640 631 639 631 638 631 636 631 635 631 620 642 609 650 571 642 567 642 566 642 562 642 529 648 519 642 505 632 504 632 502 632 501 632 500 632 483 642 473 647 465 642 448 628 447 628 446 628 366 625 310 625 309 625 308 625 280 639 267 639 223 643 216 639 187 624 186 624 185 624 149 628 139 621 138 621 136 621 104 621 103 621 102 621 100 621 84 633 84 671"/></Shape>
	    <String CONTENT="تن بهم جان معقول و محسوس بهم معقول اتو محسوس و معقول"
                    HPOS="82"
                    VPOS="621"
                    WIDTH="924"
                    HEIGHT="92"
                    WC="0.8924158742794623"></String>
          </TextLine>

          
          
          <TextLine ID="eSc_line_344868f2"
                    TAGREFS="LT4837"
                    BASELINE="743 760 1002 766" 
                    HPOS="741"
                    VPOS="716"
                    WIDTH="261"
                    HEIGHT="76">
            <Shape><Polygon POINTS="743 760 741 782 751 787 752 787 754 787 755 787 756 787 756 785 762 781 769 776 788 776 801 782 812 789 813 789 814 789 882 791 883 791 885 791 886 791 886 789 895 784 897 780 901 784 903 784 903 785 904 785 906 785 907 785 908 785 913 784 921 778 928 784 937 792 939 792 940 792 942 792 943 792 964 784 975 780 1000 784 1002 766 1000 723 965 738 942 723 940 723 939 723 937 723 936 723 935 723 913 738 881 738 870 729 868 729 867 729 866 729 831 734 820 724 812 718 812 716 810 716 809 716 808 716 743 724 743 760"/></Shape>
	    <String CONTENT="سم محسوس اگر"
                    HPOS="741"
                    VPOS="716"
                    WIDTH="261"
                    HEIGHT="76"
                    WC="0.8337694108486176"></String>
          </TextLine>

          
          
          <TextLine ID="eSc_line_519a0245"
                    TAGREFS="LT4837"
                    BASELINE="114 829 432 821 741 828" 
                    HPOS="113"
                    VPOS="766"
                    WIDTH="628"
                    HEIGHT="80">
            <Shape><Polygon POINTS="114 829 114 846 168 835 176 842 178 842 179 842 180 842 182 842 203 832 230 845 232 845 233 845 294 832 327 832 341 842 342 842 343 842 345 842 346 842 348 842 361 832 475 832 494 845 495 845 497 845 498 845 500 845 516 835 530 845 531 845 533 845 534 846 589 846 589 845 591 845 592 845 602 836 610 843 610 845 611 845 613 845 614 846 653 846 653 845 654 845 656 845 656 843 667 832 679 842 680 842 682 842 683 842 685 842 686 842 686 840 694 834 701 840 701 842 703 842 704 842 738 843 741 828 738 791 607 791 602 789 584 781 582 781 581 781 545 788 533 791 529 788 491 766 490 766 488 766 487 766 486 766 458 773 450 767 448 767 447 767 446 767 444 767 417 780 403 767 403 766 401 766 400 766 343 766 342 766 341 766 339 766 320 778 259 766 258 766 256 766 255 766 223 785 214 791 204 785 167 766 165 766 164 766 162 766 161 766 145 778 133 770 132 770 131 770 129 770 128 770 127 770 113 780 114 829"/></Shape>
	    <String CONTENT="بينى جان باشد اگر معقول را به چيش"
                    HPOS="113"
                    VPOS="766"
                    WIDTH="628"
                    HEIGHT="80"
                    WC="0.9544707870844639"></String>
          </TextLine>

          
          
          <TextLine ID="eSc_line_f3bece99"
                    TAGREFS="LT4837"
                    BASELINE="89 747 600 753" 
                    HPOS="88"
                    VPOS="693"
                    WIDTH="512"
                    HEIGHT="81">
            <Shape><Polygon POINTS="89 747 88 760 103 766 104 766 106 766 107 766 109 766 109 764 114 760 118 756 229 756 247 764 252 766 254 766 255 766 267 764 313 759 324 766 331 771 332 771 334 771 335 771 361 767 389 763 415 769 433 773 435 773 448 770 488 760 501 771 502 773 502 774 504 774 505 774 506 774 524 773 573 766 596 774 600 753 600 712 578 701 577 701 575 701 574 701 573 701 559 712 556 716 519 716 512 712 484 697 483 697 482 697 480 697 444 711 436 715 401 715 393 709 370 698 368 698 367 698 366 698 343 709 330 697 330 695 328 695 327 695 325 695 324 695 284 708 274 711 269 708 256 701 255 701 254 701 252 701 240 706 238 708 237 706 216 694 215 694 214 694 212 694 211 694 189 706 185 708 182 706 157 693 156 693 154 693 89 704 89 747"/></Shape>
	    <String CONTENT="شم اضافه بينى تن باشد اگر"
                    HPOS="88"
                    VPOS="693"
                    WIDTH="512"
                    HEIGHT="81"
                    WC="0.9273708057403565"></String>
          </TextLine>

          
          
          <TextLine ID="eSc_line_50e0ae0c"
                    TAGREFS="LT4837"
                    BASELINE="935 839 1000 838" 
                    HPOS="933"
                    VPOS="809"
                    WIDTH="67"
                    HEIGHT="51">
            <Shape><Polygon POINTS="935 839 935 849 984 860 986 860 987 860 988 860 988 858 1000 847 1000 838 995 809 933 816 935 839"/></Shape>
	    <String CONTENT="م"
                    HPOS="933"
                    VPOS="809"
                    WIDTH="67"
                    HEIGHT="51"
                    WC="0.948564350605011"></String>
          </TextLine>

          
          
          <TextLine ID="eSc_line_755ba61a"
                    TAGREFS="LT4837"
                    BASELINE="77 893 443 892 1006 907" 
                    HPOS="75"
                    VPOS="842"
                    WIDTH="931"
                    HEIGHT="85">
            <Shape><Polygon POINTS="77 893 75 904 89 914 91 914 92 914 93 915 128 915 128 914 129 914 131 914 146 904 149 901 191 900 198 904 205 909 207 909 208 909 209 909 211 909 226 905 237 915 237 916 238 916 240 916 241 918 273 918 273 916 274 916 276 916 288 905 292 901 305 905 327 914 328 914 330 914 331 914 332 914 343 907 350 903 407 907 468 912 469 912 471 912 472 912 476 908 480 905 591 905 642 909 643 911 658 923 660 923 661 923 741 925 743 925 744 925 787 914 812 926 813 926 852 927 853 927 979 918 988 925 990 925 991 925 993 925 994 925 995 925 1005 916 1006 907 1004 869 984 876 828 875 819 868 803 856 802 856 801 856 799 856 798 856 762 867 744 874 703 874 687 867 650 851 649 851 647 851 646 851 617 865 613 868 607 865 580 850 578 850 577 850 534 856 526 849 524 849 523 849 522 849 520 849 519 849 493 864 493 865 473 868 468 864 457 854 455 854 454 854 453 854 451 854 426 864 419 867 417 864 395 846 393 846 392 846 305 845 303 845 302 845 266 854 238 843 237 843 200 843 198 843 197 843 167 860 133 842 132 842 131 842 129 842 77 858 77 893"/></Shape>
	    <String CONTENT="اضافه بينی محسوس باشد گر محسوس را به چشم حقيقت بين"
                    HPOS="75"
                    VPOS="842"
                    WIDTH="931"
                    HEIGHT="85"
                    WC="0.9282793700695038"></String>
          </TextLine>

          
          
          <TextLine ID="eSc_line_789e0fcd"
                    TAGREFS="LT4837"
                    BASELINE="153 955 621 962 791 973 1004 970" 
                    HPOS="151"
                    VPOS="898"
                    WIDTH="853"
                    HEIGHT="104">
            <Shape><Polygon POINTS="153 955 151 973 212 988 214 988 215 988 216 988 237 976 287 992 288 992 290 994 331 994 331 992 332 992 334 992 354 979 356 979 484 979 487 981 505 995 506 995 508 995 509 995 511 995 541 983 546 980 552 983 570 994 571 994 573 994 574 994 575 994 600 984 607 981 613 984 628 994 629 994 631 994 632 994 633 994 658 985 665 983 669 985 686 998 687 998 689 998 690 998 692 998 711 992 795 999 796 999 798 999 799 999 812 988 817 984 831 990 861 1001 863 1001 932 1002 933 1002 935 1002 936 1002 950 992 955 990 1001 992 1004 970 1002 936 929 927 928 927 926 927 925 927 915 933 913 934 737 933 732 930 709 918 708 918 707 918 705 918 683 925 675 918 675 916 674 916 672 916 671 916 633 918 617 905 616 905 614 905 613 905 611 905 560 926 558 927 553 926 522 912 520 912 519 912 517 912 495 925 491 927 488 925 462 903 461 903 459 903 337 901 335 901 334 901 302 915 267 904 266 904 265 904 263 904 262 904 262 905 251 914 234 914 194 898 193 898 191 898 190 898 153 916 153 955"/></Shape>
	    <String CONTENT="معقول باشد  يك نكته ازاين دفتر گفتم گرسمان ب"
                    HPOS="151"
                    VPOS="898"
                    WIDTH="853"
                    HEIGHT="104"
                    WC="0.9134923964738846"></String>
          </TextLine>

          
          
          <TextLine ID="eSc_line_d9d37337"
                    TAGREFS="LT4837"
                    BASELINE="441 1104 506 1103" 
                    HPOS="439"
                    VPOS="1035"
                    WIDTH="67"
                    HEIGHT="83">
            <Shape><Polygon POINTS="441 1104 441 1118 505 1118 506 1103 502 1035 439 1048 441 1104"/></Shape>
	    <String CONTENT=""
                    HPOS="439"
                    VPOS="1035"
                    WIDTH="67"
                    HEIGHT="83"></String>
          </TextLine>

          
          
          <TextLine ID="eSc_line_b30f2dcb"
                    TAGREFS="LT4837"
                    BASELINE="450 1222 614 1220" 
                    HPOS="450"
                    VPOS="1148"
                    WIDTH="164"
                    HEIGHT="105">
            <Shape><Polygon POINTS="450 1248 458 1252 459 1252 461 1252 462 1252 464 1252 464 1251 466 1249 486 1231 515 1231 538 1231 563 1251 564 1253 566 1253 567 1253 569 1253 614 1252 614 1220 613 1164 591 1148 589 1148 588 1148 546 1148 545 1148 544 1148 522 1159 511 1166 469 1166 450 1155 450 1222 450 1248"/></Shape>
	    <String CONTENT="رآشارش"
                    HPOS="450"
                    VPOS="1148"
                    WIDTH="164"
                    HEIGHT="105"
                    WC="0.6583654837948936"></String>
          </TextLine>

          
          
          <TextLine ID="eSc_line_7ef5b682"
                    TAGREFS="LT4837"
                    BASELINE="82 1322 526 1320 925 1325" 
                    HPOS="82"
                    VPOS="1267"
                    WIDTH="843"
                    HEIGHT="84">
            <Shape><Polygon POINTS="82 1322 84 1349 93 1340 109 1349 110 1349 111 1349 113 1349 160 1349 168 1347 169 1347 171 1347 171 1346 183 1335 211 1349 212 1349 214 1349 215 1349 216 1349 218 1349 251 1336 290 1349 292 1349 294 1349 295 1349 296 1349 298 1349 324 1331 339 1338 341 1338 342 1338 343 1338 345 1338 345 1336 352 1331 486 1331 516 1349 520 1350 522 1350 523 1351 548 1351 548 1350 549 1350 553 1349 585 1332 632 1332 645 1342 645 1343 646 1343 647 1343 649 1343 650 1343 651 1343 664 1335 682 1343 683 1343 685 1343 686 1343 697 1338 726 1349 729 1349 730 1349 732 1349 733 1349 734 1349 734 1347 741 1342 747 1349 748 1349 748 1350 750 1350 751 1350 752 1350 924 1347 925 1325 925 1278 904 1273 903 1273 901 1273 863 1278 832 1282 825 1278 820 1274 819 1274 817 1274 816 1274 814 1274 813 1274 809 1277 801 1284 730 1284 718 1275 708 1271 707 1271 705 1271 704 1271 703 1271 703 1273 698 1275 690 1284 632 1284 624 1274 621 1273 621 1271 620 1271 618 1271 587 1268 585 1268 584 1268 573 1274 556 1284 520 1284 428 1271 386 1267 385 1267 383 1267 382 1267 378 1271 367 1280 334 1270 321 1267 320 1267 319 1267 317 1267 316 1267 316 1268 313 1270 303 1281 261 1281 251 1273 251 1271 250 1271 248 1271 247 1271 245 1271 244 1271 233 1278 225 1271 225 1270 223 1270 222 1270 220 1270 201 1271 200 1271 198 1271 198 1273 191 1280 165 1267 164 1267 162 1267 82 1267 82 1322"/></Shape>
	    <String CONTENT="دانکه حشم اجساد بر انواع است اتصال آخر مرتبد"
                    HPOS="82"
                    VPOS="1267"
                    WIDTH="843"
                    HEIGHT="84"
                    WC="0.9018318865034315"></String>
          </TextLine>

          
          
          <TextLine ID="eSc_line_9b6f167b"
                    TAGREFS="LT4837"
                    BASELINE="91 1408 444 1398 1009 1402" 
                    HPOS="89"
                    VPOS="1347"
                    WIDTH="920"
                    HEIGHT="78">
            <Shape><Polygon POINTS="91 1408 91 1419 211 1425 212 1425 214 1425 227 1418 237 1413 247 1418 261 1425 262 1425 263 1425 265 1425 277 1418 290 1412 412 1412 421 1416 439 1425 440 1425 441 1425 443 1425 444 1425 457 1416 464 1412 531 1412 542 1415 574 1425 575 1425 577 1425 578 1425 602 1415 690 1423 692 1423 693 1423 694 1423 708 1413 711 1411 718 1413 750 1423 751 1423 752 1423 754 1423 796 1412 803 1411 805 1412 819 1423 820 1423 821 1423 823 1425 897 1425 897 1423 1008 1409 1009 1402 1008 1367 895 1357 893 1357 849 1365 821 1347 820 1347 819 1347 817 1347 816 1347 776 1357 696 1347 694 1347 693 1347 640 1367 627 1360 625 1360 624 1360 560 1360 540 1350 538 1350 537 1350 535 1350 517 1358 506 1349 505 1349 504 1349 502 1349 501 1349 475 1362 448 1350 447 1350 446 1350 444 1350 411 1365 379 1355 378 1355 377 1355 375 1355 374 1355 367 1361 354 1350 354 1349 353 1349 352 1349 266 1349 265 1349 263 1349 226 1367 187 1367 178 1357 176 1357 175 1357 174 1357 172 1357 151 1364 140 1354 140 1353 139 1353 138 1353 136 1353 135 1353 89 1368 91 1408"/></Shape>
	    <String CONTENT="سقادی با قدل مرتب باتى حشراست و تشخيص اين"
                    HPOS="89"
                    VPOS="1347"
                    WIDTH="920"
                    HEIGHT="78"
                    WC="0.9188162030243292"></String>
          </TextLine>

          
          
          <TextLine ID="eSc_line_018974ee"
                    TAGREFS="LT4837"
                    BASELINE="82 1470 540 1470 1002 1480" 
                    HPOS="81"
                    VPOS="1418"
                    WIDTH="921"
                    HEIGHT="82">
            <Shape><Polygon POINTS="82 1470 81 1491 157 1492 158 1492 160 1492 161 1492 162 1491 178 1480 201 1491 204 1492 205 1492 207 1492 208 1492 214 1491 236 1484 266 1491 281 1494 283 1494 284 1494 292 1491 316 1481 446 1483 458 1489 464 1492 465 1492 466 1492 468 1492 469 1492 472 1489 482 1483 569 1489 687 1498 689 1498 690 1498 692 1498 704 1488 709 1485 738 1485 745 1488 763 1499 765 1499 766 1499 913 1500 914 1500 915 1500 917 1500 937 1488 969 1488 980 1496 982 1496 983 1496 984 1496 986 1496 987 1496 1001 1487 1002 1480 1002 1444 957 1444 955 1442 948 1436 948 1434 947 1434 946 1434 944 1434 943 1434 942 1434 932 1441 929 1442 842 1442 832 1438 816 1433 814 1433 813 1433 812 1433 810 1433 803 1437 798 1441 783 1437 741 1425 740 1425 738 1425 737 1425 701 1434 692 1437 682 1434 661 1427 660 1427 658 1427 657 1427 656 1427 656 1429 650 1433 642 1441 613 1441 600 1431 588 1423 587 1423 585 1423 540 1423 538 1423 537 1423 523 1430 516 1433 504 1429 480 1422 479 1422 477 1422 433 1425 432 1425 430 1425 428 1427 408 1438 361 1438 345 1425 341 1420 339 1420 338 1420 337 1420 335 1420 323 1423 281 1436 248 1429 247 1429 245 1429 220 1436 198 1427 197 1427 196 1427 153 1434 133 1419 132 1419 131 1419 82 1418 82 1470"/></Shape>
	    <String CONTENT="در حمرد مرجان ظاهراست که او در دريامی رويد و چو"
                    HPOS="81"
                    VPOS="1418"
                    WIDTH="921"
                    HEIGHT="82"
                    WC="0.9021078500341861"></String>
          </TextLine>

          
          
          <TextLine ID="eSc_line_721ef0c0"
                    TAGREFS="LT4837"
                    BASELINE="91 1546 1002 1550" 
                    HPOS="89"
                    VPOS="1494"
                    WIDTH="913"
                    HEIGHT="85">
            <Shape><Polygon POINTS="91 1546 89 1568 160 1576 161 1576 162 1576 178 1570 189 1564 204 1570 209 1571 211 1571 212 1571 214 1571 218 1570 226 1564 234 1570 245 1576 247 1576 248 1576 250 1576 251 1576 252 1576 261 1570 262 1570 266 1570 359 1576 360 1576 361 1576 377 1570 385 1567 392 1570 412 1578 414 1578 415 1578 417 1578 418 1578 430 1570 439 1565 495 1565 505 1570 516 1578 517 1578 519 1578 520 1578 522 1578 538 1570 545 1567 552 1570 564 1576 566 1576 567 1576 595 1571 616 1565 622 1571 631 1578 632 1578 633 1578 635 1579 660 1579 660 1578 661 1578 662 1578 674 1571 683 1565 785 1565 802 1571 832 1579 834 1579 835 1579 874 1571 889 1568 899 1571 922 1579 924 1579 925 1579 1001 1571 1002 1550 1001 1503 965 1499 964 1499 962 1499 961 1499 955 1503 937 1514 860 1514 846 1503 838 1498 837 1498 835 1498 834 1498 832 1498 831 1498 824 1503 812 1514 734 1514 722 1505 711 1496 709 1496 708 1496 664 1495 662 1495 661 1495 660 1495 647 1505 585 1495 584 1495 582 1495 545 1506 530 1510 524 1506 509 1495 508 1495 506 1495 505 1495 504 1495 502 1495 488 1506 487 1507 477 1506 392 1496 390 1496 389 1496 367 1507 361 1512 295 1512 290 1507 262 1495 261 1495 259 1495 209 1506 191 1494 190 1494 189 1494 143 1494 142 1494 140 1494 139 1494 118 1509 118 1510 91 1510 91 1546"/></Shape>
	    <String CONTENT="خشک می شود سنگ می گردد و انصال آخر مرتبه نباقی به"
                    HPOS="89"
                    VPOS="1494"
                    WIDTH="913"
                    HEIGHT="85"
                    WC="0.9239478278160095"></String>
          </TextLine>

          
        </TextBlock>
        
        <TextBlock HPOS="506"
                   VPOS="60"
                   WIDTH="110"
                   HEIGHT="76"
                   ID="eSc_textblock_ca1635f9"
                   TAGREFS="BT16093">
          <Shape><Polygon POINTS="545 60 604 71 616 109 577 136 534 131 506 88 545 60"/></Shape>
          
          
          <TextLine ID="eSc_line_55e6a065"
                    TAGREFS="LT4837"
                    BASELINE="530 98 578 95" 
                    HPOS="527"
                    VPOS="62"
                    WIDTH="51"
                    HEIGHT="59">
            <Shape><Polygon POINTS="569 64 555 62 553 62 552 62 527 71 530 98 530 111 577 121 578 95 575 66 569 64"/></Shape>
	    <String CONTENT=""
                    HPOS="527"
                    VPOS="62"
                    WIDTH="51"
                    HEIGHT="59"></String>
          </TextLine>

          
        </TextBlock>
        

        
      </PrintSpace>
    </Page>
  </Layout>
</alto>
