<?xml version="1.0" encoding="UTF-8"?>
<alto xmlns:xsi="http://www.w3.org/2001/XMLSchema-instance"
      xmlns="http://www.loc.gov/standards/alto/ns-v4#"
      xsi:schemaLocation="http://www.loc.gov/standards/alto/ns-v4# http://www.loc.gov/standards/alto/v4/alto-4-2.xsd">
  <Description>
    <MeasurementUnit>pixel</MeasurementUnit>
    <sourceImageInformation>
      <fileName>Rasail147.jpg</fileName>
      
    </sourceImageInformation>
  </Description>
  
  <Tags>
    <OtherTag ID="BT16094" LABEL="default" DESCRIPTION="block type default"/><OtherTag ID="BT16093" LABEL="NumberingZone:page" DESCRIPTION="block type NumberingZone:page"/><OtherTag ID="BT16092" LABEL="MarginTextZone:note" DESCRIPTION="block type MarginTextZone:note"/><OtherTag ID="BT16091" LABEL="TitlePageZone" DESCRIPTION="block type TitlePageZone"/><OtherTag ID="BT16090" LABEL="QuireMarksZone:catchwords" DESCRIPTION="block type QuireMarksZone:catchwords"/><OtherTag ID="BT16089" LABEL="NumberingZone:other" DESCRIPTION="block type NumberingZone:other"/><OtherTag ID="BT16088" LABEL="NumberingZone" DESCRIPTION="block type NumberingZone"/><OtherTag ID="BT16087" LABEL="MarginTextZone" DESCRIPTION="block type MarginTextZone"/><OtherTag ID="BT16086" LABEL="MainZone" DESCRIPTION="block type MainZone"/><OtherTag ID="BT16085" LABEL="DigitizationArtefactZone" DESCRIPTION="block type DigitizationArtefactZone"/><OtherTag ID="BT2" LABEL="Main" DESCRIPTION="block type Main"/><OtherTag ID="BT1" LABEL="Title" DESCRIPTION="block type Title"/>
    <OtherTag ID="LT4837" LABEL="DefaultLine" DESCRIPTION="line type DefaultLine"/><OtherTag ID="LT4838" LABEL="default" DESCRIPTION="line type default"/><OtherTag ID="LT4839" LABEL="HeadingLine:title" DESCRIPTION="line type HeadingLine:title"/>
  </Tags>
  
  <Layout>
    <Page WIDTH="1222"
          HEIGHT="1674"
          PHYSICAL_IMG_NR="10"
          ID="eSc_dummypage_">
      <PrintSpace HPOS="0"
                  VPOS="0"
                  WIDTH="1222"
                  HEIGHT="1674">
        
        <TextBlock HPOS="5"
                   VPOS="161"
                   WIDTH="971"
                   HEIGHT="1439"
                   ID="eSc_textblock_679da4a2"
                   TAGREFS="BT16086">
          <Shape><Polygon POINTS="67 161 853 161 948 178 953 1170 976 1343 942 1549 920 1577 830 1600 44 1577 22 1538 5 195 16 172 67 161"/></Shape>
          
          
          <TextLine ID="eSc_line_73adfcb7"
                    TAGREFS="LT4837"
                    BASELINE="13 238 899 217" 
                    HPOS="11"
                    VPOS="174"
                    WIDTH="888"
                    HEIGHT="102">
            <Shape><Polygon POINTS="13 238 13 253 39 253 40 253 67 276 68 276 69 276 71 276 215 272 216 272 268 255 284 270 286 270 287 270 289 270 324 269 325 269 367 245 391 265 392 265 393 265 395 265 396 265 398 265 411 253 427 266 428 266 430 266 431 267 479 267 479 266 480 266 481 266 518 242 600 253 601 253 603 253 604 253 615 245 625 252 627 252 628 252 629 252 677 244 705 258 706 258 708 258 709 258 710 258 710 256 731 238 741 244 742 244 744 244 899 231 899 217 895 189 814 191 804 189 745 174 744 174 742 174 741 174 713 189 703 195 657 195 643 189 611 178 610 178 608 178 607 178 565 189 564 189 546 178 544 178 543 178 541 178 488 186 487 186 486 186 486 188 483 189 473 199 453 189 437 181 435 181 434 181 432 181 431 181 420 189 406 200 392 191 391 191 389 191 388 191 386 191 363 203 266 203 247 189 244 186 243 186 241 186 240 186 220 189 127 209 101 209 81 189 79 189 78 189 76 189 11 189 13 238"/></Shape>
	    <String CONTENT="او مايد در دشمنی و عداوت تقصير نه نمايد و هر چه در ضميراوست "
                    HPOS="11"
                    VPOS="174"
                    WIDTH="888"
                    HEIGHT="102"
                    WC="0.8407328841586907"></String>
          </TextLine>

          
          
          <TextLine ID="eSc_line_8f27d350"
                    TAGREFS="LT4837"
                    BASELINE="23 319 203 316 596 295 897 291" 
                    HPOS="22"
                    VPOS="248"
                    WIDTH="875"
                    HEIGHT="106">
            <Shape><Polygon POINTS="23 319 23 337 100 354 101 354 143 345 322 345 322 344 324 344 325 344 344 330 350 326 372 326 385 330 396 333 398 333 399 333 400 333 411 329 423 325 427 329 434 334 435 334 437 334 438 334 439 334 441 334 451 329 458 323 465 327 484 340 486 340 487 340 488 340 490 340 491 340 506 327 508 326 512 327 540 333 541 333 543 333 544 333 555 326 568 318 632 318 645 323 652 327 653 327 654 327 656 327 667 323 687 316 703 322 706 323 708 323 709 323 710 323 712 323 712 322 723 313 751 322 758 323 759 323 761 323 762 323 763 323 766 320 779 312 804 320 828 327 829 327 830 327 832 327 856 319 872 313 896 318 897 291 896 260 854 248 853 248 851 248 850 248 849 248 832 262 830 265 794 265 793 263 777 251 776 251 775 251 756 251 755 251 720 252 719 252 717 252 717 253 705 267 703 267 701 267 654 259 653 259 652 259 650 259 636 269 603 256 601 256 600 256 599 256 560 272 526 259 525 259 523 259 522 259 479 276 477 276 476 276 459 267 458 267 456 267 407 273 396 265 395 265 393 265 392 265 391 265 389 265 389 266 375 279 375 280 329 281 326 281 293 267 291 267 290 267 289 267 240 284 237 284 236 284 201 273 199 273 198 273 196 273 163 283 139 273 138 273 136 273 135 273 134 273 134 274 120 288 120 290 22 291 23 319"/></Shape>
	    <String CONTENT="ندارد و بندگان خور را از و اين میدارند چنانکه غزيزی گويد"
                    HPOS="22"
                    VPOS="248"
                    WIDTH="875"
                    HEIGHT="106"
                    WC="0.8855133743158409"></String>
          </TextLine>

          
          
          <TextLine ID="eSc_line_c0d3eb88"
                    TAGREFS="LT4837"
                    BASELINE="434 368 519 364" 
                    HPOS="431"
                    VPOS="330"
                    WIDTH="88"
                    HEIGHT="71">
            <Shape><Polygon POINTS="434 368 434 383 519 401 519 364 513 330 486 341 477 336 476 334 474 334 473 334 472 334 431 343 434 368"/></Shape>
	    <String CONTENT="يت"
                    HPOS="431"
                    VPOS="330"
                    WIDTH="88"
                    HEIGHT="71"
                    WC="0.7392126619815826"></String>
          </TextLine>

          
          
          <TextLine ID="eSc_line_14f70f13"
                    TAGREFS="LT4837"
                    BASELINE="92 467 573 450 844 450" 
                    HPOS="90"
                    VPOS="396"
                    WIDTH="754"
                    HEIGHT="99">
            <Shape><Polygon POINTS="92 467 92 495 156 493 157 493 159 493 159 492 171 481 187 491 188 491 189 491 191 491 192 491 194 491 203 484 234 489 236 489 237 489 238 489 249 481 282 486 283 486 284 486 286 486 286 485 287 485 291 479 322 485 346 489 347 489 349 489 350 489 350 488 351 488 354 484 360 477 382 482 407 488 409 488 410 488 411 488 411 486 418 481 430 468 505 468 515 475 525 484 526 484 527 484 529 485 557 485 557 484 558 484 560 484 576 472 587 465 597 471 617 482 618 482 620 482 621 482 622 482 641 470 650 463 681 463 689 467 708 479 709 479 710 479 712 479 713 479 715 479 733 465 777 465 794 474 796 474 797 474 798 474 800 474 800 472 812 463 823 472 825 472 826 472 828 474 828 472 829 472 830 472 844 460 844 450 839 396 815 414 742 414 727 403 726 403 724 403 716 401 671 400 670 400 621 401 620 401 610 407 589 418 534 410 530 410 529 410 527 410 526 410 509 421 465 412 459 412 458 412 456 412 452 414 435 419 421 415 402 408 400 408 399 408 398 408 396 408 385 417 378 422 361 418 332 410 330 410 329 410 328 410 304 421 290 426 248 422 153 414 152 414 150 414 124 428 120 431 90 431 92 467"/></Shape>
	    <String CONTENT="بسياه بود سگى متوفق بهترز برآدرى ضافق"
                    HPOS="90"
                    VPOS="396"
                    WIDTH="754"
                    HEIGHT="99"
                    WC="0.9137795096949527"></String>
          </TextLine>

          
          
          <TextLine ID="eSc_line_1bf6b849"
                    TAGREFS="LT4837"
                    BASELINE="94 537 614 525 847 528" 
                    HPOS="93"
                    VPOS="470"
                    WIDTH="754"
                    HEIGHT="96">
            <Shape><Polygon POINTS="94 537 94 553 110 564 111 564 113 564 114 564 115 564 117 564 117 563 128 555 141 566 142 566 143 566 145 566 240 564 241 564 268 552 273 549 286 552 340 563 342 563 343 563 381 552 398 548 418 552 448 559 449 559 451 559 452 559 452 558 458 553 465 546 480 546 498 553 518 560 519 560 520 560 522 560 523 560 523 559 529 553 537 545 575 552 576 552 608 545 615 551 615 552 617 552 618 552 620 552 659 544 668 551 670 551 671 551 673 551 694 546 703 555 705 555 705 556 706 556 708 556 709 556 710 556 715 555 738 542 752 555 754 556 755 556 756 556 758 558 794 558 794 556 796 556 797 556 797 555 798 555 807 545 844 555 847 528 844 479 825 470 823 470 822 470 708 471 706 471 674 486 656 495 649 486 641 479 641 478 639 478 638 478 636 478 635 478 617 488 604 493 587 488 550 477 548 477 547 477 546 477 544 477 544 478 532 491 523 499 462 499 452 492 439 484 438 484 437 484 435 484 434 484 406 493 391 499 367 495 335 489 333 489 332 489 317 496 310 500 307 496 289 479 289 478 287 478 286 478 272 478 270 478 269 478 268 478 268 479 245 499 243 502 233 499 203 489 202 489 201 489 142 499 129 489 128 489 127 489 125 489 124 489 93 500 94 537"/></Shape>
	    <String CONTENT="يازنگى بر نلياش يارو مى ردم يا سخت چر سنگ با يانر مر چو"
                    HPOS="93"
                    VPOS="470"
                    WIDTH="754"
                    HEIGHT="96"
                    WC="0.8802929016676816"></String>
          </TextLine>

          
          
          <TextLine ID="eSc_line_2afcf969"
                    TAGREFS="LT4837"
                    BASELINE="13 686 909 661" 
                    HPOS="12"
                    VPOS="615"
                    WIDTH="897"
                    HEIGHT="107">
            <Shape><Polygon POINTS="13 686 13 704 36 712 37 712 39 712 40 712 54 707 82 722 83 722 85 722 86 722 131 707 150 721 152 721 153 721 155 721 195 719 196 719 226 707 254 718 255 718 256 718 311 717 347 715 349 715 350 715 382 693 384 691 428 691 430 691 445 700 446 700 448 700 449 700 465 693 491 711 492 711 494 711 495 711 497 711 498 711 498 710 518 689 540 700 541 700 543 700 544 700 546 700 564 687 565 687 590 687 608 701 610 701 611 701 642 705 643 705 645 705 646 705 661 693 677 705 678 705 680 705 681 707 709 707 709 705 710 705 712 705 738 682 816 680 835 696 836 696 837 696 839 696 840 696 858 690 874 700 875 700 877 700 878 700 879 700 881 700 909 679 909 661 906 624 864 615 863 615 861 615 860 615 860 616 849 626 843 631 829 627 803 617 801 617 800 617 735 619 734 619 733 619 715 631 708 636 701 631 678 620 677 620 675 620 674 620 642 633 615 624 614 624 613 624 611 624 610 624 599 636 593 640 533 640 529 637 519 630 518 630 516 630 515 630 513 630 512 630 512 631 504 638 502 638 492 631 491 631 490 631 488 631 425 641 406 644 402 643 377 629 375 629 374 629 318 630 317 630 315 630 297 645 296 647 293 645 265 637 263 637 262 637 261 637 230 648 229 650 162 652 134 652 115 652 67 637 65 637 64 637 62 637 12 654 13 686"/></Shape>
	    <String CONTENT="وال نضاد که بيان شد به عبارت هام فهم تا عام را دريا"
                    HPOS="12"
                    VPOS="615"
                    WIDTH="897"
                    HEIGHT="107"
                    WC="0.8808742492806678"></String>
          </TextLine>

          
          
          <TextLine ID="eSc_line_3652a24b"
                    TAGREFS="LT4837"
                    BASELINE="578 743 906 736" 
                    HPOS="575"
                    VPOS="693"
                    WIDTH="331"
                    HEIGHT="72">
            <Shape><Polygon POINTS="578 743 580 764 589 757 606 763 611 764 613 764 614 764 627 761 645 758 661 760 703 765 705 765 706 765 708 765 708 764 709 764 713 758 715 757 723 758 772 764 773 764 826 754 839 751 844 753 867 761 868 761 870 761 871 761 906 750 906 736 900 693 861 708 846 703 844 703 843 703 842 703 825 710 803 696 801 696 800 696 798 696 797 696 796 696 796 697 782 710 749 703 748 703 747 703 745 703 738 708 729 700 727 700 726 700 724 700 723 700 694 714 666 714 635 697 634 697 575 697 578 743"/></Shape>
	    <String CONTENT="ن آسان نمايد و از فار"
                    HPOS="575"
                    VPOS="693"
                    WIDTH="331"
                    HEIGHT="72"
                    WC="0.8829433457417921"></String>
          </TextLine>

          
          
          <TextLine ID="eSc_line_0584b972"
                    TAGREFS="LT4837"
                    BASELINE="722 813 918 813" 
                    HPOS="722"
                    VPOS="764"
                    WIDTH="196"
                    HEIGHT="79">
            <Shape><Polygon POINTS="722 813 722 831 749 839 751 839 752 839 754 839 755 839 761 835 772 843 773 843 775 843 776 843 918 831 918 813 917 764 867 768 865 768 864 768 842 786 722 772 722 813"/></Shape>
	    <String CONTENT="گر مبر"
                    HPOS="722"
                    VPOS="764"
                    WIDTH="196"
                    HEIGHT="79"
                    WC="0.8679951230684916"></String>
          </TextLine>

          
          
          <TextLine ID="eSc_line_9de6fd2c"
                    TAGREFS="LT4837"
                    BASELINE="34 771 465 756" 
                    HPOS="33"
                    VPOS="714"
                    WIDTH="432"
                    HEIGHT="89">
            <Shape><Polygon POINTS="34 771 34 797 67 803 68 803 69 803 71 803 71 802 76 796 83 790 122 795 124 795 125 795 127 795 152 786 173 793 180 796 181 796 182 796 184 796 185 796 185 795 188 793 198 785 234 792 238 792 240 792 241 792 243 792 256 783 330 789 385 792 386 792 388 792 389 792 389 790 395 786 403 778 427 785 435 788 437 788 438 788 465 783 465 756 459 714 381 736 342 736 315 724 307 719 305 719 304 719 247 722 245 722 227 730 216 735 208 732 191 725 189 725 188 725 187 725 163 735 142 743 113 737 106 737 104 737 103 737 96 739 78 744 72 742 62 735 61 735 60 735 58 735 57 735 33 742 34 771"/></Shape>
	    <String CONTENT="الصيب تمانند و بهن"
                    HPOS="33"
                    VPOS="714"
                    WIDTH="432"
                    HEIGHT="89"
                    WC="0.8877102732658386"></String>
          </TextLine>

          
          
          <TextLine ID="eSc_line_6b0e03c5"
                    TAGREFS="LT4837"
                    BASELINE="473 896 558 891" 
                    HPOS="470"
                    VPOS="841"
                    WIDTH="88"
                    HEIGHT="75">
            <Shape><Polygon POINTS="473 896 473 916 558 906 558 891 553 841 529 842 527 842 526 842 526 843 525 843 515 856 501 873 470 874 473 896"/></Shape>
	    <String CONTENT=""
                    HPOS="470"
                    VPOS="841"
                    WIDTH="88"
                    HEIGHT="75"></String>
          </TextLine>

          
          
          <TextLine ID="eSc_line_7a87e08e"
                    TAGREFS="LT4837"
                    BASELINE="55 975 865 958" 
                    HPOS="54"
                    VPOS="910"
                    WIDTH="811"
                    HEIGHT="94">
            <Shape><Polygon POINTS="55 975 57 1004 87 994 104 1003 106 1003 107 1003 108 1003 132 1001 219 994 224 997 227 1000 229 1000 230 1000 231 1000 233 1000 234 1000 234 998 237 997 244 989 279 994 301 998 303 998 304 998 318 993 339 984 351 991 360 997 361 997 363 997 364 997 365 997 386 990 414 982 462 987 469 987 470 987 472 987 473 987 473 986 481 979 495 986 515 994 516 994 518 994 519 994 539 983 543 982 550 983 592 993 593 993 594 993 596 993 596 991 607 980 614 973 695 973 706 976 722 982 723 982 724 982 726 982 741 975 749 972 755 975 772 982 773 982 775 982 776 982 793 973 798 970 864 970 865 958 858 910 849 919 842 913 842 912 840 912 839 912 837 912 836 912 814 920 755 913 737 912 735 912 734 912 733 912 733 913 730 915 719 927 681 927 667 916 663 913 661 913 660 913 659 913 622 915 621 915 620 915 620 916 617 919 608 927 593 919 589 917 587 917 586 917 585 917 575 920 548 929 540 922 534 916 533 916 532 916 530 916 481 923 463 926 442 924 409 923 407 923 406 923 399 926 386 934 310 934 300 930 284 922 283 922 282 922 185 934 162 937 157 936 138 924 136 924 135 924 134 924 132 924 115 937 113 940 54 940 55 975"/></Shape>
	    <String CONTENT="در بيان آنکه درويش حسين که صفت مومنی طلب نموده"
                    HPOS="54"
                    VPOS="910"
                    WIDTH="811"
                    HEIGHT="94"
                    WC="0.9185822529995695"></String>
          </TextLine>

          
          
          <TextLine ID="eSc_line_3d1b0df0"
                    TAGREFS="LT4837"
                    BASELINE="43 1054 430 1042 920 1035" 
                    HPOS="41"
                    VPOS="983"
                    WIDTH="879"
                    HEIGHT="95">
            <Shape><Polygon POINTS="43 1054 43 1072 81 1078 82 1078 83 1078 85 1078 92 1072 103 1064 131 1064 139 1071 145 1075 145 1076 146 1076 148 1076 149 1076 223 1075 224 1075 236 1069 251 1061 273 1068 286 1072 287 1072 289 1072 290 1072 303 1068 326 1060 370 1067 398 1071 399 1071 400 1071 414 1065 438 1057 463 1065 470 1067 472 1067 473 1067 474 1067 480 1064 502 1056 561 1062 583 1065 585 1065 586 1065 593 1062 611 1054 660 1061 682 1064 684 1065 730 1065 730 1064 731 1064 733 1064 740 1060 748 1054 770 1058 789 1062 790 1062 791 1062 803 1058 819 1051 825 1058 826 1058 826 1060 828 1060 829 1060 868 1061 870 1061 871 1061 872 1061 878 1057 885 1051 917 1056 920 1035 916 983 843 984 842 984 839 986 804 1004 787 998 786 998 784 998 783 998 758 1005 712 1000 703 991 699 989 699 987 698 987 696 987 695 987 694 987 692 987 685 993 663 1005 653 998 652 998 650 998 649 998 648 998 617 1008 523 1001 522 1000 513 991 512 991 511 991 509 991 508 991 506 991 497 998 377 996 375 996 374 996 372 996 356 1007 342 1014 282 1011 280 1009 262 1000 261 1000 259 1000 258 1000 256 1000 240 1011 230 1016 168 1015 138 1014 104 1000 103 1000 101 1000 100 1000 62 1019 61 1021 41 1021 43 1054"/></Shape>
	    <String CONTENT="بود مشخص نه بود که صفت مومن کدام است حقيقی يا اضافی"
                    HPOS="41"
                    VPOS="983"
                    WIDTH="879"
                    HEIGHT="95"
                    WC="0.9231399882073495"></String>
          </TextLine>

          
          
          <TextLine ID="eSc_line_bec14f45"
                    TAGREFS="LT4837"
                    BASELINE="71 1125 917 1107" 
                    HPOS="69"
                    VPOS="1064"
                    WIDTH="848"
                    HEIGHT="86">
            <Shape><Polygon POINTS="71 1125 71 1136 131 1150 132 1150 134 1150 135 1150 135 1149 136 1149 142 1142 152 1149 153 1149 155 1149 156 1149 317 1146 318 1146 344 1132 349 1131 384 1131 386 1132 399 1142 400 1142 402 1142 403 1142 459 1131 473 1128 486 1129 522 1138 523 1138 525 1138 526 1138 536 1129 540 1125 661 1125 667 1127 694 1138 695 1138 696 1138 698 1138 699 1138 699 1136 708 1129 716 1136 717 1136 719 1136 720 1136 722 1136 744 1125 745 1125 755 1125 850 1135 851 1135 853 1135 854 1135 854 1134 856 1134 861 1127 871 1132 872 1132 874 1132 916 1122 917 1107 913 1075 849 1079 843 1076 823 1064 822 1064 821 1064 819 1064 818 1064 816 1064 797 1078 793 1081 766 1081 763 1078 754 1071 754 1069 752 1069 751 1069 749 1069 748 1069 724 1079 715 1085 668 1085 663 1081 650 1072 649 1072 648 1072 646 1072 600 1082 596 1083 593 1083 572 1074 571 1074 569 1074 568 1074 567 1074 557 1081 546 1071 546 1069 544 1069 543 1069 541 1069 470 1071 469 1071 467 1071 449 1082 434 1075 432 1075 431 1075 430 1075 399 1088 378 1074 377 1074 375 1074 329 1074 328 1074 326 1074 325 1074 301 1090 300 1092 298 1090 276 1076 275 1076 273 1076 272 1076 270 1076 240 1092 237 1093 233 1092 210 1088 209 1088 208 1088 206 1088 198 1093 195 1095 189 1093 168 1089 167 1089 69 1096 71 1125"/></Shape>
	    <String CONTENT="وضابران واجب است چنالن بايد ديد گربيان بير نموده"
                    HPOS="69"
                    VPOS="1064"
                    WIDTH="848"
                    HEIGHT="86"
                    WC="0.8777095178763071"></String>
          </TextLine>

          
          
          <TextLine ID="eSc_line_c70a981c"
                    TAGREFS="LT4837"
                    BASELINE="481 1182 913 1171" 
                    HPOS="479"
                    VPOS="1127"
                    WIDTH="434"
                    HEIGHT="72">
            <Shape><Polygon POINTS="481 1182 481 1189 548 1196 550 1196 583 1188 587 1188 589 1188 613 1199 614 1199 615 1199 617 1199 641 1188 646 1185 653 1188 688 1199 689 1199 691 1199 692 1199 694 1199 710 1187 713 1185 717 1187 747 1196 748 1196 749 1198 789 1198 789 1196 790 1196 810 1185 816 1192 818 1192 819 1192 893 1194 895 1194 896 1194 897 1194 913 1184 913 1171 906 1127 892 1141 856 1141 819 1129 815 1128 814 1128 812 1128 804 1129 745 1145 675 1145 661 1134 660 1134 659 1134 657 1134 656 1134 654 1134 632 1145 613 1135 607 1134 606 1134 604 1134 560 1135 558 1135 553 1138 532 1149 519 1139 518 1136 516 1136 515 1136 513 1136 479 1139 481 1182"/></Shape>
	    <String CONTENT="شدتااخر مقصورا باشد"
                    HPOS="479"
                    VPOS="1127"
                    WIDTH="434"
                    HEIGHT="72"
                    WC="0.8345549530104587"></String>
          </TextLine>

          
          
          <TextLine ID="eSc_line_b1f87c1f"
                    TAGREFS="LT4837"
                    BASELINE="58 1266 921 1247" 
                    HPOS="57"
                    VPOS="1199"
                    WIDTH="864"
                    HEIGHT="94">
            <Shape><Polygon POINTS="58 1266 58 1282 87 1293 89 1293 90 1293 92 1293 114 1280 127 1291 128 1291 129 1291 131 1291 132 1291 160 1283 180 1288 181 1288 182 1288 184 1288 185 1288 185 1287 194 1280 210 1290 212 1290 213 1290 215 1290 272 1282 291 1288 293 1288 294 1288 296 1288 297 1288 297 1287 305 1280 311 1286 311 1287 312 1287 314 1287 315 1287 317 1287 336 1279 363 1287 364 1287 365 1287 367 1287 400 1272 402 1270 483 1270 499 1283 501 1283 502 1283 504 1284 541 1284 541 1283 543 1283 544 1283 544 1282 558 1268 582 1268 604 1268 639 1280 641 1280 642 1280 643 1280 692 1268 733 1279 734 1279 735 1279 858 1261 907 1269 909 1269 910 1269 911 1269 911 1268 921 1258 921 1247 920 1212 899 1205 897 1205 896 1205 895 1205 893 1205 885 1212 861 1199 860 1199 858 1199 857 1199 829 1208 770 1202 769 1202 768 1202 729 1216 726 1217 599 1219 597 1219 575 1208 573 1208 572 1208 571 1208 547 1220 546 1220 544 1220 508 1208 506 1208 505 1208 459 1215 424 1209 423 1209 421 1209 420 1209 406 1219 398 1210 396 1210 395 1210 363 1210 361 1210 360 1210 314 1224 252 1220 251 1220 249 1220 248 1220 238 1227 237 1227 230 1227 187 1222 185 1222 184 1222 170 1228 155 1216 153 1216 152 1216 117 1216 115 1216 57 1230 58 1266"/></Shape>
	    <String CONTENT="بداند كه همچنانكه مومن سرقسم اند اخافى تضادى و آضافى تريى"
                    HPOS="57"
                    VPOS="1199"
                    WIDTH="864"
                    HEIGHT="94"
                    WC="0.8743264613480404"></String>
          </TextLine>

          
          
          <TextLine ID="eSc_line_af46f823"
                    TAGREFS="LT4837"
                    BASELINE="76 1203 389 1192" 
                    HPOS="75"
                    VPOS="1146"
                    WIDTH="314"
                    HEIGHT="76">
            <Shape><Polygon POINTS="76 1203 76 1215 122 1212 135 1216 150 1222 152 1222 153 1222 191 1215 224 1209 252 1215 269 1217 270 1217 272 1217 283 1213 314 1205 388 1212 389 1192 388 1162 358 1146 357 1146 356 1146 354 1146 304 1163 231 1148 230 1148 229 1148 227 1148 198 1167 164 1167 145 1152 143 1152 142 1152 115 1152 114 1152 113 1152 75 1170 76 1203"/></Shape>
	    <String CONTENT="دو نان آفست که"
                    HPOS="75"
                    VPOS="1146"
                    WIDTH="314"
                    HEIGHT="76"
                    WC="0.8540781219800313"></String>
          </TextLine>

          
          
          <TextLine ID="eSc_line_92627fa1"
                    TAGREFS="LT4837"
                    BASELINE="71 1337 925 1322" 
                    HPOS="69"
                    VPOS="1275"
                    WIDTH="856"
                    HEIGHT="87">
            <Shape><Polygon POINTS="71 1337 71 1357 131 1362 132 1362 134 1362 150 1355 175 1346 216 1354 244 1360 245 1360 247 1360 248 1360 255 1353 265 1344 289 1353 307 1358 308 1358 310 1360 365 1360 365 1358 367 1358 368 1358 368 1357 375 1350 381 1344 407 1344 424 1350 448 1357 449 1357 451 1357 505 1355 506 1355 522 1347 539 1339 568 1346 580 1348 582 1348 583 1348 592 1346 608 1339 620 1344 627 1348 628 1348 629 1348 631 1348 632 1348 636 1344 648 1336 691 1336 701 1343 705 1347 706 1347 708 1347 709 1347 710 1347 730 1343 755 1336 765 1341 777 1350 779 1350 780 1350 782 1351 836 1351 836 1350 837 1350 839 1350 839 1348 847 1340 854 1333 923 1337 925 1322 923 1279 904 1275 903 1275 902 1275 900 1275 895 1279 881 1290 867 1280 860 1275 858 1275 857 1275 856 1275 823 1276 822 1276 821 1276 814 1282 800 1293 768 1293 752 1284 744 1279 742 1279 741 1279 740 1279 738 1279 712 1286 677 1294 649 1287 642 1286 641 1286 639 1286 627 1288 620 1290 617 1288 608 1282 608 1280 607 1280 606 1280 546 1280 544 1280 543 1280 522 1291 520 1293 518 1291 499 1282 498 1282 497 1282 445 1293 417 1284 416 1284 414 1284 413 1284 411 1284 399 1295 395 1298 361 1297 294 1294 293 1294 249 1301 245 1301 244 1301 229 1294 227 1294 226 1294 224 1294 209 1302 206 1304 182 1304 182 1302 157 1287 156 1287 155 1287 153 1287 152 1287 150 1287 150 1288 141 1297 96 1288 94 1288 93 1288 92 1288 69 1302 71 1337"/></Shape>
	    <String CONTENT="اند وحقيق وحدقي صفت اليشان هم سرفه أند صفت أضافي"
                    HPOS="69"
                    VPOS="1275"
                    WIDTH="856"
                    HEIGHT="87"
                    WC="0.9071849799156189"></String>
          </TextLine>

          
          
          <TextLine ID="eSc_line_1cebc1ee"
                    TAGREFS="LT4837"
                    BASELINE="74 1408 927 1392" 
                    HPOS="72"
                    VPOS="1343"
                    WIDTH="855"
                    HEIGHT="86">
            <Shape><Polygon POINTS="74 1408 74 1421 142 1429 143 1429 145 1429 146 1429 146 1428 156 1420 157 1418 160 1420 171 1428 173 1428 174 1428 175 1429 213 1429 213 1428 215 1428 233 1418 241 1427 243 1427 244 1427 245 1428 286 1428 286 1427 287 1427 314 1415 322 1424 322 1425 324 1425 325 1425 326 1427 357 1427 357 1425 358 1425 384 1414 389 1411 395 1413 424 1424 425 1424 427 1424 483 1418 484 1418 486 1418 497 1410 501 1408 546 1408 548 1408 565 1421 567 1421 568 1421 569 1421 571 1421 572 1421 572 1420 583 1408 585 1407 599 1407 674 1413 675 1413 677 1413 692 1406 706 1414 708 1414 709 1414 710 1414 783 1403 784 1403 786 1403 830 1415 832 1415 833 1415 835 1415 836 1415 836 1414 849 1403 897 1413 899 1413 900 1413 927 1399 927 1392 924 1343 860 1343 858 1343 857 1343 856 1343 853 1346 847 1350 826 1347 808 1344 807 1344 805 1344 804 1344 800 1348 773 1368 745 1368 723 1351 716 1346 715 1346 713 1346 712 1346 710 1346 709 1346 699 1353 678 1367 646 1355 628 1348 627 1348 625 1348 624 1348 608 1357 606 1358 606 1357 597 1350 597 1348 596 1348 594 1348 569 1348 568 1348 567 1348 565 1348 547 1360 530 1369 491 1362 456 1355 455 1355 453 1355 431 1365 410 1374 370 1368 325 1361 324 1361 322 1361 321 1361 307 1371 294 1365 293 1365 291 1365 290 1365 289 1365 289 1367 282 1372 276 1378 251 1378 245 1374 236 1365 234 1365 233 1365 231 1365 230 1365 229 1365 216 1375 210 1378 181 1376 134 1374 132 1374 72 1381 74 1408"/></Shape>
	    <String CONTENT="تضاری آفست که در مسجد کوفه حضرت ولانا على بيان فرموده"
                    HPOS="72"
                    VPOS="1343"
                    WIDTH="855"
                    HEIGHT="86"
                    WC="0.9066399920869757"></String>
          </TextLine>

          
          
          <TextLine ID="eSc_line_fd1e015e"
                    TAGREFS="LT4837"
                    BASELINE="79 1484 921 1461" 
                    HPOS="78"
                    VPOS="1422"
                    WIDTH="843"
                    HEIGHT="84">
            <Shape><Polygon POINTS="79 1484 79 1496 103 1506 104 1506 106 1506 107 1506 108 1506 124 1495 128 1492 132 1495 138 1498 139 1498 141 1498 159 1495 185 1489 201 1494 233 1503 234 1503 236 1503 290 1491 311 1485 399 1484 407 1488 414 1494 416 1494 417 1494 418 1494 420 1494 437 1487 448 1482 459 1487 472 1492 473 1492 474 1492 476 1492 490 1485 495 1482 499 1485 513 1495 515 1495 516 1495 518 1495 576 1484 604 1478 615 1482 627 1487 628 1487 629 1487 631 1487 632 1487 639 1482 641 1480 643 1482 653 1491 654 1491 656 1491 657 1491 762 1489 763 1489 765 1489 765 1488 766 1488 770 1482 867 1487 868 1487 870 1487 871 1487 871 1485 881 1475 897 1482 899 1482 900 1482 902 1482 921 1474 921 1461 918 1432 870 1422 868 1422 867 1422 865 1422 865 1424 856 1434 854 1435 793 1435 791 1435 762 1424 761 1424 759 1424 758 1424 726 1436 712 1424 710 1424 709 1424 708 1424 706 1424 674 1438 659 1425 657 1425 656 1425 654 1425 653 1425 634 1432 585 1428 583 1428 582 1428 580 1428 567 1438 541 1429 540 1429 539 1429 473 1431 398 1445 392 1446 389 1446 360 1436 358 1436 357 1436 356 1436 326 1448 325 1448 310 1436 308 1436 307 1436 305 1436 304 1436 272 1445 251 1436 249 1436 248 1436 184 1450 149 1439 148 1439 146 1439 78 1453 79 1484"/></Shape>
	    <String CONTENT="اانرأهم عليحه نوشته فرستاده أندا وصفت مؤمن أضافي"
                    HPOS="78"
                    VPOS="1422"
                    WIDTH="843"
                    HEIGHT="84"
                    WC="0.869838552406201"></String>
          </TextLine>

          
          
          <TextLine ID="eSc_line_0ff84ccd"
                    TAGREFS="LT4837"
                    BASELINE="81 1551 916 1537" 
                    HPOS="79"
                    VPOS="1488"
                    WIDTH="837"
                    HEIGHT="89">
            <Shape><Polygon POINTS="81 1551 81 1570 138 1577 139 1577 141 1577 142 1577 153 1569 156 1567 166 1569 199 1576 201 1576 202 1576 229 1567 248 1562 265 1567 287 1574 289 1574 290 1576 322 1576 322 1574 324 1574 325 1574 325 1573 326 1573 332 1566 340 1573 342 1573 343 1573 344 1574 389 1574 389 1573 448 1563 477 1558 580 1556 635 1559 742 1567 744 1567 745 1567 747 1567 763 1558 770 1554 786 1556 829 1566 830 1566 916 1554 916 1537 909 1488 891 1502 875 1502 864 1489 863 1489 863 1488 861 1488 860 1488 858 1488 844 1491 791 1502 735 1496 734 1496 733 1496 731 1496 731 1498 724 1503 648 1496 589 1492 587 1492 586 1492 569 1499 553 1506 529 1501 497 1494 495 1494 494 1494 492 1494 480 1502 472 1507 462 1503 444 1495 442 1495 441 1495 439 1495 420 1505 411 1509 405 1505 395 1498 393 1498 392 1498 391 1498 389 1498 388 1498 377 1506 372 1509 368 1506 356 1498 354 1498 353 1498 277 1498 276 1498 275 1498 273 1498 255 1509 254 1510 248 1510 191 1501 189 1501 188 1501 163 1513 160 1514 79 1514 81 1551"/></Shape>
	    <String CONTENT="شرببى كه معلمان را بدان وصوف مسبايد بود چنانکه در معرفت و"
                    HPOS="79"
                    VPOS="1488"
                    WIDTH="837"
                    HEIGHT="89"
                    WC="0.8935524863109254"></String>
          </TextLine>

          
        </TextBlock>
        
        <TextBlock HPOS="368"
                   VPOS="83"
                   WIDTH="138"
                   HEIGHT="60"
                   ID="eSc_textblock_1af1c814"
                   TAGREFS="BT16093">
          <Shape><Polygon POINTS="385 83 484 89 506 121 467 143 407 138 368 115 396 104 385 83"/></Shape>
          
          
          <TextLine ID="eSc_line_add6f220"
                    TAGREFS="LT4837"
                    BASELINE="441 101 497 97" 
                    HPOS="439"
                    VPOS="72"
                    WIDTH="58"
                    HEIGHT="57">
            <Shape><Polygon POINTS="481 87 467 87 453 86 439 86 441 101 441 121 497 129 497 97 492 72 481 73 481 87"/></Shape>
	    <String CONTENT=""
                    HPOS="439"
                    VPOS="72"
                    WIDTH="58"
                    HEIGHT="57"></String>
          </TextLine>

          
        </TextBlock>
        
        <TextBlock HPOS="994"
                   VPOS="27"
                   WIDTH="226"
                   HEIGHT="217"
                   ID="eSc_textblock_4e063721"
                   TAGREFS="BT16085">
          <Shape><Polygon POINTS="1217 27 1220 244 1177 138 1128 149 994 82 1039 50 1217 27"/></Shape>
          
        </TextBlock>
        

        
        <TextBlock ID="eSc_dummyblock_">
          
          
          <TextLine ID="eSc_line_dffd157a"
                    TAGREFS="LT4837"
                    BASELINE="58 96 226 86" 
                    HPOS="55"
                    VPOS="59"
                    WIDTH="171"
                    HEIGHT="62">
            <Shape><Polygon POINTS="58 96 58 108 129 121 131 121 132 121 168 106 170 104 173 106 192 114 194 114 195 114 196 114 226 103 226 86 222 59 99 72 55 68 58 96"/></Shape>
	    <String CONTENT=""
                    HPOS="55"
                    VPOS="59"
                    WIDTH="171"
                    HEIGHT="62"></String>
          </TextLine>

          
        </TextBlock>
        
      </PrintSpace>
    </Page>
  </Layout>
</alto>
