<?xml version="1.0" encoding="UTF-8"?>
<alto xmlns:xsi="http://www.w3.org/2001/XMLSchema-instance"
      xmlns="http://www.loc.gov/standards/alto/ns-v4#"
      xsi:schemaLocation="http://www.loc.gov/standards/alto/ns-v4# http://www.loc.gov/standards/alto/v4/alto-4-2.xsd">
  <Description>
    <MeasurementUnit>pixel</MeasurementUnit>
    <sourceImageInformation>
      <fileName>Rasail070.jpg</fileName>
      
    </sourceImageInformation>
  </Description>
  
  <Tags>
    <OtherTag ID="BT16094" LABEL="default" DESCRIPTION="block type default"/><OtherTag ID="BT16093" LABEL="NumberingZone:page" DESCRIPTION="block type NumberingZone:page"/><OtherTag ID="BT16092" LABEL="MarginTextZone:note" DESCRIPTION="block type MarginTextZone:note"/><OtherTag ID="BT16091" LABEL="TitlePageZone" DESCRIPTION="block type TitlePageZone"/><OtherTag ID="BT16090" LABEL="QuireMarksZone:catchwords" DESCRIPTION="block type QuireMarksZone:catchwords"/><OtherTag ID="BT16089" LABEL="NumberingZone:other" DESCRIPTION="block type NumberingZone:other"/><OtherTag ID="BT16088" LABEL="NumberingZone" DESCRIPTION="block type NumberingZone"/><OtherTag ID="BT16087" LABEL="MarginTextZone" DESCRIPTION="block type MarginTextZone"/><OtherTag ID="BT16086" LABEL="MainZone" DESCRIPTION="block type MainZone"/><OtherTag ID="BT16085" LABEL="DigitizationArtefactZone" DESCRIPTION="block type DigitizationArtefactZone"/><OtherTag ID="BT2" LABEL="Main" DESCRIPTION="block type Main"/><OtherTag ID="BT1" LABEL="Title" DESCRIPTION="block type Title"/>
    <OtherTag ID="LT4837" LABEL="DefaultLine" DESCRIPTION="line type DefaultLine"/><OtherTag ID="LT4838" LABEL="default" DESCRIPTION="line type default"/><OtherTag ID="LT4839" LABEL="HeadingLine:title" DESCRIPTION="line type HeadingLine:title"/>
  </Tags>
  
  <Layout>
    <Page WIDTH="1110"
          HEIGHT="1669"
          PHYSICAL_IMG_NR="98"
          ID="eSc_dummypage_">
      <PrintSpace HPOS="0"
                  VPOS="0"
                  WIDTH="1110"
                  HEIGHT="1669">
        
        <TextBlock HPOS="94"
                   VPOS="133"
                   WIDTH="949"
                   HEIGHT="1451"
                   ID="eSc_textblock_7faa27b5"
                   TAGREFS="BT16086">
          <Shape><Polygon POINTS="593 133 854 133 1004 166 1043 484 1032 1556 993 1584 127 1584 94 1539 105 305 222 155 593 133"/></Shape>
          
          
          <TextLine ID="eSc_line_90a5a7f5"
                    TAGREFS="LT4837"
                    BASELINE="627 211 655 203" 
                    HPOS="609"
                    VPOS="147"
                    WIDTH="55"
                    HEIGHT="100">
            <Shape><Polygon POINTS="637 247 664 242 655 203 638 152 609 147 627 211 637 247"/></Shape>
	    <String CONTENT=""
                    HPOS="609"
                    VPOS="147"
                    WIDTH="55"
                    HEIGHT="100"></String>
          </TextLine>

          
          
          <TextLine ID="eSc_line_8cab5ae9"
                    TAGREFS="LT4837"
                    BASELINE="185 360 863 347" 
                    HPOS="182"
                    VPOS="296"
                    WIDTH="681"
                    HEIGHT="93">
            <Shape><Polygon POINTS="185 360 185 382 258 389 260 389 261 389 262 389 274 382 280 376 301 381 331 388 332 388 333 388 335 388 335 386 342 381 347 375 376 375 386 379 396 386 397 386 399 386 400 386 401 386 418 379 432 374 452 379 475 385 477 385 478 385 610 382 612 382 628 376 638 374 650 376 676 381 677 381 678 381 692 375 713 368 862 372 863 347 859 310 841 310 840 308 826 297 826 296 824 296 823 296 822 296 820 296 785 308 781 311 709 312 691 308 657 300 656 300 655 300 653 300 625 308 610 312 600 308 582 300 581 300 580 300 578 300 548 308 534 311 520 308 496 301 495 301 493 301 492 301 478 307 457 317 443 307 436 303 435 303 433 303 408 303 407 303 406 303 396 307 371 319 353 319 339 307 336 304 335 304 333 304 332 304 331 304 329 304 329 305 326 307 315 318 282 307 278 305 276 305 275 305 274 305 272 305 272 307 254 321 218 321 204 308 204 307 203 307 201 307 182 307 185 360"/></Shape>
	    <String CONTENT="در اشارت به بعضی احوالی که در قيامت واقع میشود"
                    HPOS="182"
                    VPOS="296"
                    WIDTH="681"
                    HEIGHT="93"
                    WC="0.8746128853248514"></String>
          </TextLine>

          
          
          <TextLine ID="eSc_line_63d8932a"
                    TAGREFS="LT4837"
                    BASELINE="111 435 937 431" 
                    HPOS="109"
                    VPOS="382"
                    WIDTH="828"
                    HEIGHT="86">
            <Shape><Polygon POINTS="111 435 111 452 154 460 155 460 201 453 208 452 210 453 226 467 228 467 229 467 230 467 232 467 267 453 271 452 315 452 318 453 333 467 335 467 336 467 338 468 360 468 360 467 361 467 363 467 375 456 401 465 403 465 404 465 489 456 513 465 514 465 516 465 517 465 553 453 555 453 557 453 585 465 586 465 588 467 660 467 660 465 662 465 663 465 680 454 687 449 717 454 753 460 755 460 780 456 791 464 792 464 794 464 795 464 797 464 822 454 837 449 898 449 906 454 913 461 915 461 916 461 918 461 919 461 937 454 937 431 934 383 902 382 901 382 899 382 898 382 897 383 876 399 844 399 827 385 823 382 822 382 820 382 771 382 770 382 769 382 767 382 762 386 748 399 660 399 652 389 646 385 646 383 645 383 644 383 599 383 598 383 596 383 595 383 595 385 589 390 585 388 585 386 584 386 582 386 581 386 580 386 563 392 553 394 550 392 546 388 545 388 543 388 542 388 541 388 523 393 506 397 502 393 491 383 489 383 488 383 415 383 414 383 413 383 411 383 411 385 400 396 396 399 388 396 379 393 378 393 376 393 375 393 374 393 374 394 371 396 367 401 310 401 304 397 294 390 293 390 292 390 290 390 289 390 287 390 275 399 274 399 244 388 243 388 242 388 240 388 222 394 208 385 207 385 205 385 204 385 203 385 173 399 146 390 144 390 143 390 141 390 109 401 111 435"/></Shape>
	    <String CONTENT="بدان که در قيامت دو نفنج خوامد بود يکیچت میرانيدن"
                    HPOS="109"
                    VPOS="382"
                    WIDTH="828"
                    HEIGHT="86"
                    WC="0.8777680299719985"></String>
          </TextLine>

          
          
          <TextLine ID="eSc_line_bac04759"
                    TAGREFS="LT4837"
                    BASELINE="109 517 1002 506" 
                    HPOS="108"
                    VPOS="460"
                    WIDTH="894"
                    HEIGHT="82">
            <Shape><Polygon POINTS="109 517 109 532 193 541 194 541 236 532 246 541 247 541 248 541 250 542 287 542 287 541 342 531 428 539 429 539 431 539 471 529 541 538 542 538 543 538 570 528 642 535 644 535 681 527 703 535 705 535 706 535 708 535 709 535 709 534 717 527 748 535 749 535 751 535 798 525 831 534 833 534 834 534 877 527 886 534 887 534 888 534 890 534 927 527 980 532 982 532 983 532 1002 521 1002 506 1001 472 980 463 979 463 977 463 976 463 952 471 944 463 943 463 941 463 940 463 938 463 918 468 904 461 902 461 901 461 899 461 873 471 861 475 833 471 816 468 815 468 813 468 812 468 812 470 810 471 805 477 753 477 745 470 737 463 737 461 735 461 734 461 733 461 731 461 705 470 680 477 659 471 657 471 656 471 655 471 653 471 642 479 571 479 549 468 532 460 531 460 529 460 528 460 527 460 516 467 511 470 497 467 471 463 470 463 468 463 467 463 463 467 447 479 420 470 418 470 417 470 358 481 340 465 336 463 336 461 335 461 333 461 332 461 331 461 329 461 322 465 306 475 280 465 274 463 272 463 271 463 108 463 109 517"/></Shape>
	    <String CONTENT="ايل حيات دوم به حبت زند گردانيدن مزدگان دنفخه"
                    HPOS="108"
                    VPOS="460"
                    WIDTH="894"
                    HEIGHT="82"
                    WC="0.9143541203604804"></String>
          </TextLine>

          
          
          <TextLine ID="eSc_line_fb4c9a2b"
                    TAGREFS="LT4837"
                    BASELINE="115 581 1001 584" 
                    HPOS="114"
                    VPOS="538"
                    WIDTH="887"
                    HEIGHT="75">
            <Shape><Polygon POINTS="114 598 125 609 125 610 126 610 127 610 129 610 130 610 132 610 154 596 214 610 215 610 216 610 218 610 237 596 306 605 307 605 342 598 364 607 365 607 367 607 368 607 370 607 381 600 397 610 399 610 400 611 503 611 503 610 504 610 532 596 557 596 621 610 623 610 624 610 625 610 644 598 682 598 710 611 712 611 713 611 752 603 769 611 770 611 771 613 894 613 894 611 895 611 923 598 961 609 962 609 963 609 965 609 1000 596 1001 584 998 541 894 553 869 543 867 543 866 543 865 543 863 543 849 552 838 542 838 541 837 541 835 541 785 541 784 541 783 541 781 541 781 542 770 552 716 543 714 543 713 543 681 554 612 554 589 541 588 541 586 541 585 541 584 541 557 553 524 539 523 539 449 539 447 539 446 539 422 552 350 539 349 539 347 539 346 539 329 552 294 545 293 545 292 545 290 545 290 546 283 553 212 553 200 545 198 545 197 545 196 545 137 552 118 538 115 581 114 598"/></Shape>
	    <String CONTENT="که به حت میرنيدناست در حال خلقی اشارمت ت به"
                    HPOS="114"
                    VPOS="538"
                    WIDTH="887"
                    HEIGHT="75"
                    WC="0.8526822695898455"></String>
          </TextLine>

          
          
          <TextLine ID="eSc_line_11ebab18"
                    TAGREFS="LT4837"
                    BASELINE="108 656 1002 656" 
                    HPOS="108"
                    VPOS="609"
                    WIDTH="894"
                    HEIGHT="82">
            <Shape><Polygon POINTS="108 656 108 671 201 671 215 682 215 684 216 684 218 684 219 684 221 684 261 673 279 688 279 689 280 689 282 689 283 691 317 691 317 689 318 689 356 673 408 685 410 685 411 685 442 675 474 689 475 689 477 691 546 691 546 689 548 689 603 673 607 671 634 671 634 673 652 688 652 689 653 689 655 689 656 691 706 691 706 689 708 689 709 689 737 673 738 671 741 673 780 689 781 689 783 689 784 689 808 678 869 685 870 685 872 685 873 685 888 673 912 689 913 689 915 689 916 691 948 691 948 689 950 689 1002 673 1002 656 1001 609 966 616 844 611 833 611 831 611 830 611 829 611 794 627 762 627 744 613 738 609 737 609 735 609 734 609 698 613 696 613 695 613 695 614 694 614 684 624 670 614 662 609 660 609 659 609 657 609 656 609 641 616 617 625 559 617 536 614 535 614 534 614 532 614 532 616 529 617 523 625 440 625 429 620 415 610 414 610 413 610 411 610 410 610 408 610 393 620 385 625 374 621 343 609 342 609 272 609 271 609 269 609 268 609 250 623 246 625 232 624 155 613 154 613 153 613 151 613 136 625 134 627 108 627 108 656"/></Shape>
	    <String CONTENT="طهور آثار قران عظم ا و در عام رين مراد از نفخ که به جهت"
                    HPOS="108"
                    VPOS="609"
                    WIDTH="894"
                    HEIGHT="82"
                    WC="0.894752808447395"></String>
          </TextLine>

          
          
          <TextLine ID="eSc_line_b2278226"
                    TAGREFS="LT4837"
                    BASELINE="116 732 1001 730" 
                    HPOS="115"
                    VPOS="684"
                    WIDTH="886"
                    HEIGHT="78">
            <Shape><Polygon POINTS="116 732 116 748 207 748 211 749 235 756 236 756 237 756 239 756 255 749 257 748 260 749 280 760 282 760 283 762 418 762 418 760 420 760 421 760 433 751 506 760 507 760 552 749 568 746 595 746 602 751 614 759 616 759 617 759 618 759 656 751 674 746 701 751 758 759 759 759 760 759 762 759 771 751 773 749 773 751 785 759 787 759 788 759 790 759 791 759 822 751 833 748 840 751 859 759 861 759 862 759 863 759 884 751 893 748 901 751 922 759 923 759 925 759 1000 751 1001 730 1000 695 976 684 975 684 973 684 912 687 911 687 909 687 909 688 902 695 901 695 899 695 855 685 854 685 852 685 851 685 840 695 838 696 788 696 785 695 755 684 753 684 701 684 699 684 621 695 616 695 612 695 571 684 570 684 568 684 567 684 566 684 553 695 550 696 464 695 457 695 449 687 449 685 447 685 446 685 445 685 443 685 422 695 418 696 415 695 408 688 407 688 406 688 404 688 403 688 390 695 389 695 386 695 363 689 361 689 269 695 228 696 219 695 187 685 186 685 185 685 115 694 116 732"/></Shape>
	    <String CONTENT="ميرانيدنست در کلام ناطقابز وراعيان ح است"
                    HPOS="115"
                    VPOS="684"
                    WIDTH="886"
                    HEIGHT="78"
                    WC="0.8714415200054646"></String>
          </TextLine>

          
          
          <TextLine ID="eSc_line_2d329be3"
                    TAGREFS="LT4837"
                    BASELINE="105 817 1001 796" 
                    HPOS="104"
                    VPOS="751"
                    WIDTH="897"
                    HEIGHT="93">
            <Shape><Polygon POINTS="105 817 105 831 136 844 137 844 139 844 140 844 166 830 168 830 171 830 223 842 225 842 226 842 228 842 243 828 244 827 311 827 312 827 339 837 340 837 342 837 343 837 363 826 375 837 375 838 376 838 378 838 379 838 381 838 382 838 401 826 427 833 428 833 429 833 431 833 432 833 446 824 447 823 471 823 518 823 563 831 564 831 606 823 638 833 639 833 641 833 701 831 702 831 703 831 703 830 717 817 755 830 756 830 758 830 835 821 894 826 895 826 897 826 898 826 898 824 909 816 950 821 951 821 1000 810 1001 796 995 751 962 763 925 756 923 756 876 766 788 760 787 760 785 760 755 769 724 760 702 755 701 755 699 755 698 755 680 762 659 770 627 764 606 760 605 760 603 760 593 766 577 773 559 766 541 760 539 760 538 760 536 760 535 760 523 767 511 774 492 769 461 760 460 760 459 760 360 774 324 778 319 776 303 764 301 764 300 764 299 764 297 764 296 764 279 777 275 780 268 777 239 766 237 766 236 766 165 767 164 767 104 783 105 817"/></Shape>
	    <String CONTENT="کسر مقالات ايل تنزيل می بمايند و نشف عيوب ا بل تا ولى"
                    HPOS="104"
                    VPOS="751"
                    WIDTH="897"
                    HEIGHT="93"
                    WC="0.8563467753383348"></String>
          </TextLine>

          
          
          <TextLine ID="eSc_line_9cbe65a4"
                    TAGREFS="LT4837"
                    BASELINE="115 894 1002 880" 
                    HPOS="114"
                    VPOS="831"
                    WIDTH="888"
                    HEIGHT="84">
            <Shape><Polygon POINTS="115 894 115 905 123 913 123 915 125 915 126 915 127 915 129 915 164 902 165 902 200 910 201 910 203 910 204 910 205 910 205 909 207 909 214 901 246 901 261 913 262 913 264 913 265 913 267 913 301 899 303 899 340 899 376 912 378 912 379 912 381 912 382 912 395 902 422 910 424 910 425 910 427 910 452 898 465 909 467 909 468 909 470 909 471 909 472 909 472 908 486 897 514 897 550 897 566 906 567 906 568 906 570 906 571 906 599 895 632 895 648 906 649 906 650 906 652 906 810 905 812 905 813 905 827 895 837 904 838 904 840 904 841 905 886 905 886 904 1002 887 1002 880 997 831 969 842 931 833 925 831 923 831 922 831 902 833 815 847 681 847 662 840 650 835 649 835 648 835 613 841 557 849 548 842 543 838 542 838 541 838 539 838 538 838 527 842 520 845 510 842 486 838 485 838 484 838 472 844 459 851 418 845 413 845 411 845 406 845 368 852 360 847 353 841 351 841 350 841 315 841 314 841 312 841 290 848 279 852 271 849 257 842 255 842 203 842 201 842 114 852 115 894"/></Shape>
	    <String CONTENT="که بر خلاف سق بود و باشند و ستی ردانش و بينش"
                    HPOS="114"
                    VPOS="831"
                    WIDTH="888"
                    HEIGHT="84"
                    WC="0.9085695743560791"></String>
          </TextLine>

          
          
          <TextLine ID="eSc_line_b7c79ee7"
                    TAGREFS="LT4837"
                    BASELINE="101 963 1007 951" 
                    HPOS="100"
                    VPOS="902"
                    WIDTH="907"
                    HEIGHT="85">
            <Shape><Polygon POINTS="101 963 101 981 121 986 122 986 123 986 136 981 159 974 182 981 198 987 200 987 201 987 289 986 290 986 301 980 318 972 326 980 328 980 328 981 329 981 331 981 367 984 368 984 370 984 381 980 406 970 449 980 467 983 468 983 470 983 482 979 514 969 657 977 702 980 703 980 724 977 805 965 838 965 852 976 852 977 854 977 855 977 856 977 926 976 927 976 929 976 937 969 1005 974 1007 951 1001 910 977 916 966 910 952 904 951 904 950 904 948 904 947 904 934 912 925 917 876 917 869 913 858 905 856 905 855 905 854 905 852 905 851 905 840 913 834 919 723 919 717 916 709 910 708 910 706 910 705 910 703 910 687 917 685 917 667 902 666 902 664 902 646 902 645 902 644 902 642 902 614 919 612 920 609 919 577 904 575 904 574 904 573 904 571 904 556 917 536 920 524 922 523 920 497 905 496 905 495 905 493 905 492 905 460 915 422 908 421 908 420 908 399 919 375 906 374 906 322 906 321 906 319 906 318 906 318 908 304 920 242 926 204 908 203 908 201 908 140 909 139 909 100 927 101 963"/></Shape>
	    <String CONTENT="ايشان را نيست میگرداند ودايبه الارض که پيش از نفخه"
                    HPOS="100"
                    VPOS="902"
                    WIDTH="907"
                    HEIGHT="85"
                    WC="0.9153595638275146"></String>
          </TextLine>

          
          
          <TextLine ID="eSc_line_bebe79f3"
                    TAGREFS="LT4837"
                    BASELINE="116 1027 1005 1022" 
                    HPOS="115"
                    VPOS="977"
                    WIDTH="890"
                    HEIGHT="77">
            <Shape><Polygon POINTS="116 1027 116 1040 324 1054 325 1054 326 1054 328 1054 328 1052 342 1040 415 1043 427 1052 428 1052 429 1052 431 1052 589 1045 591 1045 592 1045 603 1038 738 1051 740 1051 741 1051 785 1038 802 1050 803 1050 805 1050 806 1051 849 1051 849 1050 851 1050 876 1037 891 1037 905 1048 905 1050 906 1050 908 1050 909 1051 954 1051 954 1050 955 1050 1005 1034 1005 1022 1002 987 947 977 945 977 944 977 926 987 922 990 888 990 887 987 877 979 877 977 876 977 874 977 854 977 852 977 851 977 809 988 784 977 783 977 781 977 780 977 756 990 755 990 745 990 652 979 650 979 649 979 609 991 453 991 400 980 399 980 397 980 396 980 379 991 344 983 343 983 342 983 340 983 339 983 325 994 293 994 280 983 280 981 279 981 278 981 182 981 180 981 179 981 178 981 165 991 130 981 129 981 127 981 126 981 125 981 125 983 115 991 116 1027"/></Shape>
	    <String CONTENT="ادلى پيدا مى شبود شارت به سين داعيان قاست"
                    HPOS="115"
                    VPOS="977"
                    WIDTH="890"
                    HEIGHT="77"
                    WC="0.9000866158706385"></String>
          </TextLine>

          
          
          <TextLine ID="eSc_line_f7ad834f"
                    TAGREFS="LT4837"
                    BASELINE="121 1100 1004 1102" 
                    HPOS="119"
                    VPOS="1050"
                    WIDTH="885"
                    HEIGHT="77">
            <Shape><Polygon POINTS="121 1100 119 1109 150 1114 161 1125 161 1126 162 1126 164 1126 165 1127 222 1127 222 1126 223 1126 225 1126 237 1116 297 1126 299 1126 300 1126 301 1126 301 1125 314 1112 346 1112 388 1114 403 1126 404 1126 406 1126 407 1127 475 1127 475 1126 477 1126 478 1126 491 1115 531 1112 561 1127 563 1127 564 1127 642 1115 667 1126 669 1126 670 1126 671 1126 673 1126 688 1114 748 1114 767 1125 769 1125 770 1125 816 1114 827 1123 827 1125 829 1125 830 1125 874 1127 876 1127 877 1127 934 1114 1002 1114 1004 1102 1001 1062 973 1068 955 1062 925 1051 923 1051 874 1051 873 1051 872 1051 851 1062 838 1069 717 1069 710 1062 699 1052 699 1051 698 1051 696 1051 653 1051 652 1051 650 1051 649 1051 638 1062 630 1069 563 1069 543 1062 511 1051 510 1051 509 1051 507 1051 486 1062 471 1050 470 1050 468 1050 446 1050 445 1050 443 1050 442 1050 428 1062 425 1063 422 1062 404 1050 403 1050 401 1050 356 1050 354 1050 353 1050 351 1050 335 1061 322 1054 321 1054 319 1054 318 1054 297 1062 294 1062 292 1062 268 1057 267 1057 265 1057 264 1057 264 1058 260 1062 255 1066 247 1062 235 1057 233 1057 232 1057 230 1057 219 1062 210 1068 165 1068 155 1062 143 1054 141 1054 140 1054 139 1054 137 1054 121 1061 121 1100"/></Shape>
	    <String CONTENT="و درقرآن آلده و اذا وقع القول عليهد آخر جنا"
                    HPOS="119"
                    VPOS="1050"
                    WIDTH="885"
                    HEIGHT="77"
                    WC="0.9319648600142935"></String>
          </TextLine>

          
          
          <TextLine ID="eSc_line_e4a9b72a"
                    TAGREFS="LT4837"
                    BASELINE="119 1182 638 1182 1005 1172" 
                    HPOS="119"
                    VPOS="1123"
                    WIDTH="886"
                    HEIGHT="85">
            <Shape><Polygon POINTS="119 1196 140 1207 141 1207 143 1208 187 1208 187 1207 189 1207 190 1207 207 1194 225 1194 235 1194 239 1194 342 1205 343 1205 344 1205 375 1194 378 1193 382 1194 413 1203 414 1203 415 1203 417 1203 418 1203 432 1193 433 1193 443 1200 445 1200 446 1200 447 1200 449 1200 465 1193 471 1191 472 1193 479 1200 479 1201 481 1201 482 1201 484 1201 485 1201 502 1193 506 1191 507 1193 518 1203 518 1204 520 1204 521 1204 523 1205 568 1205 568 1204 570 1204 571 1204 585 1193 586 1193 589 1193 645 1203 646 1203 648 1203 667 1193 673 1190 677 1193 689 1203 691 1203 692 1203 694 1204 731 1204 731 1203 733 1203 734 1203 734 1201 744 1193 749 1189 877 1189 883 1193 894 1201 895 1201 897 1201 898 1201 1004 1191 1005 1172 998 1123 979 1141 930 1141 908 1129 906 1129 905 1129 904 1129 879 1141 862 1129 861 1129 859 1129 858 1129 856 1129 855 1129 855 1130 841 1143 763 1143 738 1130 724 1125 723 1125 721 1125 720 1125 701 1132 696 1133 685 1133 606 1125 605 1125 603 1125 578 1136 559 1144 548 1136 534 1126 532 1126 531 1126 529 1126 528 1126 491 1136 481 1127 481 1126 479 1126 478 1126 435 1126 433 1126 432 1126 431 1126 418 1136 407 1127 406 1127 404 1127 356 1127 354 1127 353 1127 351 1127 336 1141 332 1144 324 1143 265 1129 264 1129 262 1129 232 1141 201 1137 200 1137 198 1137 197 1137 185 1146 182 1148 119 1148 119 1182 119 1196"/></Shape>
	    <String CONTENT="لهم ذايته من الأرض تتكله النار كانعا بايد"
                    HPOS="119"
                    VPOS="1123"
                    WIDTH="886"
                    HEIGHT="85"
                    WC="0.9460606887227013"></String>
          </TextLine>

          
          
          <TextLine ID="eSc_line_8bb0186e"
                    TAGREFS="LT4837"
                    BASELINE="121 1255 1005 1251" 
                    HPOS="119"
                    VPOS="1198"
                    WIDTH="886"
                    HEIGHT="82">
            <Shape><Polygon POINTS="121 1255 121 1265 214 1265 218 1267 239 1279 240 1279 242 1279 243 1280 304 1280 304 1279 306 1279 307 1279 307 1278 318 1267 321 1265 342 1265 344 1268 357 1278 357 1279 358 1279 360 1279 361 1279 435 1278 436 1278 461 1268 465 1267 468 1268 486 1278 488 1278 489 1278 514 1276 516 1276 517 1276 525 1268 529 1267 532 1268 545 1278 546 1278 548 1278 549 1278 550 1278 574 1269 591 1276 592 1276 593 1276 595 1276 596 1276 605 1269 612 1264 703 1264 712 1269 717 1275 719 1275 720 1275 721 1275 723 1275 724 1275 733 1269 735 1268 744 1269 769 1276 770 1276 771 1276 813 1271 865 1262 908 1271 918 1272 919 1272 1004 1271 1005 1251 1002 1207 927 1198 926 1198 925 1198 923 1198 909 1208 904 1211 877 1208 831 1203 830 1203 829 1203 827 1203 820 1210 813 1215 758 1215 752 1210 737 1198 735 1198 734 1198 733 1198 731 1198 698 1208 667 1200 666 1200 664 1200 663 1200 662 1200 650 1210 632 1200 631 1200 630 1200 628 1200 627 1200 627 1201 614 1212 612 1215 552 1215 548 1214 539 1207 538 1207 536 1207 535 1207 534 1207 532 1207 532 1208 525 1214 524 1216 459 1216 456 1215 415 1200 414 1200 413 1200 411 1200 382 1215 382 1216 381 1215 363 1201 361 1201 360 1201 289 1201 287 1201 286 1201 285 1201 285 1203 274 1211 237 1201 236 1201 235 1201 233 1201 232 1201 210 1216 182 1204 180 1204 179 1204 178 1204 176 1204 159 1216 140 1204 139 1204 137 1204 136 1204 134 1204 133 1204 119 1215 121 1255"/></Shape>
	    <String CONTENT="يوقنوسا يعنی هرگاه که کلام حق بر ابل تنزيل پوشيد"
                    HPOS="119"
                    VPOS="1198"
                    WIDTH="886"
                    HEIGHT="82"
                    WC="0.887092279891173"></String>
          </TextLine>

          
          
          <TextLine ID="eSc_line_fcd266f7"
                    TAGREFS="LT4837"
                    BASELINE="119 1339 1002 1328" 
                    HPOS="118"
                    VPOS="1275"
                    WIDTH="884"
                    HEIGHT="83">
            <Shape><Polygon POINTS="119 1339 119 1349 150 1358 151 1358 153 1358 154 1358 155 1358 155 1357 164 1349 168 1346 208 1346 215 1349 232 1357 233 1357 235 1357 236 1357 260 1349 274 1344 287 1349 311 1358 312 1358 314 1358 315 1358 317 1358 331 1349 340 1343 354 1349 363 1353 364 1353 365 1353 367 1353 381 1349 397 1344 414 1349 431 1354 432 1354 433 1354 435 1354 436 1354 443 1349 456 1342 477 1349 484 1351 485 1351 486 1351 503 1349 559 1340 567 1347 567 1349 568 1349 570 1349 571 1349 573 1349 591 1343 609 1349 624 1354 625 1354 627 1354 628 1354 630 1354 637 1349 650 1339 674 1339 692 1349 695 1351 696 1351 698 1351 751 1353 752 1353 753 1353 760 1349 784 1337 805 1337 822 1349 823 1351 824 1351 826 1351 827 1353 866 1353 866 1351 867 1351 869 1351 869 1350 870 1349 877 1342 893 1349 894 1350 895 1350 897 1350 1001 1349 1002 1328 998 1285 915 1289 909 1286 894 1275 893 1275 891 1275 890 1275 888 1275 887 1275 887 1276 876 1286 876 1287 847 1290 841 1286 829 1275 827 1275 826 1275 824 1275 759 1285 745 1278 744 1278 742 1278 741 1278 740 1278 728 1287 696 1278 695 1278 610 1278 609 1278 607 1278 577 1292 573 1293 568 1292 532 1279 531 1279 529 1279 443 1293 428 1296 424 1294 396 1280 395 1280 363 1280 361 1280 360 1280 332 1290 299 1282 297 1282 296 1282 294 1282 293 1282 293 1283 280 1294 254 1290 253 1290 251 1290 228 1297 210 1285 208 1285 207 1285 205 1285 204 1285 173 1299 172 1300 118 1300 119 1339"/></Shape>
	    <String CONTENT="انه میرونش نادرفيم ناطق و راعیخ را بايشان سخن"
                    HPOS="118"
                    VPOS="1275"
                    WIDTH="884"
                    HEIGHT="83"
                    WC="0.8112548271814982"></String>
          </TextLine>

          
          
          <TextLine ID="eSc_line_52ed6a96"
                    TAGREFS="LT4837"
                    BASELINE="136 1399 1005 1399" 
                    HPOS="136"
                    VPOS="1347"
                    WIDTH="869"
                    HEIGHT="78">
            <Shape><Polygon POINTS="136 1399 136 1411 165 1424 166 1424 168 1424 319 1413 328 1413 376 1413 378 1413 389 1422 389 1424 390 1424 392 1424 393 1424 542 1414 566 1413 571 1414 606 1424 607 1424 609 1424 610 1424 642 1414 649 1413 673 1413 677 1414 689 1424 691 1424 692 1424 694 1425 769 1425 769 1424 770 1424 771 1424 771 1422 781 1415 784 1413 854 1413 858 1415 866 1422 866 1424 867 1424 869 1424 870 1424 872 1424 904 1415 916 1413 923 1415 941 1424 943 1424 944 1424 1005 1415 1005 1399 1002 1347 941 1365 884 1365 829 1349 823 1347 822 1347 784 1347 783 1347 781 1347 780 1347 780 1349 778 1349 771 1356 741 1349 735 1349 734 1349 733 1349 731 1349 702 1364 667 1357 666 1357 664 1357 663 1357 663 1358 656 1365 612 1365 598 1350 595 1349 595 1347 593 1347 592 1347 591 1347 589 1347 580 1351 542 1364 485 1354 484 1354 482 1354 481 1354 472 1360 463 1351 459 1349 459 1347 457 1347 456 1347 407 1347 406 1347 404 1347 403 1347 395 1353 374 1365 285 1365 272 1354 271 1353 271 1351 269 1351 268 1351 267 1351 265 1351 257 1354 247 1357 237 1354 216 1347 215 1347 214 1347 136 1354 136 1399"/></Shape>
	    <String CONTENT="گويند و ردش بمردانند كه مردم ب آنچه آيات ما بود "
                    HPOS="136"
                    VPOS="1347"
                    WIDTH="869"
                    HEIGHT="78"
                    WC="0.8996098899841308"></String>
          </TextLine>

          
          
          <TextLine ID="eSc_line_7da4c0ea"
                    TAGREFS="LT4837"
                    BASELINE="121 1475 1007 1472" 
                    HPOS="119"
                    VPOS="1424"
                    WIDTH="888"
                    HEIGHT="71">
            <Shape><Polygon POINTS="121 1475 121 1490 198 1484 218 1492 226 1495 228 1495 229 1495 230 1495 239 1492 255 1484 333 1484 350 1492 351 1492 353 1492 354 1492 364 1492 442 1484 456 1492 457 1493 459 1493 460 1493 521 1495 523 1495 524 1495 532 1492 555 1484 563 1492 564 1492 564 1493 566 1493 567 1493 568 1495 613 1495 613 1493 614 1493 618 1492 637 1482 648 1492 649 1493 650 1493 652 1493 653 1495 699 1495 699 1493 701 1493 705 1492 734 1482 744 1492 745 1492 745 1493 746 1493 748 1493 749 1495 777 1495 777 1493 778 1493 781 1492 803 1482 829 1489 830 1489 831 1489 833 1489 852 1482 865 1492 866 1493 867 1493 869 1493 870 1493 888 1492 975 1485 1002 1492 1007 1472 1002 1426 848 1440 820 1429 806 1424 805 1424 803 1424 802 1424 783 1431 753 1440 733 1431 724 1428 723 1428 721 1428 720 1428 710 1432 696 1438 682 1432 657 1424 656 1424 612 1424 610 1424 609 1424 578 1435 568 1438 561 1435 549 1429 548 1429 546 1429 545 1429 543 1429 543 1431 538 1435 532 1440 527 1436 516 1426 516 1425 514 1425 513 1425 481 1425 479 1425 478 1425 477 1425 465 1435 443 1426 442 1426 440 1426 439 1426 438 1426 425 1438 421 1442 406 1438 388 1433 386 1433 385 1433 383 1433 382 1433 375 1439 368 1443 310 1443 307 1440 294 1428 294 1426 293 1426 292 1426 250 1425 248 1425 247 1425 216 1440 187 1425 186 1425 185 1425 183 1425 182 1425 182 1426 165 1443 119 1443 121 1475"/></Shape>
	    <String CONTENT="تعمين نه داشتهاند و ففخر دوم که به جههت زنده گردني"
                    HPOS="119"
                    VPOS="1424"
                    WIDTH="888"
                    HEIGHT="71"
                    WC="0.8773904663324356"></String>
          </TextLine>

          
          
          <TextLine ID="eSc_line_b6baf155"
                    TAGREFS="LT4837"
                    BASELINE="121 1554 1009 1545" 
                    HPOS="119"
                    VPOS="1493"
                    WIDTH="890"
                    HEIGHT="88">
            <Shape><Polygon POINTS="121 1554 121 1581 182 1567 230 1578 232 1578 233 1578 262 1566 296 1573 297 1573 368 1566 400 1575 401 1575 403 1575 461 1564 485 1577 486 1577 488 1577 489 1577 491 1577 509 1563 543 1577 545 1577 546 1578 582 1578 582 1577 584 1577 585 1577 612 1564 650 1575 652 1575 653 1575 655 1575 656 1575 681 1561 735 1561 751 1574 751 1575 752 1575 753 1575 755 1575 756 1575 759 1574 777 1567 787 1574 788 1574 790 1574 791 1574 929 1573 930 1573 951 1561 966 1573 968 1573 969 1573 970 1573 1009 1571 1009 1545 1005 1493 923 1506 870 1497 869 1497 867 1497 866 1497 851 1509 792 1509 773 1499 762 1495 760 1495 759 1495 758 1495 756 1495 751 1499 740 1509 680 1502 666 1500 664 1500 663 1500 659 1502 650 1507 642 1503 632 1496 631 1496 630 1496 628 1496 627 1496 625 1496 617 1503 616 1504 613 1503 599 1497 598 1497 596 1497 595 1497 571 1504 550 1510 534 1506 504 1497 503 1497 502 1497 500 1497 479 1507 468 1513 424 1513 415 1509 389 1499 388 1499 386 1499 385 1499 383 1499 371 1510 367 1513 350 1510 287 1500 286 1500 225 1511 214 1503 214 1502 212 1502 211 1502 164 1502 162 1502 161 1502 119 1516 121 1554"/></Shape>
	    <String CONTENT="مردان امست در عام اقی اشارت است به ظهور الفراع"
                    HPOS="119"
                    VPOS="1493"
                    WIDTH="890"
                    HEIGHT="88"
                    WC="0.8732671517392864"></String>
          </TextLine>

          
        </TextBlock>
        
        <TextBlock HPOS="517"
                   VPOS="50"
                   WIDTH="69"
                   HEIGHT="54"
                   ID="eSc_textblock_6f611645"
                   TAGREFS="BT16093">
          <Shape><Polygon POINTS="545 50 581 55 586 93 545 104 517 76 545 50"/></Shape>
          
          
          <TextLine ID="eSc_line_a08f976b"
                    TAGREFS="LT4837"
                    BASELINE="528 73 575 76" 
                    HPOS="527"
                    VPOS="50"
                    WIDTH="48"
                    HEIGHT="44">
            <Shape><Polygon POINTS="570 54 556 51 553 50 538 52 528 63 528 73 527 86 573 94 575 76 574 54 570 54"/></Shape>
	    <String CONTENT=""
                    HPOS="527"
                    VPOS="50"
                    WIDTH="48"
                    HEIGHT="44"></String>
          </TextLine>

          
        </TextBlock>
        

        
      </PrintSpace>
    </Page>
  </Layout>
</alto>
