<?xml version="1.0" encoding="UTF-8"?>
<alto xmlns:xsi="http://www.w3.org/2001/XMLSchema-instance"
      xmlns="http://www.loc.gov/standards/alto/ns-v4#"
      xsi:schemaLocation="http://www.loc.gov/standards/alto/ns-v4# http://www.loc.gov/standards/alto/v4/alto-4-2.xsd">
  <Description>
    <MeasurementUnit>pixel</MeasurementUnit>
    <sourceImageInformation>
      <fileName>Rasail127.jpg</fileName>
      
    </sourceImageInformation>
  </Description>
  
  <Tags>
    <OtherTag ID="BT16094" LABEL="default" DESCRIPTION="block type default"/><OtherTag ID="BT16093" LABEL="NumberingZone:page" DESCRIPTION="block type NumberingZone:page"/><OtherTag ID="BT16092" LABEL="MarginTextZone:note" DESCRIPTION="block type MarginTextZone:note"/><OtherTag ID="BT16091" LABEL="TitlePageZone" DESCRIPTION="block type TitlePageZone"/><OtherTag ID="BT16090" LABEL="QuireMarksZone:catchwords" DESCRIPTION="block type QuireMarksZone:catchwords"/><OtherTag ID="BT16089" LABEL="NumberingZone:other" DESCRIPTION="block type NumberingZone:other"/><OtherTag ID="BT16088" LABEL="NumberingZone" DESCRIPTION="block type NumberingZone"/><OtherTag ID="BT16087" LABEL="MarginTextZone" DESCRIPTION="block type MarginTextZone"/><OtherTag ID="BT16086" LABEL="MainZone" DESCRIPTION="block type MainZone"/><OtherTag ID="BT16085" LABEL="DigitizationArtefactZone" DESCRIPTION="block type DigitizationArtefactZone"/><OtherTag ID="BT2" LABEL="Main" DESCRIPTION="block type Main"/><OtherTag ID="BT1" LABEL="Title" DESCRIPTION="block type Title"/>
    <OtherTag ID="LT4837" LABEL="DefaultLine" DESCRIPTION="line type DefaultLine"/><OtherTag ID="LT4838" LABEL="default" DESCRIPTION="line type default"/><OtherTag ID="LT4839" LABEL="HeadingLine:title" DESCRIPTION="line type HeadingLine:title"/>
  </Tags>
  
  <Layout>
    <Page WIDTH="1219"
          HEIGHT="1706"
          PHYSICAL_IMG_NR="155"
          ID="eSc_dummypage_">
      <PrintSpace HPOS="0"
                  VPOS="0"
                  WIDTH="1219"
                  HEIGHT="1706">
        
        <TextBlock HPOS="96"
                   VPOS="164"
                   WIDTH="1049"
                   HEIGHT="1478"
                   ID="eSc_textblock_b51fd750"
                   TAGREFS="BT16086">
          <Shape><Polygon POINTS="630 164 974 164 1145 193 1127 221 1145 443 1127 614 1127 1596 1065 1636 136 1642 119 1579 125 1091 96 891 125 199 176 176 630 164"/></Shape>
          
          
          <TextLine ID="eSc_line_cd6cd96f"
                    TAGREFS="LT4837"
                    BASELINE="132 243 494 247 1081 231" 
                    HPOS="130"
                    VPOS="183"
                    WIDTH="951"
                    HEIGHT="94">
            <Shape><Polygon POINTS="132 243 132 261 149 271 150 271 152 271 153 271 155 271 155 270 166 260 284 260 304 277 305 277 307 277 308 277 442 268 466 274 467 274 469 274 470 274 472 274 483 267 560 271 561 271 563 271 564 271 581 257 584 255 591 257 647 267 648 267 650 267 651 267 667 257 696 255 715 255 716 255 739 264 741 264 742 264 785 255 786 255 815 268 816 268 817 268 874 254 897 250 958 250 962 254 975 265 977 265 978 265 980 267 1008 267 1008 265 1009 265 1011 265 1029 254 1041 247 1078 253 1081 231 1075 183 1046 197 1025 184 1024 183 1022 183 1021 183 1019 183 1018 183 1014 184 982 196 948 189 947 189 945 189 944 189 935 197 911 186 910 186 908 186 907 186 906 186 904 186 890 196 880 187 880 186 879 186 877 186 844 186 843 186 842 186 836 187 792 207 748 208 628 208 597 193 591 190 590 190 588 190 587 190 586 190 583 193 556 211 497 211 470 196 467 194 466 194 465 194 463 194 458 196 394 213 312 204 311 204 310 204 293 213 267 200 258 196 257 196 256 196 170 197 169 197 167 197 163 201 155 207 130 203 132 243"/></Shape>
	    <String CONTENT="پس ثابت شد که ب حت شهو و غفلت و کنهاری بندگان"
                    HPOS="130"
                    VPOS="183"
                    WIDTH="951"
                    HEIGHT="94"
                    WC="0.8948156714439393"></String>
          </TextLine>

          
          
          <TextLine ID="eSc_line_c1c9d18a"
                    TAGREFS="LT4837"
                    BASELINE="133 329 786 319 1078 304" 
                    HPOS="132"
                    VPOS="265"
                    WIDTH="946"
                    HEIGHT="91">
            <Shape><Polygon POINTS="133 329 133 351 169 355 170 355 172 355 182 351 200 341 260 341 278 348 287 351 288 351 290 351 291 351 293 351 297 346 310 339 331 341 335 346 347 355 347 356 348 356 349 356 351 356 462 355 519 351 520 351 544 341 551 338 568 338 571 339 586 352 587 352 588 352 590 352 638 351 640 351 677 336 689 332 699 336 725 345 726 345 728 345 729 345 752 335 762 329 772 334 797 346 799 346 800 346 802 346 823 336 853 346 854 346 856 346 897 345 898 345 941 329 954 325 971 329 989 332 991 332 992 332 1007 328 1021 324 1076 325 1078 304 1072 265 1041 282 1008 268 1005 267 1004 267 1002 267 987 270 948 275 933 271 921 268 920 268 918 268 917 268 904 272 852 290 763 281 762 281 760 281 759 281 746 290 722 284 721 284 719 284 718 284 688 292 655 282 644 280 642 280 641 280 640 280 628 284 604 294 587 285 570 277 568 277 567 277 566 277 536 288 510 297 485 290 482 290 480 290 479 290 477 290 473 291 445 298 435 292 429 288 428 288 426 288 425 288 423 288 409 292 391 301 368 301 361 295 351 288 349 288 348 288 347 288 302 298 298 298 295 298 254 284 253 284 197 284 196 284 194 284 132 304 133 329"/></Shape>
	    <String CONTENT="است کهگاهی در رحمت و باب معرفت خود را س دان"
                    HPOS="132"
                    VPOS="265"
                    WIDTH="946"
                    HEIGHT="91"
                    WC="0.9319070536036824"></String>
          </TextLine>

          
          
          <TextLine ID="eSc_line_991cd04c"
                    TAGREFS="LT4837"
                    BASELINE="291 413 1078 385" 
                    HPOS="290"
                    VPOS="341"
                    WIDTH="788"
                    HEIGHT="98">
            <Shape><Polygon POINTS="291 413 291 427 327 439 328 439 329 439 331 439 368 425 371 425 374 425 411 435 412 435 413 435 487 433 489 433 504 425 512 432 513 432 514 432 516 432 560 427 561 427 563 427 563 426 570 420 577 427 577 429 578 429 580 429 581 429 583 429 607 422 627 427 628 427 630 427 631 427 681 413 685 412 725 412 728 412 745 423 746 423 748 423 749 423 751 423 782 415 840 420 842 420 843 420 880 406 883 405 994 403 1005 412 1005 413 1007 413 1008 413 1009 413 1011 413 1032 402 1034 400 1078 399 1078 385 1072 348 1059 353 1051 349 1038 341 1036 341 1035 341 1034 341 1032 341 1005 351 978 361 925 355 876 349 874 349 873 349 849 358 840 362 836 359 832 355 830 355 829 355 827 355 826 355 824 355 819 359 807 368 759 369 749 363 731 352 729 352 728 352 726 352 725 352 724 352 706 365 702 369 696 366 674 355 672 355 671 355 601 371 593 372 591 371 576 358 574 358 573 358 571 358 523 359 522 359 467 376 459 379 440 378 392 375 391 375 290 385 291 413"/></Shape>
	    <String CONTENT="ورمى بندد و ايشان را پديشان مى گذارو"
                    HPOS="290"
                    VPOS="341"
                    WIDTH="788"
                    HEIGHT="98"
                    WC="0.9201946324772305"></String>
          </TextLine>

          
          
          <TextLine ID="eSc_line_01655000"
                    TAGREFS="LT4837"
                    BASELINE="442 491 797 473" 
                    HPOS="439"
                    VPOS="417"
                    WIDTH="358"
                    HEIGHT="94">
            <Shape><Polygon POINTS="442 491 442 511 483 511 485 511 486 511 487 510 499 501 561 504 584 506 586 506 587 506 595 503 611 496 634 500 654 503 655 503 657 503 658 503 664 497 667 494 672 497 685 501 687 501 688 501 689 501 709 494 721 490 728 493 739 499 741 499 742 499 797 487 797 473 789 417 762 436 714 430 712 430 711 430 685 437 671 429 667 426 665 426 664 426 662 426 661 426 659 426 659 427 655 432 645 439 627 433 623 433 621 433 620 433 618 433 614 435 600 442 591 437 576 429 574 429 573 429 534 432 533 432 500 446 492 450 486 447 472 440 470 440 469 440 467 440 466 440 466 442 465 442 459 450 458 453 439 453 442 491"/></Shape>
	    <String CONTENT="اگر ما را بهماى در گذارى"
                    HPOS="439"
                    VPOS="417"
                    WIDTH="358"
                    HEIGHT="94"
                    WC="0.8946859290202459"></String>
          </TextLine>

          
          
          <TextLine ID="eSc_line_2904534b"
                    TAGREFS="LT4837"
                    BASELINE="587 555 788 551" 
                    HPOS="584"
                    VPOS="501"
                    WIDTH="204"
                    HEIGHT="76">
            <Shape><Polygon POINTS="587 555 587 570 635 577 637 577 638 577 640 577 640 575 645 571 652 564 675 564 689 571 696 575 698 575 699 575 701 575 709 572 732 562 786 572 788 551 785 513 719 501 718 501 716 501 715 501 699 513 654 503 652 503 584 516 587 555"/></Shape>
	    <String CONTENT="ياور تا چه خواهى"
                    HPOS="584"
                    VPOS="501"
                    WIDTH="204"
                    HEIGHT="76"
                    WC="0.9229770675301552"></String>
          </TextLine>

          
          
          <TextLine ID="eSc_line_5859c035"
                    TAGREFS="LT4837"
                    BASELINE="553 628 1007 615" 
                    HPOS="551"
                    VPOS="565"
                    WIDTH="456"
                    HEIGHT="84">
            <Shape><Polygon POINTS="553 628 554 639 567 636 574 639 600 649 601 649 603 649 604 649 630 636 635 635 648 636 688 642 689 642 691 642 712 634 719 632 725 634 748 641 749 641 751 641 752 641 753 641 753 639 762 632 772 641 772 642 773 642 775 642 803 644 805 644 806 644 861 629 866 628 869 628 903 641 904 641 906 641 985 636 987 636 988 636 1007 624 1007 615 1004 565 981 565 980 565 978 565 977 565 975 567 951 582 898 582 886 572 881 568 880 568 879 568 877 568 876 568 874 568 867 574 850 585 803 585 792 578 783 571 782 571 780 571 779 571 752 572 751 572 749 572 749 574 741 581 739 582 738 582 705 572 704 572 702 572 701 572 678 581 634 575 632 575 631 575 604 589 563 584 561 584 560 584 559 584 551 588 553 628"/></Shape>
	    <String CONTENT="ويگر بايد دان ست که شناخت ام"
                    HPOS="551"
                    VPOS="565"
                    WIDTH="456"
                    HEIGHT="84"
                    WC="0.92057204246521"></String>
          </TextLine>

          
          
          <TextLine ID="eSc_line_e4536364"
                    TAGREFS="LT4837"
                    BASELINE="613 699 1063 678" 
                    HPOS="608"
                    VPOS="628"
                    WIDTH="455"
                    HEIGHT="97">
            <Shape><Polygon POINTS="613 699 613 719 659 719 659 717 661 717 667 715 678 707 684 713 694 722 694 723 695 723 696 723 725 725 726 725 728 725 729 725 729 723 742 710 745 706 762 705 778 707 826 719 827 719 917 707 935 715 937 715 938 715 940 715 941 715 941 713 960 696 961 695 970 695 1022 702 1024 702 1025 702 1063 689 1063 678 1061 636 1036 628 1035 628 1034 628 1032 628 1031 628 1031 629 1022 636 1009 629 1008 629 1007 629 1005 629 1004 629 1002 629 991 638 988 641 933 641 914 641 913 641 910 641 854 653 842 642 836 638 834 638 833 638 832 638 799 639 797 639 796 639 796 641 792 645 778 656 749 651 748 651 704 661 664 649 662 649 661 649 608 649 613 699"/></Shape>
	    <String CONTENT="شناخت چسم او که درين چيوان"
                    HPOS="608"
                    VPOS="628"
                    WIDTH="455"
                    HEIGHT="97"
                    WC="0.9163054617551657"></String>
          </TextLine>

          
          
          <TextLine ID="eSc_line_896a6444"
                    TAGREFS="LT4837"
                    BASELINE="136 641 273 641" 
                    HPOS="136"
                    VPOS="571"
                    WIDTH="137"
                    HEIGHT="90">
            <Shape><Polygon POINTS="136 641 136 661 176 661 176 659 177 659 180 658 201 646 271 653 273 641 273 601 240 601 237 598 197 571 196 571 194 571 170 571 169 571 167 571 166 571 136 589 136 641"/></Shape>
	    <String CONTENT="سعت ايی"
                    HPOS="136"
                    VPOS="571"
                    WIDTH="137"
                    HEIGHT="90"
                    WC="0.7599513147558484"></String>
          </TextLine>

          
          
          <TextLine ID="eSc_line_095bdcba"
                    TAGREFS="LT4837"
                    BASELINE="870 769 1025 762 1072 753" 
                    HPOS="867"
                    VPOS="706"
                    WIDTH="205"
                    HEIGHT="91">
            <Shape><Polygon POINTS="870 769 871 797 891 796 893 796 894 796 894 794 921 773 970 773 981 780 997 790 998 790 999 790 1001 790 1039 787 1041 787 1042 787 1072 764 1072 753 1065 706 1022 715 1007 712 974 706 972 706 971 706 970 706 955 717 945 726 867 727 870 769"/></Shape>
	    <String CONTENT="شم او که درين"
                    HPOS="867"
                    VPOS="706"
                    WIDTH="205"
                    HEIGHT="91"
                    WC="0.8925166359314551"></String>
          </TextLine>

          
          
          <TextLine ID="eSc_line_f944402c"
                    TAGREFS="LT4837"
                    BASELINE="961 835 1078 831" 
                    HPOS="958"
                    VPOS="781"
                    WIDTH="120"
                    HEIGHT="66">
            <Shape><Polygon POINTS="961 835 961 847 1078 844 1078 831 1076 794 1045 781 1044 781 1042 781 1041 781 1005 796 999 797 958 797 961 835"/></Shape>
	    <String CONTENT="اوکه در"
                    HPOS="958"
                    VPOS="781"
                    WIDTH="120"
                    HEIGHT="66"
                    WC="0.7772809437343052"></String>
          </TextLine>

          
          
          <TextLine ID="eSc_line_c57aff77"
                    TAGREFS="LT4837"
                    BASELINE="438 791 735 777" 
                    HPOS="435"
                    VPOS="717"
                    WIDTH="300"
                    HEIGHT="91">
            <Shape><Polygon POINTS="438 791 438 808 496 808 497 808 509 806 557 793 584 798 586 798 587 798 615 791 632 797 642 801 644 801 645 801 675 800 677 800 678 800 687 794 698 787 733 790 735 777 728 735 709 739 701 736 650 717 648 717 647 717 580 720 578 720 577 720 577 722 547 749 541 753 531 750 500 742 499 742 497 742 496 742 494 742 494 743 483 754 482 757 435 757 438 791"/></Shape>
	    <String CONTENT="د همم شريک اند"
                    HPOS="435"
                    VPOS="717"
                    WIDTH="300"
                    HEIGHT="91"
                    WC="0.8573171751839774"></String>
          </TextLine>

          
          
          <TextLine ID="eSc_line_04a38ca1"
                    TAGREFS="LT4837"
                    BASELINE="174 783 229 787" 
                    HPOS="173"
                    VPOS="749"
                    WIDTH="57"
                    HEIGHT="51">
            <Shape><Polygon POINTS="174 783 173 800 227 798 229 787 230 762 199 749 197 749 196 749 176 753 174 783"/></Shape>
	    <String CONTENT=""
                    HPOS="173"
                    VPOS="749"
                    WIDTH="57"
                    HEIGHT="51"></String>
          </TextLine>

          
          
          <TextLine ID="eSc_line_e4e04d52"
                    TAGREFS="LT4837"
                    BASELINE="620 909 1082 901" 
                    HPOS="618"
                    VPOS="857"
                    WIDTH="464"
                    HEIGHT="75">
            <Shape><Polygon POINTS="620 909 620 925 687 929 688 929 689 929 711 924 722 921 732 924 770 932 772 932 886 922 924 929 925 929 948 928 950 928 951 928 951 926 961 918 962 915 1081 914 1082 901 1079 857 974 857 972 857 971 857 970 857 962 861 930 881 920 874 918 874 917 874 916 874 914 874 889 881 870 865 864 860 863 860 861 860 860 860 859 860 846 867 817 882 768 881 758 871 758 870 756 870 755 870 753 870 752 870 749 871 724 884 688 878 687 878 685 878 658 885 644 875 640 871 638 871 637 871 635 871 634 871 618 875 620 909"/></Shape>
	    <String CONTENT="او که خاص به حجت ادست"
                    HPOS="618"
                    VPOS="857"
                    WIDTH="464"
                    HEIGHT="75"
                    WC="0.8592847216696966"></String>
          </TextLine>

          
          
          <TextLine ID="eSc_line_fc23c142"
                    TAGREFS="LT4837"
                    BASELINE="588 860 711 855" 
                    HPOS="586"
                    VPOS="791"
                    WIDTH="125"
                    HEIGHT="86">
            <Shape><Polygon POINTS="588 860 588 867 614 877 615 877 617 877 618 877 642 871 669 864 706 874 711 855 708 804 647 791 645 791 644 791 642 791 617 814 614 817 586 817 588 860"/></Shape>
	    <String CONTENT="شريک"
                    HPOS="586"
                    VPOS="791"
                    WIDTH="125"
                    HEIGHT="86"
                    WC="0.802285224199295"></String>
          </TextLine>

          
          
          <TextLine ID="eSc_line_00576d85"
                    TAGREFS="LT4837"
                    BASELINE="135 867 234 867" 
                    HPOS="135"
                    VPOS="823"
                    WIDTH="99"
                    HEIGHT="68">
            <Shape><Polygon POINTS="135 867 135 880 159 889 160 889 162 891 192 891 192 889 193 889 194 889 204 882 210 878 233 882 234 867 233 823 199 824 197 824 196 824 196 825 190 830 180 841 135 841 135 867"/></Shape>
	    <String CONTENT=""
                    HPOS="135"
                    VPOS="823"
                    WIDTH="99"
                    HEIGHT="68"></String>
          </TextLine>

          
          
          <TextLine ID="eSc_line_3d8aadb0"
                    TAGREFS="LT4837"
                    BASELINE="578 998 1008 980" 
                    HPOS="577"
                    VPOS="929"
                    WIDTH="431"
                    HEIGHT="84">
            <Shape><Polygon POINTS="578 998 578 1005 640 1003 642 1003 669 1013 671 1013 672 1013 718 1005 746 1009 748 1009 749 1009 751 1009 759 1000 789 1009 790 1009 792 1009 861 993 864 993 866 993 901 1003 903 1003 904 1003 971 1002 972 1002 1008 986 1008 980 1004 929 981 929 980 929 978 929 977 929 977 931 975 931 968 939 955 932 954 931 953 931 951 931 950 931 948 931 947 931 944 934 923 951 891 951 876 939 870 934 869 934 867 934 866 934 833 935 832 935 830 935 830 936 829 936 823 943 815 953 786 946 756 938 755 938 753 938 752 938 751 938 751 939 738 949 735 952 729 951 695 941 694 941 692 941 691 941 689 941 689 942 688 942 678 955 677 958 577 962 578 998"/></Shape>
	    <String CONTENT="ديگر بايد دانست که اهلب هرت"
                    HPOS="577"
                    VPOS="929"
                    WIDTH="431"
                    HEIGHT="84"
                    WC="0.8905192657753274"></String>
          </TextLine>

          
          
          <TextLine ID="eSc_line_67492226"
                    TAGREFS="LT4837"
                    BASELINE="605 1064 1075 1054" 
                    HPOS="604"
                    VPOS="1003"
                    WIDTH="471"
                    HEIGHT="77">
            <Shape><Polygon POINTS="605 1064 605 1080 669 1071 681 1080 682 1080 684 1080 685 1080 687 1080 688 1080 696 1073 705 1080 706 1080 708 1080 709 1080 711 1080 714 1079 732 1073 765 1077 783 1080 785 1080 786 1080 788 1080 790 1077 799 1071 834 1076 860 1079 861 1079 863 1079 870 1074 886 1067 1073 1069 1075 1054 1071 1003 988 1010 987 1010 985 1010 985 1012 974 1020 958 1010 951 1005 950 1005 948 1005 947 1005 907 1013 894 1016 891 1015 880 1007 879 1007 877 1007 876 1007 874 1007 873 1007 860 1016 844 1027 820 1019 815 1017 813 1017 812 1017 786 1022 738 1030 731 1025 715 1013 714 1013 712 1013 682 1010 681 1010 679 1010 678 1010 651 1030 648 1033 604 1033 605 1064"/></Shape>
	    <String CONTENT="قی خدود که ز پيراويند هميشه"
                    HPOS="604"
                    VPOS="1003"
                    WIDTH="471"
                    HEIGHT="77"
                    WC="0.9213057668120773"></String>
          </TextLine>

          
          
          <TextLine ID="eSc_line_2192a77d"
                    TAGREFS="LT4837"
                    BASELINE="145 1017 290 1019" 
                    HPOS="143"
                    VPOS="970"
                    WIDTH="147"
                    HEIGHT="62">
            <Shape><Polygon POINTS="145 1017 143 1032 288 1032 290 1019 290 985 224 970 223 970 145 982 145 1017"/></Shape>
	    <String CONTENT="عيان"
                    HPOS="143"
                    VPOS="970"
                    WIDTH="147"
                    HEIGHT="62"
                    WC="0.8952371180057526"></String>
          </TextLine>

          
          
          <TextLine ID="eSc_line_9a2c10a9"
                    TAGREFS="LT4837"
                    BASELINE="641 1141 1072 1127" 
                    HPOS="638"
                    VPOS="1077"
                    WIDTH="434"
                    HEIGHT="84">
            <Shape><Polygon POINTS="641 1141 641 1148 681 1161 682 1161 684 1161 685 1161 722 1147 726 1144 769 1144 775 1145 810 1157 812 1157 813 1157 859 1148 891 1154 893 1154 894 1154 937 1141 947 1138 953 1141 975 1151 977 1151 978 1151 1021 1150 1022 1150 1024 1150 1038 1138 1044 1135 1069 1137 1072 1127 1068 1077 1017 1079 1015 1079 1014 1079 1014 1080 988 1097 968 1081 967 1080 965 1080 964 1080 962 1080 961 1080 955 1083 920 1101 860 1101 842 1090 840 1090 839 1090 837 1090 836 1090 810 1104 796 1091 792 1087 792 1086 790 1086 789 1086 770 1086 769 1086 768 1086 766 1086 766 1087 759 1093 746 1106 638 1100 641 1141"/></Shape>
	    <String CONTENT="ديگر ولادت يی بهجمم ان"
                    HPOS="638"
                    VPOS="1077"
                    WIDTH="434"
                    HEIGHT="84"
                    WC="0.8962157490578565"></String>
          </TextLine>

          
          
          <TextLine ID="eSc_line_ca21d022"
                    TAGREFS="LT4837"
                    BASELINE="150 1097 253 1097" 
                    HPOS="150"
                    VPOS="1043"
                    WIDTH="103"
                    HEIGHT="77">
            <Shape><Polygon POINTS="150 1097 150 1110 251 1120 253 1097 253 1049 197 1043 196 1043 194 1043 193 1043 174 1057 170 1061 150 1061 150 1097"/></Shape>
	    <String CONTENT="ص"
                    HPOS="150"
                    VPOS="1043"
                    WIDTH="103"
                    HEIGHT="77"
                    WC="0.9840677976608276"></String>
          </TextLine>

          
          
          <TextLine ID="eSc_line_f63d7178"
                    TAGREFS="LT4837"
                    BASELINE="614 1214 964 1208 1068 1198" 
                    HPOS="613"
                    VPOS="1154"
                    WIDTH="455"
                    HEIGHT="81">
            <Shape><Polygon POINTS="614 1214 615 1232 642 1219 691 1226 692 1226 731 1218 746 1226 756 1234 758 1234 759 1234 760 1235 789 1235 789 1234 790 1234 792 1234 792 1232 800 1225 803 1221 810 1224 824 1229 826 1229 827 1229 829 1229 850 1222 870 1215 877 1221 887 1231 889 1231 890 1231 891 1232 925 1232 925 1231 953 1228 954 1228 955 1228 967 1216 970 1215 972 1216 982 1226 982 1228 984 1228 985 1228 987 1228 988 1228 1012 1215 1019 1212 1066 1212 1068 1198 1065 1154 1007 1154 1005 1154 1004 1154 1001 1155 975 1168 953 1157 948 1155 947 1155 945 1155 944 1155 943 1155 943 1157 941 1157 920 1177 873 1177 857 1162 856 1162 854 1162 853 1162 852 1162 796 1181 758 1181 743 1168 743 1167 742 1167 741 1167 739 1167 738 1167 736 1167 719 1178 702 1164 699 1161 698 1161 696 1161 695 1161 613 1167 614 1214"/></Shape>
	    <String CONTENT="معجنه علمی و ولادت او را از"
                    HPOS="613"
                    VPOS="1154"
                    WIDTH="455"
                    HEIGHT="81"
                    WC="0.9236714288040444"></String>
          </TextLine>

          
          
          <TextLine ID="eSc_line_0c7a1b27"
                    TAGREFS="LT4837"
                    BASELINE="149 1158 267 1152" 
                    HPOS="146"
                    VPOS="1110"
                    WIDTH="121"
                    HEIGHT="84">
            <Shape><Polygon POINTS="149 1158 149 1175 190 1175 209 1187 219 1192 220 1192 221 1192 267 1194 267 1152 263 1123 246 1123 231 1111 231 1110 230 1110 229 1110 227 1110 226 1110 204 1120 176 1113 174 1113 173 1113 172 1113 146 1125 149 1158"/></Shape>
	    <String CONTENT=""
                    HPOS="146"
                    VPOS="1110"
                    WIDTH="121"
                    HEIGHT="84"></String>
          </TextLine>

          
          
          <TextLine ID="eSc_line_9f63c4a5"
                    TAGREFS="LT4837"
                    BASELINE="650 1285 1083 1278" 
                    HPOS="648"
                    VPOS="1228"
                    WIDTH="435"
                    HEIGHT="77">
            <Shape><Polygon POINTS="650 1285 650 1290 677 1305 678 1305 679 1305 722 1303 724 1303 725 1303 725 1302 736 1292 739 1290 766 1290 769 1293 780 1302 780 1303 782 1303 783 1303 785 1305 816 1305 816 1303 817 1303 819 1303 819 1302 827 1293 830 1292 840 1293 880 1302 881 1302 914 1295 950 1288 982 1296 992 1299 994 1299 995 1299 997 1299 998 1299 999 1296 1014 1286 1082 1297 1083 1278 1078 1231 1045 1243 1018 1231 1011 1228 1009 1228 1008 1228 992 1231 968 1236 944 1232 930 1229 928 1229 927 1229 925 1229 923 1232 906 1248 874 1248 847 1232 843 1231 842 1231 840 1231 839 1231 834 1232 807 1248 756 1236 755 1236 753 1236 724 1251 689 1251 669 1234 668 1234 667 1234 665 1234 648 1234 650 1285"/></Shape>
	    <String CONTENT="چند جامه که گذشت به عض دا"
                    HPOS="648"
                    VPOS="1228"
                    WIDTH="435"
                    HEIGHT="77"
                    WC="0.9284274744987487"></String>
          </TextLine>

          
          
          <TextLine ID="eSc_line_df0fc828"
                    TAGREFS="LT4837"
                    BASELINE="145 1236 234 1235" 
                    HPOS="143"
                    VPOS="1177"
                    WIDTH="91"
                    HEIGHT="84">
            <Shape><Polygon POINTS="145 1236 145 1252 152 1259 153 1259 155 1259 156 1261 182 1261 182 1259 183 1259 184 1259 184 1258 193 1251 194 1249 233 1251 234 1235 230 1195 207 1195 199 1189 184 1177 183 1177 182 1177 180 1177 143 1178 145 1236"/></Shape>
	    <String CONTENT="درين"
                    HPOS="143"
                    VPOS="1177"
                    WIDTH="91"
                    HEIGHT="84"
                    WC="0.7929511964321136"></String>
          </TextLine>

          
          
          <TextLine ID="eSc_line_53517511"
                    TAGREFS="LT4837"
                    BASELINE="618 1364 1081 1352" 
                    HPOS="617"
                    VPOS="1312"
                    WIDTH="464"
                    HEIGHT="71">
            <Shape><Polygon POINTS="618 1364 618 1371 667 1383 668 1383 725 1370 735 1379 735 1380 736 1380 738 1380 739 1381 772 1381 772 1380 773 1380 797 1369 799 1367 800 1369 820 1379 822 1379 823 1379 824 1379 869 1367 879 1364 893 1366 924 1370 925 1370 927 1370 943 1364 950 1363 955 1364 980 1373 981 1373 982 1373 984 1373 1001 1364 1005 1361 1012 1363 1041 1371 1042 1371 1044 1371 1045 1371 1081 1361 1081 1352 1075 1313 1055 1323 1008 1316 975 1312 974 1312 972 1312 971 1312 961 1319 950 1326 933 1320 917 1315 916 1315 914 1315 860 1323 819 1330 805 1326 780 1319 779 1319 778 1319 776 1319 775 1319 762 1329 756 1332 748 1329 719 1319 718 1319 716 1319 715 1319 672 1333 665 1334 661 1333 648 1327 647 1327 645 1327 644 1327 617 1334 618 1364"/></Shape>
	    <String CONTENT="کرده بعدمد سب وجود"
                    HPOS="617"
                    VPOS="1312"
                    WIDTH="464"
                    HEIGHT="71"
                    WC="0.872655987739563"></String>
          </TextLine>

          
          
          <TextLine ID="eSc_line_243675c0"
                    TAGREFS="LT4837"
                    BASELINE="159 1317 241 1317" 
                    HPOS="159"
                    VPOS="1270"
                    WIDTH="82"
                    HEIGHT="62">
            <Shape><Polygon POINTS="159 1317 160 1332 179 1323 240 1330 241 1317 241 1280 213 1270 211 1270 210 1270 209 1270 159 1288 159 1317"/></Shape>
	    <String CONTENT=""
                    HPOS="159"
                    VPOS="1270"
                    WIDTH="82"
                    HEIGHT="62"></String>
          </TextLine>

          
          
          <TextLine ID="eSc_line_51542549"
                    TAGREFS="LT4837"
                    BASELINE="641 1438 1083 1424" 
                    HPOS="640"
                    VPOS="1374"
                    WIDTH="443"
                    HEIGHT="84">
            <Shape><Polygon POINTS="641 1438 641 1448 684 1458 685 1458 687 1458 688 1458 702 1447 714 1455 715 1455 716 1455 718 1455 772 1444 776 1444 779 1444 805 1454 806 1454 807 1454 809 1454 810 1454 827 1442 843 1452 844 1452 846 1452 847 1452 906 1451 907 1451 908 1451 927 1440 931 1440 1038 1447 1039 1447 1041 1447 1083 1434 1083 1424 1081 1379 950 1374 948 1374 947 1374 923 1383 906 1376 904 1376 903 1376 901 1376 869 1390 856 1396 823 1393 803 1391 802 1391 776 1396 756 1398 753 1397 736 1386 735 1386 733 1386 732 1386 731 1386 701 1400 699 1401 640 1403 641 1438"/></Shape>
	    <String CONTENT="که غلط کرده اند سبب"
                    HPOS="640"
                    VPOS="1374"
                    WIDTH="443"
                    HEIGHT="84"
                    WC="0.9254937673869886"></String>
          </TextLine>

          
          
          <TextLine ID="eSc_line_2665b2cd"
                    TAGREFS="LT4837"
                    BASELINE="146 1383 248 1383" 
                    HPOS="146"
                    VPOS="1334"
                    WIDTH="102"
                    HEIGHT="67">
            <Shape><Polygon POINTS="146 1383 146 1397 203 1401 204 1401 206 1401 207 1401 207 1400 216 1393 217 1391 248 1391 248 1383 247 1334 146 1342 146 1383"/></Shape>
	    <String CONTENT="عيان"
                    HPOS="146"
                    VPOS="1334"
                    WIDTH="102"
                    HEIGHT="67"
                    WC="0.7994725555181503"></String>
          </TextLine>

          
          
          <TextLine ID="eSc_line_a8792fb2"
                    TAGREFS="LT4837"
                    BASELINE="540 1514 1081 1497" 
                    HPOS="539"
                    VPOS="1451"
                    WIDTH="542"
                    HEIGHT="80">
            <Shape><Polygon POINTS="540 1514 540 1531 630 1518 752 1516 772 1524 783 1526 785 1526 786 1526 788 1526 796 1522 803 1518 807 1522 812 1525 813 1525 815 1525 816 1525 900 1524 901 1524 923 1516 944 1509 954 1515 962 1521 964 1521 965 1521 967 1521 1079 1509 1081 1497 1076 1451 1034 1452 1032 1452 1031 1452 1031 1454 1008 1471 950 1458 931 1455 930 1455 928 1455 927 1455 927 1457 925 1457 923 1461 920 1464 914 1461 908 1457 907 1457 906 1457 904 1457 903 1457 901 1457 894 1462 879 1475 860 1465 859 1465 857 1465 856 1465 854 1465 836 1477 819 1470 817 1470 816 1470 815 1470 788 1478 779 1470 772 1464 770 1464 769 1464 768 1464 766 1464 765 1464 753 1471 742 1478 735 1472 725 1464 725 1462 724 1462 722 1462 704 1462 702 1462 669 1464 668 1464 667 1464 644 1479 638 1482 634 1479 621 1471 620 1471 618 1471 617 1471 615 1471 614 1471 601 1481 598 1485 539 1485 540 1514"/></Shape>
	    <String CONTENT="شهور داشته بودند و شاه نزار"
                    HPOS="539"
                    VPOS="1451"
                    WIDTH="542"
                    HEIGHT="80"
                    WC="0.9529201785723368"></String>
          </TextLine>

          
          
          <TextLine ID="eSc_line_de81e7a4"
                    TAGREFS="LT4837"
                    BASELINE="146 1448 200 1451" 
                    HPOS="145"
                    VPOS="1394"
                    WIDTH="55"
                    HEIGHT="101">
            <Shape><Polygon POINTS="146 1448 145 1495 197 1474 200 1451 200 1394 147 1401 146 1448"/></Shape>
	    <String CONTENT=""
                    HPOS="145"
                    VPOS="1394"
                    WIDTH="55"
                    HEIGHT="101"></String>
          </TextLine>

          
          
          <TextLine ID="eSc_line_8ca290fb"
                    TAGREFS="LT4837"
                    BASELINE="581 1589 1085 1576" 
                    HPOS="578"
                    VPOS="1535"
                    WIDTH="507"
                    HEIGHT="75">
            <Shape><Polygon POINTS="581 1589 581 1599 675 1610 677 1610 678 1610 701 1600 711 1596 721 1600 743 1609 745 1609 746 1609 748 1609 749 1609 760 1602 789 1607 790 1607 792 1607 810 1600 830 1593 849 1600 861 1605 863 1605 864 1606 917 1606 917 1605 918 1605 933 1600 967 1589 1042 1588 1059 1600 1061 1600 1062 1600 1063 1602 1085 1602 1085 1576 1081 1535 578 1546 581 1589"/></Shape>
	    <String CONTENT="بود ند ودرين دو جامه که آند"
                    HPOS="578"
                    VPOS="1535"
                    WIDTH="507"
                    HEIGHT="75"
                    WC="0.8156010934284755"></String>
          </TextLine>

          
          
          <TextLine ID="eSc_line_86de48a8"
                    TAGREFS="LT4837"
                    BASELINE="318 1563 436 1558" 
                    HPOS="317"
                    VPOS="1519"
                    WIDTH="119"
                    HEIGHT="70">
            <Shape><Polygon POINTS="318 1563 318 1582 369 1589 371 1589 372 1589 374 1589 394 1575 396 1573 436 1570 436 1558 432 1519 386 1525 385 1525 384 1525 384 1526 381 1529 366 1542 317 1542 318 1563"/></Shape>
	    <String CONTENT=""
                    HPOS="317"
                    VPOS="1519"
                    WIDTH="119"
                    HEIGHT="70"></String>
          </TextLine>

          
          
          <TextLine ID="eSc_line_899bd6d2"
                    TAGREFS="LT4837"
                    BASELINE="155 1533 253 1533" 
                    HPOS="155"
                    VPOS="1481"
                    WIDTH="98"
                    HEIGHT="68">
            <Shape><Polygon POINTS="155 1533 155 1546 227 1539 250 1549 253 1533 253 1485 219 1481 217 1481 216 1481 214 1481 194 1498 183 1508 155 1508 155 1533"/></Shape>
	    <String CONTENT="اشت"
                    HPOS="155"
                    VPOS="1481"
                    WIDTH="98"
                    HEIGHT="68"
                    WC="0.8409384290377299"></String>
          </TextLine>

          
          
          <TextLine ID="eSc_line_721c31e3"
                    TAGREFS="LT4837"
                    BASELINE="308 1630 344 1637 507 1624" 
                    HPOS="307"
                    VPOS="1579"
                    WIDTH="200"
                    HEIGHT="85">
            <Shape><Polygon POINTS="308 1630 308 1654 351 1664 352 1664 425 1650 446 1646 453 1649 470 1656 472 1656 473 1656 475 1656 507 1646 507 1624 504 1590 483 1579 482 1579 480 1579 440 1582 439 1582 438 1582 438 1583 436 1583 428 1595 394 1590 392 1590 391 1590 389 1590 372 1605 368 1609 307 1610 308 1630"/></Shape>
	    <String CONTENT="سرا بر طرف"
                    HPOS="307"
                    VPOS="1579"
                    WIDTH="200"
                    HEIGHT="85"
                    WC="0.8736920714378357"></String>
          </TextLine>

          
          
          <TextLine ID="eSc_line_9f92fe67"
                    TAGREFS="LT4837"
                    BASELINE="147 1607 291 1615" 
                    HPOS="146"
                    VPOS="1546"
                    WIDTH="145"
                    HEIGHT="86">
            <Shape><Polygon POINTS="147 1607 146 1617 155 1627 155 1629 156 1629 157 1629 159 1629 160 1629 186 1619 193 1617 288 1632 291 1615 291 1582 273 1582 271 1580 230 1548 229 1548 227 1548 206 1546 204 1546 203 1546 149 1572 147 1607"/></Shape>
	    <String CONTENT="ود ال"
                    HPOS="146"
                    VPOS="1546"
                    WIDTH="145"
                    HEIGHT="86"
                    WC="0.9514204621315002"></String>
          </TextLine>

          
        </TextBlock>
        
        <TextBlock HPOS="567"
                   VPOS="62"
                   WIDTH="147"
                   HEIGHT="90"
                   ID="eSc_textblock_cfdf8723"
                   TAGREFS="BT16093">
          <Shape><Polygon POINTS="630 62 691 68 714 117 662 152 590 146 567 96 630 62"/></Shape>
          
          
          <TextLine ID="eSc_line_5aaf52b3"
                    TAGREFS="LT4837"
                    BASELINE="598 108 668 105" 
                    HPOS="595"
                    VPOS="65"
                    WIDTH="73"
                    HEIGHT="57">
            <Shape><Polygon POINTS="595 79 598 108 598 122 668 120 668 105 664 65 598 76 595 79"/></Shape>
	    <String CONTENT=""
                    HPOS="595"
                    VPOS="65"
                    WIDTH="73"
                    HEIGHT="57"></String>
          </TextLine>

          
        </TextBlock>
        
        <TextBlock HPOS="307"
                   VPOS="1637"
                   WIDTH="44"
                   HEIGHT="22"
                   ID="eSc_textblock_84a77378"
                   TAGREFS="BT16090">
          <Shape><Polygon POINTS="307 1637 351 1643 351 1653 318 1659 307 1637"/></Shape>
          
        </TextBlock>
        

        
      </PrintSpace>
    </Page>
  </Layout>
</alto>
