<?xml version="1.0" encoding="UTF-8"?>
<alto xmlns:xsi="http://www.w3.org/2001/XMLSchema-instance"
      xmlns="http://www.loc.gov/standards/alto/ns-v4#"
      xsi:schemaLocation="http://www.loc.gov/standards/alto/ns-v4# http://www.loc.gov/standards/alto/v4/alto-4-2.xsd">
  <Description>
    <MeasurementUnit>pixel</MeasurementUnit>
    <sourceImageInformation>
      <fileName>Rasail047.jpg</fileName>
      
    </sourceImageInformation>
  </Description>
  
  <Tags>
    <OtherTag ID="BT16094" LABEL="default" DESCRIPTION="block type default"/><OtherTag ID="BT16093" LABEL="NumberingZone:page" DESCRIPTION="block type NumberingZone:page"/><OtherTag ID="BT16092" LABEL="MarginTextZone:note" DESCRIPTION="block type MarginTextZone:note"/><OtherTag ID="BT16091" LABEL="TitlePageZone" DESCRIPTION="block type TitlePageZone"/><OtherTag ID="BT16090" LABEL="QuireMarksZone:catchwords" DESCRIPTION="block type QuireMarksZone:catchwords"/><OtherTag ID="BT16089" LABEL="NumberingZone:other" DESCRIPTION="block type NumberingZone:other"/><OtherTag ID="BT16088" LABEL="NumberingZone" DESCRIPTION="block type NumberingZone"/><OtherTag ID="BT16087" LABEL="MarginTextZone" DESCRIPTION="block type MarginTextZone"/><OtherTag ID="BT16086" LABEL="MainZone" DESCRIPTION="block type MainZone"/><OtherTag ID="BT16085" LABEL="DigitizationArtefactZone" DESCRIPTION="block type DigitizationArtefactZone"/><OtherTag ID="BT2" LABEL="Main" DESCRIPTION="block type Main"/><OtherTag ID="BT1" LABEL="Title" DESCRIPTION="block type Title"/>
    <OtherTag ID="LT4837" LABEL="DefaultLine" DESCRIPTION="line type DefaultLine"/><OtherTag ID="LT4838" LABEL="default" DESCRIPTION="line type default"/><OtherTag ID="LT4839" LABEL="HeadingLine:title" DESCRIPTION="line type HeadingLine:title"/>
  </Tags>
  
  <Layout>
    <Page WIDTH="1116"
          HEIGHT="1703"
          PHYSICAL_IMG_NR="75"
          ID="eSc_dummypage_">
      <PrintSpace HPOS="0"
                  VPOS="0"
                  WIDTH="1116"
                  HEIGHT="1703">
        
        <TextBlock HPOS="164"
                   VPOS="147"
                   WIDTH="917"
                   HEIGHT="1509"
                   ID="eSc_textblock_d46b0ec4"
                   TAGREFS="BT16086">
          <Shape><Polygon POINTS="651 147 1047 153 1081 210 1076 912 1053 1084 1064 1627 985 1656 198 1656 176 1633 187 1271 164 1150 193 401 181 204 232 153 651 147"/></Shape>
          
          
          <TextLine ID="eSc_line_0e9825d8"
                    TAGREFS="LT4837"
                    BASELINE="698 252 1066 261" 
                    HPOS="697"
                    VPOS="195"
                    WIDTH="369"
                    HEIGHT="94">
            <Shape><Polygon POINTS="697 276 705 282 707 282 708 282 709 282 770 276 778 282 778 283 779 283 780 283 782 283 783 283 806 276 817 285 819 285 820 285 822 285 974 280 1003 289 1005 289 1006 289 1064 280 1066 261 1062 215 1052 224 1000 224 985 211 982 208 981 208 979 208 978 208 965 210 883 221 856 219 829 202 823 198 822 198 820 198 819 198 799 200 768 204 699 195 698 252 697 276"/></Shape>
	    <String CONTENT="بعضی از کره زيين که آب"
                    HPOS="697"
                    VPOS="195"
                    WIDTH="369"
                    HEIGHT="94"
                    WC="0.8813886668371118"></String>
          </TextLine>

          
          
          <TextLine ID="eSc_line_b8f1260f"
                    TAGREFS="LT4837"
                    BASELINE="214 235 403 232 540 238" 
                    HPOS="212"
                    VPOS="187"
                    WIDTH="328"
                    HEIGHT="69">
            <Shape><Polygon POINTS="214 235 212 245 255 255 256 255 258 255 259 255 269 248 278 242 381 242 407 252 416 255 417 255 418 255 420 255 427 252 451 242 475 254 478 255 479 255 481 256 539 256 540 238 540 195 522 188 521 188 519 188 518 188 516 188 508 195 504 200 478 200 472 195 455 187 454 187 452 187 451 187 450 187 437 195 433 200 406 200 381 197 291 187 289 187 288 187 286 187 274 197 266 191 266 190 265 190 264 190 262 190 261 190 259 190 251 197 248 198 214 198 214 235"/></Shape>
	    <String CONTENT="شک شود وخواص"
                    HPOS="212"
                    VPOS="187"
                    WIDTH="328"
                    HEIGHT="69"
                    WC="0.9550238947073618"></String>
          </TextLine>

          
          
          <TextLine ID="eSc_line_6823d664"
                    TAGREFS="LT4837"
                    BASELINE="215 317 413 317 1063 337" 
                    HPOS="214"
                    VPOS="271"
                    WIDTH="849"
                    HEIGHT="92">
            <Shape><Polygon POINTS="215 317 214 330 221 336 222 336 224 336 225 336 227 336 228 336 237 329 285 332 299 344 301 344 302 344 303 344 335 343 336 343 337 343 350 333 353 332 427 333 431 336 452 349 454 349 455 349 457 349 501 339 515 350 516 350 518 350 519 351 558 351 558 350 559 350 586 342 597 339 613 343 655 354 657 354 658 356 688 356 688 354 690 354 691 354 701 346 708 342 753 349 803 356 805 356 806 356 807 356 814 351 820 347 826 351 833 357 834 357 836 357 837 357 839 357 840 357 847 353 859 346 895 354 930 361 931 361 959 357 974 354 978 357 983 363 985 363 986 363 988 363 1062 360 1063 337 1060 305 992 306 988 302 982 298 982 296 981 296 979 296 978 296 976 296 975 296 975 298 969 302 964 306 867 305 864 299 854 288 853 288 853 286 851 286 850 286 849 286 779 298 758 300 746 296 709 282 708 282 707 282 705 282 668 295 660 298 650 295 607 279 606 279 604 279 518 289 454 275 452 275 451 275 406 286 381 273 380 273 379 273 329 283 303 271 302 271 301 271 299 271 256 285 252 286 215 285 215 317"/></Shape>
	    <String CONTENT="بعضی از نبات مر گردد و بعضی از انواع حيوانات ناچيز گردد"
                    HPOS="214"
                    VPOS="271"
                    WIDTH="849"
                    HEIGHT="92"
                    WC="0.9122263951735063"></String>
          </TextLine>

          
          
          <TextLine ID="eSc_line_5fda9d5c"
                    TAGREFS="LT4837"
                    BASELINE="207 395 1060 415" 
                    HPOS="205"
                    VPOS="347"
                    WIDTH="855"
                    HEIGHT="94">
            <Shape><Polygon POINTS="207 395 205 405 255 415 256 415 332 410 337 410 353 424 353 425 354 425 356 425 390 427 391 427 393 427 394 427 406 417 435 427 437 427 438 427 440 427 441 427 457 412 458 412 496 412 499 414 508 421 508 422 509 422 511 422 567 425 569 425 570 425 572 425 579 420 593 431 594 431 596 431 633 432 634 434 671 434 671 432 673 432 674 432 674 431 687 420 690 417 699 420 726 428 728 428 729 428 731 428 748 421 759 431 759 432 761 432 762 432 763 432 765 432 786 422 793 420 810 420 814 424 826 432 826 434 827 434 829 434 830 434 832 434 833 434 833 432 843 424 846 421 853 424 876 434 877 434 878 434 880 434 904 425 905 425 907 425 937 439 938 439 1018 441 1019 441 1020 441 1059 430 1060 415 1060 386 1027 373 1026 373 1025 373 1023 373 1022 373 1022 374 1009 384 864 381 839 367 837 367 836 367 834 367 820 373 807 361 807 360 806 360 805 360 803 360 802 360 779 368 756 359 755 359 753 359 699 367 685 356 684 356 682 356 681 356 680 356 644 376 641 376 592 373 559 356 558 356 556 356 494 364 467 351 465 351 464 351 462 351 442 359 427 353 425 353 424 353 423 353 421 353 408 363 391 349 390 349 389 349 303 347 302 347 301 347 299 347 299 349 286 359 256 350 255 350 254 350 252 350 251 350 228 366 227 366 207 366 207 395"/></Shape>
	    <String CONTENT="واين هرددره را قبران عال گبير و قرآن عالم صغير گويند "
                    HPOS="205"
                    VPOS="347"
                    WIDTH="855"
                    HEIGHT="94"
                    WC="0.8453015100072931"></String>
          </TextLine>

          
          
          <TextLine ID="eSc_line_16709dda"
                    TAGREFS="LT4837"
                    BASELINE="921 493 1057 498" 
                    HPOS="920"
                    VPOS="447"
                    WIDTH="137"
                    HEIGHT="76">
            <Shape><Polygon POINTS="921 493 920 520 1002 523 1003 523 1005 523 1006 523 1019 513 1023 512 1056 512 1057 498 1057 449 968 466 941 449 938 447 937 447 935 447 934 447 921 448 921 493"/></Shape>
	    <String CONTENT="ديگرهر"
                    HPOS="920"
                    VPOS="447"
                    WIDTH="137"
                    HEIGHT="76"
                    WC="0.8627886176109314"></String>
          </TextLine>

          
          
          <TextLine ID="eSc_line_5507e288"
                    TAGREFS="LT4837"
                    BASELINE="208 468 614 475" 
                    HPOS="207"
                    VPOS="424"
                    WIDTH="407"
                    HEIGHT="71">
            <Shape><Polygon POINTS="208 468 207 481 244 489 245 489 247 489 261 482 265 479 271 482 296 491 298 491 299 491 301 491 302 491 313 482 316 479 326 482 370 492 372 492 373 492 407 482 416 489 416 491 417 491 418 491 420 491 421 491 423 491 435 482 438 481 509 481 513 482 577 495 579 495 580 495 613 482 614 475 614 435 602 427 600 427 599 427 532 425 481 425 479 425 478 425 477 425 464 435 462 437 461 435 454 430 452 430 451 430 450 430 389 435 377 435 372 434 336 424 335 424 333 424 332 424 330 424 319 434 313 437 208 432 208 468"/></Shape>
	    <String CONTENT="داشته اندو دريي دوره از"
                    HPOS="207"
                    VPOS="424"
                    WIDTH="407"
                    HEIGHT="71"
                    WC="0.8843895041424296"></String>
          </TextLine>

          
          
          <TextLine ID="eSc_line_13b8e004"
                    TAGREFS="LT4837"
                    BASELINE="212 547 1062 563" 
                    HPOS="211"
                    VPOS="499"
                    WIDTH="851"
                    HEIGHT="87">
            <Shape><Polygon POINTS="212 547 211 556 269 557 286 573 288 573 289 573 291 573 292 573 319 560 325 567 326 567 326 569 327 569 329 569 330 569 489 563 508 563 511 563 545 577 546 577 548 577 549 577 550 577 569 566 575 570 575 571 576 571 577 571 579 571 606 566 607 566 609 566 634 579 636 579 637 579 770 570 786 581 788 581 789 581 790 581 829 574 849 583 850 583 851 583 853 583 854 583 854 581 866 571 868 570 885 570 891 573 911 584 912 584 914 584 915 584 917 584 932 577 938 583 938 584 939 584 941 584 1029 586 1030 586 1032 586 1033 586 1033 584 1043 576 1046 573 1057 576 1062 563 1062 522 1019 520 1018 520 1016 520 1015 520 993 533 866 522 864 522 833 527 823 520 822 519 820 519 819 519 817 519 816 519 810 520 785 529 776 520 775 519 775 517 773 517 772 517 770 517 769 517 763 520 755 525 725 522 724 520 708 506 707 506 705 506 663 505 661 505 660 505 658 505 640 520 633 525 624 519 617 513 616 513 614 513 613 513 611 513 610 513 602 519 599 522 596 519 569 503 567 503 566 503 565 503 563 503 562 503 543 519 543 520 521 520 519 519 491 502 489 502 488 502 487 502 485 502 460 508 369 499 313 499 312 499 310 499 309 499 309 500 288 519 286 519 212 519 212 547"/></Shape>
	    <String CONTENT="غيراتدرألواع وأصناف مواليد وخواص بريكي"
                    HPOS="211"
                    VPOS="499"
                    WIDTH="851"
                    HEIGHT="87"
                    WC="0.911555877327919"></String>
          </TextLine>

          
          
          <TextLine ID="eSc_line_0c66b298"
                    TAGREFS="LT4837"
                    BASELINE="1012 647 1049 647" 
                    HPOS="1012"
                    VPOS="610"
                    WIDTH="37"
                    HEIGHT="49">
            <Shape><Polygon POINTS="1012 647 1012 659 1049 654 1049 647 1049 610 1012 610 1012 647"/></Shape>
	    <String CONTENT="ه"
                    HPOS="1012"
                    VPOS="610"
                    WIDTH="37"
                    HEIGHT="49"
                    WC="0.8070154190063477"></String>
          </TextLine>

          
          
          <TextLine ID="eSc_line_44333692"
                    TAGREFS="LT4837"
                    BASELINE="732 634 867 638" 
                    HPOS="731"
                    VPOS="600"
                    WIDTH="136"
                    HEIGHT="54">
            <Shape><Polygon POINTS="732 634 731 651 864 654 867 638 866 607 824 600 823 600 822 600 820 600 807 607 799 613 785 608 769 603 768 603 766 603 765 603 763 603 763 604 758 608 755 611 732 610 732 634"/></Shape>
	    <String CONTENT="واضمتاف"
                    HPOS="731"
                    VPOS="600"
                    WIDTH="136"
                    HEIGHT="54"
                    WC="0.9352684702192035"></String>
          </TextLine>

          
          
          <TextLine ID="eSc_line_305066b7"
                    TAGREFS="LT4837"
                    BASELINE="217 614 472 617" 
                    HPOS="215"
                    VPOS="570"
                    WIDTH="257"
                    HEIGHT="65">
            <Shape><Polygon POINTS="217 614 215 630 217 631 218 631 218 632 220 632 221 632 222 632 224 632 244 624 245 623 248 624 266 632 268 632 269 632 306 625 308 625 353 634 354 635 390 635 390 634 391 634 404 627 410 624 469 628 472 617 471 584 396 571 394 571 339 576 278 581 264 571 261 570 259 570 258 570 217 570 217 614"/></Shape>
	    <String CONTENT="دو اين دورها"
                    HPOS="215"
                    VPOS="570"
                    WIDTH="257"
                    HEIGHT="65"
                    WC="0.9304915964603424"></String>
          </TextLine>

          
          
          <TextLine ID="eSc_line_dd5ca0e7"
                    TAGREFS="LT4837"
                    BASELINE="888 716 1046 718" 
                    HPOS="887"
                    VPOS="668"
                    WIDTH="159"
                    HEIGHT="75">
            <Shape><Polygon POINTS="888 716 887 742 904 743 905 743 907 743 908 743 910 742 927 729 949 729 965 737 971 742 972 742 974 742 975 742 1045 733 1046 718 1043 674 1013 685 969 685 955 675 945 668 944 668 942 668 941 668 888 676 888 716"/></Shape>
	    <String CONTENT="ر"
                    HPOS="887"
                    VPOS="668"
                    WIDTH="159"
                    HEIGHT="75"
                    WC="0.6567738652229309"></String>
          </TextLine>

          
          
          <TextLine ID="eSc_line_6f7a4a4c"
                    TAGREFS="LT4837"
                    BASELINE="778 709 850 713" 
                    HPOS="776"
                    VPOS="662"
                    WIDTH="74"
                    HEIGHT="71">
            <Shape><Polygon POINTS="778 709 776 723 847 733 850 713 850 676 817 676 809 668 806 665 806 664 805 664 803 664 779 662 778 709"/></Shape>
	    <String CONTENT="و"
                    HPOS="776"
                    VPOS="662"
                    WIDTH="74"
                    HEIGHT="71"
                    WC="0.5467516779899597"></String>
          </TextLine>

          
          
          <TextLine ID="eSc_line_1a56adef"
                    TAGREFS="LT4837"
                    BASELINE="218 692 519 695" 
                    HPOS="217"
                    VPOS="642"
                    WIDTH="302"
                    HEIGHT="67">
            <Shape><Polygon POINTS="218 692 217 702 225 708 227 708 228 708 230 708 313 702 366 698 398 705 418 709 420 709 440 706 474 702 516 709 519 695 519 659 369 642 367 642 310 655 299 657 218 654 218 692"/></Shape>
	    <String CONTENT="مسال را مک دوره"
                    HPOS="217"
                    VPOS="642"
                    WIDTH="302"
                    HEIGHT="67"
                    WC="0.8874527494112651"></String>
          </TextLine>

          
          
          <TextLine ID="eSc_line_56280968"
                    TAGREFS="LT4837"
                    BASELINE="204 767 491 770 1047 790" 
                    HPOS="203"
                    VPOS="716"
                    WIDTH="844"
                    HEIGHT="95">
            <Shape><Polygon POINTS="203 777 245 787 247 787 248 787 264 780 269 777 276 781 295 790 296 790 298 790 352 784 386 780 394 786 398 790 400 790 401 790 403 790 431 787 435 787 445 794 447 794 448 794 450 794 485 789 521 784 552 791 577 798 579 798 580 798 582 798 594 794 606 789 617 794 626 798 627 798 628 798 630 798 637 796 653 789 681 797 687 798 688 798 690 798 691 798 692 798 692 797 705 790 736 798 738 798 739 798 790 793 805 803 809 806 810 806 812 806 813 806 836 803 905 796 930 807 932 808 934 808 986 810 988 810 989 810 991 810 999 803 1045 811 1047 790 1047 749 1020 747 1019 747 1018 747 1016 747 1016 749 1005 757 829 745 827 745 826 745 824 745 824 746 817 752 770 752 759 739 755 736 755 735 753 735 752 735 751 735 749 735 748 735 744 739 729 749 721 742 719 742 718 742 717 742 675 747 641 735 640 735 638 735 637 735 634 735 590 745 577 733 573 730 573 729 572 729 570 729 569 729 567 729 566 729 562 732 555 739 545 732 536 725 535 725 533 725 532 725 475 729 445 732 427 728 393 720 244 716 242 716 241 716 239 716 232 722 220 730 207 720 204 767 203 777"/></Shape>
	    <String CONTENT="اشتهاندو درن دور سيارات در اول درجه حمل جمع شوند"
                    HPOS="203"
                    VPOS="716"
                    WIDTH="844"
                    HEIGHT="95"
                    WC="0.8975529993573824"></String>
          </TextLine>

          
          
          <TextLine ID="eSc_line_71eba2a1"
                    TAGREFS="LT4837"
                    BASELINE="989 869 1046 868" 
                    HPOS="986"
                    VPOS="823"
                    WIDTH="60"
                    HEIGHT="66">
            <Shape><Polygon POINTS="989 869 991 889 1009 879 1043 881 1046 868 1043 830 986 823 989 869"/></Shape>
	    <String CONTENT=""
                    HPOS="986"
                    VPOS="823"
                    WIDTH="60"
                    HEIGHT="66"></String>
          </TextLine>

          
          
          <TextLine ID="eSc_line_12981174"
                    TAGREFS="LT4837"
                    BASELINE="208 844 528 844 803 855" 
                    HPOS="207"
                    VPOS="793"
                    WIDTH="596"
                    HEIGHT="81">
            <Shape><Polygon POINTS="208 844 207 862 308 852 396 862 397 862 398 862 400 862 410 855 440 867 441 867 442 867 518 857 583 869 592 871 593 871 594 871 597 869 630 858 650 871 654 874 655 874 657 874 658 874 802 872 803 855 802 804 766 808 735 803 719 800 718 800 717 800 715 800 712 803 694 814 685 807 685 806 684 806 682 806 681 806 560 814 525 814 495 798 491 797 489 797 488 797 487 797 482 798 475 803 465 798 457 796 455 796 454 796 452 796 447 798 424 811 416 804 414 804 413 804 411 804 410 804 390 810 376 797 373 796 373 794 372 794 370 794 369 794 367 794 359 797 322 810 274 807 259 796 256 793 255 793 254 793 252 793 208 794 208 844"/></Shape>
	    <String CONTENT="تاب فلکی و عنصری وساپير موجودات وارقع"
                    HPOS="207"
                    VPOS="793"
                    WIDTH="596"
                    HEIGHT="81"
                    WC="0.873841130250209"></String>
          </TextLine>

          
          
          <TextLine ID="eSc_line_b0def62b"
                    TAGREFS="LT4837"
                    BASELINE="793 933 1050 940" 
                    HPOS="792"
                    VPOS="898"
                    WIDTH="258"
                    HEIGHT="65">
            <Shape><Polygon POINTS="793 933 792 943 830 956 832 956 833 956 876 948 901 960 903 960 904 960 971 950 996 963 998 963 999 963 1049 950 1050 940 1047 901 1005 912 958 902 935 898 934 898 908 904 888 908 873 904 849 898 847 898 846 898 844 898 843 898 843 899 836 905 834 905 823 898 822 898 820 898 819 898 817 898 793 905 793 933"/></Shape>
	    <String CONTENT="شود و اين دومه"
                    HPOS="792"
                    VPOS="898"
                    WIDTH="258"
                    HEIGHT="65"
                    WC="0.9312234733785901"></String>
          </TextLine>

          
          
          <TextLine ID="eSc_line_6abc6b8a"
                    TAGREFS="LT4837"
                    BASELINE="237 912 511 918" 
                    HPOS="235"
                    VPOS="867"
                    WIDTH="276"
                    HEIGHT="73">
            <Shape><Polygon POINTS="237 912 235 925 256 936 258 936 259 936 261 936 272 930 373 940 374 940 376 940 416 929 441 939 442 939 444 939 509 929 511 918 511 882 442 867 394 867 393 867 391 867 390 867 379 877 364 867 363 867 362 867 360 867 359 867 357 867 340 878 337 878 275 869 274 869 237 875 237 912"/></Shape>
	    <String CONTENT="والاعلم بالصوب ب"
                    HPOS="235"
                    VPOS="867"
                    WIDTH="276"
                    HEIGHT="73"
                    WC="0.853274829685688"></String>
          </TextLine>

          
          
          <TextLine ID="eSc_line_94033a68"
                    TAGREFS="LT4837"
                    BASELINE="508 1071 692 1061" 
                    HPOS="505"
                    VPOS="1004"
                    WIDTH="187"
                    HEIGHT="93">
            <Shape><Polygon POINTS="508 1071 509 1097 563 1087 692 1087 692 1061 684 1004 654 1031 624 1031 609 1018 596 1007 596 1006 594 1006 593 1006 579 1006 577 1006 543 1009 542 1009 540 1009 540 1010 516 1035 515 1038 505 1038 508 1071"/></Shape>
	    <String CONTENT="حيف يردتهم"
                    HPOS="505"
                    VPOS="1004"
                    WIDTH="187"
                    HEIGHT="93"
                    WC="0.8143700212240219"></String>
          </TextLine>

          
          
          <TextLine ID="eSc_line_df92a5ea"
                    TAGREFS="LT4837"
                    BASELINE="663 1165 766 1167 816 1160" 
                    HPOS="661"
                    VPOS="1114"
                    WIDTH="155"
                    HEIGHT="86">
            <Shape><Polygon POINTS="663 1165 667 1199 671 1192 677 1197 678 1199 680 1199 681 1199 682 1200 725 1200 725 1199 726 1199 728 1199 728 1197 742 1186 751 1177 814 1173 816 1160 812 1126 762 1126 758 1121 751 1115 751 1114 749 1114 748 1114 746 1114 745 1114 725 1118 704 1123 661 1114 663 1165"/></Shape>
	    <String CONTENT="در تحقيق"
                    HPOS="661"
                    VPOS="1114"
                    WIDTH="155"
                    HEIGHT="86"
                    WC="0.9035146683454514"></String>
          </TextLine>

          
          
          <TextLine ID="eSc_line_8f776591"
                    TAGREFS="LT4837"
                    BASELINE="319 1149 506 1158" 
                    HPOS="318"
                    VPOS="1087"
                    WIDTH="188"
                    HEIGHT="89">
            <Shape><Polygon POINTS="319 1149 318 1166 380 1159 400 1159 411 1172 413 1172 413 1173 414 1173 416 1173 417 1173 424 1172 460 1165 474 1175 475 1176 477 1176 478 1176 479 1176 505 1175 506 1158 506 1109 389 1087 387 1087 386 1087 384 1087 367 1099 320 1102 319 1149"/></Shape>
	    <String CONTENT="ابقول مقديان"
                    HPOS="318"
                    VPOS="1087"
                    WIDTH="188"
                    HEIGHT="89"
                    WC="0.8906556119521459"></String>
          </TextLine>

          
          
          <TextLine ID="eSc_line_337f439e"
                    TAGREFS="LT4837"
                    BASELINE="211 1298 427 1297 981 1312" 
                    HPOS="210"
                    VPOS="1237"
                    WIDTH="771"
                    HEIGHT="99">
            <Shape><Polygon POINTS="211 1298 210 1311 230 1314 231 1314 232 1314 235 1312 254 1302 264 1311 264 1312 265 1312 266 1312 268 1312 269 1312 286 1304 350 1312 352 1312 403 1307 418 1316 423 1321 424 1321 425 1321 427 1321 428 1321 434 1318 454 1308 482 1308 505 1319 511 1322 512 1322 513 1322 515 1322 516 1322 519 1319 532 1309 540 1316 542 1316 543 1316 545 1316 546 1316 548 1316 560 1309 600 1309 609 1318 609 1319 610 1319 611 1319 613 1319 655 1312 670 1324 677 1331 678 1331 680 1331 681 1331 748 1326 755 1326 766 1326 885 1335 887 1335 888 1335 904 1331 918 1326 924 1331 930 1336 931 1336 932 1336 934 1336 935 1336 937 1336 944 1332 955 1324 976 1332 981 1312 978 1253 928 1268 910 1253 910 1251 908 1251 907 1251 905 1251 904 1251 901 1253 866 1267 779 1253 746 1247 745 1247 744 1247 742 1247 736 1253 724 1264 711 1264 697 1253 690 1246 688 1246 687 1246 685 1246 684 1246 671 1253 655 1261 628 1253 617 1248 616 1248 614 1248 589 1253 558 1257 535 1253 501 1244 499 1244 498 1244 478 1253 465 1257 448 1253 440 1250 438 1250 437 1250 435 1250 434 1250 431 1253 427 1254 424 1253 413 1241 413 1240 411 1240 410 1240 347 1238 346 1238 345 1238 343 1238 336 1244 327 1237 326 1237 325 1237 323 1237 211 1251 211 1298"/></Shape>
	    <String CONTENT="ر آن که از  عليم و حکيم ترتب سلسله موجودات اقتضای"
                    HPOS="210"
                    VPOS="1237"
                    WIDTH="771"
                    HEIGHT="99"
                    WC="0.8864445918798447"></String>
          </TextLine>

          
          
          <TextLine ID="eSc_line_5281db85"
                    TAGREFS="LT4837"
                    BASELINE="208 1378 437 1378 1056 1396" 
                    HPOS="207"
                    VPOS="1319"
                    WIDTH="849"
                    HEIGHT="95">
            <Shape><Polygon POINTS="1054 1339 1026 1339 1025 1339 1023 1339 1022 1339 998 1356 964 1356 945 1339 942 1336 941 1336 939 1336 938 1336 937 1336 935 1336 932 1339 912 1355 898 1355 884 1339 881 1338 881 1336 880 1336 878 1336 877 1336 876 1336 870 1339 841 1352 813 1339 807 1336 806 1336 805 1336 803 1336 802 1336 799 1339 783 1349 749 1349 735 1338 726 1331 725 1331 724 1331 722 1331 721 1331 704 1338 694 1343 616 1346 586 1346 575 1338 563 1328 562 1328 560 1328 559 1328 558 1328 556 1328 556 1329 548 1338 545 1339 543 1338 531 1326 529 1326 528 1326 526 1326 525 1326 504 1338 499 1339 492 1338 447 1324 445 1324 444 1324 442 1324 425 1332 420 1325 418 1325 418 1324 417 1324 416 1324 363 1322 362 1322 360 1322 333 1335 326 1328 326 1326 325 1326 323 1326 322 1326 320 1326 306 1334 295 1321 295 1319 293 1319 292 1319 291 1319 259 1322 258 1322 256 1322 238 1336 237 1336 208 1336 208 1378 207 1386 291 1387 292 1389 302 1396 303 1396 305 1396 306 1396 308 1396 333 1389 352 1385 380 1390 424 1399 425 1399 427 1399 450 1392 460 1389 556 1389 563 1395 569 1397 570 1397 572 1397 573 1397 590 1395 603 1392 611 1395 634 1404 636 1404 677 1406 678 1406 739 1397 751 1396 753 1397 765 1407 766 1407 768 1407 769 1407 770 1407 772 1407 782 1399 790 1407 790 1409 792 1409 793 1409 844 1410 846 1410 847 1410 849 1410 849 1409 860 1400 958 1413 959 1413 961 1413 988 1403 1003 1414 1005 1414 1006 1414 1008 1414 1054 1403 1056 1396 1056 1376 1054 1339"/></Shape>
	    <String CONTENT="ا نوده که اول مرتته از کنايت مرته جماد باشد بعد از آن"
                    HPOS="207"
                    VPOS="1319"
                    WIDTH="849"
                    HEIGHT="95"
                    WC="0.8831211543745465"></String>
          </TextLine>

          
          
          <TextLine ID="eSc_line_52d223b8"
                    TAGREFS="LT4837"
                    BASELINE="191 1468 1047 1465" 
                    HPOS="190"
                    VPOS="1403"
                    WIDTH="857"
                    HEIGHT="82">
            <Shape><Polygon POINTS="191 1468 191 1483 269 1475 279 1483 283 1485 285 1485 286 1485 288 1485 289 1485 291 1485 291 1484 293 1483 301 1475 333 1475 349 1481 359 1485 360 1485 362 1485 363 1485 376 1481 391 1475 414 1481 430 1484 431 1484 433 1484 434 1484 434 1483 437 1480 442 1475 482 1475 492 1480 504 1485 505 1485 506 1485 508 1485 522 1480 531 1475 540 1480 559 1485 560 1485 562 1485 620 1478 655 1474 664 1478 678 1484 680 1484 681 1484 682 1484 684 1484 691 1477 695 1474 698 1477 708 1484 709 1484 711 1484 712 1485 770 1485 770 1484 772 1484 788 1477 793 1474 803 1475 832 1483 833 1483 834 1483 853 1475 859 1474 866 1475 903 1484 904 1485 1037 1485 1037 1484 1039 1484 1040 1484 1040 1483 1047 1475 1047 1465 1046 1426 1030 1419 1029 1419 1027 1419 1026 1419 1025 1419 1015 1426 1013 1427 911 1427 910 1426 904 1420 904 1419 903 1419 901 1419 900 1419 790 1419 766 1410 765 1410 763 1410 762 1410 761 1410 748 1419 731 1414 729 1414 728 1414 726 1414 725 1414 725 1416 715 1424 714 1427 648 1427 646 1424 626 1410 624 1410 623 1410 621 1410 620 1410 594 1423 566 1416 565 1416 563 1416 516 1424 499 1427 495 1424 484 1413 484 1412 482 1412 481 1412 479 1412 458 1414 442 1403 441 1403 440 1403 438 1403 437 1403 420 1410 414 1404 414 1403 413 1403 411 1403 251 1403 249 1403 248 1403 247 1403 247 1404 237 1413 207 1410 205 1410 204 1410 203 1410 190 1417 191 1468"/></Shape>
	    <String CONTENT="نبات بعد از آن حيوان بعد از ان النسان پس آدم شخصى"
                    HPOS="190"
                    VPOS="1403"
                    WIDTH="857"
                    HEIGHT="82"
                    WC="0.905954033720727"></String>
          </TextLine>

          
          
          <TextLine ID="eSc_line_981fd9c3"
                    TAGREFS="LT4837"
                    BASELINE="207 1541 556 1536 1046 1542" 
                    HPOS="207"
                    VPOS="1485"
                    WIDTH="839"
                    HEIGHT="76">
            <Shape><Polygon POINTS="207 1541 207 1556 249 1545 265 1552 266 1552 268 1552 403 1546 423 1558 424 1558 425 1558 427 1559 451 1559 451 1558 452 1558 454 1558 469 1546 538 1558 540 1558 542 1558 543 1558 579 1546 593 1558 594 1558 596 1558 597 1558 599 1558 600 1558 607 1551 636 1558 637 1558 638 1558 682 1549 692 1558 694 1558 695 1558 697 1559 738 1559 739 1559 741 1559 744 1559 779 1548 809 1558 810 1558 812 1558 813 1558 814 1558 829 1548 864 1559 866 1559 867 1559 868 1559 870 1559 871 1559 885 1549 912 1559 914 1559 915 1561 1006 1561 1006 1559 1008 1559 1009 1559 1009 1558 1016 1552 1042 1559 1046 1542 1045 1505 932 1505 931 1504 911 1494 910 1494 908 1494 907 1494 887 1504 885 1505 885 1504 867 1488 867 1487 866 1487 864 1487 833 1487 832 1487 830 1487 829 1487 800 1504 797 1507 731 1507 728 1504 704 1494 702 1494 701 1494 699 1494 698 1494 698 1495 687 1504 687 1505 661 1505 660 1504 647 1491 647 1490 646 1490 644 1490 643 1490 567 1504 566 1504 521 1485 519 1485 464 1485 462 1485 461 1485 416 1504 396 1485 394 1485 393 1485 391 1485 326 1497 315 1487 315 1485 313 1485 312 1485 241 1485 239 1485 238 1485 207 1501 207 1541"/></Shape>
	    <String CONTENT="فه بوده بأشد أما برده وخواه لود وأنجه مشهوراست كه عما لم"
                    HPOS="207"
                    VPOS="1485"
                    WIDTH="839"
                    HEIGHT="76"
                    WC="0.8493427209934946"></String>
          </TextLine>

          
          
          <TextLine ID="eSc_line_a22a9f7e"
                    TAGREFS="LT4837"
                    BASELINE="204 1597 912 1616" 
                    HPOS="203"
                    VPOS="1551"
                    WIDTH="709"
                    HEIGHT="93">
            <Shape><Polygon POINTS="203 1615 217 1624 218 1624 220 1624 221 1624 319 1615 330 1613 332 1615 349 1630 349 1632 350 1632 352 1632 400 1634 401 1634 403 1634 404 1634 416 1627 428 1636 430 1636 431 1636 433 1636 434 1636 472 1619 479 1626 481 1626 482 1626 484 1626 485 1626 501 1619 528 1639 529 1639 531 1639 532 1639 573 1630 603 1640 604 1640 694 1643 695 1644 726 1644 726 1643 728 1643 776 1624 910 1626 912 1616 912 1582 851 1579 840 1568 840 1566 839 1566 837 1566 836 1566 834 1566 816 1573 806 1565 805 1565 803 1565 722 1563 721 1563 719 1563 699 1573 695 1576 690 1573 670 1563 668 1563 667 1563 665 1563 664 1563 653 1572 651 1573 587 1573 559 1573 555 1569 549 1563 549 1562 548 1562 546 1562 545 1562 543 1562 542 1562 536 1568 533 1569 532 1568 523 1561 522 1561 521 1561 519 1561 518 1561 501 1566 491 1571 484 1566 475 1561 474 1561 472 1561 471 1561 469 1561 468 1561 468 1562 464 1565 460 1571 424 1571 406 1563 384 1556 383 1556 381 1556 380 1556 359 1562 357 1562 356 1562 349 1555 349 1553 347 1553 346 1553 345 1553 312 1561 296 1563 289 1559 275 1552 274 1552 272 1552 271 1552 252 1558 248 1559 247 1558 237 1551 235 1551 234 1551 232 1551 231 1551 230 1551 230 1552 222 1556 217 1563 207 1556 204 1597 203 1615"/></Shape>
	    <String CONTENT="اش شخفى عالم و آدم بوده است اشمارت هت"
                    HPOS="203"
                    VPOS="1551"
                    WIDTH="709"
                    HEIGHT="93"
                    WC="0.9124824192963148"></String>
          </TextLine>

          
        </TextBlock>
        
        <TextBlock HPOS="583"
                   VPOS="79"
                   WIDTH="112"
                   HEIGHT="72"
                   ID="eSc_textblock_c465d881"
                   TAGREFS="BT16093">
          <Shape><Polygon POINTS="651 79 695 96 695 140 617 151 583 134 594 96 651 79"/></Shape>
          
          
          <TextLine ID="eSc_line_db83ba93"
                    TAGREFS="LT4837"
                    BASELINE="616 123 678 120" 
                    HPOS="613"
                    VPOS="85"
                    WIDTH="65"
                    HEIGHT="64">
            <Shape><Polygon POINTS="616 123 616 139 636 149 637 149 638 149 640 149 678 137 678 120 675 89 647 85 646 85 644 85 613 96 616 123"/></Shape>
	    <String CONTENT=""
                    HPOS="613"
                    VPOS="85"
                    WIDTH="65"
                    HEIGHT="64"></String>
          </TextLine>

          
        </TextBlock>
        

        
      </PrintSpace>
    </Page>
  </Layout>
</alto>
