<?xml version="1.0" encoding="UTF-8"?>
<alto xmlns:xsi="http://www.w3.org/2001/XMLSchema-instance"
      xmlns="http://www.loc.gov/standards/alto/ns-v4#"
      xsi:schemaLocation="http://www.loc.gov/standards/alto/ns-v4# http://www.loc.gov/standards/alto/v4/alto-4-2.xsd">
  <Description>
    <MeasurementUnit>pixel</MeasurementUnit>
    <sourceImageInformation>
      <fileName>Rasail137.jpg</fileName>
      
    </sourceImageInformation>
  </Description>
  
  <Tags>
    <OtherTag ID="BT16094" LABEL="default" DESCRIPTION="block type default"/><OtherTag ID="BT16093" LABEL="NumberingZone:page" DESCRIPTION="block type NumberingZone:page"/><OtherTag ID="BT16092" LABEL="MarginTextZone:note" DESCRIPTION="block type MarginTextZone:note"/><OtherTag ID="BT16091" LABEL="TitlePageZone" DESCRIPTION="block type TitlePageZone"/><OtherTag ID="BT16090" LABEL="QuireMarksZone:catchwords" DESCRIPTION="block type QuireMarksZone:catchwords"/><OtherTag ID="BT16089" LABEL="NumberingZone:other" DESCRIPTION="block type NumberingZone:other"/><OtherTag ID="BT16088" LABEL="NumberingZone" DESCRIPTION="block type NumberingZone"/><OtherTag ID="BT16087" LABEL="MarginTextZone" DESCRIPTION="block type MarginTextZone"/><OtherTag ID="BT16086" LABEL="MainZone" DESCRIPTION="block type MainZone"/><OtherTag ID="BT16085" LABEL="DigitizationArtefactZone" DESCRIPTION="block type DigitizationArtefactZone"/><OtherTag ID="BT2" LABEL="Main" DESCRIPTION="block type Main"/><OtherTag ID="BT1" LABEL="Title" DESCRIPTION="block type Title"/>
    <OtherTag ID="LT4837" LABEL="DefaultLine" DESCRIPTION="line type DefaultLine"/><OtherTag ID="LT4838" LABEL="default" DESCRIPTION="line type default"/><OtherTag ID="LT4839" LABEL="HeadingLine:title" DESCRIPTION="line type HeadingLine:title"/>
  </Tags>
  
  <Layout>
    <Page WIDTH="1244"
          HEIGHT="1696"
          PHYSICAL_IMG_NR="0"
          ID="eSc_dummypage_">
      <PrintSpace HPOS="0"
                  VPOS="0"
                  WIDTH="1244"
                  HEIGHT="1696">
        
        <TextBlock HPOS="90"
                   VPOS="169"
                   WIDTH="1062"
                   HEIGHT="1457"
                   ID="eSc_textblock_51442976"
                   TAGREFS="BT16086">
          <Shape><Polygon POINTS="446 169 1084 180 1095 213 1135 231 1152 705 1135 795 1101 836 1078 1394 1027 1457 887 1474 852 1526 869 1543 852 1570 778 1615 322 1626 247 1564 147 1553 135 1530 135 1464 101 1378 101 836 124 774 96 660 107 491 90 378 113 197 446 169"/></Shape>
          
          
          <TextLine ID="eSc_line_bedf145a"
                    TAGREFS="LT4837"
                    BASELINE="588 228 1017 231" 
                    HPOS="586"
                    VPOS="182"
                    WIDTH="431"
                    HEIGHT="82">
            <Shape><Polygon POINTS="588 228 586 247 617 262 619 262 620 262 622 262 638 255 650 262 651 262 653 262 654 264 715 264 715 262 716 262 718 262 718 261 725 255 743 262 744 262 746 262 747 262 783 248 790 255 791 255 793 255 794 255 795 255 817 250 836 264 838 264 839 264 841 264 894 254 931 264 933 264 934 264 935 264 961 251 1016 248 1017 231 1016 189 988 183 986 183 985 183 983 183 983 185 978 189 966 200 958 195 957 195 955 195 954 195 911 202 897 190 890 183 889 183 887 183 866 183 865 183 863 183 862 183 855 190 841 202 783 193 781 193 729 200 716 192 701 182 699 182 698 182 696 182 695 182 694 182 678 193 661 182 660 182 658 182 599 182 597 182 596 182 595 182 595 183 588 190 588 228"/></Shape>
	    <String CONTENT="فشان مردگی او دراين همين ب"
                    HPOS="586"
                    VPOS="182"
                    WIDTH="431"
                    HEIGHT="82"
                    WC="0.8869115607096598"></String>
          </TextLine>

          
          
          <TextLine ID="eSc_line_8455e288"
                    TAGREFS="LT4837"
                    BASELINE="113 244 538 230" 
                    HPOS="111"
                    VPOS="176"
                    WIDTH="427"
                    HEIGHT="89">
            <Shape><Polygon POINTS="224 186 202 199 197 202 111 204 111 206 113 244 113 265 197 265 199 265 210 262 241 252 262 258 275 262 277 262 278 262 279 262 289 257 301 251 309 257 316 260 318 260 319 260 320 260 322 260 327 255 336 250 371 252 404 255 405 255 407 255 408 255 414 250 417 248 419 250 432 255 433 255 435 255 538 243 538 230 531 176 513 186 501 178 500 176 499 176 497 176 496 176 477 180 460 183 441 182 388 179 387 179 385 179 384 179 376 187 363 196 305 192 233 186 224 186"/></Shape>
	    <String CONTENT="که روز در که او ذره بگرداند"
                    HPOS="111"
                    VPOS="176"
                    WIDTH="427"
                    HEIGHT="89"
                    WC="0.8936999859633269"></String>
          </TextLine>

          
          
          <TextLine ID="eSc_line_ab61684a"
                    TAGREFS="LT4837"
                    BASELINE="110 326 641 306 1017 308" 
                    HPOS="108"
                    VPOS="254"
                    WIDTH="909"
                    HEIGHT="97">
            <Shape><Polygon POINTS="110 326 110 349 229 351 230 351 231 351 250 346 291 333 376 343 405 346 407 346 408 346 409 346 409 344 412 342 425 329 504 329 540 337 541 337 542 337 544 337 589 326 617 337 629 342 630 342 631 342 633 342 634 342 640 336 653 327 658 332 658 333 660 333 661 333 662 333 711 323 774 333 805 337 807 337 988 333 989 333 990 333 996 327 1005 320 1013 327 1017 308 1012 254 988 277 928 277 920 268 918 268 917 268 916 268 914 268 897 277 880 268 879 268 877 268 876 268 875 268 875 269 863 279 798 279 784 271 783 271 781 271 780 271 778 271 742 281 723 267 711 257 709 257 708 257 706 257 705 257 687 265 597 260 596 260 595 260 593 260 593 261 578 274 575 277 569 275 525 262 524 262 523 262 521 262 487 274 473 262 472 262 470 262 469 262 445 264 443 264 401 282 394 286 391 284 377 271 377 269 376 269 374 269 289 267 288 267 286 267 285 267 262 282 250 274 248 274 247 274 245 274 244 274 197 292 195 295 108 296 110 326"/></Shape>
	    <String CONTENT="اگرت را بوزد هردو عالمت بد وگرنه ذات تو را از تو نيز بساند"
                    HPOS="108"
                    VPOS="254"
                    WIDTH="909"
                    HEIGHT="97"
                    WC="0.8713248572472868"></String>
          </TextLine>

          
          
          <TextLine ID="eSc_line_333ba394"
                    TAGREFS="LT4837"
                    BASELINE="388 385 699 378" 
                    HPOS="385"
                    VPOS="327"
                    WIDTH="314"
                    HEIGHT="91">
            <Shape><Polygon POINTS="388 385 388 405 398 405 401 407 411 416 411 418 412 418 414 418 415 418 445 416 446 416 448 416 462 407 474 416 476 416 477 416 479 416 480 416 514 407 524 415 525 415 527 415 528 416 566 416 566 415 568 415 569 415 579 405 620 401 624 401 647 411 648 411 650 411 651 411 653 411 667 399 668 399 698 399 699 378 694 330 675 340 646 333 644 333 643 333 641 333 640 333 629 342 613 334 596 327 595 327 593 327 592 327 590 327 578 336 569 342 564 337 556 330 556 329 555 329 554 329 552 329 551 329 524 339 520 340 514 340 458 330 456 330 455 330 453 330 453 332 442 343 439 347 385 347 388 385"/></Shape>
	    <String CONTENT="خواجر قاسم نشترى گويد"
                    HPOS="385"
                    VPOS="327"
                    WIDTH="314"
                    HEIGHT="91"
                    WC="0.9378493144398644"></String>
          </TextLine>

          
          
          <TextLine ID="eSc_line_bac525a4"
                    TAGREFS="LT4837"
                    BASELINE="1119 484 1136 479" 
                    HPOS="1106"
                    VPOS="443"
                    WIDTH="34"
                    HEIGHT="57">
            <Shape><Polygon POINTS="1119 484 1125 500 1140 494 1136 479 1122 443 1106 448 1119 484"/></Shape>
	    <String CONTENT=""
                    HPOS="1106"
                    VPOS="443"
                    WIDTH="34"
                    HEIGHT="57"></String>
          </TextLine>

          
          
          <TextLine ID="eSc_line_58e76940"
                    TAGREFS="LT4837"
                    BASELINE="339 462 757 457" 
                    HPOS="337"
                    VPOS="414"
                    WIDTH="420"
                    HEIGHT="77">
            <Shape><Polygon POINTS="339 462 339 476 395 486 397 486 449 476 473 491 474 491 476 491 477 491 479 491 538 474 540 474 541 474 616 490 617 490 638 489 640 489 641 489 641 487 655 473 708 487 709 487 711 487 712 487 757 472 757 457 750 414 735 425 722 414 720 414 719 414 718 414 716 414 715 414 715 415 696 433 607 433 559 425 558 425 556 425 547 431 535 419 535 418 534 418 532 418 531 418 530 418 500 428 473 421 472 421 470 421 469 421 467 421 456 429 441 418 439 418 438 418 436 418 394 428 377 416 376 416 374 416 337 416 339 462"/></Shape>
	    <String CONTENT="گشناختم به مرد امامم زبانه را"
                    HPOS="337"
                    VPOS="414"
                    WIDTH="420"
                    HEIGHT="77"
                    WC="0.9296657545813198"></String>
          </TextLine>

          
          
          <TextLine ID="eSc_line_49a3793a"
                    TAGREFS="LT4837"
                    BASELINE="1119 532 1145 534" 
                    HPOS="1118"
                    VPOS="496"
                    WIDTH="27"
                    HEIGHT="53">
            <Shape><Polygon POINTS="1139 503 1122 496 1119 532 1118 549 1143 545 1145 534 1145 522 1139 503"/></Shape>
	    <String CONTENT=""
                    HPOS="1118"
                    VPOS="496"
                    WIDTH="27"
                    HEIGHT="53"></String>
          </TextLine>

          
          
          <TextLine ID="eSc_line_b63a09f6"
                    TAGREFS="LT4837"
                    BASELINE="342 534 769 531" 
                    HPOS="340"
                    VPOS="483"
                    WIDTH="429"
                    HEIGHT="82">
            <Shape><Polygon POINTS="342 534 342 552 360 561 361 561 363 561 414 552 417 552 418 552 429 563 429 565 431 565 432 565 433 565 435 565 480 552 484 552 514 552 517 552 540 565 541 565 542 565 643 558 708 563 709 563 767 552 769 531 763 483 723 498 687 486 677 483 675 483 633 483 631 483 630 483 629 483 629 484 622 490 616 494 609 490 600 483 599 483 597 483 596 483 595 483 593 483 593 484 586 491 578 500 540 500 532 494 531 493 531 491 530 491 528 491 527 491 525 491 524 491 521 494 518 497 515 494 504 487 503 487 501 487 500 487 499 487 479 496 472 500 465 497 439 484 438 484 436 484 435 484 433 484 415 500 414 500 407 500 353 494 351 494 350 494 349 494 340 498 342 534"/></Shape>
	    <String CONTENT="ان بی نظير نام خدای کامه را"
                    HPOS="340"
                    VPOS="483"
                    WIDTH="429"
                    HEIGHT="82"
                    WC="0.8130468626817068"></String>
          </TextLine>

          
          
          <TextLine ID="eSc_line_852a3fe6"
                    TAGREFS="LT4837"
                    BASELINE="115 633 566 611 952 607" 
                    HPOS="113"
                    VPOS="559"
                    WIDTH="839"
                    HEIGHT="95">
            <Shape><Polygon POINTS="115 633 115 650 179 645 189 650 199 654 200 654 202 654 203 654 219 648 253 637 292 647 313 651 315 651 425 648 426 648 438 643 446 637 455 643 460 645 462 645 463 645 465 645 466 645 467 645 467 644 470 641 483 628 514 628 538 640 545 643 547 643 548 644 578 644 578 643 579 643 581 643 586 638 606 624 736 621 756 633 760 637 761 637 763 637 764 637 766 637 784 633 817 624 825 631 828 634 829 634 831 634 832 634 952 627 952 607 948 570 770 575 754 570 726 562 725 562 723 562 722 562 696 570 679 576 664 570 633 561 631 561 630 561 629 561 627 561 619 568 592 562 590 562 589 562 588 562 578 570 576 572 575 570 566 565 566 563 565 563 564 563 562 563 561 563 548 570 537 561 537 559 535 559 534 559 532 559 479 561 477 561 476 561 476 562 465 572 463 572 460 572 418 562 417 562 320 568 319 568 303 572 238 593 214 593 171 572 165 570 163 570 162 570 113 572 115 633"/></Shape>
	    <String CONTENT="وآن مرد ححت است و اسم بی نظير امام هم حجت است زهرا که"
                    HPOS="113"
                    VPOS="559"
                    WIDTH="839"
                    HEIGHT="95"
                    WC="0.8712231378864359"></String>
          </TextLine>

          
          
          <TextLine ID="eSc_line_7d3dfeaf"
                    TAGREFS="LT4837"
                    BASELINE="125 699 1027 679 1130 684" 
                    HPOS="122"
                    VPOS="626"
                    WIDTH="1008"
                    HEIGHT="96">
            <Shape><Polygon POINTS="125 699 125 717 209 722 210 722 212 722 226 716 258 703 289 715 301 719 302 719 303 719 305 719 316 715 344 702 378 712 380 712 381 712 383 712 417 701 452 708 453 708 501 699 515 710 517 710 518 710 520 710 521 710 523 709 547 698 612 703 613 703 651 696 668 706 682 716 684 716 685 716 687 716 688 716 708 706 730 693 770 705 771 705 773 705 774 705 776 705 777 705 800 695 811 703 822 713 824 713 825 713 826 713 1006 709 1007 709 1009 709 1009 708 1019 699 1031 688 1057 698 1081 708 1082 708 1084 708 1129 696 1130 684 1129 633 1119 626 1118 626 1116 626 1065 626 1064 626 1006 638 979 645 965 640 945 631 944 631 942 631 941 631 923 641 911 647 897 641 865 630 863 630 862 630 860 630 835 643 826 648 818 644 808 638 807 638 805 638 776 644 770 645 767 645 739 634 737 634 736 634 735 634 701 644 668 634 667 634 665 634 595 636 556 637 555 637 554 637 534 650 527 655 506 651 496 650 494 650 483 651 460 657 442 652 408 644 407 644 405 644 404 644 378 654 371 657 364 654 330 641 329 641 327 641 326 641 325 641 303 655 296 661 122 661 125 699"/></Shape>
	    <String CONTENT="اسم حقيقی ايام که از و امام را می توان شناخت حخت است نه"
                    HPOS="122"
                    VPOS="626"
                    WIDTH="1008"
                    HEIGHT="96"
                    WC="0.9003380488265644"></String>
          </TextLine>

          
          
          <TextLine ID="eSc_line_535e3c85"
                    TAGREFS="LT4837"
                    BASELINE="128 780 586 766 1154 757" 
                    HPOS="125"
                    VPOS="699"
                    WIDTH="1029"
                    HEIGHT="103">
            <Shape><Polygon POINTS="1145 737 1137 716 1099 699 1098 699 1067 699 1065 699 1064 699 1063 699 1026 725 998 727 851 729 828 726 795 720 794 720 793 720 791 720 784 726 783 727 780 726 740 706 739 706 737 706 736 706 735 706 712 722 675 708 674 708 672 708 566 710 565 710 564 710 548 720 442 713 441 713 439 713 438 713 414 729 395 740 326 740 299 730 270 717 268 717 267 717 265 717 264 717 248 730 231 743 189 743 173 730 162 722 161 722 159 722 158 722 156 722 125 730 128 780 128 799 233 802 234 802 236 802 251 797 274 790 339 795 349 795 350 795 357 794 400 787 453 792 476 794 477 794 501 791 544 785 551 790 554 792 555 792 556 792 558 792 559 792 572 790 595 782 609 788 610 788 612 788 623 788 726 780 736 785 747 791 749 791 750 791 927 788 928 788 945 780 954 775 966 780 992 787 993 787 995 787 996 787 1013 778 1022 774 1053 774 1058 777 1068 784 1070 784 1071 784 1072 784 1154 774 1154 757 1153 723 1143 719 1145 737"/></Shape>
	    <String CONTENT="اسمهای مجازی که دراکثر فصول مبارک و قصايد که در هرن"
                    HPOS="125"
                    VPOS="699"
                    WIDTH="1029"
                    HEIGHT="103"
                    WC="0.9196177241848964"></String>
          </TextLine>

          
          
          <TextLine ID="eSc_line_3dd5768b"
                    TAGREFS="LT4837"
                    BASELINE="144 856 607 836 1050 836" 
                    HPOS="142"
                    VPOS="782"
                    WIDTH="908"
                    HEIGHT="92">
            <Shape><Polygon POINTS="144 856 144 874 192 874 193 874 195 874 207 863 234 873 236 873 237 873 241 873 353 860 373 869 377 870 378 870 380 870 381 870 383 870 385 869 405 855 422 866 424 866 425 866 426 866 428 866 460 852 559 856 561 856 624 849 638 859 643 863 644 863 646 863 647 863 648 863 657 859 677 848 733 856 773 862 774 862 860 853 862 853 863 853 865 852 872 845 880 850 892 859 893 859 894 859 896 859 957 857 958 857 959 857 969 849 1006 856 1007 856 1009 856 1050 845 1050 836 1047 795 983 805 966 797 935 782 934 782 933 782 931 782 894 799 876 809 843 809 801 804 801 802 780 785 778 785 777 785 776 785 728 794 648 788 647 788 646 788 617 797 585 790 583 790 582 790 581 790 569 798 545 791 544 791 542 791 541 791 540 791 517 805 458 792 456 792 421 797 419 797 381 816 377 819 371 816 344 802 343 802 342 802 340 802 289 819 284 822 142 823 144 856"/></Shape>
	    <String CONTENT="اين فريقه است همين معنی ز سطوراست که در رحمت و باب"
                    HPOS="142"
                    VPOS="782"
                    WIDTH="908"
                    HEIGHT="92"
                    WC="0.9113532340526581"></String>
          </TextLine>

          
          
          <TextLine ID="eSc_line_2284005a"
                    TAGREFS="LT4837"
                    BASELINE="409 920 1050 910" 
                    HPOS="408"
                    VPOS="869"
                    WIDTH="642"
                    HEIGHT="77">
            <Shape><Polygon POINTS="409 920 409 946 450 938 484 944 499 946 500 946 501 946 503 946 507 944 532 928 576 935 578 935 579 935 581 935 595 927 713 927 720 935 722 935 722 937 723 937 725 937 726 937 728 937 735 935 760 925 781 932 793 937 794 937 795 937 797 937 807 932 818 925 824 931 832 939 832 941 834 941 835 941 836 942 866 942 866 941 867 941 894 928 901 925 911 928 955 939 957 939 958 939 959 939 989 932 1024 937 1026 937 1027 937 1029 937 1050 924 1050 910 1046 877 995 881 988 877 982 872 981 872 979 872 978 872 976 872 975 872 968 877 959 883 923 883 906 877 887 870 886 870 884 870 883 870 882 870 872 877 862 884 851 877 839 872 838 872 836 872 835 872 814 877 810 879 808 877 797 869 795 869 794 869 793 869 791 869 790 869 776 877 773 880 770 877 757 869 756 869 754 869 753 869 752 869 750 869 740 877 730 887 688 887 675 879 664 870 662 870 661 870 660 870 619 877 593 869 592 869 590 869 525 870 524 870 523 870 513 879 500 888 480 887 473 879 466 873 466 872 465 872 463 872 462 872 460 872 459 872 448 879 443 881 408 880 409 920"/></Shape>
	    <String CONTENT="معرفت ايام زمان حخت است چهم و اسم"
                    HPOS="408"
                    VPOS="869"
                    WIDTH="642"
                    HEIGHT="77"
                    WC="0.9433146137179751"></String>
          </TextLine>

          
          
          <TextLine ID="eSc_line_0c42fa11"
                    TAGREFS="LT4837"
                    BASELINE="147 941 254 937" 
                    HPOS="145"
                    VPOS="907"
                    WIDTH="109"
                    HEIGHT="49">
            <Shape><Polygon POINTS="147 941 147 956 254 956 254 937 247 907 240 913 224 908 217 907 216 907 214 907 145 915 147 941"/></Shape>
	    <String CONTENT=""
                    HPOS="145"
                    VPOS="907"
                    WIDTH="109"
                    HEIGHT="49"></String>
          </TextLine>

          
          
          <TextLine ID="eSc_line_176a7bc6"
                    TAGREFS="LT4837"
                    BASELINE="138 1011 531 997 1057 999" 
                    HPOS="137"
                    VPOS="948"
                    WIDTH="920"
                    HEIGHT="83">
            <Shape><Polygon POINTS="138 1011 138 1031 234 1031 234 1030 236 1030 244 1027 285 1014 350 1024 363 1026 364 1026 366 1026 367 1026 368 1024 385 1011 426 1010 466 1010 482 1020 483 1021 484 1021 486 1021 487 1021 489 1021 493 1020 523 1009 549 1019 555 1020 556 1020 558 1020 559 1020 561 1020 561 1019 562 1019 572 1007 644 1007 678 1007 687 1014 698 1024 699 1024 701 1024 702 1026 733 1026 733 1024 735 1024 736 1024 752 1013 752 1011 754 1011 794 1023 795 1023 797 1023 798 1023 832 1011 856 1020 858 1020 859 1020 860 1020 887 1009 897 1004 904 1007 930 1019 931 1019 933 1019 979 1016 981 1016 982 1016 982 1014 993 1004 1019 1021 1020 1021 1022 1021 1023 1021 1024 1021 1057 1003 1057 999 1054 959 838 966 829 962 805 948 804 948 802 948 770 948 769 948 767 948 766 948 750 959 736 949 735 949 733 949 698 949 696 949 695 949 694 949 694 951 677 965 675 968 655 968 651 965 634 951 633 951 631 951 525 951 524 951 523 951 499 962 477 952 476 952 474 952 473 952 435 963 408 954 407 954 405 954 404 954 360 970 354 972 350 970 308 956 306 956 305 956 303 956 302 956 281 972 240 955 238 955 237 955 236 955 234 955 213 973 210 973 175 965 173 965 137 973 138 1011"/></Shape>
	    <String CONTENT="آيد به خانه رسد و هر کس کهتهنه و هر دو را در مقنی و ذات يکی بايد"
                    HPOS="137"
                    VPOS="948"
                    WIDTH="920"
                    HEIGHT="83"
                    WC="0.8884499655320094"></String>
          </TextLine>

          
          
          <TextLine ID="eSc_line_9f718dec"
                    TAGREFS="LT4837"
                    BASELINE="151 1095 487 1075 1057 1069" 
                    HPOS="148"
                    VPOS="1016"
                    WIDTH="909"
                    HEIGHT="97">
            <Shape><Polygon POINTS="151 1095 151 1113 202 1112 203 1112 204 1112 226 1098 264 1105 265 1105 267 1105 268 1105 284 1093 303 1093 320 1106 322 1106 323 1106 325 1106 326 1106 349 1095 391 1103 392 1103 394 1103 422 1088 441 1096 442 1096 443 1096 445 1096 465 1086 549 1092 551 1092 552 1092 589 1084 684 1092 689 1092 691 1092 692 1092 694 1092 728 1081 750 1089 773 1099 774 1099 776 1099 996 1093 998 1093 999 1093 1019 1078 1023 1075 1030 1078 1046 1085 1047 1085 1048 1085 1050 1085 1051 1085 1051 1084 1057 1076 1057 1069 1051 1023 1019 1033 913 1033 904 1027 893 1019 892 1019 890 1019 889 1019 887 1019 862 1028 851 1019 851 1017 849 1017 848 1017 846 1017 845 1017 812 1030 798 1035 785 1031 764 1021 763 1021 761 1021 760 1021 739 1027 726 1016 725 1016 723 1016 722 1016 720 1016 719 1016 719 1017 703 1031 679 1023 678 1023 677 1023 644 1028 626 1016 624 1016 623 1016 622 1016 523 1017 521 1017 480 1034 458 1020 456 1020 455 1020 453 1020 376 1021 374 1021 354 1030 349 1024 349 1023 347 1023 346 1023 344 1023 343 1023 342 1023 327 1034 306 1023 305 1023 303 1023 302 1023 301 1023 277 1044 236 1031 234 1031 233 1031 231 1031 230 1031 212 1047 182 1035 180 1035 179 1035 178 1035 148 1048 151 1095"/></Shape>
	    <String CONTENT="دانست چنانکه اين مضمون معلوم شد و مکرم گذت که اگر"
                    HPOS="148"
                    VPOS="1016"
                    WIDTH="909"
                    HEIGHT="97"
                    WC="0.8951570501132887"></String>
          </TextLine>

          
          
          <TextLine ID="eSc_line_e68ee0dd"
                    TAGREFS="LT4837"
                    BASELINE="142 1161 646 1147 1060 1147" 
                    HPOS="141"
                    VPOS="1089"
                    WIDTH="919"
                    HEIGHT="91">
            <Shape><Polygon POINTS="142 1161 142 1175 192 1180 193 1180 195 1180 210 1174 223 1171 233 1174 247 1178 248 1178 250 1178 251 1178 253 1178 258 1174 267 1167 322 1173 371 1177 373 1177 374 1177 398 1171 433 1161 448 1170 452 1173 453 1173 455 1173 456 1173 458 1173 459 1173 465 1170 482 1158 648 1157 682 1164 689 1166 691 1166 692 1166 696 1164 716 1157 730 1163 744 1170 746 1170 747 1170 810 1163 899 1167 900 1167 901 1167 928 1158 938 1157 947 1158 983 1167 985 1167 1060 1156 1060 1147 1058 1098 1030 1089 1029 1089 1027 1089 1026 1089 1024 1089 1012 1100 998 1112 899 1113 883 1103 876 1099 875 1099 873 1099 872 1099 870 1099 858 1105 852 1106 846 1105 804 1093 802 1093 801 1093 800 1093 766 1108 753 1112 733 1108 667 1095 665 1095 664 1095 662 1095 637 1110 633 1115 629 1112 612 1099 610 1099 609 1099 564 1096 562 1096 531 1098 530 1098 528 1098 528 1099 515 1110 501 1100 500 1100 499 1100 497 1100 496 1100 466 1116 458 1120 449 1116 428 1105 426 1105 425 1105 424 1105 422 1105 411 1115 384 1100 383 1100 337 1100 336 1100 335 1100 306 1115 272 1112 271 1112 270 1112 250 1122 245 1125 141 1125 142 1161"/></Shape>
	    <String CONTENT="نهيکی باشند دو خوايند بود و دران صورت يکی خدا خوايد بود"
                    HPOS="141"
                    VPOS="1089"
                    WIDTH="919"
                    HEIGHT="91"
                    WC="0.901738970929926"></String>
          </TextLine>

          
          
          <TextLine ID="eSc_line_f8189d9e"
                    TAGREFS="LT4837"
                    BASELINE="134 1233 1063 1222" 
                    HPOS="132"
                    VPOS="1173"
                    WIDTH="931"
                    HEIGHT="84">
            <Shape><Polygon POINTS="134 1233 134 1245 159 1256 161 1256 162 1257 248 1257 248 1256 250 1256 272 1243 288 1255 289 1255 291 1255 292 1255 294 1255 322 1243 361 1250 363 1250 364 1250 366 1250 366 1249 374 1240 376 1239 394 1240 452 1246 453 1246 523 1239 534 1238 535 1238 559 1250 561 1250 562 1250 564 1250 565 1250 585 1238 616 1250 617 1250 619 1250 620 1250 622 1250 636 1239 694 1236 723 1249 725 1249 726 1250 767 1250 767 1249 769 1249 770 1249 787 1236 819 1243 821 1243 822 1243 841 1233 886 1247 887 1247 889 1247 890 1247 928 1233 947 1246 948 1246 949 1246 951 1247 1005 1247 1005 1246 1006 1246 1007 1246 1026 1232 1044 1238 1046 1238 1047 1238 1048 1238 1063 1229 1063 1222 1061 1190 1030 1173 1029 1173 1027 1173 949 1191 941 1192 934 1191 892 1177 890 1177 889 1177 887 1177 851 1188 810 1175 808 1175 807 1175 766 1184 720 1175 719 1175 718 1175 716 1175 705 1182 622 1177 620 1177 619 1177 617 1177 590 1194 573 1181 572 1181 571 1181 569 1181 568 1181 566 1181 554 1190 542 1180 542 1178 541 1178 540 1178 506 1178 504 1178 503 1178 501 1178 477 1195 473 1199 428 1199 424 1197 398 1180 397 1180 395 1180 394 1180 392 1180 351 1197 344 1201 195 1201 189 1198 161 1187 159 1187 158 1187 156 1187 132 1197 134 1233"/></Shape>
	    <String CONTENT="و ديگری خلق از خلق خدا را نمسيتواند شناخت و فرق ميان"
                    HPOS="132"
                    VPOS="1173"
                    WIDTH="931"
                    HEIGHT="84"
                    WC="0.9137606506164258"></String>
          </TextLine>

          
          
          <TextLine ID="eSc_line_cfde7b2f"
                    TAGREFS="LT4837"
                    BASELINE="268 1312 535 1304 1051 1307" 
                    HPOS="267"
                    VPOS="1250"
                    WIDTH="784"
                    HEIGHT="82">
            <Shape><Polygon POINTS="268 1312 268 1332 412 1315 469 1324 470 1324 472 1324 501 1315 524 1327 531 1329 532 1329 534 1329 535 1329 537 1329 542 1327 562 1315 622 1315 636 1324 647 1332 648 1332 650 1332 651 1332 678 1331 679 1331 681 1331 692 1322 698 1318 725 1318 730 1321 742 1331 743 1331 744 1331 746 1331 747 1331 770 1320 780 1315 787 1320 805 1332 807 1332 808 1332 810 1332 951 1331 952 1331 954 1331 954 1329 969 1315 1000 1329 1002 1329 1003 1329 1005 1329 1051 1312 1051 1307 1047 1250 1007 1266 904 1259 903 1259 845 1267 802 1252 801 1252 800 1252 770 1252 753 1253 752 1253 719 1267 647 1255 646 1255 644 1255 643 1255 629 1266 609 1255 607 1255 606 1255 605 1255 586 1263 564 1253 559 1252 558 1252 450 1252 449 1252 448 1252 446 1252 446 1253 445 1255 431 1269 392 1269 377 1255 374 1252 373 1252 371 1252 351 1252 350 1252 349 1252 347 1252 344 1255 329 1267 267 1256 268 1312"/></Shape>
	    <String CONTENT="يو باقی فرقه ا نظر در همان موضع است وقول"
                    HPOS="267"
                    VPOS="1250"
                    WIDTH="784"
                    HEIGHT="82"
                    WC="0.8742564544081688"></String>
          </TextLine>

          
          
          <TextLine ID="eSc_line_ac51f9d0"
                    TAGREFS="LT4837"
                    BASELINE="163 1324 224 1320" 
                    HPOS="161"
                    VPOS="1267"
                    WIDTH="63"
                    HEIGHT="78">
            <Shape><Polygon POINTS="163 1324 165 1345 224 1335 224 1320 217 1267 161 1288 163 1324"/></Shape>
	    <String CONTENT="ساهر"
                    HPOS="161"
                    VPOS="1267"
                    WIDTH="63"
                    HEIGHT="78"
                    WC="0.7662284672260284"></String>
          </TextLine>

          
          
          <TextLine ID="eSc_line_488eaacd"
                    TAGREFS="LT4837"
                    BASELINE="380 1379 1055 1382" 
                    HPOS="378"
                    VPOS="1324"
                    WIDTH="677"
                    HEIGHT="86">
            <Shape><Polygon POINTS="380 1379 378 1393 405 1403 407 1403 408 1403 409 1403 421 1397 429 1406 429 1407 431 1407 432 1407 433 1407 435 1407 473 1393 480 1392 578 1392 592 1396 620 1404 622 1404 623 1404 624 1404 653 1397 672 1392 688 1397 716 1409 718 1409 719 1410 742 1410 742 1409 743 1409 744 1409 744 1407 756 1399 756 1397 760 1399 793 1409 794 1409 795 1410 942 1410 942 1409 944 1409 945 1409 945 1407 951 1402 957 1397 985 1402 986 1402 988 1402 989 1402 989 1400 996 1394 1053 1403 1055 1382 1054 1325 1006 1325 1005 1325 1003 1325 1002 1325 1002 1327 989 1338 976 1331 975 1331 973 1331 972 1331 934 1348 907 1334 906 1334 904 1334 903 1334 872 1342 858 1331 856 1329 855 1329 853 1329 852 1329 851 1329 849 1329 848 1331 821 1349 795 1349 774 1334 763 1325 761 1325 760 1325 759 1325 757 1325 739 1334 715 1348 657 1348 648 1339 648 1338 647 1338 646 1338 644 1338 643 1338 620 1345 612 1338 593 1324 592 1324 590 1324 514 1324 513 1324 511 1324 510 1324 496 1337 477 1327 476 1327 474 1327 473 1327 472 1327 472 1328 456 1344 453 1346 380 1346 380 1379"/></Shape>
	    <String CONTENT="گواه اين معنى به آنكه خود خبر ندارند"
                    HPOS="378"
                    VPOS="1324"
                    WIDTH="677"
                    HEIGHT="86"
                    WC="0.8924249136770094"></String>
          </TextLine>

          
          
          <TextLine ID="eSc_line_cad4cc14"
                    TAGREFS="LT4837"
                    BASELINE="327 1457 695 1457 810 1464" 
                    HPOS="326"
                    VPOS="1397"
                    WIDTH="484"
                    HEIGHT="84">
            <Shape><Polygon POINTS="327 1457 326 1481 350 1481 350 1479 351 1479 353 1479 353 1478 363 1468 388 1479 390 1479 391 1481 419 1481 419 1479 421 1479 422 1479 435 1468 469 1479 470 1479 472 1479 473 1479 474 1479 494 1464 549 1464 607 1472 609 1472 610 1472 626 1465 648 1472 650 1472 651 1472 719 1468 733 1479 735 1479 736 1479 807 1481 810 1464 810 1423 753 1423 753 1421 696 1399 695 1399 694 1399 692 1399 691 1399 670 1416 638 1411 637 1411 636 1411 606 1421 605 1421 603 1421 582 1400 582 1399 581 1399 579 1399 551 1397 483 1397 482 1397 480 1397 479 1397 469 1404 459 1399 458 1399 456 1399 455 1399 453 1399 429 1420 428 1421 400 1421 398 1420 380 1403 380 1402 378 1402 377 1402 376 1402 374 1402 373 1402 346 1420 343 1420 327 1420 327 1457"/></Shape>
	    <String CONTENT="پرره خدای منان تو به حق رسيده ام"
                    HPOS="326"
                    VPOS="1397"
                    WIDTH="484"
                    HEIGHT="84"
                    WC="0.8695648238062859"></String>
          </TextLine>

          
          
          <TextLine ID="eSc_line_773f8f65"
                    TAGREFS="LT4837"
                    BASELINE="326 1529 824 1534" 
                    HPOS="325"
                    VPOS="1472"
                    WIDTH="499"
                    HEIGHT="85">
            <Shape><Polygon POINTS="326 1529 325 1549 378 1541 397 1550 398 1550 400 1550 401 1550 425 1541 459 1549 460 1549 534 1541 559 1553 565 1556 566 1556 568 1556 590 1554 592 1554 593 1554 593 1553 603 1543 620 1553 622 1553 623 1553 624 1553 664 1543 689 1554 695 1557 696 1557 698 1557 822 1556 824 1534 824 1496 725 1496 720 1493 696 1475 695 1475 694 1475 692 1475 617 1485 578 1472 576 1472 575 1472 525 1479 476 1472 474 1472 473 1472 441 1486 429 1491 407 1485 367 1475 366 1475 364 1475 326 1482 326 1529"/></Shape>
	    <String CONTENT="رپبرو رهنمای من از تو به حق رسيده ام"
                    HPOS="325"
                    VPOS="1472"
                    WIDTH="499"
                    HEIGHT="85"
                    WC="0.8813203391101625"></String>
          </TextLine>

          
          
          <TextLine ID="eSc_line_ff424703"
                    TAGREFS="LT4837"
                    BASELINE="521 1606 722 1601" 
                    HPOS="520"
                    VPOS="1546"
                    WIDTH="202"
                    HEIGHT="72">
            <Shape><Polygon POINTS="521 1606 521 1618 722 1612 722 1601 719 1556 640 1546 638 1546 637 1546 603 1564 602 1564 600 1564 579 1560 578 1560 576 1560 575 1560 575 1561 569 1567 565 1571 520 1571 521 1606"/></Shape>
	    <String CONTENT="وأتكه كفتها"
                    HPOS="520"
                    VPOS="1546"
                    WIDTH="202"
                    HEIGHT="72"
                    WC="0.8491310626268387"></String>
          </TextLine>

          
        </TextBlock>
        
        <TextBlock HPOS="474"
                   VPOS="96"
                   WIDTH="135"
                   HEIGHT="55"
                   ID="eSc_textblock_c3b02411"
                   TAGREFS="BT16093">
          <Shape><Polygon POINTS="514 96 592 96 609 139 554 151 474 128 524 107 514 96"/></Shape>
          
          
          <TextLine ID="eSc_line_c916a0a7"
                    TAGREFS="LT4837"
                    BASELINE="517 104 589 97" 
                    HPOS="515"
                    VPOS="96"
                    WIDTH="75"
                    HEIGHT="41">
            <Shape><Polygon POINTS="586 96 572 96 558 96 544 96 530 96 515 98 517 104 518 125 558 137 559 137 561 137 562 137 564 137 590 118 589 97 588 96 586 96"/></Shape>
	    <String CONTENT=""
                    HPOS="515"
                    VPOS="96"
                    WIDTH="75"
                    HEIGHT="41"></String>
          </TextLine>

          
        </TextBlock>
        
        <TextBlock HPOS="0"
                   VPOS="1"
                   WIDTH="1"
                   HEIGHT="1"
                   ID="eSc_textblock_8835ff0c"
                   TAGREFS="BT16085">
          <Shape><Polygon POINTS="1 2 0 2 0 1 1 1 1 2"/></Shape>
          
        </TextBlock>
        
        <TextBlock HPOS="1164"
                   VPOS="39"
                   WIDTH="78"
                   HEIGHT="44"
                   ID="eSc_textblock_1901a4d3"
                   TAGREFS="BT16085">
          <Shape><Polygon POINTS="1188 39 1242 39 1242 83 1164 49 1188 39"/></Shape>
          
        </TextBlock>
        
        <TextBlock HPOS="559"
                   VPOS="96"
                   WIDTH="10"
                   HEIGHT="10"
                   ID="eSc_textblock_5ec9080b"
                   TAGREFS="BT16090">
          <Shape><Polygon POINTS="559 96 569 96 569 106 559 106 559 96"/></Shape>
          
        </TextBlock>
        

        
      </PrintSpace>
    </Page>
  </Layout>
</alto>
