<?xml version="1.0" encoding="UTF-8"?>
<alto xmlns:xsi="http://www.w3.org/2001/XMLSchema-instance"
      xmlns="http://www.loc.gov/standards/alto/ns-v4#"
      xsi:schemaLocation="http://www.loc.gov/standards/alto/ns-v4# http://www.loc.gov/standards/alto/v4/alto-4-2.xsd">
  <Description>
    <MeasurementUnit>pixel</MeasurementUnit>
    <sourceImageInformation>
      <fileName>Rasail090.jpg</fileName>
      
    </sourceImageInformation>
  </Description>
  
  <Tags>
    <OtherTag ID="BT16094" LABEL="default" DESCRIPTION="block type default"/><OtherTag ID="BT16093" LABEL="NumberingZone:page" DESCRIPTION="block type NumberingZone:page"/><OtherTag ID="BT16092" LABEL="MarginTextZone:note" DESCRIPTION="block type MarginTextZone:note"/><OtherTag ID="BT16091" LABEL="TitlePageZone" DESCRIPTION="block type TitlePageZone"/><OtherTag ID="BT16090" LABEL="QuireMarksZone:catchwords" DESCRIPTION="block type QuireMarksZone:catchwords"/><OtherTag ID="BT16089" LABEL="NumberingZone:other" DESCRIPTION="block type NumberingZone:other"/><OtherTag ID="BT16088" LABEL="NumberingZone" DESCRIPTION="block type NumberingZone"/><OtherTag ID="BT16087" LABEL="MarginTextZone" DESCRIPTION="block type MarginTextZone"/><OtherTag ID="BT16086" LABEL="MainZone" DESCRIPTION="block type MainZone"/><OtherTag ID="BT16085" LABEL="DigitizationArtefactZone" DESCRIPTION="block type DigitizationArtefactZone"/><OtherTag ID="BT2" LABEL="Main" DESCRIPTION="block type Main"/><OtherTag ID="BT1" LABEL="Title" DESCRIPTION="block type Title"/>
    <OtherTag ID="LT4837" LABEL="DefaultLine" DESCRIPTION="line type DefaultLine"/><OtherTag ID="LT4838" LABEL="default" DESCRIPTION="line type default"/><OtherTag ID="LT4839" LABEL="HeadingLine:title" DESCRIPTION="line type HeadingLine:title"/>
  </Tags>
  
  <Layout>
    <Page WIDTH="1228"
          HEIGHT="1682"
          PHYSICAL_IMG_NR="118"
          ID="eSc_dummypage_">
      <PrintSpace HPOS="0"
                  VPOS="0"
                  WIDTH="1228"
                  HEIGHT="1682">
        
        <TextBlock HPOS="650"
                   VPOS="78"
                   WIDTH="105"
                   HEIGHT="49"
                   ID="eSc_textblock_bfe723e9"
                   TAGREFS="BT16093">
          <Shape><Polygon POINTS="679 78 710 84 755 127 661 121 650 100 679 78"/></Shape>
          
          
          <TextLine ID="eSc_line_3bf55279"
                    TAGREFS="LT4837"
                    BASELINE="670 107 751 110" 
                    HPOS="668"
                    VPOS="82"
                    WIDTH="83"
                    HEIGHT="53">
            <Shape><Polygon POINTS="726 100 712 86 702 82 670 82 670 84 670 107 668 120 748 135 751 110 748 82 727 82 726 100"/></Shape>
	    <String CONTENT=""
                    HPOS="668"
                    VPOS="82"
                    WIDTH="83"
                    HEIGHT="53"></String>
          </TextLine>

          
        </TextBlock>
        
        <TextBlock HPOS="28"
                   VPOS="619"
                   WIDTH="878"
                   HEIGHT="641"
                   ID="eSc_textblock_ac2cfab7"
                   TAGREFS="BT16091">
          <Shape><Polygon POINTS="783 619 873 734 867 766 906 818 867 913 873 996 834 1031 862 1048 850 1103 867 1170 895 1188 862 1205 878 1233 850 1250 862 1260 695 1260 693 1243 599 1237 699 1222 700 1188 785 1171 555 1103 559 1002 476 1007 452 1047 392 1047 385 1019 274 1007 256 974 168 985 140 1019 105 990 72 1007 44 968 28 923 44 885 222 925 246 958 314 919 424 913 437 902 398 891 426 885 464 885 465 919 531 925 493 895 508 873 325 867 263 824 486 807 527 779 555 801 688 801 678 784 700 768 672 751 717 677 700 644 766 644 783 619"/></Shape>
          
          
          <TextLine ID="eSc_line_8a2b12b5"
                    TAGREFS="LT4837"
                    BASELINE="780 835 838 828" 
                    HPOS="772"
                    VPOS="742"
                    WIDTH="69"
                    HEIGHT="125">
            <Shape><Polygon POINTS="780 835 785 867 841 852 838 828 824 742 772 770 780 835"/></Shape>
	    <String CONTENT=""
                    HPOS="772"
                    VPOS="742"
                    WIDTH="69"
                    HEIGHT="125"></String>
          </TextLine>

          
          
          <TextLine ID="eSc_line_356f0695"
                    TAGREFS="LT4839"
                    BASELINE="614 1065 633 1063" 
                    HPOS="609"
                    VPOS="1007"
                    WIDTH="24"
                    HEIGHT="80">
            <Shape><Polygon POINTS="614 1065 615 1086 632 1087 633 1063 626 1007 609 1010 614 1065"/></Shape>
	    <String CONTENT=""
                    HPOS="609"
                    VPOS="1007"
                    WIDTH="24"
                    HEIGHT="80"></String>
          </TextLine>

          
        </TextBlock>
        
        <TextBlock HPOS="0"
                   VPOS="426"
                   WIDTH="1"
                   HEIGHT="1"
                   ID="eSc_textblock_627f1a09"
                   TAGREFS="BT16091">
          <Shape><Polygon POINTS="1 426 1 427 0 427 0 426 1 426"/></Shape>
          
        </TextBlock>
        
        <TextBlock HPOS="0"
                   VPOS="784"
                   WIDTH="1"
                   HEIGHT="2"
                   ID="eSc_textblock_23ae3a32"
                   TAGREFS="BT16091">
          <Shape><Polygon POINTS="1 784 1 786 0 786 0 784 1 784"/></Shape>
          
        </TextBlock>
        
        <TextBlock HPOS="571"
                   VPOS="616"
                   WIDTH="10"
                   HEIGHT="4"
                   ID="eSc_textblock_4814a9c5"
                   TAGREFS="BT16091">
          <Shape><Polygon POINTS="578 616 581 620 571 620 571 616 578 616"/></Shape>
          
        </TextBlock>
        
        <TextBlock HPOS="588"
                   VPOS="616"
                   WIDTH="4"
                   HEIGHT="4"
                   ID="eSc_textblock_563b1745"
                   TAGREFS="BT16091">
          <Shape><Polygon POINTS="592 619 588 620 588 616 592 616 592 619"/></Shape>
          
        </TextBlock>
        
        <TextBlock HPOS="667"
                   VPOS="577"
                   WIDTH="38"
                   HEIGHT="10"
                   ID="eSc_textblock_a517e86a"
                   TAGREFS="BT16091">
          <Shape><Polygon POINTS="695 577 705 587 667 587 667 583 695 577"/></Shape>
          
        </TextBlock>
        
        <TextBlock HPOS="678"
                   VPOS="302"
                   WIDTH="77"
                   HEIGHT="21"
                   ID="eSc_textblock_c1b60fae"
                   TAGREFS="BT16091">
          <Shape><Polygon POINTS="730 302 755 318 678 323 684 308 730 302"/></Shape>
          
        </TextBlock>
        
        <TextBlock HPOS="684"
                   VPOS="409"
                   WIDTH="105"
                   HEIGHT="32"
                   ID="eSc_textblock_458ac7e7"
                   TAGREFS="BT16091">
          <Shape><Polygon POINTS="707 409 761 409 789 435 684 441 712 430 695 419 707 409"/></Shape>
          
        </TextBlock>
        
        <TextBlock HPOS="723"
                   VPOS="583"
                   WIDTH="32"
                   HEIGHT="4"
                   ID="eSc_textblock_a68756dc"
                   TAGREFS="BT16091">
          <Shape><Polygon POINTS="728 583 755 583 755 587 723 587 728 583"/></Shape>
          
        </TextBlock>
        
        <TextBlock HPOS="724"
                   VPOS="616"
                   WIDTH="37"
                   HEIGHT="16"
                   ID="eSc_textblock_d8cf1343"
                   TAGREFS="BT16091">
          <Shape><Polygon POINTS="724 616 755 616 761 632 728 632 724 616"/></Shape>
          
        </TextBlock>
        
        <TextBlock HPOS="678"
                   VPOS="476"
                   WIDTH="133"
                   HEIGHT="77"
                   ID="eSc_textblock_99cc83d4"
                   TAGREFS="BT16091">
          <Shape><Polygon POINTS="786 476 811 553 678 553 695 498 786 476"/></Shape>
          
        </TextBlock>
        
        <TextBlock HPOS="0"
                   VPOS="891"
                   WIDTH="1"
                   HEIGHT="1"
                   ID="eSc_textblock_2d21f46f"
                   TAGREFS="BT16091">
          <Shape><Polygon POINTS="1 891 1 892 0 892 0 891 1 891"/></Shape>
          
        </TextBlock>
        
        <TextBlock HPOS="0"
                   VPOS="975"
                   WIDTH="1"
                   HEIGHT="1"
                   ID="eSc_textblock_35658335"
                   TAGREFS="BT16091">
          <Shape><Polygon POINTS="1 975 1 976 0 976 0 975 1 975"/></Shape>
          
        </TextBlock>
        
        <TextBlock HPOS="0"
                   VPOS="1076"
                   WIDTH="1"
                   HEIGHT="1"
                   ID="eSc_textblock_dd1e6528"
                   TAGREFS="BT16091">
          <Shape><Polygon POINTS="1 1076 1 1077 0 1077 0 1076 1 1076"/></Shape>
          
        </TextBlock>
        
        <TextBlock HPOS="84"
                   VPOS="1676"
                   WIDTH="15"
                   HEIGHT="4"
                   ID="eSc_textblock_8c21d1a8"
                   TAGREFS="BT16091">
          <Shape><Polygon POINTS="91 1676 99 1676 99 1680 84 1680 91 1676"/></Shape>
          
        </TextBlock>
        
        <TextBlock HPOS="50"
                   VPOS="1625"
                   WIDTH="116"
                   HEIGHT="38"
                   ID="eSc_textblock_ba2c00b3"
                   TAGREFS="BT16091">
          <Shape><Polygon POINTS="63 1625 149 1642 166 1663 50 1663 63 1625"/></Shape>
          
        </TextBlock>
        
        <TextBlock HPOS="61"
                   VPOS="1082"
                   WIDTH="133"
                   HEIGHT="21"
                   ID="eSc_textblock_2153a60f"
                   TAGREFS="BT16091">
          <Shape><Polygon POINTS="78 1082 155 1082 194 1097 61 1103 78 1082"/></Shape>
          
        </TextBlock>
        
        <TextBlock HPOS="140"
                   VPOS="1031"
                   WIDTH="9"
                   HEIGHT="4"
                   ID="eSc_textblock_69c77763"
                   TAGREFS="BT16091">
          <Shape><Polygon POINTS="147 1031 149 1035 140 1035 140 1031 147 1031"/></Shape>
          
        </TextBlock>
        
        <TextBlock HPOS="398"
                   VPOS="1087"
                   WIDTH="4"
                   HEIGHT="10"
                   ID="eSc_textblock_22adb772"
                   TAGREFS="BT16091">
          <Shape><Polygon POINTS="402 1090 402 1097 398 1097 398 1087 402 1090"/></Shape>
          
        </TextBlock>
        
        <TextBlock HPOS="431"
                   VPOS="1087"
                   WIDTH="21"
                   HEIGHT="10"
                   ID="eSc_textblock_87477e4e"
                   TAGREFS="BT16091">
          <Shape><Polygon POINTS="437 1087 452 1087 452 1097 431 1097 437 1087"/></Shape>
          
        </TextBlock>
        
        <TextBlock HPOS="628"
                   VPOS="381"
                   WIDTH="4"
                   HEIGHT="4"
                   ID="eSc_textblock_728c2546"
                   TAGREFS="BT16093">
          <Shape><Polygon POINTS="629 381 632 381 632 385 628 385 629 381"/></Shape>
          
        </TextBlock>
        
        <TextBlock HPOS="510"
                   VPOS="1227"
                   WIDTH="38"
                   HEIGHT="10"
                   ID="eSc_textblock_6f012b48"
                   TAGREFS="BT16091">
          <Shape><Polygon POINTS="525 1230 548 1227 548 1237 510 1237 525 1230"/></Shape>
          
        </TextBlock>
        
        <TextBlock HPOS="0"
                   VPOS="302"
                   WIDTH="1"
                   HEIGHT="2"
                   ID="eSc_textblock_06c601a8"
                   TAGREFS="BT16091">
          <Shape><Polygon POINTS="1 302 1 304 0 304 0 302 1 302"/></Shape>
          
        </TextBlock>
        

        
        <TextBlock ID="eSc_dummyblock_">
          
          
          <TextLine ID="eSc_line_f59c5c54"
                    TAGREFS="LT4837"
                    BASELINE="639 395 741 391" 
                    HPOS="637"
                    VPOS="353"
                    WIDTH="104"
                    HEIGHT="67">
            <Shape><Polygon POINTS="639 395 639 420 741 399 741 391 740 364 721 353 720 353 719 353 717 353 716 353 692 360 681 354 679 354 678 354 677 354 675 354 675 356 660 370 658 372 637 372 639 395"/></Shape>
	    <String CONTENT="هد"
                    HPOS="637"
                    VPOS="353"
                    WIDTH="104"
                    HEIGHT="67"
                    WC="0.9936012327671051"></String>
          </TextLine>

          
          
          <TextLine ID="eSc_line_9a4926db"
                    TAGREFS="LT4837"
                    BASELINE="587 613 807 616" 
                    HPOS="585"
                    VPOS="557"
                    WIDTH="222"
                    HEIGHT="89">
            <Shape><Polygon POINTS="585 632 696 646 698 646 699 646 716 637 730 646 731 646 733 646 734 646 806 636 807 616 807 588 776 573 775 573 773 573 772 573 771 573 771 574 758 584 735 584 698 557 696 557 695 557 653 557 651 557 650 557 649 557 649 559 626 578 618 585 588 577 587 613 585 632"/></Shape>
	    <String CONTENT="رساله"
                    HPOS="585"
                    VPOS="557"
                    WIDTH="222"
                    HEIGHT="89"
                    WC="0.9295509934425354"></String>
          </TextLine>

          
          
          <TextLine ID="eSc_line_38ef5370"
                    TAGREFS="LT4837"
                    BASELINE="714 1279 908 1276" 
                    HPOS="713"
                    VPOS="1222"
                    WIDTH="195"
                    HEIGHT="87">
            <Shape><Polygon POINTS="714 1279 714 1309 908 1300 908 1276 905 1229 831 1222 829 1222 828 1222 827 1222 810 1237 799 1247 713 1247 714 1279"/></Shape>
	    <String CONTENT="جماعت"
                    HPOS="713"
                    VPOS="1222"
                    WIDTH="195"
                    HEIGHT="87"
                    WC="0.9859323859214782"></String>
          </TextLine>

          
          
          <TextLine ID="eSc_line_9a294c83"
                    TAGREFS="LT4837"
                    BASELINE="501 1274 567 1275" 
                    HPOS="500"
                    VPOS="1198"
                    WIDTH="67"
                    HEIGHT="91">
            <Shape><Polygon POINTS="501 1274 500 1289 566 1282 567 1275 567 1211 514 1198 513 1198 511 1198 503 1202 501 1274"/></Shape>
	    <String CONTENT="سم"
                    HPOS="500"
                    VPOS="1198"
                    WIDTH="67"
                    HEIGHT="91"
                    WC="0.9776893556118011"></String>
          </TextLine>

          
          
          <TextLine ID="eSc_line_6a00f861"
                    TAGREFS="LT4837"
                    BASELINE="403 1274 431 1272" 
                    HPOS="399"
                    VPOS="1197"
                    WIDTH="32"
                    HEIGHT="93">
            <Shape><Polygon POINTS="403 1274 403 1288 431 1290 431 1272 427 1202 399 1197 403 1274"/></Shape>
	    <String CONTENT=""
                    HPOS="399"
                    VPOS="1197"
                    WIDTH="32"
                    HEIGHT="93"></String>
          </TextLine>

          
        </TextBlock>
        
      </PrintSpace>
    </Page>
  </Layout>
</alto>
