<?xml version="1.0" encoding="UTF-8"?>
<alto xmlns:xsi="http://www.w3.org/2001/XMLSchema-instance"
      xmlns="http://www.loc.gov/standards/alto/ns-v4#"
      xsi:schemaLocation="http://www.loc.gov/standards/alto/ns-v4# http://www.loc.gov/standards/alto/v4/alto-4-2.xsd">
  <Description>
    <MeasurementUnit>pixel</MeasurementUnit>
    <sourceImageInformation>
      <fileName>Rasail046.jpg</fileName>
      
    </sourceImageInformation>
  </Description>
  
  <Tags>
    <OtherTag ID="BT16094" LABEL="default" DESCRIPTION="block type default"/><OtherTag ID="BT16093" LABEL="NumberingZone:page" DESCRIPTION="block type NumberingZone:page"/><OtherTag ID="BT16092" LABEL="MarginTextZone:note" DESCRIPTION="block type MarginTextZone:note"/><OtherTag ID="BT16091" LABEL="TitlePageZone" DESCRIPTION="block type TitlePageZone"/><OtherTag ID="BT16090" LABEL="QuireMarksZone:catchwords" DESCRIPTION="block type QuireMarksZone:catchwords"/><OtherTag ID="BT16089" LABEL="NumberingZone:other" DESCRIPTION="block type NumberingZone:other"/><OtherTag ID="BT16088" LABEL="NumberingZone" DESCRIPTION="block type NumberingZone"/><OtherTag ID="BT16087" LABEL="MarginTextZone" DESCRIPTION="block type MarginTextZone"/><OtherTag ID="BT16086" LABEL="MainZone" DESCRIPTION="block type MainZone"/><OtherTag ID="BT16085" LABEL="DigitizationArtefactZone" DESCRIPTION="block type DigitizationArtefactZone"/><OtherTag ID="BT2" LABEL="Main" DESCRIPTION="block type Main"/><OtherTag ID="BT1" LABEL="Title" DESCRIPTION="block type Title"/>
    <OtherTag ID="LT4837" LABEL="DefaultLine" DESCRIPTION="line type DefaultLine"/><OtherTag ID="LT4838" LABEL="default" DESCRIPTION="line type default"/><OtherTag ID="LT4839" LABEL="HeadingLine:title" DESCRIPTION="line type HeadingLine:title"/>
  </Tags>
  
  <Layout>
    <Page WIDTH="1059"
          HEIGHT="1702"
          PHYSICAL_IMG_NR="74"
          ID="eSc_dummypage_">
      <PrintSpace HPOS="0"
                  VPOS="0"
                  WIDTH="1059"
                  HEIGHT="1702">
        
        <TextBlock HPOS="102"
                   VPOS="147"
                   WIDTH="922"
                   HEIGHT="1519"
                   ID="eSc_textblock_c8d2eb11"
                   TAGREFS="BT16086">
          <Shape><Polygon POINTS="153 147 922 147 1024 175 1007 1547 979 1655 130 1666 102 1643 113 334 153 147"/></Shape>
          
          
          <TextLine ID="eSc_line_54b66b26"
                    TAGREFS="LT4837"
                    BASELINE="151 226 925 224" 
                    HPOS="150"
                    VPOS="177"
                    WIDTH="775"
                    HEIGHT="79">
            <Shape><Polygon POINTS="151 226 151 242 177 251 178 251 180 251 181 251 205 242 207 242 208 242 220 253 220 255 221 255 222 255 224 256 272 256 272 255 273 255 275 255 293 243 298 242 343 243 363 243 373 253 374 253 376 253 377 253 379 253 401 246 431 253 432 253 434 253 435 253 437 253 450 243 451 242 452 243 467 255 468 255 469 255 471 255 472 255 492 246 528 255 529 255 530 255 532 255 559 243 569 241 633 241 637 245 645 252 645 253 647 253 648 253 650 255 698 255 698 253 699 253 701 253 701 252 709 245 711 243 712 245 722 253 723 253 725 253 726 255 760 255 760 253 762 253 763 253 763 252 770 245 790 253 792 253 793 255 847 255 847 253 848 253 864 245 874 241 922 245 925 224 921 177 857 180 856 180 854 180 837 195 792 195 765 182 763 182 762 182 760 182 759 182 746 192 731 181 729 181 728 181 726 181 725 181 723 181 702 194 662 187 661 187 660 187 641 194 621 181 620 181 618 181 617 181 616 181 614 182 591 194 567 191 560 182 555 178 555 177 553 177 552 177 550 177 549 177 528 184 525 184 518 184 468 178 467 178 465 178 464 178 454 185 437 197 421 197 411 185 404 180 404 178 403 178 401 178 353 178 352 178 350 178 349 178 349 180 340 187 332 195 255 188 244 188 242 188 235 190 208 195 200 190 187 178 185 178 184 178 183 178 181 178 150 190 151 226"/></Shape>
	    <String CONTENT="بدانگه بستی عالم را برين وچه تصور نتوان نمود که وقتی بوده"
                    HPOS="150"
                    VPOS="177"
                    WIDTH="775"
                    HEIGHT="79"
                    WC="0.8707997882575319"></String>
          </TextLine>

          
          
          <TextLine ID="eSc_line_1d03a52e"
                    TAGREFS="LT4837"
                    BASELINE="146 304 997 304" 
                    HPOS="146"
                    VPOS="263"
                    WIDTH="851"
                    HEIGHT="74">
            <Shape><Polygon POINTS="146 304 146 320 231 320 239 327 241 327 242 327 244 327 245 327 266 320 310 329 312 329 387 320 407 336 408 336 410 336 411 336 413 336 476 320 653 336 654 336 721 327 749 336 750 336 752 337 929 337 929 336 931 336 932 336 932 334 949 320 997 320 997 304 993 263 968 279 942 263 941 263 939 263 915 263 914 263 912 263 911 263 911 265 895 280 803 280 776 265 772 263 770 263 742 263 741 263 739 263 738 263 735 266 715 279 705 272 704 272 702 272 701 272 699 272 698 272 688 279 633 277 623 266 620 265 620 263 618 263 617 263 616 263 614 263 613 263 607 268 587 280 549 280 533 268 529 263 528 263 526 263 459 263 458 263 457 263 455 263 448 269 430 279 393 276 386 269 380 265 380 263 379 263 377 263 376 263 374 263 352 269 316 279 293 270 278 263 276 263 232 263 231 263 229 263 217 270 201 279 146 272 146 304"/></Shape>
	    <String CONTENT="که عالم برين دجهی که يست نبوده از افلال وعناصرو مواليدو"
                    HPOS="146"
                    VPOS="263"
                    WIDTH="851"
                    HEIGHT="74"
                    WC="0.8787811073389921"></String>
          </TextLine>

          
          
          <TextLine ID="eSc_line_4dc4defe"
                    TAGREFS="LT4837"
                    BASELINE="147 381 990 384" 
                    HPOS="146"
                    VPOS="334"
                    WIDTH="844"
                    HEIGHT="77">
            <Shape><Polygon POINTS="146 394 154 399 156 399 157 399 158 399 160 399 181 394 200 408 201 408 202 408 204 408 205 408 225 399 245 408 247 408 248 408 249 408 286 394 325 405 326 405 363 408 364 408 366 408 391 398 400 407 400 408 401 408 403 408 404 409 431 409 431 408 432 408 434 408 434 407 448 394 506 394 567 409 569 409 570 411 634 411 634 409 635 409 678 395 687 402 688 402 689 402 691 402 692 402 706 398 718 408 718 409 719 409 721 409 722 409 796 398 809 408 810 408 811 408 813 408 814 408 816 408 816 407 829 395 870 395 897 408 898 408 900 408 901 408 902 408 921 397 936 404 938 404 939 404 941 404 942 404 953 395 989 395 990 384 985 338 959 354 939 341 938 341 936 341 935 341 934 341 932 341 911 356 856 356 844 346 844 344 843 344 841 344 840 344 838 344 837 344 820 354 773 354 755 341 746 336 745 336 743 336 658 336 657 336 655 336 654 336 654 337 647 343 635 354 506 346 505 346 503 346 486 353 479 346 479 344 478 344 476 344 475 344 467 346 425 353 415 346 398 334 397 334 396 334 366 334 364 334 363 334 361 334 361 336 354 343 336 334 335 334 333 334 299 338 298 338 276 347 272 350 269 348 252 334 251 334 249 334 183 334 181 334 180 334 178 334 178 336 164 348 160 353 149 350 147 381 146 394"/></Shape>
	    <String CONTENT="السان نه بود چرا که گر بريند چه نصور نمايند لازم آيد که"
                    HPOS="146"
                    VPOS="334"
                    WIDTH="844"
                    HEIGHT="77"
                    WC="0.9053879816617284"></String>
          </TextLine>

          
          
          <TextLine ID="eSc_line_c29a16bd"
                    TAGREFS="LT4837"
                    BASELINE="144 453 985 459" 
                    HPOS="143"
                    VPOS="408"
                    WIDTH="842"
                    HEIGHT="77">
            <Shape><Polygon POINTS="144 453 143 473 153 480 154 480 156 480 157 480 241 469 245 469 247 469 281 480 282 480 283 480 387 470 438 482 440 482 441 482 462 470 506 482 508 482 509 482 566 472 576 480 577 480 579 480 628 483 630 483 704 472 728 482 729 482 731 482 810 476 827 485 829 485 830 485 831 485 854 473 983 473 985 459 983 425 860 429 846 422 840 418 838 418 837 418 836 418 834 418 833 418 833 419 830 421 821 431 787 431 767 419 752 412 750 412 749 412 748 412 731 419 709 428 677 418 657 412 655 412 654 412 653 412 651 412 651 414 645 418 634 429 597 429 584 416 582 414 582 412 580 412 579 412 530 411 529 411 528 411 519 415 496 426 485 414 482 412 482 411 481 411 479 411 431 411 430 411 428 411 427 411 427 412 425 414 411 428 400 428 386 412 384 412 384 411 383 411 381 411 352 409 350 409 349 409 347 409 347 411 346 411 333 424 310 425 275 409 273 409 272 409 271 409 269 409 268 409 232 425 144 408 144 453"/></Shape>
	    <String CONTENT="صفات خداوند مشلاخالقی و رانقی وفرآن نبوده باشد و پيدا"
                    HPOS="143"
                    VPOS="408"
                    WIDTH="842"
                    HEIGHT="77"
                    WC="0.9006413475230888"></String>
          </TextLine>

          
          
          <TextLine ID="eSc_line_b712698c"
                    TAGREFS="LT4837"
                    BASELINE="146 527 983 531" 
                    HPOS="144"
                    VPOS="486"
                    WIDTH="839"
                    HEIGHT="72">
            <Shape><Polygon POINTS="146 527 144 543 154 548 156 548 157 548 158 548 195 543 210 554 211 554 212 554 214 554 288 543 299 551 300 551 302 551 367 554 369 554 370 554 390 546 423 555 424 555 425 557 482 557 482 555 484 555 485 555 485 554 495 544 519 554 520 554 522 554 523 554 550 544 566 555 567 555 569 555 570 557 655 557 655 555 657 555 684 547 736 557 738 558 769 558 769 557 770 557 772 557 789 546 864 546 885 557 887 557 888 557 890 557 919 546 982 546 983 531 980 489 917 502 900 489 898 489 897 489 827 489 826 489 824 489 817 490 775 506 741 506 725 492 723 490 722 490 721 490 719 490 718 490 714 492 692 504 623 504 610 494 601 487 600 487 599 487 597 487 596 487 577 494 573 496 569 494 553 487 552 487 550 487 549 487 535 494 520 503 496 496 474 489 472 489 471 489 469 489 448 496 430 503 424 497 414 487 414 486 413 486 411 486 361 486 360 486 359 486 336 497 329 502 320 499 300 490 299 490 298 490 296 490 273 499 266 502 265 499 255 490 255 489 254 489 252 489 251 489 249 489 248 489 232 500 229 502 227 500 217 494 215 494 214 494 212 494 211 494 211 496 205 500 204 502 146 502 146 527"/></Shape>
	    <String CONTENT="شده چرا که تا مخلوق و مرزدق باشد صفت خالقی نتواند بود"
                    HPOS="144"
                    VPOS="486"
                    WIDTH="839"
                    HEIGHT="72"
                    WC="0.8980898030523984"></String>
          </TextLine>

          
          
          <TextLine ID="eSc_line_d3d0cf7b"
                    TAGREFS="LT4837"
                    BASELINE="143 607 982 609" 
                    HPOS="141"
                    VPOS="558"
                    WIDTH="841"
                    HEIGHT="80">
            <Shape><Polygon POINTS="143 607 141 619 174 621 193 635 194 635 195 635 197 635 198 635 237 625 258 636 259 636 261 636 305 628 367 636 369 636 370 636 403 624 434 636 435 636 437 636 438 636 475 628 547 636 549 636 550 636 552 636 552 635 560 628 570 636 570 638 572 638 573 638 574 638 661 624 688 624 702 636 702 638 704 638 705 638 706 638 888 624 924 638 925 638 926 638 928 638 929 638 951 624 980 624 982 609 978 570 965 577 953 570 949 565 948 565 946 565 945 565 944 565 942 565 938 570 925 578 873 578 861 568 853 561 851 561 850 561 848 561 847 561 834 568 817 577 776 577 750 567 745 564 743 564 742 564 741 564 739 564 736 567 719 578 638 578 591 567 590 567 589 567 563 577 539 564 539 563 538 563 536 563 535 563 533 563 530 563 498 574 475 563 474 563 472 563 471 563 469 563 454 573 434 561 432 561 431 561 430 561 428 561 427 561 407 571 390 561 388 560 387 560 386 560 384 560 383 560 381 560 381 561 380 561 366 577 347 577 317 560 316 560 315 560 313 560 312 560 310 560 282 575 268 561 268 560 266 560 265 560 264 560 262 560 229 573 200 560 198 560 143 558 143 607"/></Shape>
	    <String CONTENT="صفت خمدای هميشکی است پس ظور اين عالم به تمام و کمال از ا"
                    HPOS="141"
                    VPOS="558"
                    WIDTH="841"
                    HEIGHT="80"
                    WC="0.8824213743209839"></String>
          </TextLine>

          
          
          <TextLine ID="eSc_line_e0b0458e"
                    TAGREFS="LT4837"
                    BASELINE="143 679 995 686" 
                    HPOS="141"
                    VPOS="636"
                    WIDTH="854"
                    HEIGHT="76">
            <Shape><Polygon POINTS="143 679 141 692 310 693 312 694 333 707 335 707 336 707 337 709 418 709 418 707 420 707 421 707 421 706 432 697 484 709 485 710 608 710 608 709 610 709 611 709 611 707 623 697 645 709 647 709 648 709 650 709 651 709 662 702 697 710 698 710 699 710 701 710 725 702 769 709 770 709 772 709 773 709 773 707 782 700 783 699 785 700 816 710 817 710 819 710 820 710 821 710 834 700 848 712 850 712 851 712 853 712 854 712 856 712 871 700 873 700 880 700 944 712 945 712 993 702 995 686 993 653 929 642 928 642 926 642 925 642 911 652 902 658 763 658 755 652 736 641 735 641 733 641 732 641 731 641 729 641 714 652 711 653 699 652 640 645 638 645 637 645 635 645 626 652 623 653 617 652 570 639 569 639 567 639 566 639 564 639 549 652 547 653 539 652 496 643 495 643 494 643 492 643 482 652 479 655 430 655 425 652 400 638 398 638 356 638 354 638 353 638 352 638 335 651 316 636 315 636 313 636 312 636 255 643 214 636 212 636 211 636 210 636 210 638 194 652 193 652 143 652 143 679"/></Shape>
	    <String CONTENT="و همه که صفات هبدا است هر گز نه بوده دهر گز نباشد که نيا"
                    HPOS="141"
                    VPOS="636"
                    WIDTH="854"
                    HEIGHT="76"
                    WC="0.8856294940092734"></String>
          </TextLine>

          
          
          <TextLine ID="eSc_line_761140bb"
                    TAGREFS="LT4837"
                    BASELINE="239 763 979 761" 
                    HPOS="238"
                    VPOS="709"
                    WIDTH="741"
                    HEIGHT="75">
            <Shape><Polygon POINTS="239 763 241 784 271 770 346 770 361 780 363 780 364 780 366 780 367 780 388 772 414 781 418 782 420 782 421 784 495 784 495 782 496 782 498 782 499 780 512 770 545 780 555 782 556 782 557 782 559 782 560 782 563 780 577 770 655 770 677 778 689 782 691 782 692 782 694 782 709 777 723 772 735 777 750 782 752 782 753 784 830 784 830 782 831 782 833 782 833 781 840 775 844 771 851 775 861 782 863 782 864 782 865 782 867 782 885 774 895 770 904 774 909 778 911 778 912 778 914 778 915 778 924 774 932 770 976 772 979 761 972 709 938 731 926 731 905 712 905 710 904 710 902 710 901 710 900 710 864 730 831 714 830 714 829 714 827 714 793 731 745 731 732 721 731 721 729 721 728 721 726 721 725 721 725 723 716 731 689 731 672 716 671 716 670 716 668 716 667 716 665 716 645 731 627 731 606 716 604 716 603 716 601 716 600 716 599 716 577 730 546 714 535 709 533 709 485 709 484 709 482 709 481 709 474 716 461 726 447 716 445 716 444 716 442 716 441 716 413 726 398 716 397 714 396 714 394 714 393 714 391 714 390 714 390 716 388 716 374 730 349 717 333 709 332 709 247 709 245 709 244 709 242 709 242 710 238 713 239 763"/></Shape>
	    <String CONTENT="و کسانکه حقيقت اين رافه دانند مثل ريزبانند تحقيق"
                    HPOS="238"
                    VPOS="709"
                    WIDTH="741"
                    HEIGHT="75"
                    WC="0.8242790134002765"></String>
          </TextLine>

          
          
          <TextLine ID="eSc_line_68c01d6c"
                    TAGREFS="LT4837"
                    BASELINE="133 831 980 838" 
                    HPOS="132"
                    VPOS="787"
                    WIDTH="848"
                    HEIGHT="79">
            <Shape><Polygon POINTS="133 831 132 846 171 859 173 859 174 859 176 859 197 848 217 860 218 860 220 860 221 860 222 860 224 860 238 850 295 860 296 860 298 860 319 849 332 860 332 862 333 862 335 862 336 862 337 862 376 849 377 849 381 849 489 863 491 865 573 865 573 863 574 863 576 863 594 852 596 850 600 852 650 865 651 865 653 866 756 866 756 865 758 865 779 853 780 852 783 853 799 862 800 862 802 862 803 862 804 862 804 860 813 853 816 853 864 860 865 860 922 855 936 853 939 855 951 865 952 865 953 865 955 865 956 865 979 855 980 838 980 809 932 799 931 799 877 807 868 807 863 805 810 791 809 791 807 791 806 791 790 798 773 791 772 791 770 791 769 791 767 791 767 792 755 802 753 805 749 802 731 794 729 794 728 794 677 801 643 805 637 799 633 797 633 795 631 795 630 795 628 795 593 798 539 804 532 797 525 791 525 790 523 790 522 790 489 790 488 790 486 790 485 790 479 795 468 804 420 804 403 794 394 788 393 788 391 788 390 788 388 788 376 792 366 797 353 792 346 790 344 790 343 790 342 790 340 790 340 791 339 791 327 801 293 791 289 790 288 790 286 790 285 790 282 790 259 797 248 790 245 787 244 787 242 787 133 787 133 831"/></Shape>
	    <String CONTENT="قيت واهمه شيطاني إيشان برقوت عاقلة وحمان بر الشأن بل"
                    HPOS="132"
                    VPOS="787"
                    WIDTH="848"
                    HEIGHT="79"
                    WC="0.8848855020823302"></String>
          </TextLine>

          
          
          <TextLine ID="eSc_line_9de37d05"
                    TAGREFS="LT4837"
                    BASELINE="136 903 599 916 978 916" 
                    HPOS="134"
                    VPOS="862"
                    WIDTH="844"
                    HEIGHT="81">
            <Shape><Polygon POINTS="136 903 134 914 245 924 247 924 248 924 269 917 299 931 300 931 302 931 303 931 343 919 352 927 353 927 354 927 356 927 390 926 401 936 401 937 403 937 404 937 405 937 593 931 633 941 634 941 635 941 733 931 785 943 786 943 787 943 823 933 868 937 870 937 871 937 873 937 873 936 884 927 975 927 978 916 976 883 873 886 864 882 850 873 848 873 847 873 846 873 844 873 843 873 831 882 824 886 803 882 785 877 783 877 782 877 770 880 759 885 748 880 721 870 719 870 718 870 716 870 695 880 689 883 623 883 618 880 610 873 608 873 607 873 606 873 564 879 549 882 543 879 526 870 525 870 523 870 474 879 462 880 438 880 437 879 425 868 425 866 424 866 423 866 421 866 327 873 317 866 316 866 315 866 313 866 312 866 296 872 291 865 289 865 289 863 288 863 286 863 259 863 258 863 256 863 255 863 242 875 232 868 232 866 231 866 229 866 228 866 227 866 202 875 190 863 190 862 188 862 187 862 156 862 154 862 153 862 151 862 136 872 136 903"/></Shape>
	    <String CONTENT="شده و يا هورج و باجرج دار در پسسد ظابری مانده اند"
                    HPOS="134"
                    VPOS="862"
                    WIDTH="844"
                    HEIGHT="81"
                    WC="0.9208991071399377"></String>
          </TextLine>

          
          
          <TextLine ID="eSc_line_ac6acd27"
                    TAGREFS="LT4837"
                    BASELINE="133 978 980 994" 
                    HPOS="132"
                    VPOS="936"
                    WIDTH="848"
                    HEIGHT="80">
            <Shape><Polygon POINTS="133 978 132 985 180 1002 181 1002 183 1002 211 1001 212 1001 214 1001 228 989 337 998 339 998 340 998 356 991 442 1008 444 1008 445 1008 502 994 532 1001 533 1001 535 1001 570 995 591 1011 593 1011 594 1011 596 1012 635 1012 635 1011 637 1011 638 1011 662 997 694 1012 695 1012 697 1012 698 1012 728 1002 762 1014 763 1014 765 1014 766 1014 792 1001 817 1014 819 1014 867 1015 868 1015 870 1015 898 1001 936 1016 938 1016 939 1016 941 1016 979 1001 980 994 979 957 833 964 819 955 813 951 811 951 810 951 809 951 807 951 806 951 800 955 786 964 758 964 749 954 741 947 741 946 739 946 738 946 714 946 712 946 711 946 709 946 697 954 689 960 682 954 670 946 668 946 667 946 665 946 664 946 662 946 650 954 641 960 606 954 596 953 594 953 584 954 553 958 545 954 539 948 538 948 536 948 535 948 533 948 520 953 511 957 495 953 482 950 481 950 479 950 462 953 445 957 440 953 424 940 423 940 421 940 366 938 364 938 363 938 346 948 336 940 336 938 335 938 333 938 289 937 288 937 286 937 238 951 234 953 228 951 181 936 180 936 178 936 177 936 133 950 133 978"/></Shape>
	    <String CONTENT="و بعياس خاميله خود بسى اعسابهاى خوانند نكته وچون"
                    HPOS="132"
                    VPOS="936"
                    WIDTH="848"
                    HEIGHT="80"
                    WC="0.9035343875487646"></String>
          </TextLine>

          
          
          <TextLine ID="eSc_line_72c6c800"
                    TAGREFS="LT4837"
                    BASELINE="156 1056 323 1063 978 1066" 
                    HPOS="154"
                    VPOS="1016"
                    WIDTH="824"
                    HEIGHT="70">
            <Shape><Polygon POINTS="156 1056 154 1070 185 1070 198 1080 198 1082 200 1082 201 1082 202 1083 292 1083 292 1082 293 1082 295 1082 295 1080 305 1070 306 1070 337 1082 339 1082 340 1082 342 1082 343 1082 343 1080 352 1073 363 1082 363 1083 364 1083 366 1083 367 1083 369 1083 400 1072 444 1083 445 1083 447 1085 516 1085 516 1083 518 1083 549 1072 550 1072 562 1083 562 1085 563 1085 564 1085 566 1085 620 1073 621 1073 698 1073 709 1083 709 1085 711 1085 712 1085 714 1085 793 1075 807 1086 809 1086 810 1086 811 1086 867 1085 868 1085 887 1075 888 1075 890 1075 939 1086 941 1086 942 1086 944 1086 944 1085 953 1075 955 1075 975 1075 978 1066 972 1021 948 1036 816 1036 775 1022 773 1022 772 1022 770 1022 769 1022 753 1033 745 1026 743 1026 742 1026 741 1026 739 1026 729 1032 715 1019 714 1019 712 1019 711 1019 705 1019 647 1029 637 1021 637 1019 635 1019 634 1019 600 1019 599 1019 597 1019 560 1033 494 1033 482 1022 482 1021 481 1021 479 1021 478 1021 476 1021 450 1032 428 1018 427 1018 425 1018 424 1018 417 1018 360 1028 350 1019 350 1018 349 1018 347 1018 346 1018 344 1018 343 1018 333 1026 322 1018 320 1016 319 1016 317 1016 316 1016 315 1016 313 1016 312 1018 295 1029 269 1018 265 1016 264 1016 262 1016 248 1018 201 1024 156 1018 156 1056"/></Shape>
	    <String CONTENT="نه معلوم شله بدانکه معلمن و حکما بوجی رفت"
                    HPOS="154"
                    VPOS="1016"
                    WIDTH="824"
                    HEIGHT="70"
                    WC="0.846323739828133"></String>
          </TextLine>

          
          
          <TextLine ID="eSc_line_1da13b7a"
                    TAGREFS="LT4837"
                    BASELINE="139 1130 973 1144" 
                    HPOS="137"
                    VPOS="1085"
                    WIDTH="836"
                    HEIGHT="80">
            <Shape><Polygon POINTS="139 1130 137 1143 151 1151 153 1151 154 1151 156 1151 157 1151 158 1151 173 1141 176 1140 205 1140 227 1143 266 1148 268 1148 269 1148 271 1148 276 1144 279 1143 282 1144 288 1150 289 1150 291 1150 292 1150 293 1150 295 1150 300 1146 306 1153 308 1153 308 1154 309 1154 310 1154 312 1154 374 1147 377 1147 386 1154 386 1155 387 1155 388 1155 390 1155 428 1148 431 1148 432 1148 451 1155 452 1155 454 1155 455 1155 457 1155 462 1150 465 1148 481 1150 536 1157 538 1157 576 1153 630 1147 655 1155 668 1160 670 1160 671 1160 672 1160 674 1160 679 1155 691 1148 715 1157 726 1161 728 1161 729 1161 749 1158 796 1150 823 1160 830 1163 831 1163 833 1163 847 1161 902 1153 922 1163 924 1164 925 1164 926 1165 972 1165 973 1144 973 1107 944 1097 942 1097 941 1097 939 1097 938 1097 924 1107 919 1110 905 1110 904 1107 891 1097 891 1096 890 1096 888 1096 868 1096 867 1096 865 1096 846 1107 838 1111 833 1107 821 1096 820 1096 819 1096 772 1094 770 1094 769 1094 743 1106 732 1110 660 1110 655 1104 653 1103 653 1102 651 1102 650 1102 648 1102 630 1104 611 1107 607 1104 596 1093 596 1092 594 1092 593 1092 591 1092 590 1092 577 1097 556 1090 555 1090 553 1090 552 1090 512 1103 501 1106 440 1102 371 1097 370 1097 346 1100 329 1103 326 1100 316 1093 315 1093 313 1093 312 1093 268 1100 262 1100 259 1100 222 1085 221 1085 220 1085 139 1097 139 1130"/></Shape>
	    <String CONTENT="هز ارسال را يک دور و ما بهشته ند و در هر دوره از ايا"
                    HPOS="137"
                    VPOS="1085"
                    WIDTH="836"
                    HEIGHT="80"
                    WC="0.8667846981149453"></String>
          </TextLine>

          
          
          <TextLine ID="eSc_line_6ee9354c"
                    TAGREFS="LT4837"
                    BASELINE="146 1207 606 1219 978 1219" 
                    HPOS="144"
                    VPOS="1164"
                    WIDTH="834"
                    HEIGHT="79">
            <Shape><Polygon POINTS="146 1207 144 1218 161 1226 163 1226 164 1226 166 1226 191 1218 212 1231 214 1231 215 1231 217 1231 218 1231 220 1231 232 1219 255 1229 256 1229 258 1229 259 1229 261 1229 273 1219 298 1219 299 1219 322 1233 323 1233 325 1233 326 1235 363 1235 363 1233 364 1233 366 1233 379 1224 393 1235 394 1235 396 1235 397 1236 448 1236 448 1235 450 1235 485 1224 515 1236 516 1236 518 1238 553 1238 553 1236 555 1236 556 1236 573 1225 580 1232 582 1232 583 1232 584 1232 684 1228 708 1238 709 1238 711 1238 712 1238 714 1238 728 1228 803 1228 831 1242 833 1242 834 1242 888 1236 892 1242 894 1242 894 1243 895 1243 897 1243 898 1243 976 1229 978 1219 975 1181 932 1189 919 1180 912 1174 911 1174 909 1174 841 1172 840 1172 838 1172 816 1180 794 1187 777 1180 758 1171 756 1171 755 1171 753 1171 752 1171 742 1180 736 1184 719 1180 697 1174 695 1174 694 1174 692 1174 691 1174 691 1175 685 1180 679 1187 641 1187 600 1185 589 1180 567 1170 566 1170 564 1170 563 1170 562 1170 546 1180 539 1184 499 1184 495 1180 484 1168 484 1167 482 1167 481 1167 451 1165 450 1165 448 1165 420 1178 415 1181 411 1178 390 1164 388 1164 387 1164 349 1164 347 1164 346 1164 344 1164 332 1175 320 1165 320 1164 319 1164 317 1164 316 1164 315 1164 288 1177 262 1165 261 1165 259 1165 202 1175 178 1165 177 1165 176 1165 174 1165 146 1177 146 1207"/></Shape>
	    <String CONTENT="نوع تغيرات و تبديلاست در خلل و دول داقع شيدده بروچه"
                    HPOS="144"
                    VPOS="1164"
                    WIDTH="834"
                    HEIGHT="79"
                    WC="0.9201492363331365"></String>
          </TextLine>

          
          
          <TextLine ID="eSc_line_6bb98488"
                    TAGREFS="LT4837"
                    BASELINE="136 1280 970 1292" 
                    HPOS="134"
                    VPOS="1232"
                    WIDTH="836"
                    HEIGHT="79">
            <Shape><Polygon POINTS="134 1289 171 1302 173 1302 174 1302 176 1302 205 1292 242 1293 251 1302 251 1303 252 1303 254 1303 255 1303 256 1303 279 1293 300 1303 302 1303 303 1303 410 1294 421 1302 423 1302 424 1302 425 1302 465 1296 474 1303 474 1304 475 1304 476 1304 478 1304 479 1304 509 1296 525 1306 526 1306 528 1306 529 1306 562 1300 572 1307 573 1307 574 1307 576 1307 607 1302 712 1309 714 1309 715 1309 716 1309 731 1299 758 1299 785 1310 786 1310 787 1310 833 1302 881 1311 882 1311 969 1300 970 1292 968 1242 865 1260 837 1260 806 1242 806 1241 804 1241 803 1241 802 1241 800 1241 799 1242 777 1252 743 1242 736 1239 735 1239 733 1239 732 1239 726 1242 698 1252 660 1243 658 1243 657 1243 630 1258 556 1258 523 1241 520 1241 519 1241 518 1241 512 1241 448 1255 414 1255 396 1241 390 1236 388 1236 387 1236 386 1236 384 1236 383 1236 377 1241 361 1253 337 1241 320 1233 319 1233 298 1233 296 1233 295 1233 293 1233 293 1235 285 1241 279 1248 264 1241 239 1232 238 1232 163 1232 161 1232 160 1232 158 1232 149 1241 143 1245 139 1241 136 1280 134 1289"/></Shape>
	    <String CONTENT="زگر هفت زار سال را دوره داشته اندددر هر دوره ازين"
                    HPOS="134"
                    VPOS="1232"
                    WIDTH="836"
                    HEIGHT="79"
                    WC="0.8722720134014986"></String>
          </TextLine>

          
          
          <TextLine ID="eSc_line_d6a4fd4f"
                    TAGREFS="LT4837"
                    BASELINE="140 1357 709 1370 919 1370 968 1363" 
                    HPOS="139"
                    VPOS="1304"
                    WIDTH="829"
                    HEIGHT="93">
            <Shape><Polygon POINTS="140 1357 139 1367 168 1375 170 1375 171 1375 173 1375 188 1368 210 1384 211 1384 212 1384 214 1385 248 1385 248 1384 249 1384 251 1384 269 1370 291 1385 292 1385 293 1385 295 1387 336 1387 336 1385 337 1385 339 1385 356 1374 370 1387 371 1387 373 1387 374 1387 508 1374 511 1374 526 1384 528 1384 529 1384 530 1384 532 1384 533 1384 542 1378 559 1388 560 1388 562 1388 563 1388 564 1388 574 1380 624 1391 626 1392 660 1392 660 1391 661 1391 662 1391 662 1389 675 1378 699 1391 701 1391 702 1391 704 1391 729 1378 745 1392 745 1394 746 1394 748 1394 749 1394 750 1394 779 1380 793 1388 794 1388 796 1388 797 1388 831 1381 854 1391 856 1391 857 1391 858 1391 860 1391 873 1381 902 1381 917 1395 917 1397 918 1397 919 1397 921 1397 922 1397 966 1381 968 1363 963 1319 892 1334 863 1319 860 1317 858 1317 796 1316 794 1316 793 1316 786 1319 758 1331 741 1323 739 1323 738 1323 736 1323 715 1330 698 1319 697 1319 695 1319 694 1319 685 1319 616 1328 604 1320 597 1313 596 1313 594 1313 593 1313 555 1320 513 1327 492 1320 488 1319 486 1319 485 1319 476 1320 451 1326 445 1320 437 1311 437 1310 435 1310 434 1310 432 1310 431 1310 393 1320 377 1324 364 1320 329 1307 327 1307 326 1307 325 1307 323 1307 303 1320 300 1323 296 1320 276 1307 275 1307 273 1307 190 1304 188 1304 187 1304 140 1320 140 1357"/></Shape>
	    <String CONTENT="فير و تبدل گلی در خلل و اللوارداوضاع هالم واقع شود"
                    HPOS="139"
                    VPOS="1304"
                    WIDTH="829"
                    HEIGHT="93"
                    WC="0.9231116008758545"></String>
          </TextLine>

          
          
          <TextLine ID="eSc_line_4d6fa5ea"
                    TAGREFS="LT4837"
                    BASELINE="137 1433 547 1445 966 1442" 
                    HPOS="136"
                    VPOS="1389"
                    WIDTH="830"
                    HEIGHT="81">
            <Shape><Polygon POINTS="137 1433 136 1448 305 1450 330 1463 332 1463 333 1463 335 1463 336 1463 352 1453 369 1459 370 1459 371 1459 373 1459 400 1450 403 1450 404 1450 454 1466 455 1466 457 1466 458 1466 459 1466 479 1452 501 1452 502 1452 523 1466 525 1466 526 1466 528 1466 653 1462 684 1469 685 1469 687 1470 793 1470 793 1469 794 1469 826 1455 829 1455 847 1455 864 1470 865 1470 867 1470 868 1470 870 1470 871 1470 890 1456 902 1465 904 1465 905 1465 907 1465 965 1455 966 1442 963 1404 860 1411 850 1401 846 1398 846 1397 844 1397 843 1397 804 1395 803 1395 802 1395 800 1395 794 1401 789 1405 772 1401 752 1395 750 1395 749 1395 728 1399 687 1409 671 1399 664 1394 662 1394 661 1394 660 1394 658 1394 647 1398 627 1409 591 1409 580 1399 580 1398 579 1398 577 1398 576 1398 574 1398 545 1408 506 1397 491 1392 489 1392 488 1392 486 1392 485 1392 479 1397 468 1405 418 1406 333 1406 320 1394 317 1392 317 1391 316 1391 315 1391 255 1389 254 1389 252 1389 251 1389 247 1394 242 1398 234 1392 227 1389 225 1389 224 1389 137 1391 137 1433"/></Shape>
	    <String CONTENT="و بر وجد ديگر هرسی پز ارسال را يک دوره داشته اند و"
                    HPOS="136"
                    VPOS="1389"
                    WIDTH="830"
                    HEIGHT="81"
                    WC="0.8792551594972611"></String>
          </TextLine>

          
          
          <TextLine ID="eSc_line_102be917"
                    TAGREFS="LT4837"
                    BASELINE="139 1523 969 1517" 
                    HPOS="137"
                    VPOS="1469"
                    WIDTH="832"
                    HEIGHT="76">
            <Shape><Polygon POINTS="139 1523 139 1543 156 1545 157 1545 158 1545 164 1543 191 1530 293 1537 295 1537 296 1537 325 1530 335 1538 342 1545 343 1545 344 1545 346 1545 347 1545 349 1545 360 1538 379 1528 440 1528 461 1536 485 1544 486 1544 488 1545 545 1545 545 1544 546 1544 547 1544 547 1543 556 1534 569 1543 570 1543 572 1543 573 1544 631 1544 631 1543 633 1543 654 1531 657 1530 664 1531 731 1543 732 1543 733 1543 735 1543 758 1528 762 1526 767 1528 802 1541 803 1541 804 1541 806 1541 848 1527 867 1541 868 1541 870 1541 871 1543 912 1543 912 1541 914 1541 969 1523 969 1517 965 1484 810 1486 809 1486 787 1469 786 1469 785 1469 783 1469 782 1469 765 1477 738 1473 736 1473 735 1473 733 1473 722 1483 712 1475 712 1473 711 1473 709 1473 708 1473 706 1473 705 1473 687 1486 634 1470 633 1470 631 1470 630 1470 582 1484 553 1470 552 1470 550 1470 511 1472 509 1472 508 1472 508 1473 489 1489 489 1490 457 1490 396 1490 353 1476 352 1476 350 1476 279 1484 262 1476 261 1476 259 1476 258 1476 256 1476 244 1483 234 1475 234 1473 232 1473 231 1473 171 1473 170 1473 168 1473 167 1473 137 1489 139 1523"/></Shape>
	    <String CONTENT="ور هير دوره از اين الوارع تغيرات و شديلات در اقايم"
                    HPOS="137"
                    VPOS="1469"
                    WIDTH="832"
                    HEIGHT="76"
                    WC="0.9187892580032349"></String>
          </TextLine>

          
          
          <TextLine ID="eSc_line_a73ee1b6"
                    TAGREFS="LT4837"
                    BASELINE="132 1588 608 1595 865 1592 966 1584" 
                    HPOS="130"
                    VPOS="1541"
                    WIDTH="836"
                    HEIGHT="81">
            <Shape><Polygon POINTS="132 1588 130 1599 168 1614 170 1614 171 1614 173 1614 174 1614 191 1601 221 1601 242 1619 244 1619 245 1619 247 1619 248 1619 272 1611 333 1619 335 1619 336 1619 337 1619 357 1605 371 1616 373 1616 374 1616 438 1619 440 1619 441 1619 464 1608 482 1621 484 1621 485 1621 486 1622 528 1622 528 1621 529 1621 530 1621 546 1608 570 1621 572 1621 573 1621 626 1614 634 1619 635 1619 637 1619 638 1619 640 1619 670 1604 699 1604 726 1622 728 1622 729 1622 731 1622 732 1622 780 1608 796 1615 797 1615 799 1615 882 1605 912 1616 914 1616 915 1616 917 1616 918 1616 918 1615 928 1605 965 1604 966 1584 962 1544 914 1551 870 1545 858 1544 857 1544 856 1544 854 1544 854 1545 853 1545 836 1561 785 1547 773 1544 772 1544 770 1544 769 1544 767 1544 765 1547 745 1564 725 1564 691 1548 677 1543 675 1543 674 1543 672 1543 655 1550 647 1553 641 1550 628 1543 627 1543 626 1543 624 1543 623 1543 614 1550 599 1561 572 1551 569 1550 567 1550 566 1550 564 1550 560 1551 528 1561 508 1553 506 1553 505 1553 503 1553 495 1557 491 1553 482 1545 482 1544 481 1544 479 1544 478 1544 476 1544 475 1544 467 1551 454 1543 452 1543 451 1543 450 1543 448 1543 447 1543 432 1554 423 1561 337 1561 327 1555 305 1541 303 1541 302 1541 254 1541 252 1541 251 1541 222 1555 132 1558 132 1588"/></Shape>
	    <String CONTENT="واتع شودچچه در بعضی از ربع مسگوه آبس گيرد وچد"
                    HPOS="130"
                    VPOS="1541"
                    WIDTH="836"
                    HEIGHT="81"
                    WC="0.8190073163613029"></String>
          </TextLine>

          
        </TextBlock>
        
        <TextBlock HPOS="511"
                   VPOS="62"
                   WIDTH="99"
                   HEIGHT="50"
                   ID="eSc_textblock_4ca85467"
                   TAGREFS="BT16093">
          <Shape><Polygon POINTS="538 62 610 68 610 112 522 112 511 85 538 62"/></Shape>
          
          
          <TextLine ID="eSc_line_da5176ea"
                    TAGREFS="LT4837"
                    BASELINE="542 95 593 92" 
                    HPOS="539"
                    VPOS="62"
                    WIDTH="54"
                    HEIGHT="51">
            <Shape><Polygon POINTS="582 65 567 63 559 62 539 65 542 95 542 104 557 113 559 113 560 113 593 110 593 92 589 65 582 65"/></Shape>
	    <String CONTENT=""
                    HPOS="539"
                    VPOS="62"
                    WIDTH="54"
                    HEIGHT="51"></String>
          </TextLine>

          
        </TextBlock>
        

        
      </PrintSpace>
    </Page>
  </Layout>
</alto>
