<?xml version="1.0" encoding="UTF-8"?>
<alto xmlns:xsi="http://www.w3.org/2001/XMLSchema-instance"
      xmlns="http://www.loc.gov/standards/alto/ns-v4#"
      xsi:schemaLocation="http://www.loc.gov/standards/alto/ns-v4# http://www.loc.gov/standards/alto/v4/alto-4-2.xsd">
  <Description>
    <MeasurementUnit>pixel</MeasurementUnit>
    <sourceImageInformation>
      <fileName>Rasail002.jpg</fileName>
      
    </sourceImageInformation>
  </Description>
  
  <Tags>
    <OtherTag ID="BT16094" LABEL="default" DESCRIPTION="block type default"/><OtherTag ID="BT16093" LABEL="NumberingZone:page" DESCRIPTION="block type NumberingZone:page"/><OtherTag ID="BT16092" LABEL="MarginTextZone:note" DESCRIPTION="block type MarginTextZone:note"/><OtherTag ID="BT16091" LABEL="TitlePageZone" DESCRIPTION="block type TitlePageZone"/><OtherTag ID="BT16090" LABEL="QuireMarksZone:catchwords" DESCRIPTION="block type QuireMarksZone:catchwords"/><OtherTag ID="BT16089" LABEL="NumberingZone:other" DESCRIPTION="block type NumberingZone:other"/><OtherTag ID="BT16088" LABEL="NumberingZone" DESCRIPTION="block type NumberingZone"/><OtherTag ID="BT16087" LABEL="MarginTextZone" DESCRIPTION="block type MarginTextZone"/><OtherTag ID="BT16086" LABEL="MainZone" DESCRIPTION="block type MainZone"/><OtherTag ID="BT16085" LABEL="DigitizationArtefactZone" DESCRIPTION="block type DigitizationArtefactZone"/><OtherTag ID="BT2" LABEL="Main" DESCRIPTION="block type Main"/><OtherTag ID="BT1" LABEL="Title" DESCRIPTION="block type Title"/>
    <OtherTag ID="LT4837" LABEL="DefaultLine" DESCRIPTION="line type DefaultLine"/><OtherTag ID="LT4838" LABEL="default" DESCRIPTION="line type default"/><OtherTag ID="LT4839" LABEL="HeadingLine:title" DESCRIPTION="line type HeadingLine:title"/>
  </Tags>
  
  <Layout>
    <Page WIDTH="1186"
          HEIGHT="1872"
          PHYSICAL_IMG_NR="30"
          ID="eSc_dummypage_">
      <PrintSpace HPOS="0"
                  VPOS="0"
                  WIDTH="1186"
                  HEIGHT="1872">
        
        <TextBlock HPOS="193"
                   VPOS="218"
                   WIDTH="860"
                   HEIGHT="423"
                   ID="eSc_textblock_65af6285"
                   TAGREFS="BT16086">
          <Shape><Polygon POINTS="572 218 809 230 586 254 572 304 611 386 990 380 1047 411 1053 460 866 472 1053 485 461 549 1015 542 1034 572 1009 591 730 591 447 628 262 616 212 641 212 605 235 611 268 561 380 536 230 503 249 486 193 472 199 418 268 368 347 386 418 360 416 322 287 310 397 299 318 279 397 254 280 254 262 230 572 218"/></Shape>
          
          
          <TextLine ID="eSc_line_2b0d7a82"
                    TAGREFS="LT4837"
                    BASELINE="628 474 675 474" 
                    HPOS="628"
                    VPOS="419"
                    WIDTH="47"
                    HEIGHT="95">
            <Shape><Polygon POINTS="675 474 672 419 649 432 632 419 628 474 630 514 675 502 675 474"/></Shape>
	    <String CONTENT=""
                    HPOS="628"
                    VPOS="419"
                    WIDTH="47"
                    HEIGHT="95"></String>
          </TextLine>

          
          
          <TextLine ID="eSc_line_1f46794b"
                    TAGREFS="LT4837"
                    BASELINE="518 474 564 474" 
                    HPOS="518"
                    VPOS="422"
                    WIDTH="46"
                    HEIGHT="70">
            <Shape><Polygon POINTS="518 492 564 491 564 474 564 443 519 422 518 474 518 492"/></Shape>
	    <String CONTENT=""
                    HPOS="518"
                    VPOS="422"
                    WIDTH="46"
                    HEIGHT="70"></String>
          </TextLine>

          
        </TextBlock>
        
        <TextBlock HPOS="212"
                   VPOS="742"
                   WIDTH="847"
                   HEIGHT="448"
                   ID="eSc_textblock_7542eb20"
                   TAGREFS="BT16086">
          <Shape><Polygon POINTS="947 742 984 742 965 759 1040 786 1059 823 1053 934 990 954 1047 979 1059 1053 1047 1084 972 1123 972 1177 848 1190 884 1127 735 1096 380 1084 347 1115 287 1115 266 1084 212 1084 212 1048 280 1040 280 998 230 965 249 923 430 921 255 903 318 886 255 878 249 848 672 823 722 817 749 786 891 792 947 742"/></Shape>
          
          
          <TextLine ID="eSc_line_003c2786"
                    TAGREFS="LT4837"
                    BASELINE="560 903 644 898" 
                    HPOS="558"
                    VPOS="879"
                    WIDTH="86"
                    HEIGHT="55">
            <Shape><Polygon POINTS="636 882 621 881 605 879 589 881 574 892 558 898 560 903 563 934 644 907 644 898 641 882 636 882"/></Shape>
	    <String CONTENT="هر"
                    HPOS="558"
                    VPOS="879"
                    WIDTH="86"
                    HEIGHT="55"
                    WC="0.9594137966632843"></String>
          </TextLine>

          
        </TextBlock>
        
        <TextBlock HPOS="205"
                   VPOS="1042"
                   WIDTH="717"
                   HEIGHT="291"
                   ID="eSc_textblock_92697fac"
                   TAGREFS="BT16091">
          <Shape><Polygon POINTS="632 1042 816 1060 730 1085 847 1085 878 1154 847 1202 909 1216 847 1233 872 1241 861 1260 916 1260 922 1283 742 1296 735 1327 705 1333 697 1290 524 1240 772 1216 761 1204 784 1196 705 1202 536 1146 660 1129 672 1109 605 1098 685 1092 697 1077 430 1090 447 1134 479 1141 454 1159 205 1152 212 1085 560 1079 632 1042"/></Shape>
          
          
          <TextLine ID="eSc_line_e6daf255"
                    TAGREFS="LT4837"
                    BASELINE="720 1238 872 1240" 
                    HPOS="719"
                    VPOS="1194"
                    WIDTH="153"
                    HEIGHT="71">
            <Shape><Polygon POINTS="861 1238 845 1233 842 1205 811 1194 809 1194 783 1194 767 1216 752 1218 736 1219 720 1219 720 1238 719 1254 744 1254 745 1255 755 1263 755 1265 756 1265 758 1265 759 1265 870 1255 872 1240 872 1226 861 1238"/></Shape>
	    <String CONTENT=""
                    HPOS="719"
                    VPOS="1194"
                    WIDTH="153"
                    HEIGHT="71"></String>
          </TextLine>

          
        </TextBlock>
        
        <TextBlock HPOS="124"
                   VPOS="1747"
                   WIDTH="916"
                   HEIGHT="42"
                   ID="eSc_textblock_dfc05d3a"
                   TAGREFS="BT16086">
          <Shape><Polygon POINTS="191 1747 853 1747 1040 1764 940 1789 124 1776 131 1753 191 1747"/></Shape>
          
          
          <TextLine ID="eSc_line_124181ca"
                    TAGREFS="LT4837"
                    BASELINE="181 1762 366 1765 465 1748 569 1747" 
                    HPOS="179"
                    VPOS="1747"
                    WIDTH="390"
                    HEIGHT="61">
            <Shape><Polygon POINTS="538 1747 522 1747 507 1747 491 1747 475 1747 460 1747 444 1747 429 1747 413 1747 397 1747 382 1747 366 1747 351 1747 335 1747 319 1747 304 1747 288 1747 273 1747 257 1747 241 1747 226 1747 210 1747 195 1747 179 1747 181 1762 181 1804 246 1808 248 1808 298 1797 307 1804 307 1806 308 1806 310 1806 312 1806 313 1806 315 1806 330 1795 376 1804 377 1804 379 1804 380 1804 380 1803 405 1779 408 1776 450 1761 569 1759 569 1747 553 1747 538 1747"/></Shape>
	    <String CONTENT=""
                    HPOS="179"
                    VPOS="1747"
                    WIDTH="390"
                    HEIGHT="61"></String>
          </TextLine>

          
          
          <TextLine ID="eSc_line_6845cf7d"
                    TAGREFS="LT4837"
                    BASELINE="596 1783 1017 1783" 
                    HPOS="596"
                    VPOS="1755"
                    WIDTH="421"
                    HEIGHT="62">
            <Shape><Polygon POINTS="1001 1773 986 1776 970 1781 955 1781 945 1765 934 1765 930 1764 917 1758 916 1758 914 1758 912 1758 901 1764 897 1765 894 1764 881 1758 880 1758 878 1758 847 1762 830 1765 823 1762 808 1755 806 1755 750 1755 749 1755 747 1755 730 1761 728 1761 720 1781 705 1781 689 1781 674 1781 658 1781 642 1781 627 1779 611 1779 596 1779 596 1783 596 1800 719 1800 733 1801 802 1817 803 1817 1017 1808 1017 1783 1015 1769 1001 1773"/></Shape>
	    <String CONTENT=""
                    HPOS="596"
                    VPOS="1755"
                    WIDTH="421"
                    HEIGHT="62"></String>
          </TextLine>

          
        </TextBlock>
        
        <TextBlock HPOS="162"
                   VPOS="436"
                   WIDTH="17"
                   HEIGHT="17"
                   ID="eSc_textblock_314179bf"
                   TAGREFS="BT16086">
          <Shape><Polygon POINTS="173 436 179 453 162 453 162 443 173 436"/></Shape>
          
        </TextBlock>
        
        <TextBlock HPOS="212"
                   VPOS="717"
                   WIDTH="4"
                   HEIGHT="11"
                   ID="eSc_textblock_8d347dae"
                   TAGREFS="BT16086">
          <Shape><Polygon POINTS="216 717 216 728 212 728 212 717 216 717"/></Shape>
          
        </TextBlock>
        
        <TextBlock HPOS="224"
                   VPOS="636"
                   WIDTH="598"
                   HEIGHT="111"
                   ID="eSc_textblock_8e9c8d80"
                   TAGREFS="BT16086">
          <Shape><Polygon POINTS="597 636 653 636 642 686 741 705 747 680 822 728 410 747 224 728 255 686 479 680 597 636"/></Shape>
          
        </TextBlock>
        
        <TextBlock HPOS="118"
                   VPOS="1647"
                   WIDTH="929"
                   HEIGHT="61"
                   ID="eSc_textblock_aebe67f2"
                   TAGREFS="BT16086">
          <Shape><Polygon POINTS="229 1647 1034 1659 1047 1701 118 1708 162 1653 229 1647"/></Shape>
          
        </TextBlock>
        
        <TextBlock HPOS="499"
                   VPOS="43"
                   WIDTH="360"
                   HEIGHT="67"
                   ID="eSc_textblock_d2399d8c"
                   TAGREFS="BT16086">
          <Shape><Polygon POINTS="574 43 784 49 859 79 741 110 499 79 511 56 574 43"/></Shape>
          
        </TextBlock>
        
        <TextBlock HPOS="961"
                   VPOS="705"
                   WIDTH="36"
                   HEIGHT="23"
                   ID="eSc_textblock_32eaec5e"
                   TAGREFS="BT16086">
          <Shape><Polygon POINTS="961 705 997 705 997 709 961 728 961 705"/></Shape>
          
        </TextBlock>
        
        <TextBlock HPOS="307"
                   VPOS="1809"
                   WIDTH="97"
                   HEIGHT="30"
                   ID="eSc_textblock_ca2238f9"
                   TAGREFS="BT16090">
          <Shape><Polygon POINTS="307 1809 385 1809 404 1826 349 1839 307 1809"/></Shape>
          
        </TextBlock>
        
        <TextBlock HPOS="499"
                   VPOS="1809"
                   WIDTH="254"
                   HEIGHT="17"
                   ID="eSc_textblock_ed5ceb52"
                   TAGREFS="BT16090">
          <Shape><Polygon POINTS="550 1809 735 1815 753 1826 499 1826 550 1809"/></Shape>
          
        </TextBlock>
        
        <TextBlock HPOS="124"
                   VPOS="1085"
                   WIDTH="74"
                   HEIGHT="74"
                   ID="eSc_textblock_b714847d"
                   TAGREFS="BT16091">
          <Shape><Polygon POINTS="131 1085 179 1085 198 1152 124 1159 131 1085"/></Shape>
          
        </TextBlock>
        
        <TextBlock HPOS="124"
                   VPOS="917"
                   WIDTH="74"
                   HEIGHT="117"
                   ID="eSc_textblock_cf2b9a5d"
                   TAGREFS="BT16091">
          <Shape><Polygon POINTS="143 917 198 917 173 1034 124 1021 143 917"/></Shape>
          
        </TextBlock>
        
        <TextBlock HPOS="124"
                   VPOS="1223"
                   WIDTH="330"
                   HEIGHT="42"
                   ID="eSc_textblock_0b2c2c50"
                   TAGREFS="BT16091">
          <Shape><Polygon POINTS="137 1223 435 1229 454 1258 124 1265 137 1223"/></Shape>
          
        </TextBlock>
        
        <TextBlock HPOS="212"
                   VPOS="911"
                   WIDTH="260"
                   HEIGHT="123"
                   ID="eSc_textblock_0139af06"
                   TAGREFS="BT16091">
          <Shape><Polygon POINTS="220 911 441 929 472 960 472 1015 212 1034 220 911"/></Shape>
          
        </TextBlock>
        
        <TextBlock HPOS="524"
                   VPOS="879"
                   WIDTH="279"
                   HEIGHT="149"
                   ID="eSc_textblock_3a1b5a6e"
                   TAGREFS="BT16091">
          <Shape><Polygon POINTS="593 879 678 886 649 911 710 892 749 948 791 942 803 965 735 992 747 1028 524 1021 530 967 630 934 530 928 593 879"/></Shape>
          
        </TextBlock>
        
        <TextBlock HPOS="786"
                   VPOS="1010"
                   WIDTH="23"
                   HEIGHT="11"
                   ID="eSc_textblock_6de55ec3"
                   TAGREFS="BT16091">
          <Shape><Polygon POINTS="798 1010 809 1021 786 1021 792 1010 798 1010"/></Shape>
          
        </TextBlock>
        
        <TextBlock HPOS="792"
                   VPOS="1322"
                   WIDTH="17"
                   HEIGHT="5"
                   ID="eSc_textblock_b83133fe"
                   TAGREFS="BT16091">
          <Shape><Polygon POINTS="798 1322 809 1322 809 1327 792 1327 798 1322"/></Shape>
          
        </TextBlock>
        
        <TextBlock HPOS="817"
                   VPOS="1322"
                   WIDTH="36"
                   HEIGHT="5"
                   ID="eSc_textblock_7cbb3790"
                   TAGREFS="BT16091">
          <Shape><Polygon POINTS="825 1322 853 1322 853 1327 817 1327 825 1322"/></Shape>
          
        </TextBlock>
        
        <TextBlock HPOS="880"
                   VPOS="1241"
                   WIDTH="11"
                   HEIGHT="5"
                   ID="eSc_textblock_651665de"
                   TAGREFS="BT16091">
          <Shape><Polygon POINTS="887 1241 891 1246 880 1246 880 1241 887 1241"/></Shape>
          
        </TextBlock>
        
        <TextBlock HPOS="174"
                   VPOS="1634"
                   WIDTH="17"
                   HEIGHT="11"
                   ID="eSc_textblock_0eaa6e0b"
                   TAGREFS="BT16091">
          <Shape><Polygon POINTS="181 1634 191 1634 191 1645 174 1645 181 1634"/></Shape>
          
        </TextBlock>
        
        <TextBlock HPOS="106"
                   VPOS="1709"
                   WIDTH="273"
                   HEIGHT="30"
                   ID="eSc_textblock_92487ff5"
                   TAGREFS="BT16091">
          <Shape><Polygon POINTS="168 1709 316 1709 379 1720 106 1739 168 1709"/></Shape>
          
        </TextBlock>
        
        <TextBlock HPOS="199"
                   VPOS="1541"
                   WIDTH="136"
                   HEIGHT="11"
                   ID="eSc_textblock_0385f3e7"
                   TAGREFS="BT16091">
          <Shape><Polygon POINTS="218 1541 316 1541 335 1552 199 1552 218 1541"/></Shape>
          
        </TextBlock>
        
        <TextBlock HPOS="230"
                   VPOS="1628"
                   WIDTH="136"
                   HEIGHT="17"
                   ID="eSc_textblock_ceaaea0a"
                   TAGREFS="BT16091">
          <Shape><Polygon POINTS="238 1628 354 1634 366 1645 230 1645 238 1628"/></Shape>
          
        </TextBlock>
        
        <TextBlock HPOS="686"
                   VPOS="1466"
                   WIDTH="61"
                   HEIGHT="17"
                   ID="eSc_textblock_8f5f69f0"
                   TAGREFS="BT16091">
          <Shape><Polygon POINTS="713 1466 741 1472 747 1483 686 1483 713 1466"/></Shape>
          
        </TextBlock>
        
        <TextBlock HPOS="617"
                   VPOS="1347"
                   WIDTH="305"
                   HEIGHT="105"
                   ID="eSc_textblock_659a9972"
                   TAGREFS="BT16091">
          <Shape><Polygon POINTS="705 1347 749 1372 878 1366 916 1385 891 1414 922 1433 798 1452 730 1427 705 1446 617 1408 705 1347"/></Shape>
          
        </TextBlock>
        
        <TextBlock HPOS="636"
                   VPOS="1510"
                   WIDTH="286"
                   HEIGHT="135"
                   ID="eSc_textblock_e084f31a"
                   TAGREFS="BT16091">
          <Shape><Polygon POINTS="711 1510 749 1528 866 1516 922 1572 903 1591 922 1645 798 1645 767 1633 786 1603 753 1589 716 1603 747 1622 741 1645 705 1645 686 1633 703 1602 636 1578 672 1572 680 1553 655 1541 711 1510"/></Shape>
          
        </TextBlock>
        
        <TextBlock HPOS="636"
                   VPOS="1709"
                   WIDTH="311"
                   HEIGHT="36"
                   ID="eSc_textblock_5d10f0f3"
                   TAGREFS="BT16091">
          <Shape><Polygon POINTS="636 1709 947 1709 947 1714 878 1745 798 1745 755 1726 778 1714 742 1714 735 1745 705 1745 636 1709"/></Shape>
          
        </TextBlock>
        
        <TextBlock HPOS="774"
                   VPOS="1472"
                   WIDTH="104"
                   HEIGHT="17"
                   ID="eSc_textblock_2d15165c"
                   TAGREFS="BT16091">
          <Shape><Polygon POINTS="788 1472 841 1472 878 1489 774 1483 788 1472"/></Shape>
          
        </TextBlock>
        
        <TextBlock HPOS="1011"
                   VPOS="1859"
                   WIDTH="4"
                   HEIGHT="11"
                   ID="eSc_textblock_6d9ecf86"
                   TAGREFS="BT16091">
          <Shape><Polygon POINTS="1015 1862 1015 1870 1011 1870 1011 1859 1015 1862"/></Shape>
          
        </TextBlock>
        
        <TextBlock HPOS="436"
                   VPOS="199"
                   WIDTH="49"
                   HEIGHT="5"
                   ID="eSc_textblock_9da421ad"
                   TAGREFS="BT16094">
          <Shape><Polygon POINTS="440 199 485 199 485 204 436 204 440 199"/></Shape>
          
        </TextBlock>
        
        <TextBlock HPOS="274"
                   VPOS="124"
                   WIDTH="423"
                   HEIGHT="49"
                   ID="eSc_textblock_0ab80e3c"
                   TAGREFS="BT16094">
          <Shape><Polygon POINTS="291 124 635 124 697 160 436 173 274 135 291 124"/></Shape>
          
        </TextBlock>
        
        <TextBlock HPOS="617"
                   VPOS="1797"
                   WIDTH="49"
                   HEIGHT="4"
                   ID="eSc_textblock_c48aeb9e"
                   TAGREFS="BT16094">
          <Shape><Polygon POINTS="622 1797 666 1797 666 1801 617 1801 622 1797"/></Shape>
          
        </TextBlock>
        
        <TextBlock HPOS="683"
                   VPOS="1840"
                   WIDTH="14"
                   HEIGHT="11"
                   ID="eSc_textblock_23e6709a"
                   TAGREFS="BT16094">
          <Shape><Polygon POINTS="683 1840 697 1840 697 1845 686 1851 683 1840"/></Shape>
          
        </TextBlock>
        
        <TextBlock HPOS="780"
                   VPOS="1790"
                   WIDTH="17"
                   HEIGHT="5"
                   ID="eSc_textblock_b3b026eb"
                   TAGREFS="BT16094">
          <Shape><Polygon POINTS="784 1790 797 1790 797 1795 780 1795 784 1790"/></Shape>
          
        </TextBlock>
        
        <TextBlock HPOS="511"
                   VPOS="1815"
                   WIDTH="42"
                   HEIGHT="24"
                   ID="eSc_textblock_6f988852"
                   TAGREFS="BT16093">
          <Shape><Polygon POINTS="538 1815 553 1839 511 1833 518 1822 538 1815"/></Shape>
          
        </TextBlock>
        
        <TextBlock HPOS="742"
                   VPOS="149"
                   WIDTH="124"
                   HEIGHT="17"
                   ID="eSc_textblock_771b9cd7"
                   TAGREFS="BT16094">
          <Shape><Polygon POINTS="747 149 828 149 866 166 742 166 747 149"/></Shape>
          
        </TextBlock>
        
        <TextBlock HPOS="649"
                   VPOS="1834"
                   WIDTH="40"
                   HEIGHT="17"
                   ID="eSc_textblock_3ac6f1e0"
                   TAGREFS="BT16093">
          <Shape><Polygon POINTS="689 1834 685 1851 649 1845 685 1840 689 1834"/></Shape>
          
        </TextBlock>
        
        <TextBlock HPOS="699"
                   VPOS="1840"
                   WIDTH="17"
                   HEIGHT="5"
                   ID="eSc_textblock_fd758632"
                   TAGREFS="BT16093">
          <Shape><Polygon POINTS="702 1840 716 1840 716 1845 699 1845 702 1840"/></Shape>
          
        </TextBlock>
        
        <TextBlock HPOS="686"
                   VPOS="1809"
                   WIDTH="24"
                   HEIGHT="11"
                   ID="eSc_textblock_5429ee96"
                   TAGREFS="BT16093">
          <Shape><Polygon POINTS="689 1809 710 1815 710 1820 686 1820 689 1809"/></Shape>
          
        </TextBlock>
        

        
        <TextBlock ID="eSc_dummyblock_">
          
          
          <TextLine ID="eSc_line_6dc7c0e3"
                    TAGREFS="LT4837"
                    BASELINE="491 106 706 101" 
                    HPOS="488"
                    VPOS="9"
                    WIDTH="218"
                    HEIGHT="123">
            <Shape><Polygon POINTS="491 106 491 126 577 120 591 129 594 132 596 132 597 132 599 132 628 129 681 123 703 129 706 101 702 42 683 42 681 42 653 15 653 14 652 14 650 14 571 9 569 9 568 9 566 9 514 45 513 46 488 46 491 106"/></Shape>
	    <String CONTENT=" وقال بانك"
                    HPOS="488"
                    VPOS="9"
                    WIDTH="218"
                    HEIGHT="123"
                    WC="0.4613953411579132"></String>
          </TextLine>

          
          
          <TextLine ID="eSc_line_bfd05f19"
                    TAGREFS="LT4837"
                    BASELINE="589 321 625 316" 
                    HPOS="585"
                    VPOS="280"
                    WIDTH="43"
                    HEIGHT="77">
            <Shape><Polygon POINTS="589 321 593 352 628 357 625 316 616 280 585 296 589 321"/></Shape>
	    <String CONTENT=""
                    HPOS="585"
                    VPOS="280"
                    WIDTH="43"
                    HEIGHT="77"></String>
          </TextLine>

          
          
          <TextLine ID="eSc_line_e790cf5f"
                    TAGREFS="LT4837"
                    BASELINE="143 190 513 196" 
                    HPOS="142"
                    VPOS="85"
                    WIDTH="371"
                    HEIGHT="144">
            <Shape><Polygon POINTS="143 190 142 207 212 209 213 212 232 227 232 229 234 229 235 229 237 229 511 224 513 196 513 87 477 87 475 87 474 87 472 87 455 101 421 88 418 87 416 87 415 87 413 87 410 88 372 101 340 88 332 87 330 87 329 87 327 87 326 87 324 90 310 101 268 101 252 90 248 87 246 87 245 87 243 87 241 87 234 92 221 98 199 92 176 85 174 85 173 85 143 92 143 190"/></Shape>
	    <String CONTENT=""
                    HPOS="142"
                    VPOS="85"
                    WIDTH="371"
                    HEIGHT="144"></String>
          </TextLine>

          
          
          <TextLine ID="eSc_line_36f2fdee"
                    TAGREFS="LT4837"
                    BASELINE="173 781 195 781" 
                    HPOS="173"
                    VPOS="750"
                    WIDTH="22"
                    HEIGHT="42">
            <Shape><Polygon POINTS="173 781 173 792 195 792 195 781 191 750 173 755 173 781"/></Shape>
	    <String CONTENT=""
                    HPOS="173"
                    VPOS="750"
                    WIDTH="22"
                    HEIGHT="42"></String>
          </TextLine>

          
          
          <TextLine ID="eSc_line_b06fd6e9"
                    TAGREFS="LT4837"
                    BASELINE="135 1297 255 1310 493 1310 791 1326 1017 1326" 
                    HPOS="134"
                    VPOS="1241"
                    WIDTH="883"
                    HEIGHT="122">
            <Shape><Polygon POINTS="135 1297 134 1318 163 1335 165 1335 166 1335 168 1335 170 1335 190 1326 235 1330 237 1330 238 1330 240 1330 240 1329 249 1321 257 1315 271 1322 282 1330 284 1330 285 1330 287 1330 288 1330 290 1330 290 1329 296 1324 305 1315 347 1315 362 1327 369 1333 369 1335 371 1335 372 1335 374 1335 376 1335 390 1329 404 1324 427 1330 429 1330 430 1330 432 1330 455 1318 511 1318 532 1336 546 1349 546 1350 547 1350 549 1350 550 1350 552 1350 553 1350 571 1340 572 1338 588 1340 608 1343 610 1343 611 1343 613 1343 613 1341 633 1322 675 1336 677 1336 678 1336 710 1330 752 1338 753 1338 755 1338 783 1329 816 1352 817 1352 819 1352 820 1352 822 1352 848 1341 869 1355 873 1360 875 1360 877 1360 878 1360 880 1360 889 1357 909 1350 931 1360 937 1361 939 1361 1014 1363 1017 1326 1012 1279 998 1291 877 1291 847 1272 822 1257 820 1257 819 1257 817 1257 816 1257 814 1257 814 1258 800 1271 783 1287 716 1287 683 1268 675 1263 674 1263 672 1263 671 1263 661 1266 639 1276 624 1266 600 1251 599 1251 597 1251 596 1251 594 1251 593 1251 575 1265 555 1279 541 1268 539 1268 538 1268 536 1268 510 1272 494 1262 482 1252 480 1252 479 1252 477 1252 475 1252 474 1252 463 1260 447 1271 433 1271 411 1258 385 1244 383 1244 257 1241 255 1241 254 1241 232 1254 213 1265 191 1265 174 1251 170 1248 168 1248 166 1248 165 1248 135 1249 135 1297"/></Shape>
	    <String CONTENT="اضيفات سيد شهراب رضوی البدالی"
                    HPOS="134"
                    VPOS="1241"
                    WIDTH="883"
                    HEIGHT="122"
                    WC="0.854952267531691"></String>
          </TextLine>

          
          
          <TextLine ID="eSc_line_c8af2005"
                    TAGREFS="LT4837"
                    BASELINE="354 1219 569 1219" 
                    HPOS="354"
                    VPOS="1152"
                    WIDTH="215"
                    HEIGHT="83">
            <Shape><Polygon POINTS="354 1219 354 1235 569 1230 569 1219 569 1154 532 1152 530 1152 529 1152 527 1152 527 1154 508 1170 466 1170 446 1154 444 1152 443 1152 441 1152 440 1152 354 1154 354 1219"/></Shape>
	    <String CONTENT="دوازوم فصل"
                    HPOS="354"
                    VPOS="1152"
                    WIDTH="215"
                    HEIGHT="83"
                    WC="0.9099804282188415"></String>
          </TextLine>

          
          
          <TextLine ID="eSc_line_bfb4fa4f"
                    TAGREFS="LT4837"
                    BASELINE="563 1388 624 1385" 
                    HPOS="560"
                    VPOS="1347"
                    WIDTH="64"
                    HEIGHT="60">
            <Shape><Polygon POINTS="563 1388 563 1407 624 1405 624 1385 619 1347 560 1357 563 1388"/></Shape>
	    <String CONTENT=""
                    HPOS="560"
                    VPOS="1347"
                    WIDTH="64"
                    HEIGHT="60"></String>
          </TextLine>

          
          
          <TextLine ID="eSc_line_a6ac67ac"
                    TAGREFS="LT4837"
                    BASELINE="777 1486 980 1488" 
                    HPOS="775"
                    VPOS="1441"
                    WIDTH="205"
                    HEIGHT="76">
            <Shape><Polygon POINTS="775 1506 850 1514 852 1514 853 1514 855 1514 858 1511 862 1508 870 1513 872 1514 873 1514 875 1514 877 1514 887 1513 942 1503 975 1517 980 1488 980 1441 955 1441 953 1441 951 1441 950 1441 950 1443 948 1443 933 1457 891 1447 880 1446 878 1446 877 1446 875 1446 875 1447 872 1449 858 1464 788 1464 780 1457 777 1486 775 1506"/></Shape>
	    <String CONTENT="انتشارت"
                    HPOS="775"
                    VPOS="1441"
                    WIDTH="205"
                    HEIGHT="76"
                    WC="0.961644606930869"></String>
          </TextLine>

          
          
          <TextLine ID="eSc_line_7a1756aa"
                    TAGREFS="LT4837"
                    BASELINE="110 1461 661 1469" 
                    HPOS="109"
                    VPOS="1385"
                    WIDTH="552"
                    HEIGHT="103">
            <Shape><Polygon POINTS="110 1461 109 1477 199 1471 213 1478 221 1485 223 1485 224 1485 226 1485 263 1478 298 1472 310 1478 329 1486 330 1486 455 1488 457 1488 458 1488 460 1488 469 1480 500 1488 502 1488 504 1488 505 1488 507 1488 521 1477 524 1475 549 1475 558 1477 622 1488 624 1488 625 1488 660 1475 661 1469 661 1402 642 1394 641 1394 639 1394 599 1402 580 1405 550 1400 543 1400 541 1400 539 1400 538 1400 513 1411 496 1404 494 1404 493 1404 491 1404 454 1419 435 1399 426 1389 426 1388 424 1388 422 1388 315 1386 313 1386 312 1386 310 1386 301 1396 276 1418 215 1418 162 1400 160 1400 159 1400 157 1400 156 1400 145 1407 129 1391 123 1386 123 1385 121 1385 120 1385 118 1385 117 1385 115 1385 110 1386 110 1461"/></Shape>
	    <String CONTENT="دارة البلاعت مرکز کلکت"
                    HPOS="109"
                    VPOS="1385"
                    WIDTH="552"
                    HEIGHT="103"
                    WC="0.8219889808784832"></String>
          </TextLine>

          
          
          <TextLine ID="eSc_line_2e25e12d"
                    TAGREFS="LT4837"
                    BASELINE="127 1382 182 1380" 
                    HPOS="124"
                    VPOS="1313"
                    WIDTH="58"
                    HEIGHT="81">
            <Shape><Polygon POINTS="127 1382 127 1394 181 1393 182 1380 179 1326 124 1313 127 1382"/></Shape>
	    <String CONTENT=""
                    HPOS="124"
                    VPOS="1313"
                    WIDTH="58"
                    HEIGHT="81"></String>
          </TextLine>

          
          
          <TextLine ID="eSc_line_3b7aa9b0"
                    TAGREFS="LT4837"
                    BASELINE="530 1563 646 1560" 
                    HPOS="529"
                    VPOS="1503"
                    WIDTH="117"
                    HEIGHT="92">
            <Shape><Polygon POINTS="530 1563 530 1592 593 1584 644 1595 646 1560 641 1503 529 1514 530 1563"/></Shape>
	    <String CONTENT="با شام"
                    HPOS="529"
                    VPOS="1503"
                    WIDTH="117"
                    HEIGHT="92"
                    WC="0.7286103020111719"></String>
          </TextLine>

          
          
          <TextLine ID="eSc_line_37d0f247"
                    TAGREFS="LT4837"
                    BASELINE="145 1644 881 1650 1028 1658" 
                    HPOS="145"
                    VPOS="1570"
                    WIDTH="883"
                    HEIGHT="105">
            <Shape><Polygon POINTS="145 1644 146 1662 159 1652 173 1662 177 1666 179 1666 181 1666 182 1666 201 1662 259 1652 298 1664 312 1669 313 1669 315 1669 316 1669 330 1664 371 1653 391 1666 394 1669 396 1669 397 1669 444 1670 446 1670 447 1670 457 1667 480 1656 514 1662 516 1662 518 1662 519 1662 532 1655 555 1669 560 1670 561 1670 563 1670 564 1670 569 1669 591 1656 610 1669 613 1672 614 1672 616 1672 617 1673 647 1673 647 1672 660 1670 719 1656 775 1672 783 1673 784 1673 786 1673 788 1673 792 1672 823 1658 900 1673 909 1675 911 1675 912 1675 917 1673 961 1659 1023 1675 1028 1658 1025 1603 1001 1616 901 1616 862 1605 859 1602 828 1577 827 1577 825 1577 656 1574 655 1574 653 1574 652 1574 619 1600 614 1605 563 1608 546 1600 519 1588 518 1588 516 1588 514 1588 488 1600 466 1609 455 1599 424 1572 424 1570 422 1570 421 1570 419 1570 418 1570 397 1580 369 1570 368 1570 366 1570 365 1570 363 1570 352 1578 343 1570 341 1570 340 1570 338 1570 337 1570 335 1570 335 1572 308 1599 298 1608 227 1608 215 1597 185 1575 184 1575 182 1575 181 1575 179 1575 177 1575 145 1594 145 1644"/></Shape>
	    <String CONTENT="قدرت الندييک ناظم امور جماعت اسم"
                    HPOS="145"
                    VPOS="1570"
                    WIDTH="883"
                    HEIGHT="105"
                    WC="0.9301301781088114"></String>
          </TextLine>

          
          
          <TextLine ID="eSc_line_ba2f507e"
                    TAGREFS="LT4837"
                    BASELINE="727 1842 1025 1843" 
                    HPOS="725"
                    VPOS="1798"
                    WIDTH="300"
                    HEIGHT="69">
            <Shape><Polygon POINTS="725 1867 1023 1867 1025 1843 1025 1808 1017 1800 1017 1798 1015 1798 1014 1798 1012 1798 1011 1798 983 1806 956 1798 955 1798 953 1798 951 1798 950 1798 936 1809 934 1809 922 1800 920 1800 919 1800 917 1800 916 1800 914 1800 914 1801 906 1808 903 1811 887 1808 859 1803 858 1803 856 1803 841 1808 825 1811 814 1806 795 1798 794 1798 792 1798 761 1806 738 1811 730 1804 727 1842 725 1867"/></Shape>
	    <String CONTENT="وح اوا"
                    HPOS="725"
                    VPOS="1798"
                    WIDTH="300"
                    HEIGHT="69"
                    WC="0.968565046787262"></String>
          </TextLine>

          
          
          <TextLine ID="eSc_line_ab0b1020"
                    TAGREFS="LT4837"
                    BASELINE="574 1829 681 1833" 
                    HPOS="572"
                    VPOS="1786"
                    WIDTH="109"
                    HEIGHT="76">
            <Shape><Polygon POINTS="574 1829 572 1862 680 1862 681 1833 678 1789 644 1798 625 1794 602 1786 600 1786 599 1786 597 1786 574 1795 574 1829"/></Shape>
	    <String CONTENT=""
                    HPOS="572"
                    VPOS="1786"
                    WIDTH="109"
                    HEIGHT="76"></String>
          </TextLine>

          
          
          <TextLine ID="eSc_line_39a04089"
                    TAGREFS="LT4837"
                    BASELINE="394 1825 482 1823" 
                    HPOS="393"
                    VPOS="1786"
                    WIDTH="89"
                    HEIGHT="65">
            <Shape><Polygon POINTS="394 1825 394 1851 482 1840 482 1823 474 1786 452 1801 435 1801 426 1790 421 1787 421 1786 419 1786 418 1786 416 1786 415 1786 393 1794 394 1825"/></Shape>
	    <String CONTENT=""
                    HPOS="393"
                    VPOS="1786"
                    WIDTH="89"
                    HEIGHT="65"></String>
          </TextLine>

          
          
          <TextLine ID="eSc_line_aa6a3e80"
                    TAGREFS="LT4837"
                    BASELINE="81 1730 131 1726" 
                    HPOS="79"
                    VPOS="1701"
                    WIDTH="52"
                    HEIGHT="55">
            <Shape><Polygon POINTS="81 1730 82 1756 131 1744 131 1726 126 1701 79 1706 81 1730"/></Shape>
	    <String CONTENT=""
                    HPOS="79"
                    VPOS="1701"
                    WIDTH="52"
                    HEIGHT="55"></String>
          </TextLine>

          
        </TextBlock>
        
      </PrintSpace>
    </Page>
  </Layout>
</alto>
