<?xml version="1.0" encoding="UTF-8"?>
<alto xmlns:xsi="http://www.w3.org/2001/XMLSchema-instance"
      xmlns="http://www.loc.gov/standards/alto/ns-v4#"
      xsi:schemaLocation="http://www.loc.gov/standards/alto/ns-v4# http://www.loc.gov/standards/alto/v4/alto-4-2.xsd">
  <Description>
    <MeasurementUnit>pixel</MeasurementUnit>
    <sourceImageInformation>
      <fileName>Rasail135.jpg</fileName>
      
    </sourceImageInformation>
  </Description>
  
  <Tags>
    <OtherTag ID="BT16094" LABEL="default" DESCRIPTION="block type default"/><OtherTag ID="BT16093" LABEL="NumberingZone:page" DESCRIPTION="block type NumberingZone:page"/><OtherTag ID="BT16092" LABEL="MarginTextZone:note" DESCRIPTION="block type MarginTextZone:note"/><OtherTag ID="BT16091" LABEL="TitlePageZone" DESCRIPTION="block type TitlePageZone"/><OtherTag ID="BT16090" LABEL="QuireMarksZone:catchwords" DESCRIPTION="block type QuireMarksZone:catchwords"/><OtherTag ID="BT16089" LABEL="NumberingZone:other" DESCRIPTION="block type NumberingZone:other"/><OtherTag ID="BT16088" LABEL="NumberingZone" DESCRIPTION="block type NumberingZone"/><OtherTag ID="BT16087" LABEL="MarginTextZone" DESCRIPTION="block type MarginTextZone"/><OtherTag ID="BT16086" LABEL="MainZone" DESCRIPTION="block type MainZone"/><OtherTag ID="BT16085" LABEL="DigitizationArtefactZone" DESCRIPTION="block type DigitizationArtefactZone"/><OtherTag ID="BT2" LABEL="Main" DESCRIPTION="block type Main"/><OtherTag ID="BT1" LABEL="Title" DESCRIPTION="block type Title"/>
    <OtherTag ID="LT4837" LABEL="DefaultLine" DESCRIPTION="line type DefaultLine"/><OtherTag ID="LT4838" LABEL="default" DESCRIPTION="line type default"/><OtherTag ID="LT4839" LABEL="HeadingLine:title" DESCRIPTION="line type HeadingLine:title"/>
  </Tags>
  
  <Layout>
    <Page WIDTH="1210"
          HEIGHT="1679"
          PHYSICAL_IMG_NR="163"
          ID="eSc_dummypage_">
      <PrintSpace HPOS="0"
                  VPOS="0"
                  WIDTH="1210"
                  HEIGHT="1679">
        
        <TextBlock HPOS="100"
                   VPOS="139"
                   WIDTH="1002"
                   HEIGHT="1426"
                   ID="eSc_textblock_725fc428"
                   TAGREFS="BT16086">
          <Shape><Polygon POINTS="669 139 1102 162 1090 1543 1057 1565 145 1560 128 1420 151 1235 140 934 100 619 123 603 140 167 184 145 669 139"/></Shape>
          
          
          <TextLine ID="eSc_line_57f1da9f"
                    TAGREFS="LT4837"
                    BASELINE="141 205 1086 205" 
                    HPOS="141"
                    VPOS="156"
                    WIDTH="945"
                    HEIGHT="76">
            <Shape><Polygon POINTS="141 205 141 218 274 226 275 226 277 226 301 219 310 228 310 229 312 229 313 229 315 229 316 229 331 222 357 230 358 230 359 230 361 230 383 222 634 230 635 230 746 219 760 230 761 230 763 230 764 232 805 232 805 230 806 230 827 219 861 230 862 230 864 232 892 232 892 230 893 230 894 230 908 219 998 230 999 230 1001 230 1023 219 1086 219 1086 205 1085 170 1037 172 1034 170 1026 163 1026 162 1025 162 1023 162 953 156 952 156 950 156 921 170 917 173 890 173 887 170 876 162 875 162 873 162 872 162 871 162 840 170 834 172 830 170 795 156 794 156 792 156 791 156 789 156 774 169 768 165 767 165 766 165 764 165 736 170 731 172 726 170 700 162 698 162 697 162 696 162 683 169 669 159 668 159 666 159 665 159 663 159 641 170 640 172 638 170 599 156 597 156 474 156 473 156 471 156 470 156 446 172 445 173 394 173 393 172 371 156 369 156 368 156 366 156 306 167 246 156 245 156 243 156 242 156 217 172 215 173 141 173 141 205"/></Shape>
	    <String CONTENT="او گفت که هيمين ديدم که اواز خانه بيرون رفت و زوداز در در"
                    HPOS="141"
                    VPOS="156"
                    WIDTH="945"
                    HEIGHT="76"
                    WC="0.885380790944685"></String>
          </TextLine>

          
          
          <TextLine ID="eSc_line_f4faa448"
                    TAGREFS="LT4837"
                    BASELINE="140 288 1082 288" 
                    HPOS="140"
                    VPOS="235"
                    WIDTH="942"
                    HEIGHT="79">
            <Shape><Polygon POINTS="140 288 140 302 250 309 252 309 253 309 268 302 273 300 277 302 299 313 301 313 302 313 365 302 376 300 386 302 457 313 459 313 460 313 487 302 488 300 491 302 516 313 518 313 519 314 579 314 579 313 581 313 600 303 610 312 610 313 612 313 613 313 614 314 658 314 658 313 750 300 754 300 757 300 802 313 803 313 805 313 806 313 808 313 808 312 822 300 932 300 941 307 942 307 943 307 945 307 980 302 992 312 992 313 994 313 995 313 997 314 1046 314 1046 313 1047 313 1082 299 1082 288 1082 250 1019 250 1018 249 1002 235 1001 235 999 235 998 235 949 244 921 235 920 235 918 235 917 235 875 246 865 249 861 246 844 235 843 235 841 235 768 235 767 235 722 243 696 249 680 243 661 235 659 235 658 235 656 235 655 235 647 242 641 247 634 242 633 242 631 242 630 242 628 242 627 242 610 249 600 242 592 235 590 235 589 235 588 235 586 235 564 240 536 250 456 250 434 239 432 239 431 239 429 239 399 249 373 237 365 235 364 235 336 235 334 235 333 235 331 235 329 237 317 247 273 236 264 235 263 235 261 235 259 236 232 249 222 240 222 239 221 239 219 239 140 235 140 288"/></Shape>
	    <String CONTENT="آمد چنانکه از کوزه آبی که در محل رفتن دامن او بران خورده بو"
                    HPOS="140"
                    VPOS="235"
                    WIDTH="942"
                    HEIGHT="79"
                    WC="0.8885432349853828"></String>
          </TextLine>

          
          
          <TextLine ID="eSc_line_d13403fb"
                    TAGREFS="LT4837"
                    BASELINE="144 360 449 369 1078 366" 
                    HPOS="144"
                    VPOS="313"
                    WIDTH="934"
                    HEIGHT="85">
            <Shape><Polygon POINTS="144 360 144 377 170 377 184 388 184 390 186 390 187 390 189 390 257 379 281 397 282 397 284 397 285 398 341 398 341 397 343 397 344 397 344 395 354 387 371 397 372 397 373 398 547 398 547 397 548 397 550 397 562 386 576 395 578 395 579 395 581 395 582 395 583 395 593 387 627 397 628 397 630 397 631 397 661 381 708 393 710 393 711 393 756 379 837 379 850 386 851 386 852 386 854 386 855 386 857 386 869 379 984 379 1032 391 1033 391 1034 391 1065 388 1067 388 1068 388 1068 387 1076 377 1078 366 1072 327 1055 335 942 335 931 324 928 323 928 321 927 321 925 321 924 321 922 321 913 324 907 326 901 324 869 314 868 314 866 314 865 314 864 314 864 316 855 323 854 326 802 333 782 323 767 314 766 314 764 314 714 321 710 321 703 321 654 314 652 314 651 314 649 314 649 316 644 320 637 327 616 320 614 320 613 320 612 320 586 327 557 319 541 314 540 314 539 314 537 314 529 319 499 334 485 327 484 327 483 327 481 327 480 327 471 335 378 335 362 321 362 320 361 320 359 320 358 320 357 320 355 320 337 333 322 320 320 320 319 320 317 320 316 320 315 320 301 331 280 314 278 314 277 314 232 314 226 314 225 314 224 314 222 314 197 333 173 313 172 313 170 313 144 313 144 360"/></Shape>
	    <String CONTENT="هنوزآببريخت و آنکه می گويد جر يل به من يقام میآورد"
                    HPOS="144"
                    VPOS="313"
                    WIDTH="934"
                    HEIGHT="85"
                    WC="0.8435467003651385"></String>
          </TextLine>

          
          
          <TextLine ID="eSc_line_8071259c"
                    TAGREFS="LT4837"
                    BASELINE="137 444 1081 437" 
                    HPOS="135"
                    VPOS="391"
                    WIDTH="946"
                    HEIGHT="83">
            <Shape><Polygon POINTS="137 444 137 456 154 464 155 464 156 464 302 457 320 472 322 472 323 472 324 474 350 474 350 472 351 472 352 472 352 471 362 464 372 472 373 472 375 472 376 474 445 474 445 472 446 472 448 472 448 471 464 457 513 471 515 471 516 471 518 471 543 457 558 471 560 471 561 471 562 471 626 463 668 471 669 471 711 470 712 470 752 453 812 453 837 470 838 470 840 470 841 470 843 470 875 453 924 463 925 463 927 463 949 457 964 468 966 468 967 468 969 470 1044 470 1044 468 1046 468 1081 449 1081 437 1074 394 1055 411 1040 411 1023 395 1019 391 1018 391 1016 391 1015 391 1013 391 992 397 974 401 964 397 960 395 959 395 957 395 956 395 955 395 952 397 934 409 908 398 890 391 889 391 887 391 886 391 885 391 875 400 861 409 848 400 847 400 845 400 844 400 830 400 775 405 767 402 749 393 747 393 746 393 745 393 721 402 714 405 697 404 655 398 654 398 652 398 651 398 642 405 630 414 606 414 585 407 548 394 547 394 546 394 544 394 523 402 505 395 504 395 502 395 501 395 471 408 460 414 453 409 445 404 443 404 442 404 441 404 439 404 438 404 431 409 428 412 424 409 421 407 420 407 418 407 417 407 366 411 322 415 308 412 278 407 277 407 275 407 274 407 263 414 236 397 235 397 233 397 169 397 168 397 166 397 165 397 135 412 137 444"/></Shape>
	    <String CONTENT="منميچ نمیدانم الاسلمان يا برنه که گايی میآيددبدو سخن"
                    HPOS="135"
                    VPOS="391"
                    WIDTH="946"
                    HEIGHT="83"
                    WC="0.892226147201826"></String>
          </TextLine>

          
          
          <TextLine ID="eSc_line_6ee506b4"
                    TAGREFS="LT4837"
                    BASELINE="140 519 1085 510" 
                    HPOS="138"
                    VPOS="458"
                    WIDTH="947"
                    HEIGHT="86">
            <Shape><Polygon POINTS="140 519 140 528 211 528 212 528 228 542 229 542 231 542 232 544 296 544 296 542 298 542 344 530 357 540 358 540 359 540 441 541 442 541 443 541 476 527 480 526 485 527 513 540 515 540 516 541 541 541 541 540 543 540 544 540 560 527 561 526 562 527 579 540 581 540 582 540 583 540 630 538 631 538 633 538 633 537 644 527 648 524 726 524 729 527 743 535 745 535 746 535 747 535 749 535 771 526 781 523 868 523 878 526 907 537 908 537 910 537 911 537 935 526 943 521 955 526 984 535 985 535 987 535 1083 524 1085 510 1083 468 1048 458 1047 458 1046 458 1044 458 1043 458 1043 460 1033 468 1022 478 931 472 929 472 928 472 927 472 918 479 907 471 890 460 889 460 887 460 886 460 885 460 844 471 831 461 831 460 830 460 829 460 768 460 767 460 724 461 722 461 721 461 711 470 693 464 691 464 690 464 689 464 666 475 627 468 626 468 624 468 623 468 613 478 607 482 596 478 575 470 574 470 572 470 571 470 569 470 558 478 553 484 525 484 513 479 471 467 470 467 469 467 467 467 466 467 446 481 441 485 421 485 415 481 389 467 387 467 386 467 385 467 347 482 345 484 345 482 326 467 324 467 323 467 322 467 320 467 274 485 271 485 264 485 225 479 224 479 138 486 140 519"/></Shape>
	    <String CONTENT="می گويد نهاتی و يک زمان که فاصله می شود می گويد که چر شل آمد و"
                    HPOS="138"
                    VPOS="458"
                    WIDTH="947"
                    HEIGHT="86"
                    WC="0.9300865247136071"></String>
          </TextLine>

          
          
          <TextLine ID="eSc_line_4e7b7d08"
                    TAGREFS="LT4837"
                    BASELINE="138 600 626 589 1081 591" 
                    HPOS="137"
                    VPOS="533"
                    WIDTH="944"
                    HEIGHT="86">
            <Shape><Polygon POINTS="138 600 138 619 193 612 317 618 319 618 320 618 366 604 393 604 408 617 408 618 410 618 411 618 413 618 418 617 480 603 515 608 516 608 679 601 704 612 705 612 707 612 708 612 745 600 774 612 780 614 781 614 782 614 784 614 792 612 816 605 892 610 929 612 931 612 932 612 941 610 964 601 992 608 1006 612 1008 612 1009 612 1079 607 1081 591 1075 540 1058 555 1012 555 999 545 999 544 998 544 997 544 990 542 964 540 963 540 943 544 892 555 869 545 840 533 838 533 837 533 836 533 808 547 781 533 780 533 778 533 683 534 682 534 633 551 630 552 627 551 589 534 588 534 586 534 526 544 499 535 498 535 497 535 495 535 462 549 438 547 436 547 435 547 434 547 420 556 413 562 273 562 270 561 257 549 257 548 256 548 254 548 177 538 176 538 175 538 173 538 137 559 138 600"/></Shape>
	    <String CONTENT="بهمن از زبان خدااين آن گفت القصه تمام ستخناف ابل ظاير"
                    HPOS="137"
                    VPOS="533"
                    WIDTH="944"
                    HEIGHT="86"
                    WC="0.8531035444250813"></String>
          </TextLine>

          
          
          <TextLine ID="eSc_line_d2307df3"
                    TAGREFS="LT4837"
                    BASELINE="155 659 1082 666" 
                    HPOS="154"
                    VPOS="607"
                    WIDTH="928"
                    HEIGHT="84">
            <Shape><Polygon POINTS="155 659 154 668 348 685 350 685 408 679 557 686 558 686 560 686 607 674 634 674 652 686 654 686 655 686 656 686 658 686 690 677 722 685 724 685 725 685 726 685 753 675 829 675 847 675 866 685 868 685 869 685 871 685 896 675 925 689 927 689 928 691 987 691 987 689 988 689 990 689 1004 678 1064 685 1065 685 1067 685 1081 677 1082 666 1081 628 1065 631 1061 628 1054 622 1054 621 1053 621 1051 621 1050 621 1048 621 1032 626 1022 631 1019 626 1004 614 1004 612 1002 612 1001 612 999 612 952 622 931 611 929 611 872 610 871 610 869 610 868 610 848 625 827 610 826 610 824 610 823 610 745 615 693 608 691 608 690 608 689 608 668 626 640 608 638 608 637 608 635 608 634 608 621 615 614 608 613 608 612 608 610 608 609 608 572 625 567 628 558 625 526 617 525 617 523 617 522 617 504 625 501 628 467 628 464 625 453 617 452 617 450 617 449 617 448 617 446 617 446 618 438 625 435 628 410 628 407 625 383 607 382 607 380 607 379 607 284 625 280 625 278 625 250 611 249 611 247 611 246 611 245 611 225 625 222 625 155 625 155 659"/></Shape>
	    <String CONTENT="براين قايل دگواهاند که جر نيل سلمان است و خودنان خبرنه"
                    HPOS="154"
                    VPOS="607"
                    WIDTH="928"
                    HEIGHT="84"
                    WC="0.8679841778896473"></String>
          </TextLine>

          
          
          <TextLine ID="eSc_line_e0a5d9cf"
                    TAGREFS="LT4837"
                    BASELINE="144 742 1086 737" 
                    HPOS="142"
                    VPOS="681"
                    WIDTH="944"
                    HEIGHT="85">
            <Shape><Polygon POINTS="144 742 144 755 182 765 183 765 184 765 208 755 212 754 250 754 253 755 264 765 266 765 267 765 268 766 368 766 368 765 369 765 371 765 382 755 393 763 394 763 396 763 397 765 446 765 446 763 448 763 485 752 487 752 497 761 498 761 499 761 501 761 536 754 568 763 569 763 571 763 572 763 574 763 592 752 626 759 627 759 701 751 704 751 705 751 729 761 731 761 833 762 834 762 901 751 1006 756 1008 756 1086 747 1086 737 1085 705 1054 692 1053 692 1051 692 1050 692 1048 692 1033 705 992 705 967 682 966 682 964 682 941 681 939 681 938 681 880 702 845 682 844 682 731 682 729 682 728 682 690 702 665 684 663 684 662 684 628 682 627 682 626 682 609 691 560 684 558 684 557 684 555 684 519 706 518 706 485 688 484 688 483 688 481 688 480 688 459 706 457 707 268 707 264 706 232 685 231 685 229 685 228 685 226 685 225 685 204 699 183 685 182 685 180 685 179 685 177 685 142 703 144 742"/></Shape>
	    <String CONTENT="دارند و سخنان ابل حقيقت سراسرگواه است و چون امام می"
                    HPOS="142"
                    VPOS="681"
                    WIDTH="944"
                    HEIGHT="85"
                    WC="0.8988669602309957"></String>
          </TextLine>

          
          
          <TextLine ID="eSc_line_28cb0efe"
                    TAGREFS="LT4837"
                    BASELINE="148 818 1085 808" 
                    HPOS="147"
                    VPOS="747"
                    WIDTH="938"
                    HEIGHT="95">
            <Shape><Polygon POINTS="148 818 148 831 232 825 246 832 266 840 267 840 268 842 480 842 480 840 481 840 523 828 550 821 599 826 628 831 630 831 658 826 700 819 714 825 740 838 742 838 743 839 774 839 774 838 775 838 777 838 798 825 801 822 960 817 990 822 1051 835 1053 835 1054 835 1085 821 1085 808 1082 775 1055 775 1018 749 1016 749 1015 749 967 747 966 747 964 747 963 747 952 756 924 748 922 748 838 748 837 748 836 748 798 762 780 749 778 749 777 749 775 749 656 751 655 751 654 751 621 779 605 779 550 751 548 751 547 751 513 756 512 756 511 756 511 758 488 777 481 773 480 773 478 773 477 773 252 782 218 762 217 762 215 762 214 762 212 762 211 762 179 783 147 783 148 818"/></Shape>
	    <String CONTENT="فريايدک السلنان منی واناين سلهان يعنی سلمان از من"
                    HPOS="147"
                    VPOS="747"
                    WIDTH="938"
                    HEIGHT="95"
                    WC="0.8611068786407003"></String>
          </TextLine>

          
          
          <TextLine ID="eSc_line_b3b022cc"
                    TAGREFS="LT4837"
                    BASELINE="415 894 757 877 1079 878" 
                    HPOS="413"
                    VPOS="826"
                    WIDTH="666"
                    HEIGHT="89">
            <Shape><Polygon POINTS="415 894 415 915 578 912 579 912 581 912 581 910 607 895 619 903 620 903 621 903 623 903 624 903 649 892 666 898 668 898 669 898 717 891 757 901 759 901 760 901 761 901 763 901 782 888 879 887 894 901 897 902 897 903 899 903 900 903 901 903 903 903 915 899 962 885 978 896 980 896 981 896 983 896 1078 894 1079 878 1076 839 978 840 946 826 945 826 943 826 942 826 941 826 941 828 939 828 932 836 861 829 859 829 858 829 857 829 837 842 802 836 801 836 799 836 764 846 763 846 761 846 749 833 749 832 747 832 746 832 745 832 693 842 661 833 659 833 658 833 656 833 634 846 620 835 619 835 617 835 588 835 586 835 585 835 550 850 529 840 527 840 526 840 525 840 523 840 523 842 513 852 512 852 467 839 466 839 464 839 463 839 462 839 442 853 441 854 413 854 415 894"/></Shape>
	    <String CONTENT="است و من از سلمان و جای ديگر میفربايد"
                    HPOS="413"
                    VPOS="826"
                    WIDTH="666"
                    HEIGHT="89"
                    WC="0.929015613890983"></String>
          </TextLine>

          
          
          <TextLine ID="eSc_line_85181193"
                    TAGREFS="LT4837"
                    BASELINE="172 888 386 894" 
                    HPOS="170"
                    VPOS="842"
                    WIDTH="216"
                    HEIGHT="80">
            <Shape><Polygon POINTS="172 888 170 896 211 898 212 899 229 917 229 919 231 919 232 919 233 919 235 919 236 919 259 905 275 916 277 916 278 916 280 916 281 916 306 909 330 922 331 922 333 922 385 910 386 894 382 846 352 863 308 863 289 850 280 843 278 843 277 843 226 842 225 842 224 842 222 842 207 854 201 859 172 857 172 888"/></Shape>
	    <String CONTENT="متلمان بات"
                    HPOS="170"
                    VPOS="842"
                    WIDTH="216"
                    HEIGHT="80"
                    WC="0.8319112628698349"></String>
          </TextLine>

          
          
          <TextLine ID="eSc_line_ef62e2f3"
                    TAGREFS="LT4837"
                    BASELINE="555 958 738 950 1075 952" 
                    HPOS="554"
                    VPOS="896"
                    WIDTH="521"
                    HEIGHT="76">
            <Shape><Polygon POINTS="555 958 557 972 590 959 606 972 607 972 609 972 610 972 612 972 658 959 738 972 742 972 743 972 745 972 746 972 770 959 810 959 826 969 827 969 829 969 830 969 831 969 850 959 872 968 873 968 875 968 876 968 904 958 917 969 917 971 918 971 920 971 921 972 948 972 948 971 949 971 950 971 950 969 962 958 990 971 991 971 992 972 1074 972 1075 952 1074 912 1046 901 1044 901 1043 901 1041 901 1040 901 1040 902 1029 910 931 896 929 896 868 898 866 898 865 898 848 912 845 915 822 915 817 912 795 898 794 898 792 898 791 898 789 898 752 912 746 913 738 912 677 898 676 898 675 898 645 910 640 915 592 915 588 910 574 899 572 899 571 899 569 899 568 899 567 899 554 906 555 958"/></Shape>
	    <String CONTENT="مين أبواب الجنة يعني سلمان دري"
                    HPOS="554"
                    VPOS="896"
                    WIDTH="521"
                    HEIGHT="76"
                    WC="0.9409340062449055"></String>
          </TextLine>

          
          
          <TextLine ID="eSc_line_1f6a7d18"
                    TAGREFS="LT4837"
                    BASELINE="159 954 243 954" 
                    HPOS="159"
                    VPOS="913"
                    WIDTH="84"
                    HEIGHT="55">
            <Shape><Polygon POINTS="159 954 159 968 243 965 243 954 243 920 229 913 228 913 226 913 159 919 159 954"/></Shape>
	    <String CONTENT=""
                    HPOS="159"
                    VPOS="913"
                    WIDTH="84"
                    HEIGHT="55"></String>
          </TextLine>

          
          
          <TextLine ID="eSc_line_3155443e"
                    TAGREFS="LT4837"
                    BASELINE="621 1025 750 1019 1076 1022" 
                    HPOS="620"
                    VPOS="968"
                    WIDTH="456"
                    HEIGHT="74">
            <Shape><Polygon POINTS="621 1025 620 1029 663 1028 683 1032 711 1040 712 1040 714 1040 715 1040 728 1033 736 1029 747 1033 750 1035 752 1035 753 1035 760 1035 803 1028 812 1035 816 1039 816 1040 817 1040 819 1040 820 1042 843 1042 843 1040 844 1040 845 1040 851 1036 865 1028 889 1028 915 1038 924 1040 925 1040 927 1040 928 1040 929 1040 932 1038 949 1028 988 1039 994 1040 995 1040 997 1042 1075 1042 1076 1022 1075 980 1026 972 1025 972 1023 972 1022 972 1022 973 1016 979 1015 980 941 980 935 976 924 968 922 968 921 968 920 968 918 968 917 968 906 976 900 979 886 975 865 969 864 969 862 969 861 969 845 973 830 979 819 973 808 968 806 968 729 968 728 968 726 968 725 968 725 969 722 971 719 975 712 971 705 968 704 968 703 968 621 968 621 1025"/></Shape>
	    <String CONTENT="چون در بهشت مردی باشد"
                    HPOS="620"
                    VPOS="968"
                    WIDTH="456"
                    HEIGHT="74"
                    WC="0.9394485326040358"></String>
          </TextLine>

          
          
          <TextLine ID="eSc_line_0c97c293"
                    TAGREFS="LT4837"
                    BASELINE="172 1038 215 1038" 
                    HPOS="172"
                    VPOS="992"
                    WIDTH="43"
                    HEIGHT="57">
            <Shape><Polygon POINTS="172 1038 172 1047 214 1049 215 1038 215 999 189 992 187 992 186 992 184 992 172 997 172 1038"/></Shape>
	    <String CONTENT=""
                    HPOS="172"
                    VPOS="992"
                    WIDTH="43"
                    HEIGHT="57"></String>
          </TextLine>

          
          
          <TextLine ID="eSc_line_91a3e712"
                    TAGREFS="LT4837"
                    BASELINE="436 1105 717 1092 1072 1096" 
                    HPOS="435"
                    VPOS="1038"
                    WIDTH="637"
                    HEIGHT="81">
            <Shape><Polygon POINTS="436 1105 436 1119 582 1103 637 1110 638 1110 640 1110 641 1110 652 1102 773 1102 787 1112 791 1116 792 1116 794 1116 795 1116 796 1116 798 1116 803 1112 810 1108 816 1112 820 1116 822 1116 823 1116 824 1116 852 1115 854 1115 855 1115 859 1110 873 1101 903 1109 920 1115 921 1115 922 1116 960 1116 960 1115 962 1115 963 1115 963 1113 969 1108 971 1106 974 1108 984 1115 985 1115 987 1115 988 1115 1071 1105 1072 1096 1071 1059 997 1059 976 1039 976 1038 974 1038 973 1038 971 1038 970 1038 938 1053 915 1042 914 1042 857 1038 855 1038 854 1038 852 1038 852 1039 851 1039 845 1046 838 1039 837 1039 836 1039 834 1039 789 1047 770 1040 768 1040 767 1040 766 1040 764 1040 749 1052 739 1043 739 1042 738 1042 736 1042 735 1042 733 1042 717 1050 707 1042 705 1042 704 1042 703 1042 701 1042 700 1042 680 1056 662 1043 661 1043 659 1043 593 1042 592 1042 590 1042 539 1063 537 1064 435 1064 436 1105"/></Shape>
	    <String CONTENT="جا ديگر میفرمايد که سلمان در بشت است نه"
                    HPOS="435"
                    VPOS="1038"
                    WIDTH="637"
                    HEIGHT="81"
                    WC="0.907696708654746"></String>
          </TextLine>

          
          
          <TextLine ID="eSc_line_07cc31f0"
                    TAGREFS="LT4837"
                    BASELINE="158 1108 351 1108" 
                    HPOS="158"
                    VPOS="1050"
                    WIDTH="193"
                    HEIGHT="86">
            <Shape><Polygon POINTS="158 1108 158 1130 266 1120 295 1134 296 1134 298 1134 299 1136 351 1136 351 1108 350 1074 271 1075 247 1063 238 1056 236 1056 235 1056 233 1056 232 1056 231 1056 226 1060 224 1061 221 1059 212 1052 212 1050 211 1050 210 1050 208 1050 158 1052 158 1108"/></Shape>
	    <String CONTENT="عت و جای او ي"
                    HPOS="158"
                    VPOS="1050"
                    WIDTH="193"
                    HEIGHT="86"
                    WC="0.8881227832574111"></String>
          </TextLine>

          
          
          <TextLine ID="eSc_line_b6062dd4"
                    TAGREFS="LT4837"
                    BASELINE="586 1166 747 1159 1088 1159" 
                    HPOS="585"
                    VPOS="1105"
                    WIDTH="503"
                    HEIGHT="80">
            <Shape><Polygon POINTS="586 1166 586 1185 619 1185 619 1183 620 1183 621 1183 631 1175 665 1182 677 1183 679 1183 680 1183 682 1183 682 1182 683 1180 693 1172 712 1179 714 1179 715 1179 763 1171 844 1176 936 1182 938 1182 939 1182 941 1182 955 1172 960 1169 981 1172 1046 1180 1047 1180 1048 1180 1088 1168 1088 1159 1086 1122 1030 1122 1005 1108 1004 1108 1002 1108 1001 1108 971 1120 948 1115 946 1115 945 1115 943 1115 925 1122 924 1122 911 1110 910 1110 908 1110 862 1105 861 1105 768 1122 759 1123 739 1122 703 1119 691 1108 691 1106 690 1106 689 1106 603 1106 602 1106 600 1106 599 1106 585 1117 586 1166"/></Shape>
	    <String CONTENT="ه فر مايد که من هزديک دستان خودم هر کبجاک"
                    HPOS="585"
                    VPOS="1105"
                    WIDTH="503"
                    HEIGHT="80"
                    WC="0.8907178175158617"></String>
          </TextLine>

          
          
          <TextLine ID="eSc_line_bc7f4b77"
                    TAGREFS="LT4837"
                    BASELINE="166 1168 211 1166" 
                    HPOS="165"
                    VPOS="1126"
                    WIDTH="46"
                    HEIGHT="57">
            <Shape><Polygon POINTS="166 1168 166 1183 211 1180 211 1166 205 1126 165 1138 166 1168"/></Shape>
	    <String CONTENT=""
                    HPOS="165"
                    VPOS="1126"
                    WIDTH="46"
                    HEIGHT="57"></String>
          </TextLine>

          
          
          <TextLine ID="eSc_line_5d8796b4"
                    TAGREFS="LT4837"
                    BASELINE="582 1243 809 1234 1065 1234" 
                    HPOS="581"
                    VPOS="1179"
                    WIDTH="484"
                    HEIGHT="80">
            <Shape><Polygon POINTS="582 1243 582 1252 641 1259 642 1259 689 1249 707 1246 717 1249 738 1256 739 1256 740 1256 742 1256 743 1256 756 1248 763 1243 899 1242 906 1243 934 1253 935 1253 936 1253 1009 1252 1065 1239 1065 1234 1062 1196 960 1196 948 1193 911 1182 910 1182 908 1182 907 1182 871 1192 868 1192 866 1192 852 1182 851 1182 850 1182 802 1179 801 1179 799 1179 798 1179 798 1180 788 1190 787 1192 781 1189 775 1187 774 1187 773 1187 771 1187 764 1189 717 1201 684 1187 670 1182 669 1182 668 1182 637 1186 612 1190 581 1186 582 1243"/></Shape>
	    <String CONTENT="خواه در هامون و غير تامون و چنين"
                    HPOS="581"
                    VPOS="1179"
                    WIDTH="484"
                    HEIGHT="80"
                    WC="0.9356139358133078"></String>
          </TextLine>

          
          
          <TextLine ID="eSc_line_fff19717"
                    TAGREFS="LT4837"
                    BASELINE="186 1262 302 1264" 
                    HPOS="184"
                    VPOS="1213"
                    WIDTH="118"
                    HEIGHT="65">
            <Shape><Polygon POINTS="186 1262 184 1266 243 1278 245 1278 301 1267 302 1264 302 1215 186 1213 186 1262"/></Shape>
	    <String CONTENT="شی معنی معر"
                    HPOS="184"
                    VPOS="1213"
                    WIDTH="118"
                    HEIGHT="65"
                    WC="0.8643985661593351"></String>
          </TextLine>

          
          
          <TextLine ID="eSc_line_7313af1c"
                    TAGREFS="LT4837"
                    BASELINE="567 1311 721 1301 1074 1305" 
                    HPOS="565"
                    VPOS="1249"
                    WIDTH="509"
                    HEIGHT="77">
            <Shape><Polygon POINTS="567 1311 567 1319 704 1311 749 1318 788 1325 789 1325 791 1325 792 1325 792 1323 799 1318 806 1311 829 1318 843 1322 844 1322 845 1322 847 1322 858 1318 873 1311 880 1318 882 1318 883 1318 885 1318 897 1316 918 1315 921 1316 928 1323 928 1325 929 1325 931 1325 932 1326 1041 1326 1041 1325 1043 1325 1074 1315 1074 1305 1071 1255 1040 1259 1039 1259 1037 1259 1037 1260 1026 1270 931 1266 920 1256 911 1249 910 1249 908 1249 862 1249 861 1249 859 1249 858 1249 858 1250 850 1257 850 1259 787 1267 773 1259 763 1250 761 1250 760 1250 759 1250 757 1250 738 1259 715 1269 701 1260 700 1260 698 1260 697 1260 696 1260 673 1269 662 1260 651 1250 649 1250 648 1250 647 1250 645 1250 620 1257 592 1249 590 1249 589 1249 588 1249 565 1259 567 1311"/></Shape>
	    <String CONTENT="خويش او محتارج نيست نه نزد بک"
                    HPOS="565"
                    VPOS="1249"
                    WIDTH="509"
                    HEIGHT="77"
                    WC="0.963081039231399"></String>
          </TextLine>

          
          
          <TextLine ID="eSc_line_7e1d20b9"
                    TAGREFS="LT4837"
                    BASELINE="187 1323 296 1327" 
                    HPOS="186"
                    VPOS="1283"
                    WIDTH="110"
                    HEIGHT="58">
            <Shape><Polygon POINTS="187 1323 186 1340 294 1341 296 1327 295 1299 225 1283 224 1283 222 1283 187 1291 187 1323"/></Shape>
	    <String CONTENT="قيا"
                    HPOS="186"
                    VPOS="1283"
                    WIDTH="110"
                    HEIGHT="58"
                    WC="0.8911553223927816"></String>
          </TextLine>

          
          
          <TextLine ID="eSc_line_15d104dc"
                    TAGREFS="LT4837"
                    BASELINE="659 1375 1062 1378" 
                    HPOS="658"
                    VPOS="1313"
                    WIDTH="404"
                    HEIGHT="80">
            <Shape><Polygon POINTS="659 1375 658 1379 710 1380 711 1382 725 1390 726 1390 728 1390 729 1390 731 1390 732 1390 745 1382 746 1382 750 1383 775 1389 777 1389 778 1389 816 1385 844 1382 865 1386 890 1392 892 1392 920 1387 953 1383 971 1390 977 1392 978 1392 980 1393 1061 1393 1062 1378 1062 1333 1022 1315 1020 1315 1019 1315 1018 1315 976 1332 973 1332 865 1326 851 1313 850 1313 848 1313 847 1313 754 1330 753 1330 752 1330 735 1315 733 1315 732 1315 677 1313 676 1313 675 1313 673 1313 659 1325 659 1375"/></Shape>
	    <String CONTENT="بزرگ و جای ديگر میفربايد که"
                    HPOS="658"
                    VPOS="1313"
                    WIDTH="404"
                    HEIGHT="80"
                    WC="0.908492573985347"></String>
          </TextLine>

          
          
          <TextLine ID="eSc_line_63d8315f"
                    TAGREFS="LT4837"
                    BASELINE="172 1399 302 1404" 
                    HPOS="170"
                    VPOS="1344"
                    WIDTH="133"
                    HEIGHT="81">
            <Shape><Polygon POINTS="172 1399 170 1406 193 1407 197 1410 214 1422 215 1422 217 1422 218 1422 253 1418 273 1417 298 1425 302 1404 303 1358 247 1357 243 1351 235 1345 235 1344 233 1344 232 1344 231 1344 173 1344 172 1399"/></Shape>
	    <String CONTENT="غرمان من"
                    HPOS="170"
                    VPOS="1344"
                    WIDTH="133"
                    HEIGHT="81"
                    WC="0.8850981220602989"></String>
          </TextLine>

          
          
          <TextLine ID="eSc_line_7c262d7b"
                    TAGREFS="LT4837"
                    BASELINE="581 1453 686 1448 1062 1452" 
                    HPOS="579"
                    VPOS="1392"
                    WIDTH="483"
                    HEIGHT="81">
            <Shape><Polygon POINTS="581 1453 579 1470 654 1470 654 1469 655 1469 656 1469 675 1455 696 1455 724 1467 725 1467 726 1467 728 1467 729 1467 742 1459 778 1470 780 1470 781 1470 782 1470 784 1470 784 1469 799 1455 845 1455 914 1471 917 1471 918 1473 959 1473 959 1471 960 1471 962 1471 962 1470 977 1456 1013 1471 1015 1471 1016 1473 1061 1473 1062 1452 1062 1410 999 1410 998 1408 984 1400 983 1400 981 1400 980 1400 978 1400 977 1400 963 1408 962 1410 896 1410 894 1408 880 1394 880 1393 879 1393 878 1393 840 1392 838 1392 837 1392 812 1399 805 1393 805 1392 803 1392 802 1392 739 1392 738 1392 736 1392 703 1403 672 1393 670 1393 669 1393 668 1393 644 1406 627 1394 626 1394 624 1394 623 1394 621 1394 620 1394 606 1407 581 1407 581 1453"/></Shape>
	    <String CONTENT="ير تأمثل من شوى جون سلمان"
                    HPOS="579"
                    VPOS="1392"
                    WIDTH="483"
                    HEIGHT="81"
                    WC="0.8994612200902059"></String>
          </TextLine>

          
          
          <TextLine ID="eSc_line_072e76fb"
                    TAGREFS="LT4837"
                    BASELINE="208 1473 406 1480 525 1469" 
                    HPOS="207"
                    VPOS="1428"
                    WIDTH="318"
                    HEIGHT="78">
            <Shape><Polygon POINTS="208 1473 207 1488 259 1488 270 1498 270 1499 271 1499 273 1499 274 1499 312 1494 350 1505 351 1505 352 1506 418 1506 418 1505 420 1505 443 1492 463 1502 464 1502 466 1502 467 1502 523 1487 525 1469 522 1435 464 1428 463 1428 462 1428 460 1428 460 1429 456 1432 443 1445 418 1445 396 1432 389 1428 387 1428 386 1428 385 1428 378 1431 354 1445 306 1445 298 1436 298 1435 296 1435 295 1435 294 1435 292 1435 291 1435 291 1436 285 1442 249 1428 247 1428 246 1428 208 1428 208 1473"/></Shape>
	    <String CONTENT="پس حسن گفته"
                    HPOS="207"
                    VPOS="1428"
                    WIDTH="318"
                    HEIGHT="78"
                    WC="0.8666077310388739"></String>
          </TextLine>

          
          
          <TextLine ID="eSc_line_d55ef01e"
                    TAGREFS="LT4837"
                    BASELINE="649 1527 1068 1530" 
                    HPOS="648"
                    VPOS="1467"
                    WIDTH="420"
                    HEIGHT="91">
            <Shape><Polygon POINTS="649 1527 648 1555 679 1557 680 1557 682 1557 683 1557 683 1555 691 1548 703 1555 704 1557 705 1557 707 1557 708 1557 710 1557 715 1555 753 1543 778 1550 780 1550 781 1550 782 1550 784 1550 784 1548 791 1543 844 1543 865 1554 866 1554 868 1554 869 1554 871 1554 872 1554 883 1544 906 1554 914 1557 915 1557 917 1557 918 1557 925 1553 938 1546 950 1553 959 1558 960 1558 962 1558 963 1558 964 1558 978 1553 994 1547 1008 1553 1023 1558 1025 1558 1026 1558 1067 1551 1068 1530 1068 1481 1041 1481 1041 1480 1027 1469 1026 1469 1025 1469 1005 1469 1004 1469 1002 1469 1001 1469 1001 1470 990 1480 934 1469 932 1469 886 1478 844 1470 843 1470 841 1470 809 1478 798 1469 798 1467 796 1467 795 1467 794 1467 726 1478 715 1469 715 1467 714 1467 712 1467 677 1467 676 1467 675 1467 649 1477 649 1527"/></Shape>
	    <String CONTENT="قوقی که حجت و باب ترا در پينا عالم"
                    HPOS="648"
                    VPOS="1467"
                    WIDTH="420"
                    HEIGHT="91"
                    WC="0.8584983760819715"></String>
          </TextLine>

          
          
          <TextLine ID="eSc_line_0f3e9180"
                    TAGREFS="LT4837"
                    BASELINE="254 1553 469 1548 610 1530" 
                    HPOS="252"
                    VPOS="1484"
                    WIDTH="358"
                    HEIGHT="105">
            <Shape><Polygon POINTS="254 1553 254 1576 275 1589 277 1589 278 1589 408 1568 413 1568 427 1576 428 1576 429 1576 431 1578 519 1578 519 1576 520 1576 522 1576 546 1561 547 1560 610 1557 610 1530 605 1484 578 1485 576 1485 575 1485 554 1501 518 1490 516 1490 515 1490 513 1490 484 1501 470 1492 469 1492 467 1492 466 1492 464 1492 463 1492 463 1494 449 1506 392 1513 317 1509 316 1509 315 1509 313 1509 305 1516 285 1502 284 1502 282 1502 281 1502 252 1502 254 1553"/></Shape>
	    <String CONTENT="بصد هزار زبانيست همس"
                    HPOS="252"
                    VPOS="1484"
                    WIDTH="358"
                    HEIGHT="105"
                    WC="0.8128847271203995"></String>
          </TextLine>

          
        </TextBlock>
        
        <TextBlock HPOS="565"
                   VPOS="33"
                   WIDTH="133"
                   HEIGHT="88"
                   ID="eSc_textblock_ff002344"
                   TAGREFS="BT16093">
          <Shape><Polygon POINTS="610 33 654 33 698 82 654 121 593 116 565 61 610 33"/></Shape>
          
          
          <TextLine ID="eSc_line_85f4d4f7"
                    TAGREFS="LT4837"
                    BASELINE="596 71 669 67" 
                    HPOS="593"
                    VPOS="36"
                    WIDTH="76"
                    HEIGHT="60">
            <Shape><Polygon POINTS="665 47 655 37 602 36 593 40 596 71 597 96 669 85 669 67 666 48 665 47"/></Shape>
	    <String CONTENT=""
                    HPOS="593"
                    VPOS="36"
                    WIDTH="76"
                    HEIGHT="60"></String>
          </TextLine>

          
        </TextBlock>
        
        <TextBlock HPOS="106"
                   VPOS="531"
                   WIDTH="4"
                   HEIGHT="4"
                   ID="eSc_textblock_326fb8e7"
                   TAGREFS="BT16086">
          <Shape><Polygon POINTS="107 531 110 531 110 535 106 535 107 531"/></Shape>
          
        </TextBlock>
        
        <TextBlock HPOS="106"
                   VPOS="570"
                   WIDTH="4"
                   HEIGHT="33"
                   ID="eSc_textblock_766a2396"
                   TAGREFS="BT16086">
          <Shape><Polygon POINTS="109 570 110 603 106 603 106 570 109 570"/></Shape>
          
        </TextBlock>
        

        
      </PrintSpace>
    </Page>
  </Layout>
</alto>
